Order #,Purchase Date,Day,Marketplace Seller,Seller_Raw,Attribute Set,Name,SKU,Qty Ordered,Item Price,Row Total,Discount Amount,Value After Discounts,Coupon Code,Customer Region,Payment Method
2006293271,2026-09-02 10:07:05,Sep 02,raneen,raneen,Drinkware,طقم اكواب زجاج بوهيميا، 12 قطعة - شفاف ذهبي,HO1122498CL2,1.0,899.0,899.0,44.95,854.05,KCH200,القاهرة,valU
2006293268,2026-09-02 10:06:15,Sep 02,MP,mam,Refrigerators &amp; Freezers,ثلاجة ديفروست يونيون اير جوستو، 2 باب، 310 لتر، ديجيتال تاتش، RD-320VVA-DSH - فضي,RD-320VV-DHGHUSTO-mam,1.0,11599.0,11599.0,0.0,11599.0,,القاهرة,Cash On Delivery
2006293265,2026-09-02 10:03:52,Sep 02,raneen,raneen,Air Conditioner,تكييف ارتيفاي يونيون اير، 1.5 حصان، بارد فقط، إنفرتر، بلازما، INV-ARTI012CY50XFR-SG-SER - ابيض,ELKIT1895WIT,1.0,18549.0,18549.0,0.0,18549.0,,Al Sharqia,Cash On Delivery
2006293262,2026-09-02 10:03:01,Sep 02,MP,lightcart,Storage,منظم شرابات وملابس داخلية ورابطات عنق، ادراج بتصميم 6 خلايا مصنوع من الاكريليك، ذاتي اللصق ومضاد للغبار قابل للتعليق على الحائط .,RAN-82FTVQR,1.0,229.0,229.0,11.45,217.55,KCH200,القاهرة,valU
2006293262,2026-09-02 10:03:01,Sep 02,MP,tibatrading,Storage &amp; Organization,منظم ادراج للشرابات والطرح، 4 قطع - بيج,TIBA.HOM.523BEG,1.0,120.0,120.0,6.0,114.0,KCH200,القاهرة,valU
2006293262,2026-09-02 10:03:01,Sep 02,MP,faroukstore,Car Care,وسادة دعم الظهر والرأس للسيارات والمكاتب من الإسفنج الذاكرة - مريحة ومثالية للراحة اليومية,RAN-4CKHYCH,1.0,630.0,630.0,0.0,630.0,KCH200,القاهرة,valU
2006293262,2026-09-02 10:03:01,Sep 02,raneen,raneen,Storage,لايت بوكس الوطنية، 47 لتر - شفاف ازرق,HO1058210BLU,1.0,399.0,399.0,19.95,379.05,KCH200,القاهرة,valU
2006293262,2026-09-02 10:03:01,Sep 02,raneen,raneen,Storage,صندوق تخزين بلاستيك الوطنية، 72 لتر - شفاف,HO1058211CL1,1.0,499.0,499.0,24.95,474.05,KCH200,القاهرة,valU
2006293262,2026-09-02 10:03:01,Sep 02,raneen,raneen,Home &amp; Balcony Essentials,دولاب ملابس بلاستيك الوطنية، 4 دور، 2 دلفه، 42×55×146 سم - بيج,HO1145059BEG,1.0,2499.0,2499.0,124.95,2374.05,KCH200,القاهرة,valU
2006293259,2026-09-02 09:58:56,Sep 02,raneen,raneen,Kettles,غلاية كهربائية ميانتا، 1.7 لتر، 2200 وات، EK201937B - اسود,EL1143057BLK,1.0,899.0,899.0,0.0,899.0,,الأسكندرية,Credit/Debit Card
2006293256,2026-09-02 09:54:55,Sep 02,MP,molanafortraining,Kitchenware,قناع طعام من السيليكون بمقبض من الستانلس ستيل للحلويات والتحميص وغيرها، قطعة واحدة,RAN-CEEUNUV,1.0,120.0,120.0,0.0,120.0,,الدقهلية,Cash On Delivery
2006293253,2026-09-02 09:54:32,Sep 02,raneen,raneen,Cleaning Tools &amp; Supplies,سبت غسيل بلاستيك سونى بيور، 42×30 سم، 4 يد، 36 لتر - بيج فاتح,HO1098331LBG,1.0,96.0,96.0,4.8,91.2,KCH200,Giza,Cash On Delivery
2006293253,2026-09-02 09:54:32,Sep 02,raneen,raneen,Cleaning Tools &amp; Supplies,طقم اطباق غسيل بلاستيك الهدى، 7 قطع - متعدد الالوان,HO1152413MC4,1.0,270.0,270.0,13.5,256.5,KCH200,Giza,Cash On Delivery
2006293253,2026-09-02 09:54:32,Sep 02,MP,molanafortraining,Kitchenware,مجموعة 12 قطعة ملعقة مطبخ سيليكون بمقابض خشبية لأدوات الطهي غير اللاصقة، مقاومة للحرارة وغير سامة، حجم كبير رمز 104 (رمادي),RAN-9NY2TET,1.0,329.0,329.0,16.45,312.55,KCH200,Giza,Cash On Delivery
2006293253,2026-09-02 09:54:32,Sep 02,MP,coktailstore,Kitchenware,مصفاة حوض المطبخ للخضار والفاكهة - تصفية وتجفيف بلاستيك متين وآمن,RAN-GQJWG7F,1.0,110.0,110.0,5.5,104.5,KCH200,Giza,Cash On Delivery
2006293253,2026-09-02 09:54:32,Sep 02,raneen,raneen,Storage,باسكت مطبخ بالغطاء ليث بلاست، 6 لتر,HO1085307WIT,1.0,75.0,75.0,3.75,71.25,KCH200,Giza,Cash On Delivery
2006293253,2026-09-02 09:54:32,Sep 02,MP,lifecare,Kitchenware,مصفاة مطبخ ملونة من الفولاذ المقاوم للصدأ مع رف تصريف ولوح تجفيف لتخزين أدوات المائدة بما في ذلك السكاكين والشوك والملاعق,RAN-XSBG35A,1.0,171.0,171.0,8.55,162.45,KCH200,Giza,Cash On Delivery
2006293253,2026-09-02 09:54:32,Sep 02,raneen,raneen,Cleaning Tools &amp; Supplies,جردل مسح 2 عين بالغطاء بلاستيك سمارت حجازي بلاست، مزود بماسحة باركية، 2 غيار، 22×19×37 سم - بيج رمادي,HO1114685BG1,1.0,215.0,215.0,10.75,204.25,KCH200,Giza,Cash On Delivery
2006293253,2026-09-02 09:54:32,Sep 02,raneen,raneen,Cleaning Tools &amp; Supplies,باسكت قمامة بلاستيك بغطاء تاتش حجازي، 7 لتر- ابيض بيج,HO1147789WIT,1.0,135.0,135.0,6.75,128.25,KCH200,Giza,Cash On Delivery
2006293253,2026-09-02 09:54:32,Sep 02,raneen,raneen,Cleaning Tools &amp; Supplies,طبق غسيل بلاستيك، قابل للطى، 38 لتر - ابيض رمادي,HO1125130WNG,1.0,299.0,299.0,14.95,284.05,KCH200,Giza,Cash On Delivery
2006293250,2026-09-02 09:54:28,Sep 02,MP,craftfurniture,Center Table,ترابيزة وسط، خشب أم دي أف، 120×40×60 - بني,MZCTABLE2BRW-craftfurniture,1.0,1499.0,1499.0,0.0,1499.0,,القاهرة,Souhoola
2006293247,2026-09-02 09:53:22,Sep 02,raneen,raneen,Dinnerware,طبق ستانلس ستيل عبود، 16 سم - فضى,HO1058965SLV,1.0,65.0,65.0,0.0,65.0,,الجيزة,Cash On Delivery
2006293244,2026-09-02 09:52:44,Sep 02,MP,tatto,Fans,مروحة حائط تورنيدو،18 بوصة، 4 ريشة، 3 سرعات، TWF-18 - أسود,EL1067076BLK-tatto,2.0,3790.0,7580.0,0.0,7580.0,,الجيزة,valU
2006293241,2026-09-02 09:49:54,Sep 02,MP,rafae3dotcom,Suction Fan,شفاط حائطى فرست، شفط وطرد، 30 سم  - ابيض,rafae3dotcom-11-2,1.0,675.0,675.0,0.0,675.0,,بني سويف,El-Ahly Installments
2006293241,2026-09-02 09:49:54,Sep 02,MP,rafae3dotcom,Suction Fan,شفاط حائط اتجاهين فيرست وان، 30 سم، FB-1204 - ابيض,10rafe3dotcomwhi,1.0,699.0,699.0,0.0,699.0,,بني سويف,El-Ahly Installments
2006293238,2026-09-02 09:46:57,Sep 02,raneen,raneen,Water Heaters,سخان كهرباء اريستون، 30 لتر، 1200 وات، RUBIS30VEG - ابيض,EL1129296WIT,1.0,3499.0,3499.0,0.0,3499.0,,الأسكندرية,Cash On Delivery
2006293238,2026-09-02 09:46:57,Sep 02,raneen,raneen,Water Heaters,سخان مياة كهربائى اريستون، 15 لتر، RUBIS15VEG - ابيض,EL1139443WIT,1.0,2699.0,2699.0,0.0,2699.0,,الأسكندرية,Cash On Delivery
2006293235,2026-09-02 09:45:12,Sep 02,raneen,raneen,Cookware,طقم صواني فرن تيمبو تيفال، قطعتين - احمر داكن,HO1045505DRD,1.0,1499.0,1499.0,0.0,1499.0,,الأسكندرية,El-Ahly Installments
2006293232,2026-09-02 09:44:28,Sep 02,MP,ammerkatosh,Air Coolers,مبرد هواء فريش بوينج، 80 لتر، 3 سرعات، Fa-M80 - أبيض أسود,500017446-ammerkatosh,1.0,5568.0,5568.0,0.0,5568.0,,القاهرة,El-Ahly Installments
2006293229,2026-09-02 09:42:04,Sep 02,MP,primestore,Fans,مروحة حائط بريفكس، 18 بوصة، 3 سرعات، 3 ريش، WFS-181 - أسود,WFS-181-primestore,1.0,2199.0,2199.0,0.0,2199.0,,القليوبية,Cash On Delivery
2006293226,2026-09-02 09:40:59,Sep 02,MP,mixstore,Irons,مكواة بخار تورنيدو TST-2000C بقوة 2000 واط,RAN-4WNC9NP,1.0,1999.0,1999.0,0.0,1999.0,,القاهرة,Cash On Delivery
2006293226,2026-09-02 09:40:59,Sep 02,MP,elreada43,Televisions,تليفزيون جاك، 32 بوصة، LED ،HD، بدون إطار، 32JE3110F - اسود,EL1147244BLK-elreada43,1.0,5500.0,5500.0,0.0,5500.0,,القاهرة,Cash On Delivery
2006293226,2026-09-02 09:40:59,Sep 02,MP,attallah,Washers &amp; Dryer,غساله توشيبا تحميل علوي ، 14 كيلو ، حوضين ، VH-Q150MEG - ابيض,VH-Q150MEG-attallah,1.0,10999.0,10999.0,0.0,10999.0,,القاهرة,Cash On Delivery
2006293220,2026-09-02 09:31:44,Sep 02,MP,attallah,Water Heaters,سخان مياه غاز تورنيدو، 10 لتر، GH-MP10SN-W - ابيض,GH-MP10SN-W-attallah,1.0,8199.0,8199.0,0.0,8199.0,,البحيرة,Cash On Delivery
2006293217,2026-09-02 09:29:13,Sep 02,MP,cairotrading,Shaving &amp; Grooming,واهل ماكينة حلاقة الشعر الكهربائية، بسلك، للاستخدام الجاف، 10 مستويات,RAN-5YVZRPP,1.0,1499.0,1499.0,0.0,1499.0,,Al Fayoum,Cash On Delivery
2006293214,2026-09-02 09:28:23,Sep 02,raneen,raneen,Ladders &amp; Clothes Dryer,منشر غسيل معدن بحبال معدن إيجي ميتال، 155×90×40 سم، 19 متر - اسود,HO1148541BLK,1.0,799.0,799.0,39.95,759.05,KCH200,القاهرة,Cash On Delivery
2006293214,2026-09-02 09:28:23,Sep 02,raneen,raneen,Home &amp; Balcony Essentials,جزامة بلاستيك العالمية، غطاء قماش، 7 رف، 120×60×30 سم - رمادي,HO1116022NVY,1.0,350.0,350.0,17.5,332.5,KCH200,القاهرة,Cash On Delivery
2006293205,2026-09-02 09:26:36,Sep 02,raneen,raneen,Air Conditioner,تكييف سبلت هاير، سمارت ايكو انفرتر، 1.5 حصان، بارد فقط، HSU-12KCRIC - ابيض,ELKIT1822WIT,1.0,20399.0,20399.0,0.0,20399.0,,البحر الأحمر,Cash On Delivery
2006293202,2026-09-02 09:22:28,Sep 02,MP,ocean,Kettles,غلاية فولامنجو FL-4000 من الفولاذ 1.8 لتر - 1500 واط - فضي,RAN-C3PEG3V,1.0,319.0,319.0,0.0,319.0,,القاهرة,Cash On Delivery
2006293199,2026-09-02 09:15:05,Sep 02,raneen,raneen,Bed Sheets,طقم ملاية سرير لازورد، 3 قطع، 170×240 سم - بينك ابيض,TX1015868MZ2,2.0,159.0,318.0,0.0,318.0,,القاهرة,Cash On Delivery
2006293199,2026-09-02 09:15:05,Sep 02,raneen,raneen,Bed Sheets,طقم ملاية اطفال لازورد، 3 قطع، 170×240 سم - متعدد الالوان,TX1048853BU3,2.0,159.0,318.0,0.0,318.0,,القاهرة,Cash On Delivery
2006293199,2026-09-02 09:15:05,Sep 02,raneen,raneen,Bed Sheets,طقم ملاية قماش، 5 قطع، 220×240 سم - متعدد الالوان,TX1048610CF2,1.0,249.0,249.0,0.0,249.0,,القاهرة,Cash On Delivery
2006293199,2026-09-02 09:15:05,Sep 02,raneen,raneen,Bed Sheets,طقم ملاية، 5 قطع، 220×240 سم - روز,TX1048610WF6,1.0,249.0,249.0,0.0,249.0,,القاهرة,Cash On Delivery
2006293199,2026-09-02 09:15:05,Sep 02,raneen,raneen,Bed Sheets,طقم ملاية سرير، 5 قطع، 220×240 سم - زيتوني,TX1048610OL8,1.0,249.0,249.0,0.0,249.0,,القاهرة,Cash On Delivery
2006293196,2026-09-02 09:13:32,Sep 02,raneen,raneen,Cookware,طقم حلل ستانلس كلاسيك زينوكس، 13 قطعة - فضي,HO1119948SLV,1.0,6999.0,6999.0,0.0,6999.0,,القاهرة,valU
2006293193,2026-09-02 09:11:12,Sep 02,raneen,raneen,Drinkware,زمزمية مياة بلاستيك، بالشاليموه، 600 مل - شفاف تركواز,HO1154774MC2,1.0,170.0,170.0,0.0,170.0,,القاهرة,Cash On Delivery
2006293193,2026-09-02 09:11:12,Sep 02,raneen,raneen,Drinkware,زمزمية مياة 2×1 بلاستيك، 570 مل - موف ابيض,HO1147951MV1,1.0,172.0,172.0,0.0,172.0,,القاهرة,Cash On Delivery
2006293193,2026-09-02 09:11:12,Sep 02,raneen,raneen,Office Supplies,مقلمة بلاستيك وجهين مغناطيس، 2 براية، 23×10 سم - متعدد الالوان,TY1154468MC1,1.0,60.0,60.0,0.0,60.0,,القاهرة,Cash On Delivery
2006293193,2026-09-02 09:11:12,Sep 02,raneen,raneen,Office Supplies,مقلمه مغناطيس بلاستيك للاطفال، 2 برايه، 33×17 سم - بينك,TY1154478PK1,1.0,50.0,50.0,0.0,50.0,,القاهرة,Cash On Delivery
2006293190,2026-09-02 09:11:03,Sep 02,raneen,raneen,Dinnerware,طبق عميق مستدير الومنيوم شيف كوك، 22 سم - فضي,HO1129630SLV,1.0,55.0,55.0,0.0,55.0,,القاهرة,Cash On Delivery
2006293190,2026-09-02 09:11:03,Sep 02,raneen,raneen,Bowl,طقم بولة ستانلس ستيل ماجستيك، 4 قطع، 15 سم - فضي,HO1148569SLV,1.0,60.0,60.0,0.0,60.0,,القاهرة,Cash On Delivery
2006293190,2026-09-02 09:11:03,Sep 02,raneen,raneen,Dinnerware,طقم عدلية ستانلس ستيل شيف كوك، 3 قطع - فضي,HO1119875SLV,1.0,115.0,115.0,0.0,115.0,,القاهرة,Cash On Delivery
2006293190,2026-09-02 09:11:03,Sep 02,raneen,raneen,Cleaning Tools &amp; Supplies,طقم فوط تنظيف مطبخ قماش، 3 قطع، 30 سم - متعدد الالوان,HO1144426MC3,1.0,83.0,83.0,0.0,83.0,,القاهرة,Cash On Delivery
2006293190,2026-09-02 09:11:03,Sep 02,raneen,raneen,Storage,طقم علب ثلاجة بلاستيك الهدي، 14 قطعة - متعدد الالوان,HO1111641MC6,1.0,115.0,115.0,0.0,115.0,,القاهرة,Cash On Delivery
2006293190,2026-09-02 09:11:03,Sep 02,raneen,raneen,Dinnerware,طبق تقديم بورسلين مستطيل لوتس، 30×21 سم - ابيض,HO1149946WIT,2.0,75.0,150.0,0.0,150.0,,القاهرة,Cash On Delivery
2006293190,2026-09-02 09:11:03,Sep 02,raneen,raneen,Cookware,صينية فرن الومنيوم عابدين، 24 سم - فضي,HO1148084SLV,1.0,249.0,249.0,0.0,249.0,,القاهرة,Cash On Delivery
2006293190,2026-09-02 09:11:03,Sep 02,raneen,raneen,Kitchenware,مصفاة ستانلس ستيل روكي، مقاس 20 - فضى,HO1048619SLV,1.0,85.0,85.0,0.0,85.0,,القاهرة,Cash On Delivery
2006293187,2026-09-02 09:06:18,Sep 02,MP,shoppingonline,Laptop Accessories,شنطة ظهر للابتوب للسفر دوك مور، 15.6 بوصة - رمادي,B0BF9BZ9VS,1.0,365.75,365.75,0.0,365.75,,الجيزة,Cash On Delivery
2006293175,2026-09-02 08:58:57,Sep 02,raneen,raneen,Coffee Makers,مضرب نسكافيه سوكانى، USB، SK-02018- - ابيض,EL1126478WIT,1.0,368.0,368.0,0.0,368.0,,الشرقية,Cash On Delivery
2006293172,2026-09-02 08:57:39,Sep 02,raneen,raneen,Cutlery &amp; Flatware Set,طقم ادوات مائدة ستانلس ستيل، 30 قطع، بالاضافة الي ستانلس ستيل - فضي ذهبي,HO1132484SL1,1.0,1199.0,1199.0,0.0,1199.0,,أسيوط,Cash On Delivery
2006293172,2026-09-02 08:57:39,Sep 02,raneen,raneen,Dinnerware,طقم عشاء بورسلين لوتس، 18 قطعة - موف ابيض,HO1106777MV2,1.0,1399.0,1399.0,0.0,1399.0,,أسيوط,Cash On Delivery
2006293163,2026-09-02 08:52:42,Sep 02,raneen,raneen,Electronics Audio,صب ووفر جاما، 2 × 60 وات، قطعتين، ريموت كنترول، بلوتوث، GT-6001 - اسود,EL1139503BK1,1.0,1149.0,1149.0,0.0,1149.0,,المنوفية,valU
2006293157,2026-09-02 08:46:30,Sep 02,MP,egyptlaptop,Printers,طابعة LaserJet Pro اتش بى MFP 4103dw الكل في واحد، 2Z627A - ابيض,HP-4103DW-egyptlaptop,1.0,18488.0,18488.0,0.0,18488.0,,الشرقية,Cash On Delivery
2006293154,2026-09-02 08:43:14,Sep 02,raneen,raneen,Cookware,طقم طاجن فخار، 3 قطع - بني,HO1103092BR5,1.0,90.0,90.0,1.59,88.41,KCH200,المنيا,Cash On Delivery
2006293154,2026-09-02 08:43:14,Sep 02,raneen,raneen,Kitchenware,قاعدة اسطوانة غاز ستانلس ستيل، 4 عجلات، 33 سم - فضي,HO1114405SLV,1.0,169.0,169.0,3.0,166.0,KCH200,المنيا,Cash On Delivery
2006293154,2026-09-02 08:43:14,Sep 02,raneen,raneen,Kitchenware,طقم مصفاه بلاستيك الهدي، 4 قطع - متعدد الالوان,HO1146967MA2,1.0,143.0,143.0,2.53,140.47,KCH200,المنيا,Cash On Delivery
2006293154,2026-09-02 08:43:14,Sep 02,raneen,raneen,Cookware,طقم صينية فرن تيفلون مارتيف، 3 قطع - احمر داكن,HO1148100DR1,1.0,1099.0,1099.0,19.5,1079.5,KCH200,المنيا,Cash On Delivery
2006293154,2026-09-02 08:43:14,Sep 02,raneen,raneen,Storage,استاند منزلي بلاستيك العالمية، 5 دور، 4 عجلة، 120×45×18 سم - رمادي فاتح,HO1135616LGY,1.0,229.0,229.0,4.06,224.94,KCH200,المنيا,Cash On Delivery
2006293154,2026-09-02 08:43:14,Sep 02,MP,dukanalaa,Kitchenware,مقشرة بطاطس بلاستيكية + مبشرة بطاطس بلاستيكية - الوان متنوعة,RAN-8TRSQGT,1.0,65.0,65.0,1.16,63.84,KCH200,المنيا,Cash On Delivery
2006293154,2026-09-02 08:43:14,Sep 02,raneen,raneen,Kitchenware,منظم ملاعق وسكاكين بلاستيك برو بلاست، 17×23 سم - رمادي كشمير,HO1117079KNW,1.0,172.0,172.0,3.05,168.95,KCH200,المنيا,Cash On Delivery
2006293154,2026-09-02 08:43:14,Sep 02,raneen,raneen,Cookware,طقم حلل المونيوم الاهرام، 10 قطعة - فضي,HO1114445SLV,1.0,2999.0,2999.0,53.2,2945.8,KCH200,المنيا,Cash On Delivery
2006293154,2026-09-02 08:43:14,Sep 02,raneen,raneen,Cookware,طقم حلل ستانلس ستيل سمارت زينوكس، 10 قطع - فضي,HO1148366SLV,1.0,3299.0,3299.0,58.52,3240.48,KCH200,المنيا,Cash On Delivery
2006293154,2026-09-02 08:43:14,Sep 02,raneen,raneen,Tanks,طقم كولمان بلاستيك ايس تانك، 3 قطع، ايس تانك 16 لتر مع ايس تانك 2.5 لتر مع زجاجة مياة 1000 مل - احمر ابيض,HO1149686MC1,1.0,699.0,699.0,12.4,686.6,KCH200,المنيا,Cash On Delivery
2006293154,2026-09-02 08:43:14,Sep 02,raneen,raneen,Cutlery &amp; Flatware Set,طقم ادوات مائده ستانلس ستيل الهدي، 24 قطعة - فضي,HO1118745SL1,1.0,115.0,115.0,2.04,112.96,KCH200,المنيا,Cash On Delivery
2006293154,2026-09-02 08:43:14,Sep 02,raneen,raneen,Knife &amp; Cutters,طقم سكاكين ستانلس ستيل بيد بكالايت ارشيا، 24 قطعة، بالاضافة للشنطة - اسود فضي,HO1076537BNS,1.0,699.0,699.0,12.4,686.6,KCH200,المنيا,Cash On Delivery
2006293154,2026-09-02 08:43:14,Sep 02,MP,elitefurniture,Iron Tables,ترابيزة مكواة بتصميم أنيق وقابلة للطي - حديد - لون أبيض - مقاس 119x33x85 سم,RAN-BCMNB36,1.0,599.0,599.0,10.63,588.37,KCH200,المنيا,Cash On Delivery
2006293154,2026-09-02 08:43:14,Sep 02,raneen,raneen,Irons,مكواه ملابس بخار ايه تى ايه، قاعدة سيراميك، 2200 وات، HJ-8030B - ابيض ازرق,EL1114153WNB,1.0,828.0,828.0,0.0,828.0,KCH200,المنيا,Cash On Delivery
2006293154,2026-09-02 08:43:14,Sep 02,raneen,raneen,Dinnerware,طقم عشاء اركوبال برادا، 42 قطعة - متعدد الالوان,HO1119358W12,1.0,899.0,899.0,15.94,883.06,KCH200,المنيا,Cash On Delivery
2006293151,2026-09-02 08:42:48,Sep 02,MP,attallah,Fans,مروحة ستاند الشبح فريش، 18 بوصة، 3 سرعات، بريموت كنترول - احمر,EL1049886BLK-attalah,1.0,2187.0,2187.0,0.0,2187.0,,القاهرة,Cash On Delivery
2006293142,2026-09-02 08:40:49,Sep 02,raneen,raneen,Cleaning Tools &amp; Supplies,شرشوبة بالعصارة قطن، يد معدن، 130 سم - رمادي,HO1137144GY1,1.0,199.0,199.0,9.95,189.05,KCH200,القاهرة,Cash On Delivery
2006293142,2026-09-02 08:40:49,Sep 02,raneen,raneen,Cleaning Tools &amp; Supplies,جردل تنظيف بعصارة ماكس بلاست، 14 لتر، 33.5×26.5×28 سم - احمر رمادي,HO1120364RED,1.0,137.0,137.0,6.85,130.15,KCH200,القاهرة,Cash On Delivery
2006293127,2026-09-02 08:34:35,Sep 02,MP,ammerkatosh,Irons,مكواة بخار فريش، 2000 وات، قاعدة الومنيوم، ST-19 - ازرق ابيض,ROFAALST19WITBLU-AMMERKATOSH,2.0,1444.0,2888.0,0.0,2888.0,,الأسماعيلية,El-Ahly Installments
2006293127,2026-09-02 08:34:35,Sep 02,MP,dukanabdelaziz,Water Heaters,سخان مياه كهربائى اوليمبيك اليكتريك هيرو، 40 لتر، 4 مستويات امان - ابيض رمادي,mamHero40l-dukanabdelaziz,1.0,3950.0,3950.0,0.0,3950.0,,الأسماعيلية,El-Ahly Installments
2006293127,2026-09-02 08:34:35,Sep 02,MP,ammerkatosh,Fans,مروحة سقف فريش، تايفون، 56 بوصة، 5 سرعات - ابيض,500021298-ammerkatosh,3.0,1689.0,5067.0,0.0,5067.0,,الأسماعيلية,El-Ahly Installments
2006293127,2026-09-02 08:34:35,Sep 02,MP,elamira,Washers &amp; Dryer,غسالة ملابس فريش دويتو، حوضين، 5 كجم، Duetto - ابيض,ELFWT500NAWIT-elamira,1.0,5126.0,5126.0,0.0,5126.0,,الأسماعيلية,El-Ahly Installments
2006293127,2026-09-02 08:34:35,Sep 02,MP,ammerkatosh,Refrigerators &amp; Freezers,ثلاجة ديفروست فريش، 294 لتر، 2باب، FDD-B315BS - فضي,EL1022000conf-ammerkatosh,1.0,14395.0,14395.0,0.0,14395.0,,الأسماعيلية,El-Ahly Installments
2006293112,2026-09-02 08:28:20,Sep 02,MP,container,Mobile Audio,سماعة رأس لاسلكية، تعمل بتقنية البلوتوث، متوافقة مع جميع الموبيلات - احمر,AC0006R-container,1.0,299.0,299.0,0.0,299.0,,المنوفية,Cash On Delivery
2006293109,2026-09-02 08:28:05,Sep 02,MP,rofstore,Built in,شفاط بلت ان بالمدخنة اى كوك يونيون اير‏، 60 سم، GUSTO60X - فضي,EL1054724SLVconf-ROF,1.0,2995.0,2995.0,0.0,2995.0,,الأسكندرية,Cash On Delivery
2006293091,2026-09-02 08:06:27,Sep 02,MP,lifecare,Mixers &amp; Blenders,مضرب يدوي بسرعة 7 سرعات من سكارليت مع مجموعة مكونة من مضربين كروم وخطافين للعجين,RAN-MG2PC8V,1.0,204.0,204.0,0.0,204.0,,القليوبية,Cash On Delivery
2006293082,2026-09-02 07:49:44,Sep 02,raneen,raneen,Dinnerware,طقم عشاء اركوبال برادا، 42 قطعة - ابيض احمر,HO1119358WI1,1.0,899.0,899.0,44.95,854.05,KCH200,الأسكندرية,Cash On Delivery
2006293076,2026-09-02 07:27:32,Sep 02,raneen,raneen,Electronics Audio,طقم سماعة صب ووفر هامر، قطعتين، 7 بوصة، 24×23×40 سم، H-7800 - اسود احمر داكن,EL1126991BLK,1.0,1899.0,1899.0,0.0,1899.0,,الأسكندرية,valU
2006293073,2026-09-02 07:14:40,Sep 02,MP,shoppingonline,Laptop Accessories,شنطة ظهر للابتوب للسفر بمنفذ USB، 15.6 بوصة - رمادي,B0B6RNQC6C,1.0,209.0,209.0,0.0,209.0,,الجيزة,Cash On Delivery
2006293070,2026-09-02 07:14:11,Sep 02,raneen,raneen,Cleaning Tools &amp; Supplies,باسكت قمامة بلاستيك بغطاء تاتش حجازي، 7 لتر- ابيض بيج,HO1147789WIT,1.0,135.0,135.0,0.0,135.0,,القاهرة,Cash On Delivery
2006293070,2026-09-02 07:14:11,Sep 02,MP,homesa,Cleaning Tools &amp; Supplies,باسكت قمامة روما، 30 لتر بلاستيك الهلال والنجمة، ‎52x33x32 سم - بيج,HASElHelalStar-80,1.0,299.0,299.0,0.0,299.0,,القاهرة,Cash On Delivery
2006293067,2026-09-02 07:14:07,Sep 02,raneen,raneen,Cutlery &amp; Flatware Set,طقم ادوات مائده ستانلس ستيل دريم، 87 قطعه - فضي ذهبي,HO1138824SV5,1.0,1299.0,1299.0,0.0,1299.0,,القاهرة,Cash On Delivery
2006293064,2026-09-02 07:12:32,Sep 02,raneen,raneen,Nursery Furniture &amp; Decor,لعبة زحليقة بلاستيك للاطفال، 4 درجات، 170×40 سم - اخضر احمر,TY1101827GR1,1.0,649.0,649.0,0.0,649.0,,أسيوط,Cash On Delivery
2006293061,2026-09-02 07:10:24,Sep 02,raneen,raneen,Packaging,طقم اكياس فلاير بلاستيك مطبوع، 50 قطعة، 35×25 سم، 40 ميكرون - رمادي,HO1154970GRY,4.0,89.0,356.0,0.0,356.0,,الجيزة,Paymob Wallet
2006293061,2026-09-02 07:10:24,Sep 02,raneen,raneen,Packaging,ملصق تأمين منتجات بلاستيك رنين، 100 قطعة - احمر,HO1113118RED,2.0,99.0,198.0,0.0,198.0,,الجيزة,Paymob Wallet
2006293055,2026-09-02 06:55:27,Sep 02,MP,sunnystores,Chargers,شاحن سياره ماتريكس ، 20 وات ، 2 مخرج ،BF-CC067 - اسود,MXBFCC067B,1.0,149.0,149.0,0.0,149.0,FLY200,القاهرة,Credit/Debit Card
2006293055,2026-09-02 06:55:27,Sep 02,MP,nourshopping,Luggage,شنط سفر بعجلات غير قابلة للكسر مع قفل تي اس ايه 4 عجلات دوارة صامتة سحاب مزدوج قابل للتوسيع - اللون الكشمير أكريلونيتريل بوتادين ستايرين ABS,RAN-CCQAWBZ,1.0,3990.0,3990.0,199.5,3790.5,FLY200,القاهرة,Credit/Debit Card
2006293055,2026-09-02 06:55:27,Sep 02,raneen,raneen,Home Decor,بلورة مضيئة زجاج ديكور، 14 سم - فضي اسود,HO1144064SL1,1.0,115.0,115.0,0.0,115.0,FLY200,القاهرة,Credit/Debit Card
2006293052,2026-09-02 06:51:26,Sep 02,MP,talhastore,Men&#039;s Bags,شنطة ظهر للابتوب والسفر للنساء والرجال، مع منفذ شحن USB، شنطة ظهر عصرية مقاومة للماء تناسب ملحقات المدرسة والجامعة من جوبلين,RAN-MHGH5R9,1.0,360.0,360.0,0.0,360.0,,القاهرة,Cash On Delivery
2006293052,2026-09-02 06:51:26,Sep 02,MP,lifecare,Kitchenware,لوح تقطيع من الخيزران YumLock مع تجاويف للعصير - كبير جدًا,RAN-23QH6WD,1.0,157.0,157.0,0.0,157.0,,القاهرة,Cash On Delivery
2006293037,2026-09-02 06:33:27,Sep 02,MP,meskstore,Office Supplies,اله حاسبه كاسيو، علمية، الإصدار الثاني، FX-991ES - اسود,RT70266BLK-meskstore,1.0,550.0,550.0,0.0,550.0,,الدقهلية,Cash On Delivery
2006293028,2026-09-02 06:28:14,Sep 02,MP,container,Mobile Audio,سماعة رأس بلاك تايجر، ميكروفون مدمج متعدد الاتجاهات، P9/BLU - ازرق,AC0006BU-container,1.0,500.0,500.0,0.0,500.0,,القاهرة,Aman
2006293028,2026-09-02 06:28:14,Sep 02,MP,radiotalaat,Tablets,تابلت شاومي ريدمي، 11 بوصة، 256 جيجابايت، 8 جيجا رام، Pad SE - رمادي جرافيتي,190535,1.0,13605.0,13605.0,0.0,13605.0,,القاهرة,Aman
2006293025,2026-09-02 06:26:57,Sep 02,MP,coktailstore,Vacuum Cleaners,جهاز تنظيف وتعقيم بالبخار - 6 مستويات، وظائف متعددة,RAN-S4DDMW6,1.0,1949.0,1949.0,0.0,1949.0,,الغربية,Cash On Delivery
2006293025,2026-09-02 06:26:57,Sep 02,raneen,raneen,Cleaning Tools &amp; Supplies,فوطة تنظيف مطبخ قماش، 30×40 سم - بينك رمادي,HO1138868PNK,1.0,29.0,29.0,0.0,29.0,,الغربية,Cash On Delivery
2006293025,2026-09-02 06:26:57,Sep 02,raneen,raneen,Cleaning Tools &amp; Supplies,فوطة تنظيف مطبخ قماش، 30×40 سم - موف رمادي,HO1138868MOV,1.0,29.0,29.0,0.0,29.0,,الغربية,Cash On Delivery
2006293025,2026-09-02 06:26:57,Sep 02,raneen,raneen,Cleaning Tools &amp; Supplies,فوطة مطبخ قطن، 50×30 سم، 100 جرام تقريبا - زيتوني,TX1134849OLV,2.0,25.0,50.0,0.0,50.0,,الغربية,Cash On Delivery
2006293025,2026-09-02 06:26:57,Sep 02,raneen,raneen,Kitchenware,طقم جوانتي وماسك طعام قماش، قطعتين - متعدد الالوان,HO1082179MA4,1.0,55.0,55.0,0.0,55.0,,الغربية,Cash On Delivery
2006293025,2026-09-02 06:26:57,Sep 02,raneen,raneen,Kitchenware,قالب ثلج بلاستيك بالغطاء وينر بلاست، 18 عين، 27×16 سم - زيتوني,HO1144018OL1,1.0,39.0,39.0,0.0,39.0,,الغربية,Cash On Delivery
2006293025,2026-09-02 06:26:57,Sep 02,raneen,raneen,Kitchenware,برطمان بلاستيك مربع ماكس بلاست، 1300 مل - بنى شفاف,HO1101702CL1,2.0,46.0,92.0,0.0,92.0,,الغربية,Cash On Delivery
2006293025,2026-09-02 06:26:57,Sep 02,raneen,raneen,Cutlery &amp; Flatware Set,طقم ملاعق عشاء ستانلس ستيل توب وان، 6 قطع، 20 سم - فضي,HO1125977SLV,1.0,122.0,122.0,0.0,122.0,,الغربية,Cash On Delivery
2006293025,2026-09-02 06:26:57,Sep 02,raneen,raneen,Cutlery &amp; Flatware Set,طقم ملاعق شاي ستانلس ستيل توب وان، 6 قطع، 14 سم - فضي,HO1125978SLV,1.0,80.0,80.0,0.0,80.0,,الغربية,Cash On Delivery
2006293025,2026-09-02 06:26:57,Sep 02,raneen,raneen,Knife &amp; Cutters,سكينة ستانلس ستيل باس، يد خشب، 30 سم - فضي,HO1138865BNS,1.0,115.0,115.0,0.0,115.0,,الغربية,Cash On Delivery
2006293025,2026-09-02 06:26:57,Sep 02,MP,ocean,Cleaning Tools &amp; Supplies,طبق بلاستيك الحجم 2 برسومات مختلفة - متين وخفيف الوزن,RAN-25CWG97,1.0,170.0,170.0,0.0,170.0,,الغربية,Cash On Delivery
2006293019,2026-09-02 06:22:50,Sep 02,raneen,raneen,Mobile Phones,موبايل سمارت سامسونج جالكسي A37 ، شبكه الجيل الخامس ، 256 جيجابايت ، 8 جيجا رام - اسود,EL1147761BLK,1.0,22999.0,22999.0,0.0,22999.0,,الساحل الشمالي,Cash On Delivery
2006293016,2026-09-02 06:14:18,Sep 02,MP,goldena,Water Heaters,سخان كهربائي اوليمبيك الكتريك ميكانيكال، 30 لتر، 1200 وات، OYE03061WN - ابيض,945105409,1.0,3951.0,3951.0,0.0,3951.0,,الجيزة,Cash On Delivery
2006292998,2026-09-02 05:58:07,Sep 02,MP,elbetar,Washers &amp; Dryer,غسالة اوتوماتيك بيكو، 12 كيلو، 1400 لفه، شاشه ديجيتال، موتور انفرتر، بلوتوث، واي فاي، B3WFU51240MCI - رمادي,EL1130232GRY-elbetar,1.0,20100.0,20100.0,0.0,20100.0,,القاهرة,Cash On Delivery
2006292995,2026-09-02 05:49:28,Sep 02,raneen,raneen,Microwaves &amp; Ovens,ميكروويف ايه تى ايه،، 20 لتر، 1200 وات، MW20LN002 - رمادي,EL1120811GRY,2.0,2999.0,5998.0,0.0,5998.0,,البحر الأحمر,Cash On Delivery
2006292995,2026-09-02 05:49:28,Sep 02,raneen,raneen,Home &amp; Balcony Essentials,ترابيزة بلاستيك راتان، 40×40×40 سم، 2.2 كجم - بني,HO1109796BRN,1.0,115.0,115.0,0.0,115.0,,البحر الأحمر,Cash On Delivery
2006292986,2026-09-02 05:46:13,Sep 02,raneen,raneen,Kitchenware,طقم برطمان توابل اكريليك بغطاء بلاستيك، 12 قطعة، مع ستاند خشب - اسود ذهبي,HO1127055BNB,1.0,215.0,215.0,0.0,215.0,,الجيزة,Cash On Delivery
2006292965,2026-09-02 05:24:26,Sep 02,MP,ammerkatosh,Suction Fan,شفاط حائط فريش، 25 سم، اتجاهين، 500004583 - ابيض,500004583WHT-ammerkatosh,1.0,1114.0,1114.0,0.0,1114.0,,الشرقية,Credit/Debit Card
2006292962,2026-09-02 05:23:06,Sep 02,MP,attallah,Fans,مروحة ستاند اي هوم، 18 بوصة، 5 ريش، KI-2000b - اسود,KI-2000b-attallah,1.0,910.0,910.0,0.0,910.0,,القليوبية,Cash On Delivery
2006292941,2026-09-02 05:02:01,Sep 02,MP,woodenfurniture,Center Table,ترابيزة وسط مودرن خشب ام دي اف، 45×45×80 سم - بيج وابيض,WOODF266,1.0,1099.0,1099.0,0.0,1099.0,,القليوبية,Cash On Delivery
2006292941,2026-09-02 05:02:01,Sep 02,MP,attallah,Cookers,بوتاجاز كول ماكس زانوسي ، 4 شعلة، 60×60 سم ، ZCG64396XB - فضى,ZCG64396XB-attallah,1.0,12990.0,12990.0,0.0,12990.0,,القليوبية,Cash On Delivery
2006292941,2026-09-02 05:02:01,Sep 02,MP,craftfurniture,TV Table,ترابيزة تلفاز خشب ام دي اف، 100×20×20 سم - بني,CRAFTTV2,1.0,559.0,559.0,0.0,559.0,,القليوبية,Cash On Delivery
4000164799,2026-09-02 04:56:56,Sep 02,MP,mattger,Skin Care,Argento Eye Contour Cream 30G 1+1 Free,CrEaTion40-mattger,1.0,216.0,216.0,0.0,216.0,,الشرقية,Cash On Delivery
2006292935,2026-09-02 04:52:57,Sep 02,raneen,raneen,Fans,ATA مروحة ستاند، 18 بوصة، 3 سرعات، 3 ريشة، S1801 - اسود,EL1018813BLK,1.0,849.0,849.0,0.0,849.0,,المنيا,Cash On Delivery
2006292932,2026-09-02 04:47:11,Sep 02,raneen,raneen,Fans,مروحة مكتب ايه تي ايه، 16 بوصة، 5 ريشة، 3 سرعات، 75 وات، T28 - ابيض,EL1150031WI1,1.0,850.0,850.0,0.0,850.0,,الجيزة,Credit/Debit Card
2006292929,2026-09-02 04:45:10,Sep 02,MP,radiotalaat,Mobile Phones,موبايل سمارت انفنكس هوت 60 برو بلس، 256 جيجابايت، 8 جيجابايت رام، شبكة الجيل الرابع - فضى,196680,1.0,12770.0,12770.0,0.0,12770.0,,الدقهلية,Cash On Delivery
2006292923,2026-09-02 04:44:27,Sep 02,raneen,raneen,Fans,مروحة حائط ايه تى ايه، 16 بوصة، 3 سرعات، 5 ريشة، B1605 - ابيض احمر,EL1018812WNR,1.0,669.0,669.0,0.0,669.0,KCH200,القليوبية,Cash On Delivery
2006292923,2026-09-02 04:44:27,Sep 02,raneen,raneen,Fans,ATA مروحة ستاند، 18 بوصة، 3 سرعات، 3 ريشة، S1801 - اسود,EL1018813BLK,1.0,849.0,849.0,0.0,849.0,KCH200,القليوبية,Cash On Delivery
2006292923,2026-09-02 04:44:27,Sep 02,raneen,raneen,Fans,مروحه استاند ايه تى ايه، 18 بوصه، 5 ريشه، 4 سرعات، S96 - اسود,EL1135325BLK,1.0,1055.0,1055.0,0.0,1055.0,KCH200,القليوبية,Cash On Delivery
2006292923,2026-09-02 04:44:27,Sep 02,raneen,raneen,Dinnerware,طقم عشاء أركوبال اماراتي لومينارك، 26 قطعة - ابيض,HO1124768WI1,1.0,1249.0,1249.0,62.45,1186.55,KCH200,القليوبية,Cash On Delivery
2006292920,2026-09-02 04:43:34,Sep 02,raneen,raneen,Bed Sheets,طقم ملاية لازورد، 4 قطع، 215×235 سم - بنفسجي,TX1022398ME7,1.0,229.0,229.0,0.0,229.0,,القاهرة,Cash On Delivery
2006292920,2026-09-02 04:43:34,Sep 02,MP,linesleep,Bedding,لحاف وجهين فايبر لاين سليب، 240×220 سم - بني بيج,QLT45240X220BRNBG,1.0,750.0,750.0,0.0,750.0,,القاهرة,Cash On Delivery
2006292914,2026-09-02 04:36:04,Sep 02,raneen,raneen,Cookware,"طاجن مستطيل بايركس, 22 سم - شفاف",HO1000095CLR,1.0,310.0,310.0,15.5,294.5,KCH200,القاهرة,Cash On Delivery
2006292911,2026-09-02 04:26:35,Sep 02,MP,dream2000,Printers,طابعة كانون بيكسما TS3640، لاسلكية ملونة متعددة الوظائف، نسخ ومسح ضوئي - أسود,4549292234046-Dream2000,1.0,2789.0,2789.0,0.0,2789.0,,الأسكندرية,Cash On Delivery
2006292908,2026-09-02 04:24:31,Sep 02,MP,ecotech,Security &amp; Surveillance Systems,كاميرا للاستخدام الخارجي اتش دي عالية الدقة هيكفيجين، 2 ميجابيكسل، 3.6 ملم، DS-2CE16D0T-EXIPF - ابيض,DS-2CE16D0T-EXIPFecotech,2.0,434.0,868.0,0.0,868.0,,الأسكندرية,Cash On Delivery
2006292899,2026-09-02 04:09:10,Sep 02,raneen,raneen,Drinkware,طقم مج زجاج لومينارك، 6 قطع، 250 مل - شفاف,HO1137740CLR,4.0,170.0,680.0,34.0,646.0,KCH200,القليوبية,Cash On Delivery
2006292899,2026-09-02 04:09:10,Sep 02,raneen,raneen,Dinnerware,طقم عشاء أركوبال اماراتي لومينارك، 26 قطعة - ابيض,HO1124768WI1,1.0,1249.0,1249.0,62.45,1186.55,KCH200,القليوبية,Cash On Delivery
2006292896,2026-09-02 04:06:51,Sep 02,raneen,raneen,Kitchenware,بلانشة تقطيع مستطيلة الشيف، 36×22 سم - متعدد الالوان,HO1078702YL1,1.0,85.0,85.0,0.0,85.0,,الجيزة,Cash On Delivery
2006292896,2026-09-02 04:06:51,Sep 02,raneen,raneen,Dinnerware,طقم عشاء أركوبال اماراتي لومينارك، 26 قطعة - ابيض,HO1124768WI1,1.0,1249.0,1249.0,0.0,1249.0,,الجيزة,Cash On Delivery
2006292893,2026-09-02 04:06:14,Sep 02,raneen,raneen,Televisions,تلفزيون هاير، 32 بوصة، HD، مزود برسيفر داخلى، بدون اطار، H32K70G- اسود,EL1152351BLK,1.0,6199.0,6199.0,0.0,6199.0,,الجيزة,Cash On Delivery
2006292890,2026-09-02 04:06:01,Sep 02,raneen,raneen,Televisions,تلفزيون سمارت ATA، ٥٠ بوصة، 4K ،UHD، بدون إطار، ATA50UOS-L - اسود,EL1134335BLK,1.0,14777.0,14777.0,500.0,14277.0,TV500,القاهرة,Cash On Delivery
2006292887,2026-09-02 04:04:12,Sep 02,raneen,raneen,Dinnerware,طقم عشاء أركوبال أماراتى لومينارك، 24 قطعة - ابيض,HO1088626WIT,3.0,1049.0,3147.0,157.35,2989.65,KCH200,القليوبية,Cash On Delivery
2006292881,2026-09-02 03:54:52,Sep 02,MP,woodenfurniture,TV Table,ترابيزة تلفاز خشب ام دي اف، 50x150x30 سم - أبيض بني,vw-tv-2,1.0,1699.0,1699.0,0.0,1699.0,,الأسكندرية,Cash On Delivery
2006292875,2026-09-02 03:49:41,Sep 02,MP,tbs,Table Lighting,مصباح طاولة مودرن تى بى اس قماش، 28 ×12 سم - بيج,TBS-TA_MO_174,1.0,404.0,404.0,40.4,363.6,LIT200,الدقهلية,Cash On Delivery
2006292875,2026-09-02 03:49:41,Sep 02,raneen,raneen,Dinnerware,طقم اطباق زجاج شكل سمكه زينيا، 7 قطع - شفاف,HO1107802CLR,1.0,200.0,200.0,0.0,200.0,LIT200,الدقهلية,Cash On Delivery
2006292875,2026-09-02 03:49:41,Sep 02,MP,ammerkatosh,Suction Fan,شفاط حائط فريش، 25 سم، اتجاهين، 500004583 - ابيض,500004583WHT-ammerkatosh,1.0,1114.0,1114.0,0.0,1114.0,LIT200,الدقهلية,Cash On Delivery
2006292866,2026-09-02 03:48:06,Sep 02,MP,blackmirror,Luggage,حقيبة ظهر رياضية فاندير خفيفة الوزن مع حجرة للأحذية - بينك فاتح,3B-GZ2M-4UUV,1.0,450.0,450.0,22.5,427.5,FLY200,الأسكندرية,Cash On Delivery
2006292863,2026-09-02 03:46:09,Sep 02,MP,alabdeen,Televisions,تلفزيون سينكس، 32 بوصة، HD، مدمج به خاصية i-Cast، مزود برسيفر داخلي، 32E4M - اسود,40010262,1.0,5074.0,5074.0,0.0,5074.0,,القاهرة,Cash On Delivery
2006292860,2026-09-02 03:43:26,Sep 02,MP,hadymix,Shoe Rack,جزامة خشب ام دى اف، 140×50×28 سم - خشبى,1143-hady,1.0,2339.0,2339.0,0.0,2339.0,,الغربية,El-Ahly Installments
2006292860,2026-09-02 03:43:26,Sep 02,MP,ammerkatosh,Fans,"مروحة ستاند سمارت فريش, 3 ريشة, 3 سرعات - اوف وايت",500004490OFW-ammerkatosh,2.0,1778.0,3556.0,0.0,3556.0,,الغربية,El-Ahly Installments
2006292860,2026-09-02 03:43:26,Sep 02,raneen,raneen,Cookware,كسرولة بالغطاء ارمتال تيفال، 16 سم - احمر,HO1002423BRN,1.0,1249.0,1249.0,0.0,1249.0,,الغربية,El-Ahly Installments
2006292851,2026-09-02 03:36:52,Sep 02,raneen,raneen,Dinnerware,طقم عشاء بورسلين لوتس، 26 قطعه - ابيض بيج,HO1147340MC1,1.0,1599.0,1599.0,79.95,1519.05,kch200,الأسكندرية,Cash On Delivery
2006292827,2026-09-02 03:19:50,Sep 02,raneen,raneen,Kitchen Accessories,سبت مشابك بلاستيك الهدي، 23×12 سم - تركواز,HO1082606TR1,1.0,27.0,27.0,0.0,27.0,,القاهرة,Cash On Delivery
2006292827,2026-09-02 03:19:50,Sep 02,raneen,raneen,Cleaning Tools &amp; Supplies,سبت غسيل بلاستيك الوطنية، 40×50 سم، 60 لتر - كشمير,HO1058303MV1,1.0,393.0,393.0,0.0,393.0,,القاهرة,Cash On Delivery
2006292815,2026-09-02 03:10:44,Sep 02,raneen,raneen,Carpets,مشاية قطيفة ظهر دوتس، 70×200 سم، 900 جرام تقريبا - احمر داكن اخضر,TX1152324DR2,2.0,200.0,400.0,0.0,400.0,,القاهرة,Cash On Delivery
2006292815,2026-09-02 03:10:44,Sep 02,raneen,raneen,Curtain,ستارة شانليا بالحلقات مخمل، 250×130 سم، 945 جرام - كافيه (قطعة واحدة),TX1141982CAF,3.0,299.0,897.0,0.0,897.0,,القاهرة,Cash On Delivery
2006292812,2026-09-02 03:07:15,Sep 02,raneen,raneen,Fans,ATA مروحة ستاند، 18 بوصة، 3 سرعات، 3 ريشة، S1801 - اسود,EL1018813BLK,1.0,849.0,849.0,0.0,849.0,,الجيزة,Cash On Delivery
2006292806,2026-09-02 03:04:31,Sep 02,MP,mixstore,Fryers,قلاية هوائية صحية سيلفر كرست، 6 لتر، 2400 وات، ديجيتال تعمل باللمس، S-18 - اسود ذهبي,RAN-mixELTOMMYS18BKGLD,1.0,1333.0,1333.0,0.0,1333.0,,الأسكندرية,Cash On Delivery
2006292800,2026-09-02 02:59:40,Sep 02,raneen,raneen,Dining Table,ترابيزة سفرة مودرن خشب ام دي اف تايلاندي، ترابيزة مقاس 120×80 سم، بأرتفاع 80 سم، 4 كراسى دوران، تنجيد قطيفة - بيج بني,HO1117050BG1,1.0,8999.0,8999.0,500.0,8499.0,OFF500 ,سوهاج,Cash On Delivery
2006292797,2026-09-02 02:54:49,Sep 02,MP,h1,Televisions,تلفزيون أتش وان، 20 بوصة، FHD ،LED - اسود,HTV20,1.0,2600.0,2600.0,0.0,2600.0,,القاهرة,Cash On Delivery
2006292794,2026-09-02 02:52:19,Sep 02,MP,amara,Mixers &amp; Blenders,هاند بلندر ميانتا، 1000 وات، HB11938A - اسود فضي,HB11938A-amara,1.0,1249.0,1249.0,0.0,1249.0,,القاهرة,Credit/Debit Card
2006292794,2026-09-02 02:52:19,Sep 02,MP,elitefurniture,Iron Tables,طاولة مكواة خشب رمادي - تصميم راقي للاستخدام المنزلي,RAN-YTNK2ZA,1.0,1753.0,1753.0,0.0,1753.0,,القاهرة,Credit/Debit Card
2006292788,2026-09-02 02:43:28,Sep 02,MP,antikawoodfurniture,Wardrobe,دولاب خشب ام دي اف مغطى بطبقة اتش بى ال، 220×180×50 سم - بيج ابيض,ANT180,1.0,13999.0,13999.0,500.0,13499.0,OFF500,كفر الشيخ,Cash On Delivery
2006292770,2026-09-02 02:36:28,Sep 02,MP,egyptlaptop,Security &amp; Surveillance Systems,مسجل فيديو دي في ار هيك فيجن ، 8 قنوات، 1080 بيكسل ، IDS-7108HQHI-M1/S - ابيض,iDS-7108HQHI-M1/S-Egyptlaptop,1.0,3675.0,3675.0,0.0,3675.0,,الجيزة,Aman
2006292770,2026-09-02 02:36:28,Sep 02,MP,ecotech,Security &amp; Surveillance Systems,كاميرا مراقبة داخلية هيك فيجن، 2 ميجابكسل، DS-2CE76D0T-EXIPF - ابيض اسود,DS-2CE76D0T-EXIPFecotech,2.0,434.0,868.0,0.0,868.0,,الجيزة,Aman
2006292770,2026-09-02 02:36:28,Sep 02,MP,ecotech,Security &amp; Surveillance Systems,كاميرا مراقبه هيك فيجن، 3k سمارت ،إضاءة مزدوجة ، DS-2CE16K0T-EXLPF- ابيض,DS-2CE16K0T-EXLPF,6.0,769.0,4614.0,0.0,4614.0,,الجيزة,Aman
2006292767,2026-09-02 02:35:41,Sep 02,MP,ocean,Storage,دبل ايليت برايم 4 ابواب من الوطنية، ابيض ورمادي,RAN-BBNCN2B,1.0,2199.0,2199.0,109.95,2089.05,KCH200,القليوبية,Cash On Delivery
2006292764,2026-09-02 02:34:30,Sep 02,MP,abdelaziz,Shaving &amp; Grooming,مجموعة أدوات الحلاقة 4 في 1 في جي ار بروفيشنال ، ديجيتال ، V-634 - اسود,abdelaziz-V-634,1.0,1199.0,1199.0,0.0,1199.0,,القاهرة,Cash On Delivery
2006292755,2026-09-02 02:32:30,Sep 02,raneen,raneen,Fans,مروحة ستاند صانى فريش، 16 بوصة بيانو، 3 سرعات - احمر داكن,EL1129185DRD,1.0,1369.0,1369.0,0.0,1369.0,,المنوفية,Cash On Delivery
2006292755,2026-09-02 02:32:30,Sep 02,raneen,raneen,Fans,مروحة ستاند جلاكسى فريش، 16 بوصة، 3 ريشة، 3 سرعات - ازرق,EL1059662BLU,1.0,1349.0,1349.0,0.0,1349.0,,المنوفية,Cash On Delivery
2006292752,2026-09-02 02:31:58,Sep 02,MP,ammerkatosh,Fans,مروحة سقف تورنيدو، 56 بوصة، 5 سرعات، TCF56WW - ابيض,EL1055265WIT-ammerkatosh,1.0,1969.0,1969.0,0.0,1969.0,,الجيزة,Aman
2006292731,2026-09-02 02:27:20,Sep 02,raneen,raneen,Luggage,شنطة هاند باج ترولي قماش مرزم، 26 بوصة، 3 سوستة - احمر داكن,HO1140761RED,1.0,1199.0,1199.0,0.0,1199.0,,الجيزة,Credit/Debit Card
2006292725,2026-09-02 02:26:44,Sep 02,MP,molanafortraining,Storage,رفوف بهارات مطبخ مستقلة معدن أسود 3 طرق 32 * 20 * 60 سم,RAN-HN7EABG,1.0,623.0,623.0,0.0,623.0,,القاهرة,Cash On Delivery
2006292725,2026-09-02 02:26:44,Sep 02,MP,tibatrading,Kitchenware,منظم رف توابل من طبقتين، سلك معدني اسود، تخزين على سطح الطاولة، تنظيم المطبخ,RAN-9Y7D6VN,1.0,338.0,338.0,0.0,338.0,,القاهرة,Cash On Delivery
2006292725,2026-09-02 02:26:44,Sep 02,MP,gallerydoaa,Coffee Corner,حامل اكواب مع درج لحفظ أكياس الشاي و القهوة، بني,RAN-3T9NW63,2.0,529.0,1058.0,0.0,1058.0,,القاهرة,Cash On Delivery
2006292725,2026-09-02 02:26:44,Sep 02,raneen,raneen,Drinkware,طقم كاسات عصير زجاج سنابل، 7 قطع - شفاف ذهبي,HO1148673CL1,1.0,1318.0,1318.0,0.0,1318.0,,القاهرة,Cash On Delivery
2006292725,2026-09-02 02:26:44,Sep 02,raneen,raneen,Drinkware,طقم كاسات عصير زجاج فرست وان، 6 قطع، 200 مل - متعدد الالوان,HO1131152CL1,1.0,249.0,249.0,0.0,249.0,,القاهرة,Cash On Delivery
2006292725,2026-09-02 02:26:44,Sep 02,raneen,raneen,Drinkware,طقم كاس عصير زجاج فرست وان، 6 قطع، 200 مل - متعدد الالوان,HO1131154MC1,1.0,249.0,249.0,0.0,249.0,,القاهرة,Cash On Delivery
2006292725,2026-09-02 02:26:44,Sep 02,raneen,raneen,Drinkware,طقم كاسات زجاج بوهيميا، 270 مل، 6 قطع - متعدد الالوان,HO1106454MC1,1.0,499.0,499.0,0.0,499.0,,القاهرة,Cash On Delivery
2006292725,2026-09-02 02:26:44,Sep 02,raneen,raneen,Drinkware,طقم كاسات زجاج بوهيميا، 180 مللى، 6 قطع - متعدد الالوان,HO1106455MC1,1.0,499.0,499.0,0.0,499.0,,القاهرة,Cash On Delivery
2006292719,2026-09-02 02:23:53,Sep 02,MP,goldeneagle,Power &amp; Hand Tools,صاروخ زاوية اي بي تي-بي تي، 850 وات، 5 بوصة، DW05340 - متعدد الالوان,DW05340,1.0,1450.0,1450.0,0.0,1450.0,,الأسكندرية,Aman
2006292713,2026-09-02 02:21:58,Sep 02,raneen,raneen,Kids Bags,شنطة مدرسية وتر برووف للبنات ثري أم، 16 بوصة، 3 سوستة - ازرق فاتح,HO1137012MC1,1.0,599.0,599.0,0.0,599.0,,القاهرة,Cash On Delivery
2006292707,2026-09-02 02:20:07,Sep 02,MP,magicair,Air Conditioner,تكييف سبليت فريش ، 1.5 حصان، بارد فقط، ايليت انفرتر، EIFW12C/IW-R32 - ابيض,EL1151045WIT-magicair,1.0,20427.0,20427.0,0.0,20427.0,,القاهرة,Cash On Delivery
2006292707,2026-09-02 02:20:07,Sep 02,MP,whitetechnologyy,Air Conditioner,تكييف سبليت فريش، اكس سمارت، 3 حصان، بارد، ديجيتال، بتقنية الانفرتر، X-SIFW24C/IP-AG-R32 - ابيض,X-SIFW24C/IP-AG-R32,1.0,38999.0,38999.0,0.0,38999.0,,القاهرة,Cash On Delivery
2006292701,2026-09-02 02:17:29,Sep 02,MP,fekrahhandmade,Wall Decor,مكرميه ديكور للحائط، قطن، 100x70 سم - اوف وايت,ho00106,1.0,618.0,618.0,0.0,618.0,,الجيزة,Cash On Delivery
2006292695,2026-09-02 02:15:22,Sep 02,MP,katoshappliances,Irons,مكواة بخار تورنيدو، 2000 وات، قاعدة سيراميك، TST-2000NC - اسود برتقالي,5727,1.0,1599.0,1599.0,0.0,1599.0,,الجيزة,Cash On Delivery
2006292695,2026-09-02 02:15:22,Sep 02,raneen,raneen,Cookware,قلاية صاج شكل جرانيت فالمر، يد بكاليت، 16 سم - اسود خشبي,HO1111989BK1,1.0,149.0,149.0,0.0,149.0,,الجيزة,Cash On Delivery
2006292695,2026-09-02 02:15:22,Sep 02,MP,beharystores,Mixers &amp; Blenders,كبة و مفرمة سوكاني، وعاء أستانلس، 5.5 لتر، 3 سرعات، 6 شفرات، 1000واط، SK-7077N - فضي,6227031021555-beharystores,1.0,1429.0,1429.0,0.0,1429.0,,الجيزة,Cash On Delivery
2006292695,2026-09-02 02:15:22,Sep 02,raneen,raneen,Drinkware,طقم اكواب اكواتك، 18 قطعة - شفاف,HO1093911CLR,1.0,225.0,225.0,0.0,225.0,,الجيزة,Cash On Delivery
2006292695,2026-09-02 02:15:22,Sep 02,raneen,raneen,Women Bags,شنطة يد جلد للسيدات، 22×14 سم - اسود,FS1125202HAF,1.0,119.0,119.0,0.0,119.0,,الجيزة,Cash On Delivery
2006292695,2026-09-02 02:15:22,Sep 02,raneen,raneen,Kitchenware,شياطة معدن بيد بلاستيك، 20 سم - اسود,HO1055270BLK,1.0,46.0,46.0,0.0,46.0,,الجيزة,Cash On Delivery
2006292695,2026-09-02 02:15:22,Sep 02,MP,safktna,Kitchenware,قطاعة خضروات يدوية بلاستيك، 6 غيار ستانلس ستيل - اخضر ابيض,1762823-safktna,1.0,199.0,199.0,0.0,199.0,,الجيزة,Cash On Delivery
2006292695,2026-09-02 02:15:22,Sep 02,raneen,raneen,Drinkware,طقم كاسات عصير زجاج، 6 قطع، 350 مل - شفاف,HO1076520CLR,1.0,109.0,109.0,0.0,109.0,,الجيزة,Cash On Delivery
2006292692,2026-09-02 02:14:09,Sep 02,MP,sonioo,Hair Care,مكواة شعر تورنيدو، 6 مستويات، 980 درجة حرارة - اسود,THS980C-BK-sonioo,1.0,1145.0,1145.0,0.0,1145.0,,القاهرة,Cash On Delivery
2006292689,2026-09-02 02:13:37,Sep 02,MP,primestore,Refrigerators &amp; Freezers,ثلاجة يونيون اير، نوفروست، 330 لتر، URN400DLBLBADTSRM - اسود,URN400DLBLBADTH-primestore,1.0,14999.0,14999.0,0.0,14999.0,,القاهرة,Cash On Delivery
2006292686,2026-09-02 02:12:08,Sep 02,raneen,raneen,Shoe Rack,جزامة خشب شيب بورد، 3 ارفف، 2 دلفة، ارجل بلاستيك، 80×32×97 سم - بيج اوف وايت,HO1122591BNW,1.0,1799.0,1799.0,0.0,1799.0,,الأسكندرية,valU
2006292683,2026-09-02 02:11:35,Sep 02,MP,razgallery,Pillows,مخدة طويلة فايبر، 100 سم - ابيض,Mp100Cm-Wit -razgallery,2.0,269.0,538.0,0.0,538.0,,الجيزة,Premium Card
2006292683,2026-09-02 02:11:35,Sep 02,MP,yarlin,Bed Sheets,طقم ملاية سرير بأستيك يارلن قطن مخلوط، ثلاث قطع، 200×160 سم، تصميم مربعات سوداء - متعدد الألوان,Yar-338,1.0,578.0,578.0,0.0,578.0,,الجيزة,Premium Card
2006292683,2026-09-02 02:11:35,Sep 02,MP,goldenbeds,Bed Sheets,ملايتين منقوشة مع 2 خدديه من نفس الرسمه مع 2 مخده طويله ماتشينج ، 180 * 240 ، ست قطع - متعدد الالوان,GOBESHH104-GOLDENBED,1.0,800.0,800.0,0.0,800.0,,الجيزة,Premium Card
2006292683,2026-09-02 02:11:35,Sep 02,raneen,raneen,Storage,شانون بلاستيك الوطنية، 4 درج، 88×38×47 سم - ابيض بيج,HO1126904BNW,1.0,899.0,899.0,0.0,899.0,,الجيزة,Premium Card
2006292683,2026-09-02 02:11:35,Sep 02,raneen,raneen,Storage,طقم علب ثلاجة بلاستيك الوطنية، 4 قطع - متعدد الالوان,HO1125230CL7,1.0,99.0,99.0,0.0,99.0,,الجيزة,Premium Card
2006292671,2026-09-02 02:08:19,Sep 02,MP,hadymix,Shoe Rack,جزامة خشب شيب بورد، 2 درفة، 30x60x90 سم - بني,Hadymix-11011,1.0,999.0,999.0,0.0,999.0,,الأسكندرية,Cash On Delivery
2006292668,2026-09-02 02:08:17,Sep 02,MP,woodrate,Shoe Rack,جزامة خشب، شيب بورد، 60×87×31 سم - بنى,Rate-sh-1,1.0,1099.0,1099.0,0.0,1099.0,,القاهرة,Cash On Delivery
2006292662,2026-09-02 02:07:37,Sep 02,MP,mobileplus,Mobile Phones,موبايل سونلان، شريحتين، شاشة 1.8 بوصة، S101 - اسود احمر,suns101Blackred,1.0,499.0,499.0,0.0,499.0,,القاهرة,Cash On Delivery
4000164796,2026-09-02 02:05:45,Sep 02,MP,asouaaq,Hair Care,"NA Roll Hair Brush Beauty Tools, 2 Pieces",MP-8S-O85R-VG5U,1.0,100.0,100.0,0.0,100.0,,الجيزة,Paymob Wallet
4000164796,2026-09-02 02:05:45,Sep 02,MP,goldena,Hair Care,"Rush Brush D3 Pro Styling Hair Dryer, 2300 Watt - Black",390002,1.0,2513.0,2513.0,0.0,2513.0,,الجيزة,Paymob Wallet
2006292650,2026-09-02 02:04:12,Sep 02,raneen,raneen,Mobile Audio,سماعة اذن ستيريو سلكية ايراين، R823 - اسود ذهبي,EL1112242BNG,1.0,129.0,129.0,0.0,129.0,,القاهرة,Cash On Delivery
2006292641,2026-09-02 02:02:16,Sep 02,raneen,raneen,Knife &amp; Cutters,سكينة ستانلس ستيل بيد بيكاليت، 14 بوصة - فضي اسود,HO1112604BNS,1.0,242.0,242.0,0.0,242.0,,الأقصر,Cash On Delivery
2006292626,2026-09-02 01:56:48,Sep 02,MP,coktailstore,Luggage,3 حقيبة تخزين كبيرة إضافية تحت السرير من Voency - 180 لتر، مقاومة للماء، قابلة للطي، للبطانيات، الملابس، الفراش، السفر,RAN-RC2D57K,1.0,199.0,199.0,0.0,199.0,KCH200,الجيزة,Cash On Delivery
2006292626,2026-09-02 01:56:48,Sep 02,raneen,raneen,Storage &amp; Organization,شنطة تخزين متعددة الاغراض بيبا، 50×34×19 سم - ازرق,HO1098230BLU,1.0,148.0,148.0,7.4,140.6,KCH200,الجيزة,Cash On Delivery
2006292626,2026-09-02 01:56:48,Sep 02,MP,lightcart,Storage &amp; Organization,شنطه تخزين الملابس والبطاطين، 45 × 45 × 75 سم,RAN-FD8SZ53,1.0,139.0,139.0,6.95,132.05,KCH200,الجيزة,Cash On Delivery
2006292626,2026-09-02 01:56:48,Sep 02,MP,yourstore,Storage,سلال تخزين أقمشة كبيرة 3 حبات للرفوف، قابلة للطي، متينة، لتنظيم الملابس، الألعاب، الكتب، خزائن الأقمشة، تنظيم خزانة الملابس - مقاس ٥٠,RAN-VEQE6PN,1.0,325.0,325.0,16.25,308.75,KCH200,الجيزة,Cash On Delivery
2006292620,2026-09-02 01:56:43,Sep 02,MP,woodenfurniture,Center Table,ترابيزة وسط مودرن خشب ام دي اف، 80×40×45 سم - بني اسود,MFnct14fu-wooden,1.0,1099.0,1099.0,0.0,1099.0,,الأسكندرية,Aman
2006292620,2026-09-02 01:56:43,Sep 02,MP,sahara,Chairs,بوف أرضي دائري - خفيف الوزن ومتين - 35x45x35 سم - كرسي فول متعدد الاستخدامات للمنزل أو المكتب (برتقالي),RAN-YQ5AMXQ,1.0,666.0,666.0,0.0,666.0,,الأسكندرية,Aman
2006292620,2026-09-02 01:56:43,Sep 02,MP,lightcart,Dining Chairs,كفر كراسي سفرة خامة فرو جاكار ناعم - غطاء حماية مرن للكراسي بتصميم عصري - مقاوم للانزلاق وسهل التركيب (كاشمير),RAN-3U5JBZG,4.0,189.0,756.0,0.0,756.0,,الأسكندرية,Aman
2006292617,2026-09-02 01:55:31,Sep 02,MP,lightcart,Chairs Cover,طقم أغطية كراسي جاكارد فرو ، 6 قطع - رمادي,EIB-56746-LIGHT-CARD-6769,1.0,748.0,748.0,37.4,710.6,TEX200,الفيوم,Cash On Delivery
2006292614,2026-09-02 01:53:52,Sep 02,MP,attallah,Fans,مروحة ستاند الشبح فريش، 18 بوصة، 3 سرعات - احمر,EL1049885BLK-CONF-attalah,2.0,1982.0,3964.0,0.0,3964.0,,القليوبية,El-Ahly Installments
2006292611,2026-09-02 01:52:44,Sep 02,MP,linesleep,Mattress,مرتبة تطرية فايبر لاين سليب، 195×100 سم - رمادي,MTRS38195X100GRY,1.0,475.0,475.0,0.0,475.0,,الجيزة,Cash On Delivery
2006292605,2026-09-02 01:51:02,Sep 02,MP,asmagroup,Refrigerators &amp; Freezers,ثلاجة ميديا كومبي، نوفروست، 330 لتر، 2 باب، ديجيتال، استانلس استيل، MDRB489FGN46 - فضي,EL1135711SLV-asmagroup,1.0,21529.0,21529.0,0.0,21529.0,,الجيزة,Cash On Delivery
2006292596,2026-09-02 01:47:24,Sep 02,MP,magfurniture,Shoe Rack,جزامة كرياتيف خشب ام دي اف، مزودة بعدة ضلف وبانكت ومرايا واضاءة، 165×90×40 سم - خشبى فاتح ابيض,magf-creative,1.0,8007.0,8007.0,0.0,8007.0,,كفر الشيخ,Cash On Delivery
2006292587,2026-09-02 01:45:18,Sep 02,raneen,raneen,Air Coolers,مبرد هواء تربو ميكانيكال فريش، 40 لتر، FA-T40M - اسود,EL1116285BLK,1.0,3714.0,3714.0,0.0,3714.0,,القاهرة,Cash On Delivery
2006292587,2026-09-02 01:45:18,Sep 02,MP,ammerkatosh,Cookers,بوتاجاز غاز فريش ايطاليانو، 5 شعلة، 80×85×55 سم، 16607 - فضي,52203-Shahpor-ammerkatosh,1.0,11775.0,11775.0,0.0,11775.0,,القاهرة,Cash On Delivery
2006292581,2026-09-02 01:42:43,Sep 02,MP,asmagroup,Refrigerators &amp; Freezers,ثلاجة ميديا كومبي، نوفروست، 330 لتر، 2 باب، ديجيتال، استانلس استيل، MDRB489FGN46 - فضي,EL1135711SLV-asmagroup,1.0,21529.0,21529.0,0.0,21529.0,,الجيزة,Cash On Delivery
2006292578,2026-09-02 01:41:09,Sep 02,raneen,raneen,Cookers,بوتاجاز غاز فريش فورنو، 4 شعلات، 55x55 سم، 17266 - اسود فضي,EL1109809SNB,1.0,7399.0,7399.0,0.0,7399.0,,الأسكندرية,Cash On Delivery
2006292575,2026-09-02 01:39:15,Sep 02,raneen,raneen,Mattress,مرتبة سرير المأمون براون، سوست منفصلة، 160×195 سم، ارتفاع 29 سم - ابيض بني,TX1097134BR1,1.0,11899.0,11899.0,200.0,11699.0,TEX200,الأسكندرية,Credit/Debit Card
2006292572,2026-09-02 01:38:25,Sep 02,raneen,raneen,Washers &amp; Dryer,غسالة ملابس هاف اوتوماتيك اوتو جلاكسى، 14 كيلو، 2حوض، TW-14000 - ابيض,EL1062888WIT,1.0,6699.0,6699.0,0.0,6699.0,,Asyut,Cash On Delivery
2006292569,2026-09-02 01:37:35,Sep 02,raneen,raneen,AirPods,بودز كور جالكسي سامسونج ، بطارية 35 ساعة - اسود,EL1141798BLK,1.0,2585.0,2585.0,0.0,2585.0,,الشرقية,Cash On Delivery
2006292554,2026-09-02 01:33:33,Sep 02,MP,ocean,Shaving &amp; Grooming,ماكينة حلاقة كهربائية من في جي ار -V 652,RAN-RHHATC4,1.0,895.0,895.0,0.0,895.0,,الجيزة,Cash On Delivery
2006292551,2026-09-02 01:33:14,Sep 02,MP,mam,Refrigerators &amp; Freezers,ثلاجة ديفروست يونيون اير جوستو، 2 باب، 310 لتر، ديجيتال تاتش، RD-320VVA-DSH - فضي,RD-320VV-DHGHUSTO-mam,1.0,11599.0,11599.0,0.0,11599.0,,القاهرة,valU
2006292539,2026-09-02 01:28:54,Sep 02,MP,linesleep,Mattress,مرتبة تطرية لاين سليب حشو فايبر، ، 90×200 سم - ابيض,LS-L-109-White,1.0,430.0,430.0,0.0,430.0,,الجيزة,Paymob Wallet
2006292536,2026-09-02 01:27:52,Sep 02,raneen,raneen,Washers &amp; Dryer,غسالة ملابس هاف اوتوماتيك سوناي، 2 حوض، 12 كجم، MAR-220 - ابيض,EL1140051WIT,1.0,6499.0,6499.0,0.0,6499.0,,Asyut,Cash On Delivery
2006292530,2026-09-02 01:24:27,Sep 02,raneen,raneen,Pillows,خدادية فايبر لازورد، 70×50 سم، 1000 جرام - ابيض,TX1152102WIT,1.0,119.0,119.0,0.0,119.0,,القاهرة,El-Ahly Installments
2006292530,2026-09-02 01:24:27,Sep 02,MP,aldora,Mattress,مرتبة سرير سوست متصلة فلامنجو الدورا، طول 195 سم، ارتفاع 30 سم,ALDOMATT222MCL,1.0,6270.0,6270.0,0.0,6270.0,,القاهرة,El-Ahly Installments
2006292527,2026-09-02 01:23:34,Sep 02,MP,dukanabdelaziz,Mixers &amp; Blenders,كبة فريش، 700 وات، 2 لتر، CH-700W - أسود,FRCH700BLK-dukanabdelaziz,1.0,1300.0,1300.0,0.0,1300.0,,القليوبية,Cash On Delivery
2006292503,2026-09-02 01:17:22,Sep 02,MP,tevasosa,Microwaves &amp; Ovens,فرن كهربائي اكاي ، 55 لتر، 2200 وات ، - اسودAk-of55L,9000-10-da-tevasosa,1.0,2040.0,2040.0,0.0,2040.0,,القاهرة,Cash On Delivery
2006292503,2026-09-02 01:17:22,Sep 02,MP,ocean,Electric Meat Grinders,مفرمة لحوم كهربائية ستانلس ستيل سوكاني، 2500 وات، SK-312 - ابيض,1279-ocean,1.0,2450.0,2450.0,0.0,2450.0,,القاهرة,Cash On Delivery
4000164790,2026-09-02 01:17:07,Sep 02,MP,sawfatoys,Action Toys,Alsafwa T-106 Teeth Toy - Red White,T-106,1.0,105.0,105.0,0.0,105.0,,القاهرة,Cash On Delivery
2006292500,2026-09-02 01:14:58,Sep 02,MP,tibatrading,Bathroom Accessories,شنطة تخزين مفرغة من الهواء، شفافة مع صمام ازرق، شنطة ضغط موفرة للمساحة للملابس والفراش (15),RAN-H6XSYQQ,1.0,1000.0,1000.0,0.0,1000.0,,الجيزة,Cash On Delivery
2006292500,2026-09-02 01:14:58,Sep 02,raneen,raneen,Storage,طقم علب ثلاجة بلاستيك الهدي، 14 قطعة - متعدد الالوان,HO1111641MC6,1.0,115.0,115.0,0.0,115.0,,الجيزة,Cash On Delivery
2006292494,2026-09-02 01:13:22,Sep 02,MP,amara,Hair Care,مكواة شعر سوكاني، لوحين سيراميك، 950 فهرنهايت، SK-1928 - ابيض,950F-amara,1.0,539.0,539.0,0.0,539.0,,الأسكندرية,Cash On Delivery
2006292491,2026-09-02 01:11:51,Sep 02,MP,alsorgy,Mobile Phones,نوكيا 5310 TA-1212 بشريحتين اتصال، 2.4 بوصة، 16 ميجابايت، 8 ميجابايت رام، شبكة الجيل الرابع ال تي اي - اسود واحمر,nokia5310-black-alsorgy,1.0,799.0,799.0,0.0,799.0,,كفر الشيخ,Cash On Delivery
2006292473,2026-09-02 01:09:50,Sep 02,raneen,raneen,Pillows,خدادية فايبر طبية المأمون، 50×70 سم - ابيض,TX1082074WIT,1.0,319.0,319.0,0.0,319.0,,دمياط,El-Ahly Installments
2006292473,2026-09-02 01:09:50,Sep 02,raneen,raneen,Pillows,مخده فايبر الدورا، 40×180 سم، 2900 جرام تقريباً - ابيض,TX1141540WIT,1.0,519.0,519.0,0.0,519.0,,دمياط,El-Ahly Installments
4000164787,2026-09-02 01:08:59,Sep 02,MP,meskstore,Office Supplies,Casio FX-991ARX-W-DT Portable Digital Scientific Calculator - Black,4971850034278BLK-meskstore,1.0,1880.0,1880.0,0.0,1880.0,,القليوبية,Cash On Delivery
2006292467,2026-09-02 01:07:41,Sep 02,MP,zomamodern,Sofa,كنبة مودرن شكل L خشب زان، 300x90x85x200 سم ، كتان كويا - بيج,ZMR5MCL,1.0,13999.0,13999.0,500.0,13499.0,OFF500,الغربية,Cash On Delivery
2006292461,2026-09-02 01:04:53,Sep 02,raneen,raneen,Receivers,ريسيفر عالي الدقة ماجيك برو أسترا، فل أتش دي، دقة 1080، Astra Magic Pro - اصفر,EL1151925YLW,1.0,799.0,799.0,0.0,799.0,,الجيزة,Cash On Delivery
2006292434,2026-09-02 01:00:26,Sep 02,MP,mam,Refrigerators &amp; Freezers,ثلاجة ديفروست يونيون اير جوستو، 2 باب، 310 لتر، ديجيتال تاتش، RD-320VVA-DSH - فضي,RD-320VV-DHGHUSTO-mam,5.0,11599.0,57995.0,0.0,57995.0,,الساحل الشمالي,Cash On Delivery
2006292428,2026-09-02 00:59:07,Sep 02,raneen,raneen,Storage,علبة وجبات بلاستيك مربعة اليت، 45×30 سم - اسود,HO1100333BLK,1.0,187.0,187.0,0.0,187.0,,القاهرة,Credit/Debit Card
2006292419,2026-09-02 00:57:23,Sep 02,MP,lifecare,Kitchenware,طقم من 3 برطمانات بورسلين محكمة الإغلاق للقهوة والسكر والشاي (كريمي، سعة 550 مل),RAN-VCHBA8R,1.0,599.0,599.0,0.0,599.0,,القليوبية,Cash On Delivery
2006292419,2026-09-02 00:57:23,Sep 02,raneen,raneen,Storage,تربو مطبخ معدن مستدير المغربي، 4 دور، 60×29 سم - اسود,HO1113181BK1,1.0,799.0,799.0,0.0,799.0,,القليوبية,Cash On Delivery
2006292419,2026-09-02 00:57:23,Sep 02,MP,antikawoodfurniture,Wardrobe,دولاب خشب ام دي اف مغطى بطبقة اتش بى ال، 210×160×60 سم - بني فاتح,ANT113,1.0,11999.0,11999.0,0.0,11999.0,,القليوبية,Cash On Delivery
2006292401,2026-09-02 00:52:37,Sep 02,raneen,raneen,Washers &amp; Dryer,غسالة ملابس تحميل علوي نصف اوتوماتيك فريش، 2 موتور، 14 كجم، FWT14000ND-500010644 - ابيض,EL1064698WIT,1.0,8199.0,8199.0,0.0,8199.0,,Asyut,Cash On Delivery
2006292392,2026-09-02 00:51:04,Sep 02,MP,isis,Remote Units,ريموت كنترول ، متوافق مع تلفزيون ال جي ، ال سي دي ، ال اي دي ، AKB75095303 - اسود,B077J2YG19-isis,1.0,350.0,350.0,0.0,350.0,,الجيزة,Cash On Delivery
2006292389,2026-09-02 00:50:25,Sep 02,MP,mam,Air Conditioner,تكييف سبليت ديجيتال بتقنية البلازما يونيون اير، 2.25 حصان، بارد، MEGAFY018_CR - ابيض,MEGAFY018CRWIT-mam,1.0,27500.0,27500.0,0.0,27500.0,,الدقهلية,Credit/Debit Card
4000164784,2026-09-02 00:49:08,Sep 02,raneen,raneen,Air Conditioner,"Fresh X Smart Split Air Conditioner, 1.5 HP, Inverter, Plasma, Cooling Only, X-SIFW13C/IP-AG-R32X-SIFW13C/O-X1-R32 - White",EL1144110WIT,1.0,23999.0,23999.0,0.0,23999.0,,القاهرة,Cash On Delivery
2006292380,2026-09-02 00:48:05,Sep 02,MP,coktailstore,Electronics Audio,راديو متعدد الفرق المحمول - استقبال FM AM TV SW Shortwave، هوائي عالي الحساسية، مكبر صوت قوي للاستخدام المنزلي والتخييم والسفر وحالات الطوارئ,RAN-GTEVUD8,2.0,375.0,750.0,0.0,750.0,,الغربية,Cash On Delivery
2006292374,2026-09-02 00:46:14,Sep 02,MP,maccarpet,Mats,دواسة مطبخ اتش دي ماك كاربت، 50×80 سم - متعدد الالوان,KT6104361001MC1,2.0,190.0,380.0,0.0,380.0,,القليوبية,Cash On Delivery
2006292374,2026-09-02 00:46:14,Sep 02,raneen,raneen,Carpets,مشاية 3D جوبلان، 70×190 سم، 1.300 كجم تقريبا- متعدد الالوان,TX1149958ME2,1.0,200.0,200.0,0.0,200.0,,القليوبية,Cash On Delivery
2006292374,2026-09-02 00:46:14,Sep 02,MP,maccarpet,Mats,مشاية موسكو ماك كاربت، 67x110 سم - متعدد الالوان,KH6117517001MC2,1.0,290.0,290.0,0.0,290.0,,القليوبية,Cash On Delivery
2006292374,2026-09-02 00:46:14,Sep 02,raneen,raneen,Carpets,مشاية قطيفة ظهر دوتس، 85×255 سم، 1200 جرام تقريبا - متعدد الالوان,TX1155175MC1,1.0,299.0,299.0,0.0,299.0,,القليوبية,Cash On Delivery
2006292365,2026-09-02 00:45:44,Sep 02,raneen,raneen,Dinnerware,طقم عشاء أركوبال أماراتى لومينارك، 24 قطعة - ابيض,HO1088626WIT,1.0,1049.0,1049.0,52.45,996.55,KCH200,الدقهلية,Cash On Delivery
2006292359,2026-09-02 00:45:20,Sep 02,raneen,raneen,TV Stand &amp; Accessories,حامل تلفاز فالكون، حجم التلفاز 42:70 بوصة - اسود,HO1068742BLK,1.0,399.0,399.0,0.0,399.0,,القاهرة,Credit/Debit Card
2006292356,2026-09-02 00:44:58,Sep 02,raneen,raneen,Baking Tools,قالب كيك مستطيل الومنيوم الاهرام، مقاس 25 سم - فضي,HO1124333SLV,1.0,245.0,245.0,12.25,232.75,kCH200,الأسكندرية,Cash On Delivery
2006292356,2026-09-02 00:44:58,Sep 02,raneen,raneen,Cookware,طاجن بورجام زجاج حرارى مربع باشابتشي، 3200 مل - شفاف,HO1119915CLR,1.0,249.0,249.0,12.45,236.55,kCH200,الأسكندرية,Cash On Delivery
2006292356,2026-09-02 00:44:58,Sep 02,raneen,raneen,Cookware,صينية بيتزا الومنيوم مستديره شيف كوك، 30 سم - فضي,HO1145770SLV,1.0,115.0,115.0,5.75,109.25,kCH200,الأسكندرية,Cash On Delivery
2006292353,2026-09-02 00:44:32,Sep 02,MP,lifecare,Kitchenware,مكعبات ثلج بلاستيكية قابلة لإعادة الاستخدام (عدد 20 متعددة الألوان) بوزن 550 جرام -,RAN-KWA9RU3,1.0,95.0,95.0,0.0,95.0,,القاهرة,Cash On Delivery
2006292350,2026-09-02 00:41:14,Sep 02,MP,abdelaziz,Beauty &amp; Body Care,ماكينه حلاقه فى جى ار متعددة الاستخدام للنساء، 600 مللي أمبير في الساعة، V-756 - أبيض أزرق,V-756,1.0,1249.0,1249.0,0.0,1249.0,,البحيرة,Cash On Delivery
2006292341,2026-09-02 00:36:42,Sep 02,raneen,raneen,Cutlery &amp; Flatware Set,طقم ادوات مائده ستانلس ستيل الهدي، 24 قطعة - فضي,HO1118744SL1,1.0,115.0,115.0,0.0,115.0,,البحر الأحمر,Credit/Debit Card
2006292341,2026-09-02 00:36:42,Sep 02,MP,lightcart,Bathroom Accessories,زاوية معدنية متعددة الاغراض (زاوية الحمام والمطبخ) تحتوي على 5 قطع (زاويتين، طبقين، حامل فرشاة),RAN-2KDPZXF,1.0,609.0,609.0,0.0,609.0,,البحر الأحمر,Credit/Debit Card
2006292341,2026-09-02 00:36:42,Sep 02,raneen,raneen,Dinnerware,طقم عشاء اركوبال برادا، 42 قطعة - ابيض اسود,HO1119358WI4,1.0,899.0,899.0,0.0,899.0,,البحر الأحمر,Credit/Debit Card
2006292341,2026-09-02 00:36:42,Sep 02,MP,goldena,Suction Fan,شفاط حمام فريش، 8 بوصة، اتجاه واحد، F8 - ابيض,500011730,1.0,654.0,654.0,0.0,654.0,,البحر الأحمر,Credit/Debit Card
2006292338,2026-09-02 00:35:22,Sep 02,raneen,raneen,Bedding,كوفرتة جاكار المأمون، 220×180 سم، 1150 جرام - متعدد الالوان,TX1145259MC4,1.0,349.0,349.0,0.0,349.0,,القاهرة,Cash On Delivery
2006292338,2026-09-02 00:35:22,Sep 02,raneen,raneen,Carpets,مشاية قطيفة ظهر دوتس، 100×280 سم، 2.600 كجم تقريبا - كشمير,TX1142029LK2,1.0,499.0,499.0,0.0,499.0,,القاهرة,Cash On Delivery
2006292338,2026-09-02 00:35:22,Sep 02,raneen,raneen,Carpets,مشاية بولي بروبلين اشلي شاج النساجون الشرقيون، 140×80 سم - رمادي بيج,TX1121873MA4,1.0,325.0,325.0,0.0,325.0,,القاهرة,Cash On Delivery
2006292329,2026-09-02 00:33:59,Sep 02,MP,eslamictechnology,Printers,طابعة باركود حرارية Xprinter XP-235B - سرعة 101مم/ث - USB ,RAN-YCFJ752,1.0,2999.0,2999.0,0.0,2999.0,,المنيا,Aman
2004818700,2026-09-02 00:33:09,Sep 02,raneen,raneen,Smart Watches,ساعة سمارت اوراميو، شاشة اموليد، 1.43 بوصة، OSW-824 - اسود,EL1148785BLK,1.0,1549.0,1549.0,0.0,1549.0,,القليوبية,El-Ahly Installments
2006292326,2026-09-02 00:32:25,Sep 02,MP,alahramappliances,Cookers,بوتجاز ستانلس ستيل الاهرام، محابس تركي، 4 شعلة، 50×50 سم - فضى اسود,GA500602SLV-conf-alahramappliances,7.0,3799.0,26593.0,0.0,26593.0,,الساحل الشمالي,Cash On Delivery
4000164772,2026-09-02 00:29:12,Sep 02,MP,dukanalaa,Mobile Accessories,"PLOKAMA Live K7 Pro Flexible Tripod and Selfie Stick, 110 cm Maximum Height, Dual LED Lighting, Universal Smartphone Compatible, Content Creator Kit",RAN-MTM7A5D,1.0,499.0,499.0,0.0,499.0,,سوهاج,Cash On Delivery
2006292308,2026-09-02 00:27:16,Sep 02,raneen,raneen,Side Table,ترابيزة جانبية خشب ام دي اف، 35×35×50 سم - بني,HO1128879BRN,1.0,225.0,225.0,0.0,225.0,,القليوبية,Cash On Delivery
4000164769,2026-09-02 00:26:03,Sep 02,MP,vooc,Mobile Phones,"Infinix Hot 60 Pro Smartphone, 256GB, 8GB RAM, 4G LTE - Black",196528-vooc,2.0,11200.0,22400.0,0.0,22400.0,,الشرقية,Cash On Delivery
2006292302,2026-09-02 00:25:12,Sep 02,MP,keendex,Mobile Accessories,جراب حماية ظهر موبايل سيليكون، متوافق مع هاتف ايفون 13 مغناطيسى - شفاف,KEN-6222025815627,1.0,150.0,150.0,0.0,150.0,,القاهرة,Cash On Delivery
2006292302,2026-09-02 00:25:12,Sep 02,raneen,raneen,Shoes,شبشب سلايد بلاستيك للاولاد اوندا,SH1117362BG2,1.0,125.0,125.0,0.0,125.0,,القاهرة,Cash On Delivery
2006292302,2026-09-02 00:25:12,Sep 02,raneen,raneen,Shoes,شبشب سلايد بلاستيك للاولاد اوندا,SH1117362BG3,1.0,125.0,125.0,0.0,125.0,,القاهرة,Cash On Delivery
2006292302,2026-09-02 00:25:12,Sep 02,raneen,raneen,Drinkware,طقم شوب عصير زجاج لومينارك، 6 قطع، 330 مل - شفاف,HO1120101CLR,2.0,249.0,498.0,0.0,498.0,,القاهرة,Cash On Delivery
2006292299,2026-09-02 00:25:08,Sep 02,MP,alsorgy,Mobile Phones,موبايل نوكيا 150 شريحتين اتصال، 512 ميجابايت، 4 ميجابايت رام، شبكة الجيل الثاني - اسود,nokia150-black-alsorgy,1.0,699.0,699.0,0.0,699.0,,الأسكندرية,Cash On Delivery
2006292293,2026-09-02 00:22:44,Sep 02,MP,vooc,Mobile Phones,موبايل انفنيكس Hot 60 برو ، ثنائى الشريحة ، رامات 8 جيجا ، 256 جيجا بايت ، شبكة الجيل الرابع - أزرق,infinix-hot-60-pro-256gb-8gb-4g-blue,1.0,11200.0,11200.0,0.0,11200.0,,بني سويف,Cash On Delivery
2006292281,2026-09-02 00:21:50,Sep 02,MP,vooc,Mobile Phones,موبايل انفنيكس Hot 60 برو ، ثنائى الشريحة ، رامات 8 جيجا ، 256 جيجا بايت ، شبكة الجيل الرابع - أزرق,infinix-hot-60-pro-256gb-8gb-4g-blue,1.0,11200.0,11200.0,0.0,11200.0,,بني سويف,Cash On Delivery
2006292275,2026-09-02 00:20:04,Sep 02,MP,dukanalaa,Personal Scale,ميزان حمام رقمى ذكى دقيق لقياس وزن الجسم والدهون والعضلات - جهاز الكترونى لخسارة الوزن بتقنية البلوتوث وتطبيق الهاتف - 18 مؤشر قياس Inbody - شاشة ليد واضحة - سعة حتى 180 كيلو أسود.,RAN-DVCSSGU,1.0,320.0,320.0,0.0,320.0,,الجيزة,Cash On Delivery
2006292269,2026-09-02 00:19:46,Sep 02,MP,elmanzalawy,Cookers,بوتوجاز غاز تكنوفاير، 4 شعلة، 60×60 سم، TF-21- SS - اسود فضي,TF-21-SS-elmanzalawy,1.0,4800.0,4800.0,0.0,4800.0,,أسيوط,Aman
2006292266,2026-09-02 00:19:25,Sep 02,raneen,raneen,Dinnerware,طقم عشاء اركوبال برادا، 42 قطعة - ابيض,HO1119358WI5,1.0,899.0,899.0,0.0,899.0,,الجيزة,Cash On Delivery
2006292263,2026-09-02 00:19:24,Sep 02,raneen,raneen,Coffee Makers,مضرب نسكافيه سوكانى، USB، SK-02018- - ابيض,EL1126478WIT,1.0,368.0,368.0,0.0,368.0,,القاهرة,Cash On Delivery
2006292260,2026-09-02 00:19:04,Sep 02,raneen,raneen,Kitchenware,حلقة بيض ستانلس ستيل روكى - فضى,HO1048662SLV,4.0,109.0,436.0,21.8,414.2,kch200,الجيزة,Cash On Delivery
2006292257,2026-09-02 00:16:41,Sep 02,MP,homepro,Drinkware,كوب مضلع محكم - قطعة واحدة,3-26-150-3415,1.0,159.0,159.0,7.95,151.05,KCH200,القاهرة,Cash On Delivery
2006292257,2026-09-02 00:16:41,Sep 02,raneen,raneen,Home Decor,بونبونيرة زجاج بالغطاء تماره، 20 سم - شفاف,HO1142750CLR,1.0,65.0,65.0,0.0,65.0,KCH200,القاهرة,Cash On Delivery
2006292257,2026-09-02 00:16:41,Sep 02,raneen,raneen,Home Decor,بونبونيرة زجاج بالغطاء دريم، 600 مل - شفاف,HO1145645CLR,1.0,160.0,160.0,0.0,160.0,KCH200,القاهرة,Cash On Delivery
2006292257,2026-09-02 00:16:41,Sep 02,raneen,raneen,Home Decor,بونبونيرة زجاج بالغطاء سيتي جلاس، 230 مل - شفاف,HO1121623CLR,1.0,70.0,70.0,3.5,66.5,KCH200,القاهرة,Cash On Delivery
2006292257,2026-09-02 00:16:41,Sep 02,MP,lightcart,Cutlery &amp; Flatware Set,طقم ملاعق تقديم حلوى وسكر ستانلس ستيل ذهبي، 6 قطع,RAN-RJKUSP6,1.0,209.0,209.0,10.45,198.55,KCH200,القاهرة,Cash On Delivery
2006292257,2026-09-02 00:16:41,Sep 02,MP,smbfortrade,Cookware,طاجن بروسلين مستطيل ، 30×24 سم - ابيض ازرق,9780978098148,1.0,349.0,349.0,17.45,331.55,KCH200,القاهرة,Cash On Delivery
2006292257,2026-09-02 00:16:41,Sep 02,raneen,raneen,Cookware,طقم بورجام زجاج حراري باشابتشي، قطعتين - شفاف,HO1111357CLR,1.0,349.0,349.0,17.45,331.55,KCH200,القاهرة,Cash On Delivery
2006292257,2026-09-02 00:16:41,Sep 02,raneen,raneen,Serveware,طقم صينية تقديم خشب بامبو جروب تايجر، 3 قطع - خشبي,HO1138947BSC,1.0,499.0,499.0,24.95,474.05,KCH200,القاهرة,Cash On Delivery
2006292257,2026-09-02 00:16:41,Sep 02,raneen,raneen,Dinnerware,طبق تقديم بورسلين مستطيل لوتس، 30×21 سم - متعدد الالوان,HO1149946MC2,2.0,75.0,150.0,7.5,142.5,KCH200,القاهرة,Cash On Delivery
2006292257,2026-09-02 00:16:41,Sep 02,MP,molanafortraining,Bowl,طقم وعاء زجاجي على شكل فقاعات بـ 12 قطعة (6 أواني + 6 صحون) 10 سم,RAN-W4CTKJM,1.0,387.0,387.0,19.35,367.65,KCH200,القاهرة,Cash On Delivery
2006292254,2026-09-02 00:16:36,Sep 02,raneen,raneen,Cleaning Tools &amp; Supplies,طبق غسيل بلاستيك مربع الهدى، 6 لتر - ازرق,HO1082605BLU,1.0,57.0,57.0,2.85,54.15,KCH200,القاهرة,Credit/Debit Card
2006292254,2026-09-02 00:16:36,Sep 02,raneen,raneen,Storage,ترولى راتان بشاسيه خشب، 3 دور، 30×40×100 سم - بني بيج,HO1107439ML1,1.0,349.0,349.0,17.45,331.55,KCH200,القاهرة,Credit/Debit Card
2006292254,2026-09-02 00:16:36,Sep 02,raneen,raneen,Kitchenware,اسباتولا مكرونه خشب بيد سيليكون، 30 سم - كشمير خشبي,HO1062178ROS,1.0,158.0,158.0,7.9,150.1,KCH200,القاهرة,Credit/Debit Card
2006292254,2026-09-02 00:16:36,Sep 02,raneen,raneen,Cookware,طقم حلل تيفال تروفال، 12 قطعة - احمر,HO1139425RED,1.0,1999.0,1999.0,99.95,1899.05,KCH200,القاهرة,Credit/Debit Card
2006292254,2026-09-02 00:16:36,Sep 02,MP,homesa,Cleaning Tools &amp; Supplies,جردل بالعصارة بيضاوي بلاستك الهلال والنجمة,HOMHND-1031,1.0,208.0,208.0,10.4,197.6,KCH200,القاهرة,Credit/Debit Card
2006292254,2026-09-02 00:16:36,Sep 02,MP,goldena,Mixers &amp; Blenders,كبة ذات شفرات مزدوجة فريش، 400 واط، 1.5 لتر، CH-400 - اسود فضي,500010532,1.0,1070.0,1070.0,0.0,1070.0,KCH200,القاهرة,Credit/Debit Card
2006292254,2026-09-02 00:16:36,Sep 02,raneen,raneen,Knife &amp; Cutters,سكينة لحمة اليكس ميتال، 6 بوصة - بيج,HO1051254BG1,1.0,64.0,64.0,3.2,60.8,KCH200,القاهرة,Credit/Debit Card
2006292254,2026-09-02 00:16:36,Sep 02,raneen,raneen,Kitchenware,اداة توزيع خشبيه اليت، 33×7سم - بني,HO1093821BRN,1.0,75.0,75.0,3.75,71.25,KCH200,القاهرة,Credit/Debit Card
2006292254,2026-09-02 00:16:36,Sep 02,raneen,raneen,Bed Sheets,طقم ملاية لازورد، 4 قطع، 235×215 سم - روز,TX1022398MC0,1.0,229.0,229.0,0.0,229.0,KCH200,القاهرة,Credit/Debit Card
2006292254,2026-09-02 00:16:36,Sep 02,raneen,raneen,Bedding,كوفرتة جاكار المأمون، 220×180 سم، 1150 جرام - متعدد الالوان,TX1145259MC2,1.0,349.0,349.0,0.0,349.0,KCH200,القاهرة,Credit/Debit Card
2006292254,2026-09-02 00:16:36,Sep 02,raneen,raneen,Cookware,طقم طاجن تيفلون جولد تروفال، قطعتين - بترولي,HO1139420GRY,1.0,939.0,939.0,46.95,892.05,KCH200,القاهرة,Credit/Debit Card
2006292251,2026-09-02 00:15:56,Sep 02,raneen,raneen,Coffee Makers,مضرب نسكافيه كهربائي ستانلس ستيل بيد بلاستيك، 2 غيار ستانلس ستيل، H-584 - ابيض,HO1146915WIT,1.0,164.0,164.0,0.0,164.0,,الغربية,Cash On Delivery
2006292248,2026-09-02 00:15:45,Sep 02,raneen,raneen,Shoe Rack,جزامة خشب شيب بورد، 3 رف، 2 درفة، 29×60×86 سم - بيج بني,HO1119887BNB,1.0,1299.0,1299.0,0.0,1299.0,,البحيرة,Cash On Delivery
2006292245,2026-09-02 00:14:57,Sep 02,raneen,raneen,Fans,مروحه استاند ايه تى ايه، 18 بوصه، 5 ريشه، 4 سرعات، S96 - اسود,EL1135325BLK,1.0,1055.0,1055.0,0.0,1055.0,,القاهرة,QNB Installments
2006292236,2026-09-02 00:12:28,Sep 02,MP,attallah,Ladders &amp; Clothes Dryer,سلم معدني جوهار، 7 درجة - احمر اصفر,B0B6SRKD34REY,1.0,2900.0,2900.0,145.0,2755.0,KCH200,القاهرة,Cash On Delivery
2006292230,2026-09-02 00:11:36,Sep 02,MP,evotech,Security &amp; Surveillance Systems,مجموعة كاميرات مراقبة هاي لوك، كاميرا خارجية بدقة 2 ميجابكسل + كاميرا داخلية، بدقة 2 ميجابكسل+ مسجل فيديو رقمي تيربو دي في ار هاى لوك، 4 قنوات، 1080 بيكسل، 3 قطع، THC-B120-PC / THC-T120-PC/ DDVR-104G-M1 - أبيض,EVOTECH-Bundle-7,1.0,2424.0,2424.0,0.0,2424.0,,القاهرة,Cash On Delivery
4000164766,2026-09-02 00:10:59,Sep 02,raneen,raneen,Cookware,"Zinox Stainless Steel Coffee Pot Set, 3 Pieces, with Stand - Silver",HO1007352SLV,1.0,910.0,910.0,0.0,910.0,,القاهرة,valU
4000164766,2026-09-02 00:10:59,Sep 02,raneen,raneen,Dinnerware,"Lotus Porcelain Dinner Set, 24 Pieces - White Black",HO1140118MC1,1.0,1999.0,1999.0,0.0,1999.0,,القاهرة,valU
2006292227,2026-09-02 00:09:56,Sep 02,MP,alrhma,Kitchen Accessories,ولاعة بوتجاز غاز للمطبخ - رمادي ازرق,B08YNTKBBWALRAlrhma,1.0,95.0,95.0,0.0,95.0,,القليوبية,Cash On Delivery
2006292227,2026-09-02 00:09:56,Sep 02,raneen,raneen,Barbecue Grills &amp; Accessories,طقم سيخ شوى معدن بيد خشب، 46 سم، 3 قطع - فضى خشبي,HO1147117BNS,2.0,70.0,140.0,0.0,140.0,,القليوبية,Cash On Delivery
2006292227,2026-09-02 00:09:56,Sep 02,raneen,raneen,Barbecue Grills &amp; Accessories,شنطة فحم شوي طبيعي، 2.25 كيلو - اسود,HO1083532RED,3.0,142.0,426.0,0.0,426.0,,القليوبية,Cash On Delivery
2006292227,2026-09-02 00:09:56,Sep 02,raneen,raneen,Barbecue Grills &amp; Accessories,فحم سريع الاشتعال، 10 اقراص، 3 سم - اسود,HO1071055BK1,3.0,27.0,81.0,0.0,81.0,,القليوبية,Cash On Delivery
2006292227,2026-09-02 00:09:56,Sep 02,MP,ocean,Barbecue Grills &amp; Accessories,شبكة شواء بريميوم بتصميم مستطيل 40x30 سم، مصنوعة من نيكل كروم، قوية لشواء اللحوم، مثالية للدجاج,RAN-BD29DKU,1.0,299.0,299.0,0.0,299.0,,القليوبية,Cash On Delivery
2006292227,2026-09-02 00:09:56,Sep 02,raneen,raneen,Barbecue Grills &amp; Accessories,شواية شبك معدن، 40×60 سم، يد خشب - فضي خشبي,HO1150646SLV,2.0,357.0,714.0,0.0,714.0,,القليوبية,Cash On Delivery
2006292215,2026-09-02 00:09:02,Sep 02,raneen,raneen,Bedding,دفاية سرير قطيفة لورا، 220×240 سم، 1200 جرام - زيتوني,TX1152250OL1,2.0,269.0,538.0,0.0,538.0,,الشرقية,Cash On Delivery
2006292215,2026-09-02 00:09:02,Sep 02,raneen,raneen,Underwear’s,بدي بأكمام طويلة هاف كول قطن ليكرا للسيدات 365 يوم,FS1138100CAF,1.0,95.0,95.0,0.0,95.0,,الشرقية,Cash On Delivery
2006292215,2026-09-02 00:09:02,Sep 02,raneen,raneen,Drinkware,زجاجة مياه رياضيه بلاستيك بالشاليموه ، 1 لتر - متعدد الالوان,HO1137110MC2,1.0,86.0,86.0,0.0,86.0,,الشرقية,Cash On Delivery
2006292215,2026-09-02 00:09:02,Sep 02,raneen,raneen,Underwear’s,بنطلون داخلي قطن للسيدات 365 يوم,FS1141317BLK,1.0,109.0,109.0,0.0,109.0,,الشرقية,Cash On Delivery
4000164763,2026-09-02 00:08:48,Sep 02,raneen,raneen,Serveware,"Group Tiger Bamboo Wood Serving Tray Set, 3 Pieces - Wooden",HO1138947BSC,1.0,499.0,499.0,24.95,474.05,KCH200,القاهرة,Cash On Delivery
2006292209,2026-09-02 00:04:51,Sep 02,raneen,raneen,Home &amp; Balcony Essentials,دولاب بلاستيك مينى إيليت الوطنية، 4 دور، 125×56×32 سم - ابيض اسود,HO1124979WNB,1.0,1999.0,1999.0,0.0,1999.0,,Giza,Free
2006292197,2026-09-02 00:00:01,Sep 02,raneen,raneen,Mixers &amp; Blenders,مضرب بيض تاتش الزنوكى، 600 وات، 5 سرعات، 40552N - اسود,EL1125723BK1,1.0,860.0,860.0,0.0,860.0,KCH200,الجيزة,Credit/Debit Card
2006292197,2026-09-02 00:00:01,Sep 02,MP,tibatrading,Kitchenware,منظم وحامل الاغراض والمكانس، 5 فتحات، 5 عليقة - رمادي,TIBA.KIT.197GRY,1.0,155.0,155.0,7.75,147.25,KCH200,الجيزة,Credit/Debit Card
2006292197,2026-09-02 00:00:01,Sep 02,raneen,raneen,Storage,ستاند منزلى متحرك، 3 دور، 70×54×15.5 سم - ابيض,HO1070312WHT,1.0,150.0,150.0,7.5,142.5,KCH200,الجيزة,Credit/Debit Card
2006292194,2026-09-01 23:59:27,Sep 01,raneen,raneen,Tanks,ايس تانك، 2.5 لتر - احمر ابيض,HO1003945RED,1.0,239.0,239.0,0.0,239.0,,القاهرة,Credit/Debit Card
2006292191,2026-09-01 23:59:17,Sep 01,raneen,raneen,Mobile Phones,موبايل سمارت هونر X7e Plus، ٢٥٦ جيجابايت، ٨ جيجابايت رام، شبكة الجيل الخامس - ذهبي+هدية سماعة ايربودز هونر x7e active,EL1153859GLD,1.0,17999.0,17999.0,0.0,17999.0,,الشرقية,Cash On Delivery
2006292188,2026-09-01 23:58:14,Sep 01,MP,molanafortraining,Bathroom Accessories,منظم تربو 4 أرفف للمطبخ والحمام بلاستيك أبيض وبيج عمودي موفر للمساحة,RAN-5C4C9B8,1.0,374.0,374.0,0.0,374.0,,الجيزة,Cash On Delivery
2006292188,2026-09-01 23:58:14,Sep 01,raneen,raneen,Ladders &amp; Clothes Dryer,منشر غسيل معدن بحبال معدن إيجي ميتال، 155×90×40 سم، 19 متر - اسود,HO1148541BLK,1.0,799.0,799.0,0.0,799.0,,الجيزة,Cash On Delivery
2006292188,2026-09-01 23:58:14,Sep 01,raneen,raneen,Cleaning Tools &amp; Supplies,طقم باسكت قمامة بلاستيك الهدى، 3 قطع - رمادي داكن زيتوني,HO1137693OL1,1.0,225.0,225.0,0.0,225.0,,الجيزة,Cash On Delivery
2006292188,2026-09-01 23:58:14,Sep 01,MP,lightcart,Shoe Rack,منظم أحذية معدني بـ 5 طبقات يتسع حتى 12 زوجًا – رف تخزين قائم بذاته – أسود,RAN-4NJQ2T6,1.0,549.0,549.0,0.0,549.0,,الجيزة,Cash On Delivery
2006292185,2026-09-01 23:56:20,Sep 01,MP,woodrate,Shoe Rack,جزامة خشبية ام دي اف، 110x80x35 سم - بني داكن,MP1012,1.0,4500.0,4500.0,125.81,4374.19,Off500,القاهرة,Cash On Delivery
2006292185,2026-09-01 23:56:20,Sep 01,MP,mostawdaa,Mirror,مرآة مداخل بفريم خشبي، 70x70x2 سم,LAMIR80MOS,1.0,1169.0,1169.0,32.68,1136.32,Off500,القاهرة,Cash On Delivery
2006292185,2026-09-01 23:56:20,Sep 01,MP,woodabar,Mirror,مرآة ديكور معلقه ، خشب ام دي اف ، 60×60 سم - اسود,LRM-0108,1.0,1999.0,1999.0,55.89,1943.11,Off500,القاهرة,Cash On Delivery
2006292185,2026-09-01 23:56:20,Sep 01,MP,homedecoration,Center Table,ترابيزة وسط ستيل سطح رخامي، 40×50×100 سم - ذهبي ابيض,ALA200326GLW,1.0,2099.0,2099.0,58.69,2040.31,Off500,القاهرة,Cash On Delivery
2006292185,2026-09-01 23:56:20,Sep 01,MP,dahabfurniture,Center Table,ترابيزة وسط مودرن، خشب و معدن، 100x50x45 سم - اسود,CenterTable-26-Black-Dahabfurniture,1.0,1400.0,1400.0,39.14,1360.86,Off500,القاهرة,Cash On Delivery
2006292185,2026-09-01 23:56:20,Sep 01,MP,lionhose,Mirror,مرآة ستاند ليون هوز بإطار معدني قابل للطي، 170×50 سم - اسود,lionhouse-mor-15,1.0,2699.0,2699.0,75.45,2623.55,Off500,القاهرة,Cash On Delivery
2006292185,2026-09-01 23:56:20,Sep 01,MP,elsayaadmirror,Mirror,مراية مودرن ، زجاج ، بدون اضاءه ، 55x70 سم - فضى,A12a,1.0,1099.0,1099.0,30.73,1068.27,Off500,القاهرة,Cash On Delivery
2006292185,2026-09-01 23:56:20,Sep 01,MP,elitefurniture,Tables,ترابيزة مطبخ معدن خشب أم دي أف، قابلة للطي، 115×78×85 سم - ابيض,elitefurniture-27,1.0,2919.0,2919.0,81.61,2837.39,Off500,القاهرة,Cash On Delivery
2006292182,2026-09-01 23:53:13,Sep 01,MP,ammerkatosh,Vacuum Cleaners,مكنسه برميليه تورنيدو ، 1800 وات ، TVC-1800B - اسود,EL1139686BLK-ammerkatosh,1.0,5789.0,5789.0,0.0,5789.0,,الساحل الشمالي,Cash On Delivery
2006292170,2026-09-01 23:49:37,Sep 01,raneen,raneen,Side Table,طقم ترابيزة  جانبية مستديرة متداخلة خشب ام دي اف، 3 قطع - بني,HO1128880BRN,1.0,675.0,675.0,0.0,675.0,,القاهرة,Cash On Delivery
2006292167,2026-09-01 23:49:34,Sep 01,raneen,raneen,Mobile Phones,موبايل سمارت انفينكس هوت 60 برو بلس، شريحتين، شبكة الجيل الرابع، 8+8 جيجا رام، 256 جيجا بايت - اصفر,EL1154556YLW,1.0,11899.0,11899.0,297.47,11601.53,Mob300,الشرقية,Cash On Delivery
2006292164,2026-09-01 23:49:28,Sep 01,raneen,raneen,Mobile Phones,موبايل سمارت انفينكس هوت 60 برو بلس، شريحتين، شبكة الجيل الرابع، 8+8 جيجا رام، 256 جيجا بايت - اصفر,EL1154556YLW,1.0,11899.0,11899.0,297.47,11601.53,Mob300,الشرقية,Cash On Delivery
2006292155,2026-09-01 23:48:37,Sep 01,raneen,raneen,Mobile Phones,موبايل سمارت انفينكس هوت 60 برو بلس، شريحتين، شبكة الجيل الرابع، 8+8 جيجا رام، 256 جيجا بايت - اصفر,EL1154556YLW,1.0,11899.0,11899.0,297.47,11601.53,Mob300,الشرقية,Cash On Delivery
2006292152,2026-09-01 23:47:44,Sep 01,raneen,raneen,Mobile Phones,موبايل سمارت انفينكس هوت 60 برو بلس، شريحتين، شبكة الجيل الرابع، 8+8 جيجا رام، 256 جيجا بايت - اصفر,EL1154556YLW,1.0,11899.0,11899.0,297.47,11601.53,mob300,الشرقية,Cash On Delivery
2006292149,2026-09-01 23:47:25,Sep 01,raneen,raneen,Mobile Phones,موبايل سمارت انفينكس هوت 60 برو بلس، شريحتين، شبكة الجيل الرابع، 8+8 جيجا رام، 256 جيجا بايت - اصفر,EL1154556YLW,1.0,11899.0,11899.0,297.47,11601.53,Mob300,Al Sharqia,Cash On Delivery
2006292146,2026-09-01 23:46:31,Sep 01,MP,elasraia,Side Table,طقم ترابيزات جانبية ستيل، قطعتين - اسود,AlEasriaST57BL,1.0,1818.0,1818.0,85.17,1732.83,OFF500,القاهرة,Cash On Delivery
2006292146,2026-09-01 23:46:31,Sep 01,MP,attallah,Iron Tables,ترابيزة مكواة بورد معدن جوهار - رمادي,MZITABLE3DGY-CONF-attallah,1.0,1760.0,1760.0,0.0,1760.0,OFF500,القاهرة,Cash On Delivery
2006292146,2026-09-01 23:46:31,Sep 01,MP,craftfurniture,Center Table,ترابيزة وسط خشب ام دي اف ، 100x40x50 سم - بني,craft-ct-1,1.0,2379.0,2379.0,111.45,2267.55,OFF500,القاهرة,Cash On Delivery
2006292146,2026-09-01 23:46:31,Sep 01,MP,magfurniture,Center Table,ترابيزة وسط ماج خشب ام دي اف، مزودة بميكانيزم، 120×40×65 سم - اسود خشبى داكن,magf-magtable,1.0,6476.0,6476.0,303.38,6172.62,OFF500,القاهرة,Cash On Delivery
2006292143,2026-09-01 23:46:10,Sep 01,raneen,raneen,Mobile Phones,موبايل سمارت انفينكس هوت 60 برو بلس، شريحتين، شبكة الجيل الرابع، 8+8 جيجا رام، 256 جيجا بايت - اصفر,EL1154556YLW,1.0,11899.0,11899.0,297.47,11601.53,Mob300,الشرقية,Cash On Delivery
2006292134,2026-09-01 23:45:18,Sep 01,raneen,raneen,Mobile Phones,موبايل سمارت انفينكس هوت 60 برو بلس، شريحتين، شبكة الجيل الرابع، 8+8 جيجا رام، 256 جيجا بايت - اصفر,EL1154556YLW,1.0,11899.0,11899.0,297.47,11601.53,Mob300,الشرقية,Cash On Delivery
4000164760,2026-09-01 23:44:36,Sep 01,MP,dukanalaa,Electronics Audio,Generic ZR-680S Wireless Speaker with RGB LED Light &amp; Microphone,RAN-TQV4MMJ,1.0,850.0,850.0,0.0,850.0,,القاهرة,Cash On Delivery
4000164757,2026-09-01 23:44:26,Sep 01,raneen,raneen,Mobile Phones,"Infinix Hot 60 Pro Plus Smart Mobile Phone, Dual Sim, 4G Network, 8+8Gb Ram, 256Gb - Yellow",EL1154556YLW,1.0,11899.0,11899.0,297.47,11601.53,mob300,الشرقية,Cash On Delivery
2006292131,2026-09-01 23:44:26,Sep 01,MP,elmanzalawy,Fans,مروحة ستاند الشبح فريش، 18 بوصة، 3 سرعات - احمر,EL1049885BLK-conf-elmanzalawy,1.0,1990.0,1990.0,0.0,1990.0,,الجيزة,Cash On Delivery
2006292128,2026-09-01 23:44:13,Sep 01,MP,alaasasmarketplace,Underwear’s,طقم بوكسر للرجال قطونيل، قطن، 5 قطع، M - متعدد الالوان,1220-Bikin Digital-5-6,1.0,495.0,495.0,0.0,495.0,,القليوبية,Credit/Debit Card
2006292125,2026-09-01 23:44:06,Sep 01,raneen,raneen,Mixers &amp; Blenders,هاند بلندر فريش، 1100 وات، مزود بملحقات مضرب بيض و وعاء، HB - 1100N - فضى اسود,EL1116271BNS,1.0,2104.0,2104.0,0.0,2104.0,,الشرقية,Cash On Delivery
2006292122,2026-09-01 23:43:54,Sep 01,raneen,raneen,Mobile Phones,موبايل سمارت انفينكس هوت 60 برو بلس، شريحتين، شبكة الجيل الرابع، 8+8 جيجا رام، 256 جيجا بايت - اصفر,EL1154556YLW,1.0,11899.0,11899.0,297.47,11601.53,mob300,الشرقية,Cash On Delivery
4000164754,2026-09-01 23:43:20,Sep 01,MP,ocean,Sandwich Waffle Makers,"Black &amp; Decker TS4130-B5 Sandwich Maker, 1400 Watt - Black",TS4130-ocean,1.0,3189.0,3189.0,0.0,3189.0,,القاهرة,Cash On Delivery
2006292119,2026-09-01 23:43:13,Sep 01,MP,lifecare,Mixers &amp; Blenders,خلاط تجاري بقوة 4500 واط مع 6 شفرات من الفولاذ المقاوم للصدأ للعصر والطحن - علامة تجارية عامة,RAN-38N2QFE,1.0,846.0,846.0,0.0,846.0,,الأسكندرية,Cash On Delivery
2006292119,2026-09-01 23:43:13,Sep 01,raneen,raneen,Televisions,تليفزيون سوكاني، 32 بوصة، LED ،FHD، زجاج مزدوج، sk-22032 - اسود,EL1149992BLK,1.0,4649.0,4649.0,0.0,4649.0,,الأسكندرية,Cash On Delivery
2006292119,2026-09-01 23:43:13,Sep 01,raneen,raneen,Cookers,بوتاجاز غاز فريش فورنو، 4 شعلات، 55x55 سم، 17266 - اسود فضي,EL1109809SNB,1.0,7399.0,7399.0,0.0,7399.0,,الأسكندرية,Cash On Delivery
2006292119,2026-09-01 23:43:13,Sep 01,MP,mam,Refrigerators &amp; Freezers,ثلاجة ديفروست يونيون اير جوستو، 2 باب، 370 لتر، ديجيتال تاتش، RD-380VVA-DSH - فضي,EL1143028SLV-mam,1.0,13099.0,13099.0,0.0,13099.0,,الأسكندرية,Cash On Delivery
2006292119,2026-09-01 23:43:13,Sep 01,MP,ammerkatosh,Washers &amp; Dryer,غسالة ملابس فريش ديجيتال ، تحميل علوي ، 6 كجم ، 500022310 - رمادي,EL1145796SLV-AMMERKATOSH,1.0,6968.0,6968.0,0.0,6968.0,,الأسكندرية,Cash On Delivery
2006292116,2026-09-01 23:42:59,Sep 01,MP,bestbuyelectronic,Mobile Phones,موبايل سمارت 15 سي ريدمي، 8 جيجابايت رام، 256 جيجابايت، شبكة الجيل الرابع - اسود,MP-6932554456399,1.0,10449.0,10449.0,0.0,10449.0,,الفيوم,Credit/Debit Card
2006292113,2026-09-01 23:42:55,Sep 01,raneen,raneen,Mobile Phones,موبايل سمارت انفينكس هوت 60 برو بلس، شريحتين، شبكة الجيل الرابع، 8+8 جيجا رام، 256 جيجا بايت - اصفر,EL1154556YLW,1.0,11899.0,11899.0,297.47,11601.53,mob300,الشرقية,Cash On Delivery
2006292110,2026-09-01 23:42:53,Sep 01,raneen,raneen,Televisions,"تلفزيون سمارت إل جي, 43 بوصة, FHD ,LED, مزود برسيفر داخلى, 43LM6370PVA - أسود",EL1069610BLK,1.0,15099.0,15099.0,0.0,15099.0,,الجيزة,Premium Card
2006292107,2026-09-01 23:42:16,Sep 01,raneen,raneen,Desks,مكتب خشب أم دي أف شاسيه معدن، 100×50×75 سم، 2 رف سفلي,HO1120224GY1,2.0,2499.0,4998.0,500.0,4498.0,OFF500,القاهرة,Credit/Debit Card
2006292101,2026-09-01 23:41:49,Sep 01,raneen,raneen,Fans,مروحة حائط ايه تى ايه، 16 بوصة، 3 سرعات، 5 ريشة، B1605 - ابيض احمر,EL1018812WNR,1.0,669.0,669.0,0.0,669.0,,الأقصر,Cash On Delivery
2006292092,2026-09-01 23:39:28,Sep 01,MP,bianca,Pressure Cooker,حلة الضغط بيانكا 8 لتر - إنديكشن - بيج,RAN-VKRVS9R,1.0,3157.0,3157.0,157.85,2999.15,KCH200,الأسكندرية,Cash On Delivery
2006292089,2026-09-01 23:39:21,Sep 01,raneen,raneen,Washers &amp; Dryer,غسالة ملابس وايت بوينت، 8.5 كجم، تحميل علوي، ديجيتال، WPTL85DGBA - رمادى فاتح,EL1148971LGY,1.0,8199.0,8199.0,0.0,8199.0,,الشرقية,Credit/Debit Card
2006292083,2026-09-01 23:38:47,Sep 01,raneen,raneen,Kids Bags,شنطة مدرسية ووتر بروف للبنات، ثري دي، 17 بوصة، 3 سوست، مع شنطة لانش بوكس ومقلمه - متعدد الالوان,HO1155616MC3,1.0,699.0,699.0,0.0,699.0,,الأسكندرية,Premium Card
2006292071,2026-09-01 23:36:39,Sep 01,raneen,raneen,TV Table,ترابيزة تلفزيون خشب شيب بورد، 120×30×44 سم، 1 دلفة، 2 رف جانبي - بني بيج,HO1124251BR1,1.0,1599.0,1599.0,0.0,1599.0,,القاهرة,valU
2006292071,2026-09-01 23:36:39,Sep 01,MP,hadymix,Shoe Rack,جزامة خشب شيب بورد، 2 درفة، 30x60x90 سم - بني,Hadymix-11011,1.0,999.0,999.0,0.0,999.0,,القاهرة,valU
2006292068,2026-09-01 23:36:36,Sep 01,MP,radioelzaim,Mobile Phones,موبايل سمارت ريلمي 15 ، 256 جيجابايت، 12 جيجابايت رام ، شبكة الجيل الخامس - تيتانيوم,realme-15-5g-256gb-12gb-titanium-radioelzaim,1.0,21000.0,21000.0,0.0,21000.0,,القاهرة,Cash On Delivery
2006292065,2026-09-01 23:34:48,Sep 01,raneen,raneen,Activities &amp; Books,لعبة جهاز كروت تعليمي مبكر للاطفال، صوت انجليزى وعربي - ازرق بينك,TY1139807BLU,1.0,200.0,200.0,20.0,180.0,TOY150,القاهرة,Credit/Debit Card
2006292062,2026-09-01 23:34:45,Sep 01,MP,woodenfurniture,Kitchen Rooms,وحدة مطبخ خشب كونتر، 3 قطع بالرخامة - ابيض,4-kit-wooden-furni-4,1.0,9749.0,9749.0,500.0,9249.0,OFF500,الأسكندرية,Cash On Delivery
2006292053,2026-09-01 23:32:30,Sep 01,raneen,raneen,Mobile Phones,موبايل سمارت بوكو C85 ، شبكة الجيل الرابع، شريحتين، 256 جيجا بايت، 8 جيجا بايت رام - اخضر,EL1140775GRN,1.0,8999.0,8999.0,224.97,8774.03,MOB300,الغربية,Paymob Wallet
2006292044,2026-09-01 23:30:39,Sep 01,raneen,raneen,Mobile Phones,موبايل سمارت سامسونج جلاكسى A07، مساحة تخزين 256 جيجابايت، 8 جيجابايت رام، شبكة الجيل الرابع - اخضر,EL1142783GRN,3.0,10899.0,32697.0,0.0,32697.0,,الجيزة,Cash On Delivery
4000164751,2026-09-01 23:28:19,Sep 01,MP,dukanalaa,Connectors,6-Outlet Power Strip with USB Ports &amp; Type-C | Surge Protection | Compact Design,RAN-XGX8B2Y,1.0,325.0,325.0,0.0,325.0,,القاهرة,Cash On Delivery
4000164751,2026-09-01 23:28:19,Sep 01,raneen,raneen,Serveware,"Majestic Round Stainless Steel Dinner Tray, 50 cm, approximately 600 grm - Silver",HO1119873SLV,1.0,115.0,115.0,0.0,115.0,,القاهرة,Cash On Delivery
4000164751,2026-09-01 23:28:19,Sep 01,raneen,raneen,Knife &amp; Cutters,"Stainless Steel Knife With Wooden Handle, 20 Cm - Silver Wooden",HO1138357BNS,1.0,28.0,28.0,0.0,28.0,,القاهرة,Cash On Delivery
4000164751,2026-09-01 23:28:19,Sep 01,raneen,raneen,Cleaning Tools &amp; Supplies,"El Hoda Plastic Washing Dish Set, 3 Pieces - Multicolor",HO1084496ME5,1.0,84.0,84.0,0.0,84.0,,القاهرة,Cash On Delivery
4000164751,2026-09-01 23:28:19,Sep 01,raneen,raneen,Cookware,"Trueval Teflon Frying Pan, 16 cm - Red",HO1007343RD2,1.0,193.0,193.0,0.0,193.0,,القاهرة,Cash On Delivery
4000164751,2026-09-01 23:28:19,Sep 01,raneen,raneen,Pillows,"Bed &amp; Bed Fiber Pillow, 100×45 cm - White",TX1015137WIT,1.0,299.0,299.0,0.0,299.0,,القاهرة,Cash On Delivery
2006292041,2026-09-01 23:27:26,Sep 01,raneen,raneen,Cleaning Tools &amp; Supplies,طبق غسيل بلاستيك، قابل للطى، 38 لتر - ابيض رمادي,HO1125130WNG,1.0,299.0,299.0,0.0,299.0,TEX200,القاهرة,Cash On Delivery
2006292041,2026-09-01 23:27:26,Sep 01,MP,linesleep,Carpets,سجادة طويلة قطيفة مانعة الانزلاق، 100×200 سم - متعدد الالوان,selecthomecarpets4-linesleep,1.0,535.0,535.0,26.75,508.25,TEX200,القاهرة,Cash On Delivery
2006292032,2026-09-01 23:27:07,Sep 01,raneen,raneen,Mobile Phones,موبايل سمارت بوكو C85 ، شبكة الجيل الرابع، شريحتين، 256 جيجا بايت، 8 جيجا بايت رام - اخضر,EL1140775GRN,1.0,8999.0,8999.0,224.97,8774.03,mob300,الغربية,Paymob Wallet
2006292035,2026-09-01 23:27:04,Sep 01,raneen,raneen,Side Table,طقم ترابيزة جانبية مستديرة متداخلة خشب ام دي اف العالمية، 3 قطع - ابيض بني,HO1128880WNB,1.0,675.0,675.0,0.0,675.0,,القاهرة,Cash On Delivery
2006292035,2026-09-01 23:27:04,Sep 01,raneen,raneen,Storage,تروالى بلاستيك الوطنية، 4 دور - بيج,HO1058161BEG,1.0,449.0,449.0,0.0,449.0,,القاهرة,Cash On Delivery
2006292035,2026-09-01 23:27:04,Sep 01,raneen,raneen,Cleaning Tools &amp; Supplies,باسكت قمامة بلاستيك مربعه وينر بلاست، 25×23 سم - بيج,HO1072269BG2,2.0,55.0,110.0,0.0,110.0,,القاهرة,Cash On Delivery
2006292035,2026-09-01 23:27:04,Sep 01,raneen,raneen,Towels,بشكير قطن لوبنا، 140×70 سم، 650 جرام تقريبا - اخضر فاتح,TX1142356OL1,1.0,259.0,259.0,0.0,259.0,,القاهرة,Cash On Delivery
2006292035,2026-09-01 23:27:04,Sep 01,MP,nagfashop,Table Lighting,اباجوره مودرن، 30×30×45 سم، خشب - خشبي,TB64-C-FW-Nagafashop,1.0,479.0,479.0,0.0,479.0,,القاهرة,Cash On Delivery
2006292023,2026-09-01 23:24:45,Sep 01,MP,newalfamisr,Coffee Makers,صانع قهوة الومنيوم ماجيفيسا كولومبيا، سعة 3 اكواب - فضى,8429113134099,1.0,649.0,649.0,0.0,649.0,,الأسكندرية,Aman
2006292017,2026-09-01 23:23:55,Sep 01,MP,dubaiphone,Laptops &amp; Notebooks,أسوس زين بوك 14 اوليد UX3405CA-PZ007W انتل كور الترا 7 255H هارد 1 تيرابايت اس اس دي 16 جيجابايت رام انتل ارك جرافيكس 14 بوصه ويندوز 11 - فضي,DPA86616,1.0,63999.0,63999.0,0.0,63999.0,,الغربية,Cash On Delivery
2006292014,2026-09-01 23:22:50,Sep 01,raneen,raneen,Mobile Phones,موبايل سمارت انفينكس سمارت 20، شريحتين، شبكة الجيل الرابع، 4 جيجا رام ، 64 جيجا بايت - اسود,EL1148742BLK,2.0,6399.0,12798.0,0.0,12798.0,,الدقهلية,Credit/Debit Card
2006292005,2026-09-01 23:21:01,Sep 01,MP,smbfortrade,Drinkware,طقم مجات بورسلين ديليسيا، 4 قطع - متعدد الالوان,7865156666103,1.0,173.0,173.0,0.0,173.0,,القليوبية,Cash On Delivery
2006291987,2026-09-01 23:18:37,Sep 01,MP,dukanabdelaziz,Fryers,قلاية هوائية بلاك اند ديكر، 8 لتر، 1700 وات،SAF80-B5- اسود,SAF80-B5-dukanabdelaziz,1.0,6279.0,6279.0,0.0,6279.0,,الدقهلية,Cash On Delivery
2006291984,2026-09-01 23:17:12,Sep 01,MP,asquare,Perfumes,او دو تواليت جاد Vintage Soul، للجنسين، 100 ملل,Asquare-8751,1.0,132.0,132.0,0.0,132.0,,بور سعيد,Credit/Debit Card
2006291981,2026-09-01 23:16:56,Sep 01,raneen,raneen,Irons,مكواة بخار تيفال، 2000 وات، FV2C41E2 - ازرق,EL1143016LBL,1.0,1349.0,1349.0,0.0,1349.0,,القاهرة,Cash On Delivery
2006291978,2026-09-01 23:16:43,Sep 01,raneen,raneen,Mobile Phones,موبايل سمارت انفينكس سمارت 20، شريحتين، شبكة الجيل الرابع، 4 جيجا رام ، 64 جيجا بايت - اسود,EL1148742BLK,7.0,6399.0,44793.0,0.0,44793.0,,الدقهلية,Credit/Debit Card
2006291975,2026-09-01 23:16:36,Sep 01,MP,lightcart,Storage &amp; Organization,شماعة هدوم معدني مع رف سفلي ، 150×110×40 سم - أسود,EIB-56756-LIGHT-CARD-6779,1.0,699.0,699.0,0.0,699.0,,القاهرة,Cash On Delivery
2006291975,2026-09-01 23:16:36,Sep 01,raneen,raneen,Irons,مكواه ملابس بخار ايه تى ايه، قاعدة سيراميك، 2200 وات، HJ-8030B - ابيض ازرق,EL1114153WNB,1.0,828.0,828.0,0.0,828.0,,القاهرة,Cash On Delivery
2006291975,2026-09-01 23:16:36,Sep 01,raneen,raneen,Home &amp; Balcony Essentials,ترابيزة بلاستيك مربعة سفير، برف سفلي، 60×65 سم - بني,HO1137090BR1,1.0,299.0,299.0,0.0,299.0,,القاهرة,Cash On Delivery
2006291975,2026-09-01 23:16:36,Sep 01,raneen,raneen,Home &amp; Balcony Essentials,كرسي بلاستيك سفير، 52×57×76 سم - بيج,HO1131010BEG,1.0,299.0,299.0,0.0,299.0,,القاهرة,Cash On Delivery
2006291969,2026-09-01 23:16:23,Sep 01,raneen,raneen,Mobile Phones,موبايل سمارت بوكو C85 ، شبكة الجيل الرابع، شريحتين، 256 جيجا بايت، 8 جيجا بايت رام - اخضر,EL1140775GRN,1.0,8999.0,8999.0,224.97,8774.03,MOB300,القاهرة,Premium Card
2006291957,2026-09-01 23:13:30,Sep 01,raneen,raneen,Kids Bags,شنطة مدرسية وتر برووف للبنات ثري أم، 16 بوصة، 3 سوستة - بينك,HO1137012MC6,1.0,599.0,599.0,0.0,599.0,,القاهرة,Cash On Delivery
2006291951,2026-09-01 23:13:02,Sep 01,raneen,raneen,Televisions,تلفزيون سمارت ال جى، 50 بوصة، UHD، مزود برسيفر داخلى، ماجيك ريموت، 50NU850B6LA - اسود,EL1148627BLK,1.0,19199.0,19199.0,0.0,19199.0,,القليوبية,Cash On Delivery
2006291936,2026-09-01 23:11:01,Sep 01,MP,magicstore,Sofa,كنبة بمقعدين، خشب زان، 75x130x65x65 سم - اصفر,magicstorebed89,1.0,6999.0,6999.0,0.0,6999.0,,الجيزة,Paymob Wallet
2006291939,2026-09-01 23:11:01,Sep 01,raneen,raneen,Air Coolers,مبرد هواء فريش، 210 وات، 60 لتر، FA-M60 - ابيض رمادي فاتح,EL1069767WNG,1.0,4199.0,4199.0,0.0,4199.0,,القاهرة,Cash On Delivery
2006291927,2026-09-01 23:08:18,Sep 01,raneen,raneen,Irons,مكواة بخار كينوود، 2000 وات، 250 مللي، STP46.000WP- بنفسجي,EL1120419PPR,1.0,1130.0,1130.0,0.0,1130.0,,الجيزة,El-Ahly Installments
2006291918,2026-09-01 23:06:07,Sep 01,raneen,raneen,Dinnerware,طقم عشاء أركوبال أماراتى لومينارك، 24 قطعة - ابيض,HO1088626WIT,1.0,1049.0,1049.0,0.0,1049.0,,الجيزة,valU
2006291915,2026-09-01 23:05:53,Sep 01,raneen,raneen,Table Lighting,اباجوره زجاج شكل نجمة مضيئة، 15×18 سم - فضي,HO1111206SLV,1.0,225.0,225.0,0.0,225.0,,الجيزة,Cash On Delivery
2006291915,2026-09-01 23:05:53,Sep 01,raneen,raneen,Cleaning Tools &amp; Supplies,باسكت قمامة بلاستيك بغطاء تاتش حجازي، 7 لتر- ابيض بيج,HO1147789WIT,1.0,135.0,135.0,0.0,135.0,,الجيزة,Cash On Delivery
2006291900,2026-09-01 23:02:14,Sep 01,raneen,raneen,Curtain,ستارة بلكونة قماش، 130×240 سم، 1000 جرام تقريبا - متعدد الالوان (قطعة واحدة),TX1079203MA0,1.0,115.0,115.0,5.75,109.25,TEX200,الجيزة,Credit/Debit Card
2006291897,2026-09-01 23:01:42,Sep 01,raneen,raneen,Kids Bags,شنطة مدرسية ووتر بروف للأولاد، ثري دي، 17 بوصة، 3 سوست، مع شنطة لانش بوكس ومقلمه - متعدد الالوان,HO1155616MC8,1.0,699.0,699.0,0.0,699.0,,الجيزة,Cash On Delivery
2006291897,2026-09-01 23:01:42,Sep 01,raneen,raneen,Kids Bags,شنطة ظهر مدرسية قماش فاليريو، 4 سوستة، 16 بوصة، بالاضافة الي مقلمة - اسود بني,HO1150460BK2,1.0,499.0,499.0,0.0,499.0,,الجيزة,Cash On Delivery
2006291897,2026-09-01 23:01:42,Sep 01,raneen,raneen,Kids Bags,شنطة مدرسية وتر برووف للبنات ثري أم، 16 بوصة، 3 سوستة,HO1137012MC2,2.0,599.0,1198.0,0.0,1198.0,,الجيزة,Cash On Delivery
2006291897,2026-09-01 23:01:42,Sep 01,raneen,raneen,Kids Bags,شنطة مدرسية قماش للبنات، 45×29 سم، 3 سوستة، مع ميدالية - بني بيج,HO1154823CF1,1.0,499.0,499.0,0.0,499.0,,الجيزة,Cash On Delivery
2006291897,2026-09-01 23:01:42,Sep 01,MP,talhastore,Men&#039;s Bags,شنطة كتف مضادة للسرقة مع شحن USB سيزفيل - أسود,B0BLZ5K4K4,1.0,300.0,300.0,0.0,300.0,,الجيزة,Cash On Delivery
2006291891,2026-09-01 23:01:14,Sep 01,MP,woodenfurniture,Center Table,ترابيزة وسط مودرن خشب ام دي اف، 80×40×45 سم - بني اسود,MFnct14fu-wooden,1.0,1099.0,1099.0,114.53,984.47,Off500,القاهرة,Credit/Debit Card
2006291891,2026-09-01 23:01:14,Sep 01,MP,craftfurniture,Shoe Rack,جزامة خشب أم دي أف، 120×100×40 - بني,MZSHRACK1BRW-craftfurniture,1.0,3699.0,3699.0,385.47,3313.53,Off500,القاهرة,Credit/Debit Card
2006291882,2026-09-01 23:00:13,Sep 01,MP,pure,Mattress,مرتبة سرير براند بيور، سوست متصلة، 195×150×25 سم - ابيض,Relax Plus-7,1.0,3599.0,3599.0,0.0,3599.0,,القاهرة,Cash On Delivery
2006291876,2026-09-01 22:59:02,Sep 01,raneen,raneen,Cookware,صينية بالغطاء بورجام، 30×20 سم- شفاف,HO1012475CLR,1.0,279.0,279.0,13.95,265.05,KCH200,القاهرة,Cash On Delivery
2006291876,2026-09-01 22:59:02,Sep 01,raneen,raneen,Cookware,طقم طاجن بورجام زجاج حرارى تركى  بيضاوى مقاس (1.55لتر-3.2لتر)، قطعتين،- شفاف,HO1012435CLR,1.0,320.0,320.0,16.0,304.0,KCH200,القاهرة,Cash On Delivery
2006291870,2026-09-01 22:56:53,Sep 01,MP,attallah,Washers &amp; Dryer,غسالة توشيبا ، فوق اوتوماتيك ، 8 كيلو جرام ، AW-M801APEG(SG) - فضي,AW-M801APEG(SG)-attallah,1.0,11500.0,11500.0,0.0,11500.0,,القاهرة,Cash On Delivery
2006291837,2026-09-01 22:46:39,Sep 01,MP,goldena,Water Heaters,سخان كهرباء اولمبيك، 50 لتر، ديجيتال، هيرو تربو، O-945105437 - ابيض,945105437,1.0,4359.0,4359.0,0.0,4359.0,,Alexandria,Cash On Delivery
2006291834,2026-09-01 22:45:15,Sep 01,MP,elandalos,Air Conditioner,تكييف سبليت تورنيدو، 1.5 حصان، بارد فقط، TH-C12BEE- ابيض,TH-C12BEE-magicair-elandalos,1.0,18555.0,18555.0,0.0,18555.0,,الجيزة,Cash On Delivery
2006291831,2026-09-01 22:44:45,Sep 01,MP,kayanfurniture,Shoe Rack,جزامة خشب كونتر &amp; زان، 100×120×30 سم - بني,kayanSH1B,1.0,8449.0,8449.0,500.0,7949.0,OFF500,الجيزة,Cash On Delivery
2006291828,2026-09-01 22:44:23,Sep 01,MP,elswalhy,Fans,مروحة ستاند ميديا، 75 وات، 5 ريشة، 3 سرعات، FS45-25MT-BK - اسود,EL1140054BLK-elswalhy,1.0,1999.0,1999.0,0.0,1999.0,,القاهرة,Cash On Delivery
2006291828,2026-09-01 22:44:23,Sep 01,MP,nextlevel,Fans,مروحة ستاند ميانتا 18 بوصة - معدن أسود - قابلة للميل - SF351138A,RAN-CTA8M2Z,1.0,1899.0,1899.0,0.0,1899.0,,القاهرة,Cash On Delivery
2006291816,2026-09-01 22:42:28,Sep 01,raneen,raneen,Storage,طقم علب بقوليات بلاستيك، 5 قطع - رمادي داكن,HO1147694DGY,1.0,115.0,115.0,5.75,109.25,KCH200,الجيزة,Cash On Delivery
2006291816,2026-09-01 22:42:28,Sep 01,raneen,raneen,Kitchen Accessories,سبت مشابك بلاستيك مستطيل الهدي، 2 لتر - شفاف,HO1079409CL7,1.0,22.0,22.0,1.1,20.9,KCH200,الجيزة,Cash On Delivery
2006291816,2026-09-01 22:42:28,Sep 01,raneen,raneen,Drinkware,طقم كاسات عصير كايرو جلاسس، 6 قطع، 17 سم - شفاف,HO1095857CLR,1.0,90.0,90.0,4.5,85.5,KCH200,الجيزة,Cash On Delivery
2006291810,2026-09-01 22:40:40,Sep 01,raneen,raneen,Kitchenware,طقم برطمان توابل زجاج، غطاء خشب، 12 قطعة - شفاف,HO1114839CLR,1.0,299.0,299.0,0.0,299.0,,الجيزة,Cash On Delivery
2006291810,2026-09-01 22:40:40,Sep 01,raneen,raneen,Kitchenware,طقم زجاجة زيت وخل زجاج، قطعتين، 250 مل - شفاف,HO1125133CLR,1.0,80.0,80.0,0.0,80.0,,الجيزة,Cash On Delivery
2006291810,2026-09-01 22:40:40,Sep 01,MP,craftfurniture,TV Table,ترابيزه تلفزيون وترابيزه وسط ، ام دي اف - بيج اسود,tv-set1-cr-2024,1.0,5859.0,5859.0,0.0,5859.0,,الجيزة,Cash On Delivery
2006291807,2026-09-01 22:40:06,Sep 01,MP,elamira,Water Heaters,سخان مياه كهربائى ريلاكس فريش، 40 لتر، RELAX-40 - ابيض,EL1086474WIT-elamira,1.0,2998.0,2998.0,0.0,2998.0,,الجيزة,Cash On Delivery
2006291804,2026-09-01 22:40:04,Sep 01,raneen,raneen,Kitchenware,مقوار وقشارة كروم توب وان، 2×1، يد خشب، 18 سم - فضي خشبي,HO1113197BNS,1.0,17.0,17.0,0.43,16.57,KCH200,القاهرة,Credit/Debit Card
2006291804,2026-09-01 22:40:04,Sep 01,raneen,raneen,Kitchenware,مقوار ستانلس بيد ستانلس ايه ام دبيلو، 17 سم - فضى,HO1089752SLV,1.0,14.0,14.0,0.35,13.65,KCH200,القاهرة,Credit/Debit Card
2006291804,2026-09-01 22:40:04,Sep 01,raneen,raneen,Kitchenware,مصفاة حوض بلاستيك ماكس بلاست، 46×35 سم - رمادي,HO1097100GRY,1.0,85.0,85.0,2.13,82.87,KCH200,القاهرة,Credit/Debit Card
2006291804,2026-09-01 22:40:04,Sep 01,MP,dukanalaa,Kitchenware,مهراشة بطاطا وخضار - ألوان متنوعة من الفولاذ المقاوم للصدأ,RAN-9KQDGBP,1.0,85.0,85.0,2.13,82.87,KCH200,القاهرة,Credit/Debit Card
2006291804,2026-09-01 22:40:04,Sep 01,raneen,raneen,Cleaning Tools &amp; Supplies,طبق غسيل بلاستيك مربع الهدى، 6 لتر - ازرق,HO1082605BLU,1.0,57.0,57.0,1.43,55.57,KCH200,القاهرة,Credit/Debit Card
2006291804,2026-09-01 22:40:04,Sep 01,raneen,raneen,Iron Tables,ترابيزة مكواة لورا - ابيض,HO1038361GRY,1.0,699.0,699.0,17.46,681.54,KCH200,القاهرة,Credit/Debit Card
2006291804,2026-09-01 22:40:04,Sep 01,raneen,raneen,Cleaning Tools &amp; Supplies,فرشاة تنظيف حمام سيليكون بيد بلاستيك ومقبض خشب، بقاعدة بلاستيك، 38 سم - أبيض بيج,HO1131638WI1,1.0,120.0,120.0,3.0,117.0,KCH200,القاهرة,Credit/Debit Card
2006291804,2026-09-01 22:40:04,Sep 01,raneen,raneen,Cleaning Tools &amp; Supplies,طقم فرشاه بالجاروف بلاستيك، قطعتين، 25×30 سم - احمر اسود,HO1146415BNR,1.0,149.0,149.0,3.73,145.27,KCH200,القاهرة,Credit/Debit Card
2006291804,2026-09-01 22:40:04,Sep 01,raneen,raneen,Cleaning Tools &amp; Supplies,جردل مسح بلاستيك الوطنية، مصفاة ستانلس ستيل، 50×30 سم - احمر رمادي,HO1058149RNG,1.0,899.0,899.0,22.47,876.53,KCH200,القاهرة,Credit/Debit Card
2006291804,2026-09-01 22:40:04,Sep 01,raneen,raneen,Cookware,طقم حلل ستانلس ستيل زينوكس سمارت، 10 قطع - فضي,HO1112863SLV,1.0,4799.0,4799.0,119.91,4679.09,KCH200,القاهرة,Credit/Debit Card
2006291804,2026-09-01 22:40:04,Sep 01,MP,alahram,Cookware,طقم صواني فرن المونيوم الاهرام، قطعتين - فضي,6221049430748,1.0,505.0,505.0,12.62,492.38,KCH200,القاهرة,Credit/Debit Card
2006291804,2026-09-01 22:40:04,Sep 01,raneen,raneen,Cookware,طاجن فرن الومنيوم الاهرام، مقاس 40 سم - فضي,HO1124358SLV,1.0,575.0,575.0,14.37,560.63,KCH200,القاهرة,Credit/Debit Card
2006291801,2026-09-01 22:39:36,Sep 01,raneen,raneen,Fans,مروحة حائط ايه تي ايه ، 18 بوصة ، 3 سرعات ، 18BO1P5 - ابيض رمادي,EL1018816WNG,1.0,849.0,849.0,0.0,849.0,,القاهرة,valU
2006291798,2026-09-01 22:39:17,Sep 01,raneen,raneen,Cookware,طقم كنك ستانلس ستيل هينوكس، 3 قطع، بالاضافة الي ستاند - فضي,HO1115582GY2,1.0,450.0,450.0,22.5,427.5,KCH200,القاهرة,Cash On Delivery
2006291798,2026-09-01 22:39:17,Sep 01,raneen,raneen,Cookware,براد شاي ستانلس ستيل باليد لاينز، 2 لتر - فضي ذهبي,HO1145587SL1,1.0,699.0,699.0,34.95,664.05,KCH200,القاهرة,Cash On Delivery
2006291789,2026-09-01 22:39:00,Sep 01,raneen,raneen,Mobile Phones,موبايل سمارت انفينكس هوت 60 برو بلس، شريحتين، شبكة الجيل الرابع، 8+8 جيجا رام، 256 جيجا بايت - اصفر,EL1154556YLW,1.0,11899.0,11899.0,297.47,11601.53,MOB300,القاهرة,Cash On Delivery
2006291786,2026-09-01 22:38:57,Sep 01,raneen,raneen,Kettles,"غلاية كهربائية فريش, 2200 وات, 1.7 لتر, EPK17051P - اسود",EL1083786BLK,1.0,844.0,844.0,0.0,844.0,,الأسكندرية,Cash On Delivery
2006291786,2026-09-01 22:38:57,Sep 01,MP,elmanzalawy,Fans,مروحة ستاند الشبح فريش، 18 بوصة، 3 سرعات - احمر,EL1049885BLK-conf-elmanzalawy,1.0,1990.0,1990.0,0.0,1990.0,,الأسكندرية,Cash On Delivery
2006291777,2026-09-01 22:35:59,Sep 01,MP,lifecare,Drinkware,مج حراري Owala سعة 710مل - زجاجة معزولة بتصميم أنيق - غطاء محكم للتسريب - أزرق فاتح,RAN-G8R3ABS,1.0,759.0,759.0,37.95,721.05,KCH200,القاهرة,Cash On Delivery
2006291771,2026-09-01 22:33:22,Sep 01,raneen,raneen,Mobile Phones,موبايل سمارت بوكو C85 ، شبكة الجيل الرابع، شريحتين، 256 جيجا بايت، 8 جيجا بايت رام - اخضر,EL1140775GRN,1.0,8999.0,8999.0,0.0,8999.0,,القاهرة,Premium Card
2006291765,2026-09-01 22:31:14,Sep 01,MP,hadymix,Shoe Rack,جزامة خشب شيب بورد، 2 درفة، 30x60x90 سم - بني,Hadymix-11011,1.0,999.0,999.0,0.0,999.0,,كفر الشيخ,Cash On Delivery
2006291762,2026-09-01 22:30:40,Sep 01,raneen,raneen,Mobile Audio,سماعة ايربودز لاسلكية إنفينيكس، بلوتوث 6.0، خاصية إلغاء الضوضاء بالذكاء الاصطناعي، ، XBuds H5 | XE36 - اسود,EL1155599BLK,1.0,699.0,699.0,0.0,699.0,,القليوبية,Cash On Delivery
4000164742,2026-09-01 22:30:25,Sep 01,MP,lifepharmacy,Hair Treatments,"Regaine Foam 5% Hair Loss Treatment for Men, 73 ml",RAN-XAU54H8,1.0,677.0,677.0,0.0,677.0,,الجيزة,Cash On Delivery
2006291750,2026-09-01 22:26:49,Sep 01,raneen,raneen,Fans,ATA مروحة ستاند، 18 بوصة، 3 سرعات، 3 ريشة، S1801 - اسود,EL1018813BLK,3.0,849.0,2547.0,0.0,2547.0,,القاهرة,Cash On Delivery
2006291747,2026-09-01 22:26:42,Sep 01,MP,tabouk,Beauty &amp; Body Care,بكرة ديرما رولر تحتوي على 540 ابرة مقاس 0.50 ملم لتجديد البشرة وشدها ومكافحة علامات التقدم بالسن,MP-B07PSCJB97,1.0,99.0,99.0,0.0,99.0,,المنوفية,Cash On Delivery
2006291738,2026-09-01 22:24:28,Sep 01,raneen,raneen,Mobile Phones,موبايل سمارت بوكو C85 ، شبكة الجيل الرابع، شريحتين، 256 جيجا بايت، 8 جيجا بايت رام - اخضر,EL1140775GRN,1.0,8999.0,8999.0,224.97,8774.03,mob300,الغربية,Cash On Delivery
2006291735,2026-09-01 22:24:21,Sep 01,MP,etdonline,TV Stand &amp; Accessories,حامل شاشة تلفاز معدن امبيرز، شاشات حتى 70 بوصة، LX-70 - اسود,etdonline-LX70,1.0,305.0,305.0,0.0,305.0,,الجيزة,Cash On Delivery
2006291735,2026-09-01 22:24:21,Sep 01,MP,electricshop,Televisions,تلفزيون سمارت هاير، 55 بوصة، UHD، 4K ، بدون اطار، مزود برسيفر داخلى، H55K80EU - اسود,135150007-elctricshop,1.0,19700.0,19700.0,0.0,19700.0,,الجيزة,Cash On Delivery
2006291732,2026-09-01 22:24:00,Sep 01,MP,linesleep,Bedding,لحاف فايبر لاين سليب، 240×220 سم - بيج فاتح,QLT23240X220LBG,1.0,750.0,750.0,37.5,712.5,TEX200,الأسكندرية,Credit/Debit Card
2006291726,2026-09-01 22:22:39,Sep 01,raneen,raneen,Storage,طقم علب حفظ طعام الهدي، بغطاء كليبس، 3 قطع، 2 لتر - شفاف,HO1080039CL1,1.0,156.0,156.0,7.8,148.2,KCH200,القاهرة,Cash On Delivery
2006291726,2026-09-01 22:22:39,Sep 01,raneen,raneen,Bedding,كوفرتة اطفال جاكار المأمون، 220×180 سم، 1400 جرام تقريبا - رمادي بيج,TX1091916DG4,1.0,349.0,349.0,0.0,349.0,KCH200,القاهرة,Cash On Delivery
2006291726,2026-09-01 22:22:39,Sep 01,raneen,raneen,Kitchenware,هراسة بطاطس ستانلس ستيل نيوفلام، 34 سم - فضي,HO1125420SLV,1.0,222.0,222.0,11.1,210.9,KCH200,القاهرة,Cash On Delivery
2006291726,2026-09-01 22:22:39,Sep 01,MP,dukanalaa,Drinkware,كوب زجاجي كبير مقاوم لدرجات الحرارة العالية - سعة 1000 مل - للماء والعصائر والقهوة - شكل 1,RAN-9RUVS6G,1.0,89.0,89.0,4.45,84.55,KCH200,القاهرة,Cash On Delivery
4000164739,2026-09-01 22:21:52,Sep 01,raneen,raneen,Fans,"Unionaire USF19BMH-DS Stand Fan, 19 Inches, 3 Blades, 3 Speeds - Black",EL1132796BLK,1.0,1655.0,1655.0,0.0,1655.0,,الجيزة,Cash On Delivery
2006291723,2026-09-01 22:20:54,Sep 01,MP,aldora,Mattress,مرتبة سرير سوست متصلة سامبا الدورا، طول 195 سم، ارتفاع 23 سم,ALDOMATT8MCL,1.0,2999.0,2999.0,149.95,2849.05,TEX200,البحيرة,Bank Misr Installments
2006291720,2026-09-01 22:20:52,Sep 01,raneen,raneen,Storage,لايت بوكس الوطنية، 47 لتر - شفاف ازرق,HO1058210BLU,1.0,399.0,399.0,19.95,379.05,KCH200,Alexandria,Cash On Delivery
2006291717,2026-09-01 22:20:40,Sep 01,MP,steelsore,Side Table,ترابيزة جانبية مودرن، شكل دائري، 50×40 سم - ذهبي,AMst59MCL,1.0,999.0,999.0,0.0,999.0,,Giza,Cash On Delivery
2006291702,2026-09-01 22:14:32,Sep 01,raneen,raneen,Kids Bags,شنطة ظهر مدرسية للاولاد، 4 سوستة، 16 بوصة، بالاضافة الي مقلمة - اسود بني,HO1150460BK1,1.0,499.0,499.0,0.0,499.0,,الجيزة,Cash On Delivery
2006291702,2026-09-01 22:14:32,Sep 01,raneen,raneen,Kids Bags,شنطة ظهر مدرسية للاولاد، 4 سوستة، 14 بوصة، بالاضافة الي مقلمة صغيرة - كحلي ازرق,HO1150461MC1,1.0,499.0,499.0,0.0,499.0,,الجيزة,Cash On Delivery
2006291702,2026-09-01 22:14:32,Sep 01,raneen,raneen,Kids Bags,شنطة مدرسية قماش للبنات، 45×29 سم، 3 سوستة، مع ميدالية - بني بيج,HO1154823CF1,1.0,499.0,499.0,0.0,499.0,,الجيزة,Cash On Delivery
2006291678,2026-09-01 22:08:59,Sep 01,raneen,raneen,Watches &amp; Alarms,ساعة حائط بلاستيك، 35 سم - بني داكن,HO1093611DBR,1.0,150.0,150.0,0.0,150.0,,القاهرة,Credit/Debit Card
2006291675,2026-09-01 22:08:44,Sep 01,MP,cornerhouse,Built in,بوتاجاز بلت ان أيكوماتيك، 4 شعلة، 60 سم، S603B - فضى,smf304-cornerhouse,1.0,6290.0,6290.0,0.0,6290.0,,Cairo,Cash On Delivery
2006291669,2026-09-01 22:07:23,Sep 01,MP,ecotech,Security &amp; Surveillance Systems,كاميرا مراقبة خارجية هيك فيجن، 2 ميجابكسل، DS-2CE16D0T-EXIPF - ابيض اسود مع كاميرا مراقبة داخلية هيك فيجن، 2 ميجابكسل، DS-2CE76D0T-EXIPF - ابيض اسود + جهاز تسجيل رقمي دي في ار هيك فيجن، 4 قنوات، 1080 بيكسل، DS-7104HGHI-K1 - ابيض,system1bundle,1.0,2368.0,2368.0,0.0,2368.0,,المنيا,El-Ahly Installments
2006291666,2026-09-01 22:06:23,Sep 01,raneen,raneen,Kettles,غلاية مياه كهربائية بايركس سيلكت، 2.2 لتر، 1500 وات - اسود شفاف,EL1137880BLK,1.0,429.0,429.0,0.0,429.0,,الأسماعيلية,Cash On Delivery
2006291666,2026-09-01 22:06:23,Sep 01,raneen,raneen,Fans,مروحة حائط ايه تى ايه، 16 بوصة، 3 سرعات، 5 ريشة، B1605 - ابيض احمر,EL1018812WNR,1.0,669.0,669.0,0.0,669.0,,الأسماعيلية,Cash On Delivery
2006291657,2026-09-01 22:04:39,Sep 01,MP,abdelaziz,Shaving &amp; Grooming,ماكينه حلاقه VGR، قدرة 500 مللي امبير، V-361 - اسود اخضر,V-361,1.0,799.0,799.0,0.0,799.0,,أسيوط,Aman
2006291654,2026-09-01 22:04:29,Sep 01,MP,salemelectric,Air Conditioner,تكييف سبليت بيكو ، 1.5 حصان ، بارد ساخن ، انفرتر ، BIE 121 - ابيض,5888-salemelectric,1.0,19499.0,19499.0,0.0,19499.0,,الجيزة,Cash On Delivery
4000164733,2026-09-01 22:03:02,Sep 01,MP,craftfurniture,Shoe Rack,"Mdf Shoerack, 100X90X40 Cm - White Beige",craft-sh-1,1.0,3499.0,3499.0,500.0,2999.0,off500,Cairo,Free
2006291645,2026-09-01 22:02:48,Sep 01,MP,attallah,Mixers &amp; Blenders,كبة و مفرمة سوكاني، وعاء أستانلس، 5.5 لتر، 3 سرعات، 6 شفرات، 1000واط، SK-7077N - فضي,7777031021555-Conf-attallah,1.0,1423.0,1423.0,0.0,1423.0,,القاهرة,Cash On Delivery
2006291642,2026-09-01 22:02:33,Sep 01,MP,wisetrade,Mixers &amp; Blenders,هاند بلندر لوما بيلا ،500 وات ، B-2022 - اسود,B-2022,1.0,999.0,999.0,0.0,999.0,,القليوبية,Cash On Delivery
2006291636,2026-09-01 22:00:37,Sep 01,MP,citytools,Power &amp; Hand Tools,طقم عدة توتال مزودة بشنيور لاسلكى، 166 قطعة، 66 نيوتن + بطارية ليثوم، THKTHP41667 - اخضر,THKTHP41667,1.0,3290.0,3290.0,0.0,3290.0,,الجيزة,Premium Card
2006291633,2026-09-01 22:00:10,Sep 01,MP,dukanalaa,Hair Care,فرشاة هواء ساخن سوكاني 5 في 1، 1400 واط، لتجفيف وتمليس وتجعيد وتكثيف الشعر، SK-15034، سلك دوار 360 درجة، مقبض مريح – أسود,sk-15034,1.0,1850.0,1850.0,0.0,1850.0,,القاهرة,Cash On Delivery
2006291630,2026-09-01 22:00:04,Sep 01,raneen,raneen,Curtain,ستارة بلكونة قماش بحلقات، 260×240 سم، 2000 جرام تقريبا، 16 حلقة - متعدد الالوان (قطعة واحدة),TX1081911MO8,2.0,255.0,510.0,25.5,484.5,tex200,الجيزة,Credit/Debit Card
4000164730,2026-09-01 21:56:31,Sep 01,MP,mattger,Personal Care,Beesline Whitening Deodorant Roll On Cotton Candy 50 Ml 1+1,25-mattger,1.0,549.48,549.48,0.0,549.48,,الأسكندرية,Cash On Delivery
2006291606,2026-09-01 21:54:25,Sep 01,raneen,raneen,Kettles,"غلاية كهربائية فريش, 2200 وات, 1.7 لتر, EPK17051P - اسود",EL1083786BLK,1.0,844.0,844.0,0.0,844.0,,الأسكندرية,Cash On Delivery
2006291606,2026-09-01 21:54:25,Sep 01,MP,grandmakaa,Fans,مروحة ستاند فريش، الشبح، 20 بوصة، 3 ريشة، 3 سرعات - اسود احمر,FR057HA09LE6XNAFAMZ,1.0,2549.0,2549.0,0.0,2549.0,,الأسكندرية,Cash On Delivery
2006291600,2026-09-01 21:53:17,Sep 01,MP,katoshappliances,Refrigerators &amp; Freezers,مينى بار دبيلو الاسكا، ديفروست، 115 لتر، KA - بنى,1156-katoshAppliances,1.0,9104.0,9104.0,0.0,9104.0,,القاهرة,Cash On Delivery
2006291597,2026-09-01 21:52:08,Sep 01,raneen,raneen,Center Table,ترابيزة انتريه خشب أم دي أف، 80×80×40 سم، سطح زجاج - بني,HO1145731BRN,1.0,2199.0,2199.0,0.0,2199.0,,البحر الأحمر,Cash On Delivery
2006291594,2026-09-01 21:51:07,Sep 01,MP,craftfurniture,Shoe Rack,جزامة خشب أم دي أف، 120×100×40 - بني,MZSHRACK1BRW-craftfurniture,1.0,3699.0,3699.0,500.0,3199.0,OFF500,الفيوم,Cash On Delivery
2006291591,2026-09-01 21:50:59,Sep 01,raneen,raneen,Fans,ATA مروحة ستاند، 18 بوصة، 3 سرعات، 3 ريشة، S1801 - اسود,EL1018813BLK,1.0,849.0,849.0,0.0,849.0,,الجيزة,Cash On Delivery
2006291588,2026-09-01 21:50:45,Sep 01,MP,hadymix,Shoe Rack,جزامة خشب شيب بورد، 2 درفة، 30x60x90 سم - بني,Hadymix-11011,1.0,999.0,999.0,0.0,999.0,,القاهرة,Cash On Delivery
2006291579,2026-09-01 21:46:21,Sep 01,MP,attallah,Refrigerators &amp; Freezers,ديب فريزر ديفروست رأسي دبليو الاسكا، 190 لتر، 4 درج، UP‏190 - فضي,EL1113742SLV-conf-attallah,1.0,11839.0,11839.0,0.0,11839.0,,Cairo,Cash On Delivery
4000164727,2026-09-01 21:46:09,Sep 01,MP,ammerkatosh,Suction Fan,"Fresh 500017122 Wall Ventilating Fan, 20 cm, 30 Watt, One Direction - White",500004556-ammerkatosh,1.0,885.0,885.0,0.0,885.0,,القاهرة,Cash On Delivery
2006291576,2026-09-01 21:45:05,Sep 01,raneen,raneen,Air Conditioner,تكييف سبلت سمارت كول هاير، 1.5 حصان، بارد فقط، واي فاي، HSU-12KCROC-R32 - ابيض,ELKIT1871WIT,1.0,17999.0,17999.0,0.0,17999.0,,القاهرة,Cash On Delivery
2006291573,2026-09-01 21:43:04,Sep 01,raneen,raneen,Mattress,مرتبة روك بوكيت الدورا، سوست منفصلة، 160×195 سم، بارتفاع 26 سم - ابيض,TX1110561WI1,1.0,5999.0,5999.0,0.0,5999.0,,القليوبية,Cash On Delivery
2006291570,2026-09-01 21:43:02,Sep 01,raneen,raneen,Kitchenware,طقم مصفاة ستانلس ستيل، 3 قطع - فضي,HO1103694SLV,1.0,95.0,95.0,4.75,90.25,KCH200,الفيوم,Cash On Delivery
2006291570,2026-09-01 21:43:02,Sep 01,raneen,raneen,Cookware,"كسرولة عبود, 16 سم - فضى",HO1055797SLV,1.0,705.0,705.0,35.25,669.75,KCH200,الفيوم,Cash On Delivery
2006291570,2026-09-01 21:43:02,Sep 01,raneen,raneen,Cookware,لبانة بالغطاء ستانلس ستيل عبود، مقاس 14 - فضي,HO1069273SLV,1.0,890.0,890.0,44.5,845.5,KCH200,الفيوم,Cash On Delivery
4000164724,2026-09-01 21:41:26,Sep 01,MP,rafae3dotcom,Beauty &amp; Body Care,VGR V-735 Hair Removal Machine for Women – Body Care and Efficient Hair Removal with Ease,V-735-rafae3dotcom,1.0,700.0,700.0,0.0,700.0,,البحيرة,Cash On Delivery
2006291564,2026-09-01 21:40:46,Sep 01,raneen,raneen,Cleaning Tools &amp; Supplies,باسكت قمامه بلاستيك بالغطاء سفير، 2 عين، بالدواسه، 40 لتر - متعدد الالوان,HO1144386BNG,1.0,449.0,449.0,0.0,449.0,,الأقصر,Credit/Debit Card
2006291555,2026-09-01 21:39:16,Sep 01,MP,elriada,Ladders &amp; Clothes Dryer,منشر غسيل بلاستيك بريمير ، 182×88×55 سم - فضى,sawmill ELRIADA-b,1.0,881.0,881.0,0.0,881.0,,القاهرة,Cash On Delivery
2006291549,2026-09-01 21:38:31,Sep 01,MP,alsorgy,AirPods,سماعات M10 اللاسلكية بتقنية البلوتوث 5.1، صوت ستيريو حقيقي، شاشة رقمية، لمس، شحن سريع، صوت عالي الجودة، 280 ساعة وضع الاستعداد,RAN-8ESP2VG-alsorgy,1.0,199.0,199.0,0.0,199.0,,المنيا,Cash On Delivery
2006291546,2026-09-01 21:37:59,Sep 01,raneen,raneen,Bed Sheets,طقم ملاية سرير، 5 قطع، 220×240 سم - بيج,TX1048610BEG,1.0,249.0,249.0,0.0,249.0,,الجيزة,Cash On Delivery
2006291546,2026-09-01 21:37:59,Sep 01,raneen,raneen,Bed Sheets,طقم ملاية سرير مايكروفايبر، 4 قطع، 220×240 سم، 800 جرام - متعدد الالوان,TX1154433MC0,1.0,269.0,269.0,0.0,269.0,,الجيزة,Cash On Delivery
2006291543,2026-09-01 21:37:31,Sep 01,raneen,raneen,Washers &amp; Dryer,غسالة ملابس فول اوتوماتيك فريش ، انفرتر،  7 كيلو  ، BLDS 23158 - اسود,EL1155973BLK,1.0,15499.0,15499.0,0.0,15499.0,,الجيزة,Cash On Delivery
2006291528,2026-09-01 21:34:53,Sep 01,MP,grohy,Televisions,تلفزيون بدون إطار Led جروهي، 32 بوصة، Hd، ليد، Gld32Nav2 - أسود,GLD32NAV2,1.0,4399.0,4399.0,0.0,4399.0,,الجيزة,Cash On Delivery
2006291525,2026-09-01 21:34:28,Sep 01,raneen,raneen,Drinkware,زجاجة مياة زجاج بالغطاء، 1.5 لتر - ازرق,HO1144211BL1,1.0,170.0,170.0,8.5,161.5,KCH200,كفر الشيخ,Cash On Delivery
2006291525,2026-09-01 21:34:28,Sep 01,raneen,raneen,Drinkware,زجاجة مياه زجاج، 1.1 لتر - شفاف فضي,HO1152327BLK,1.0,75.0,75.0,3.75,71.25,KCH200,كفر الشيخ,Cash On Delivery
2006291525,2026-09-01 21:34:28,Sep 01,raneen,raneen,Drinkware,زجاجة مياة زجاج بالغطاء، 1.5 لتر - ازرق,HO1144206BL1,1.0,170.0,170.0,8.5,161.5,KCH200,كفر الشيخ,Cash On Delivery
2006291522,2026-09-01 21:32:34,Sep 01,MP,snooze,Towels,فوطة مطبخ قطن، قطعتين، 30x40 سم، 200 جرام - متعدد الالوان,6222057310794,1.0,79.0,79.0,0.0,79.0,KCH200,القاهرة,Cash On Delivery
2006291522,2026-09-01 21:32:34,Sep 01,MP,safktna,Cleaning Tools &amp; Supplies,رول فوط مطبخ قطن، 50 قطعه، 25×25 سم - برتقالي,7469753-safktna,1.0,105.0,105.0,5.25,99.75,KCH200,القاهرة,Cash On Delivery
2006291522,2026-09-01 21:32:34,Sep 01,MP,lightcart,Kitchen Accessories,مريلة مطبخ معلقة على شكل دب مقاومة للماء بجيب اللون: بني,RAN-RJV9APE,1.0,129.0,129.0,6.45,122.55,KCH200,القاهرة,Cash On Delivery
2006291522,2026-09-01 21:32:34,Sep 01,MP,meercato,Kitchenware,لوح تقطيع بيد، مستطيل مقاس 35×24×1.2 سم، خشب بامبو بيد معدن - خشبى,meercato-1500110000691,1.0,239.0,239.0,11.95,227.05,KCH200,القاهرة,Cash On Delivery
2006291522,2026-09-01 21:32:34,Sep 01,raneen,raneen,Kitchenware,نشابة عجين خشب زان، 22×19 سم - خشبي,HO1025019BS2,1.0,67.0,67.0,3.35,63.65,KCH200,القاهرة,Cash On Delivery
2006291522,2026-09-01 21:32:34,Sep 01,MP,molanafortraining,Kitchenware,طقم زيت مطبخ مكون من 4 قطع - وصل حديثا وانيق وعملي ومثالي لمطبخك العصري,RAN-2X9W672,1.0,379.0,379.0,18.95,360.05,KCH200,القاهرة,Cash On Delivery
2006291516,2026-09-01 21:30:38,Sep 01,MP,moblianamodel,Sofa,كنبة مودرن خشب زان، بوف، قماش قطيفه، 3 مقاعد، 4 خدادية، 240x80x85 سم - بيج,MOBMA301,1.0,11999.0,11999.0,0.0,11999.0,,الأسكندرية,Cash On Delivery
2006291513,2026-09-01 21:29:46,Sep 01,raneen,raneen,Irons,مكواة جافة تاتش الزنوكى، 1600 وات، 40420 - ازرق فاتح ابيض,EL1115381LBL,1.0,639.0,639.0,0.0,639.0,,القاهرة,Cash On Delivery
2006291513,2026-09-01 21:29:46,Sep 01,raneen,raneen,Mixers &amp; Blenders,خلاط مولينكس، 450 وات، 1.5 لتر، LM2B2126 - ابيض,EL1020085WIT,1.0,1430.0,1430.0,0.0,1430.0,,القاهرة,Cash On Delivery
2006291510,2026-09-01 21:29:13,Sep 01,raneen,raneen,Carpets,سجادة شاج ماك، 160×160 سم - بيج,TX1149101BEG,1.0,999.0,999.0,49.95,949.05,TEX200,القاهرة,Cash On Delivery
2006291510,2026-09-01 21:29:13,Sep 01,MP,homedecoration,Desks,مكتب معدن سطح خشب، 75x60x110 سم - اسود بني,TFU3,1.0,2799.0,2799.0,0.0,2799.0,TEX200,القاهرة,Cash On Delivery
2006291510,2026-09-01 21:29:13,Sep 01,MP,linesleep,Carpets Accessories,حافظة سجاد قطيفة، 160×250 سم- متعدد الالوان,2000gg-linesleep,3.0,760.0,2280.0,114.0,2166.0,TEX200,القاهرة,Cash On Delivery
2006291507,2026-09-01 21:29:07,Sep 01,MP,aldora,Mattress,مرتبة سرير سوست متصلة سامبا الدورا، طول 195 سم، ارتفاع 23 سم,ALDOMATT8MCL,1.0,2999.0,2999.0,149.95,2849.05,TEX200,البحيرة,valU
2006291501,2026-09-01 21:27:41,Sep 01,MP,craftfurniture,Center Table,ترابيزة وسط، خشب أم دي أف، 80×80×40 - بني,MZCTABLE1BRW-craftfurniture,1.0,1499.0,1499.0,0.0,1499.0,,الغربية,Cash On Delivery
2006291495,2026-09-01 21:26:59,Sep 01,raneen,raneen,Burner,ATA بوتاجاز غاز مسطح، 3 شعلة، J-GC401، فضي,EL1018814SLV,1.0,930.0,930.0,0.0,930.0,,القاهرة,Aman
2006291495,2026-09-01 21:26:59,Sep 01,raneen,raneen,Televisions,تلفزيون سكاي لاين، 32 بوصة، LED، اتش دي، 32-22A- اسود,EL1149138BLK,1.0,4399.0,4399.0,0.0,4399.0,,القاهرة,Aman
2006291480,2026-09-01 21:25:14,Sep 01,raneen,raneen,Fans,مروحة حائط رويال، 18 بوصة، 3 ريشة، 3 سرعات، BF1820 - اسود احمر,EL1126987RNB,2.0,750.0,1500.0,0.0,1500.0,,الأسكندرية,Cash On Delivery
2006291477,2026-09-01 21:24:25,Sep 01,MP,tetrachem,Personal Care,جل معقم ومطهر اليدين ستيريماكس، 500 مللي - شفاف,6224008777120-t500,1.0,99.0,99.0,0.0,99.0,,الجيزة,Cash On Delivery
2006291468,2026-09-01 21:22:36,Sep 01,MP,modernhomeelectric,Water Heaters,سخان مياه كهربائي فريش مارينا، 15 لتر، 1500 وات - أبيض,480,1.0,2879.0,2879.0,0.0,2879.0,,الشرقية,Cash On Delivery
2006291465,2026-09-01 21:22:33,Sep 01,raneen,raneen,Receivers,"رسيفر بينجامين, 6000 قناة, 9000U HD GOLD ,FHD - اسود",EL1091341BLK,1.0,549.0,549.0,0.0,549.0,,الأسكندرية,valU
2006291462,2026-09-01 21:22:26,Sep 01,raneen,raneen,Bedding,بطانية قطيفة حفر ليزر طبقة واحدة روتانا نانا سيكريت، حفر ليزر، 240×220 سم، 2 كجم - متعدد الالوان,TX1084625DR3,3.0,429.0,1287.0,64.35,1222.65,TEX200,الأسكندرية,Paymob Wallet
2006291459,2026-09-01 21:21:30,Sep 01,raneen,raneen,Curtain,ستارة كتان بحلقات ناجح تكس، 135×250 سم، 450 تقريبا - (قطعة واحدة),TX1148755GRY,1.0,285.0,285.0,0.0,285.0,OFF500,Giza,Cash On Delivery
2006291459,2026-09-01 21:21:30,Sep 01,MP,craftfurniture,Center Table,ترابيزة وسط، خشب أم دي أف، 120×40×60 - بني,MZCTABLE2BRW-craftfurniture,1.0,1499.0,1499.0,214.27,1284.73,OFF500,Giza,Cash On Delivery
2006291459,2026-09-01 21:21:30,Sep 01,MP,merayty,Mirror,مرآة تسريحة د. جريش، 150x60 سم - فضي,OG11-a1-Merayty,1.0,1999.0,1999.0,285.73,1713.27,OFF500,Giza,Cash On Delivery
4000164721,2026-09-01 21:19:53,Sep 01,MP,isis,Remote Units,"Remote Control, Compatible with LG Screens, 2 Pcs- Black",ELPROF02BLK-isis,1.0,400.0,400.0,0.0,400.0,,القاهرة,Cash On Delivery
2006291450,2026-09-01 21:14:35,Sep 01,raneen,raneen,Mobile Phones,موبايل سمارت بوكو C85 ، شبكة الجيل الرابع، شريحتين، 256 جيجا بايت، 8 جيجا بايت رام - اخضر,EL1140775GRN,1.0,8999.0,8999.0,224.97,8774.03,mob300,الغربية,Cash On Delivery
2006291447,2026-09-01 21:14:04,Sep 01,MP,alahramappliances,Cookers,بوتاجاز الاهرام، سطح ستانلس ستيل، 4 شعلة، 50×50 سم - فضى اسود,alahram-steel-50x50,1.0,3599.0,3599.0,0.0,3599.0,,الجيزة,Cash On Delivery
2006291444,2026-09-01 21:13:58,Sep 01,raneen,raneen,Mobile Phones,موبايل سمارت انفينكس هوت 60 برو بلس، شريحتين، شبكة الجيل الرابع، 8+8 جيجا رام، 256 جيجا بايت - اصفر,EL1154556YLW,1.0,11899.0,11899.0,297.47,11601.53,MOB300,كفر الشيخ,Cash On Delivery
2006291441,2026-09-01 21:12:51,Sep 01,MP,brideshouse,Cookware,طقم كنك سولينجن استانلس استيل يد بكاليت، 4 قطع - ازرق,Bridehouse-28,1.0,599.0,599.0,29.95,569.05,KCH200,Cairo,Cash On Delivery
4000164718,2026-09-01 21:12:31,Sep 01,raneen,raneen,Mobile Phones,"Poco C85 Smart Mobile Phone, 4G Network, Dual SIM, 256GB, 8GB RAM - Green",EL1140775GRN,1.0,8999.0,8999.0,224.97,8774.03,MOB300,القاهرة,Paymob Wallet
2006291432,2026-09-01 21:11:20,Sep 01,MP,electricshop,Refrigerators &amp; Freezers,ثلاجة نوفروست ال جي، 401 لتر، شاشة ديجيتال، GTF402SSAN - فضي,EL1098961SLV-conf-electricshop,1.0,33800.0,33800.0,0.0,33800.0,,الشرقية,Cash On Delivery
2006291429,2026-09-01 21:10:49,Sep 01,raneen,raneen,Cleaning Tools &amp; Supplies,باسكت قمامه بلاستيك مربع بالغطاء سفير، 2 عجله، 90 لتر - اسود,HO1131000BLK,1.0,399.0,399.0,19.95,379.05,KCH200,القاهرة,Cash On Delivery
2006291429,2026-09-01 21:10:49,Sep 01,MP,elitefurniture,Home &amp; Balcony Essentials,جزامة قماش، 160x60 سم، 9 أرفف - أسود,al-wahsh-5,1.0,615.0,615.0,30.75,584.25,KCH200,القاهرة,Cash On Delivery
2006291429,2026-09-01 21:10:49,Sep 01,MP,dukanalaa,Power &amp; Hand Tools,خرطوم قابل للتمديد بفوهة رش - 100 قدم - ازرق,RAN-AXGZ885,1.0,525.0,525.0,0.0,525.0,KCH200,القاهرة,Cash On Delivery
2006291426,2026-09-01 21:10:38,Sep 01,MP,lightcart,Kitchen Accessories,علاقة باب خلفي متعددة الوظائف مع 7 خطافات لباب الحمام من دولار فور امبروت - تعليق القبعات والملابس,RAN-EURUAXH,1.0,139.0,139.0,0.0,139.0,,الأسكندرية,Cash On Delivery
2006291426,2026-09-01 21:10:38,Sep 01,raneen,raneen,Fans,مروحة ستاند جلاكسى فريش، 16 بوصة، 3 ريشة، 3 سرعات - ازرق,EL1059662BLU,2.0,1349.0,2698.0,0.0,2698.0,,الأسكندرية,Cash On Delivery
2006291417,2026-09-01 21:04:46,Sep 01,raneen,raneen,Nursery Furniture &amp; Decor,لعبة زحليقة بلاستيك للاطفال، 4 درجات، 170×40 سم - فوشيا ليموني,TY1101827FC3,1.0,699.0,699.0,0.0,699.0,,الجيزة,Cash On Delivery
2006291417,2026-09-01 21:04:46,Sep 01,MP,muk,Diapers,حفاضات جيب قطنية قابلة للتعديل قابلة لإعادة الاستخدام وقابلة للغسل للأطفال البيبي والرضع والأطفال الصغار من عمر 0 إلى 3 سنوات من هانسو بيبي، أرجواني,RAN-RMQNEYK,1.0,133.5,133.5,0.0,133.5,,الجيزة,Cash On Delivery
2006291417,2026-09-01 21:04:46,Sep 01,MP,lightcart,Baby Care,مقعد تدريب المرحاض القابل للطي للأطفال مع سلم | أزرار جانبية، أقدام غير قابلة للانزلاق، سهولة التركيب,RAN-N6MFHD2,1.0,679.0,679.0,0.0,679.0,,الجيزة,Cash On Delivery
2006291417,2026-09-01 21:04:46,Sep 01,raneen,raneen,Nursery Furniture &amp; Decor,لعبة كرسي هزاز علي شكل حصان بلاستيك، 90×50 سم - ازرق,TY1101826BLU,1.0,249.0,249.0,0.0,249.0,,الجيزة,Cash On Delivery
2006291417,2026-09-01 21:04:46,Sep 01,MP,aldora,Mattress,واقي مرتبة، مقاوم للماء، طول 200 سم - ابيض,ALDOPROOF07WIT,1.0,448.0,448.0,0.0,448.0,,الجيزة,Cash On Delivery
4000164715,2026-09-01 21:02:57,Sep 01,MP,goldena,Fryers,"Fresh FAO-1500 Oven Air Fryer, 20 Liter, 1500 Watt - Black",500017936,1.0,3401.0,3401.0,0.0,3401.0,,Cairo,Credit/Debit Card
2006291411,2026-09-01 21:02:16,Sep 01,raneen,raneen,Home &amp; Balcony Essentials,ترابيزه بلاستيك مربعه الهدى، 43×43×40 سم - كشمير,HO1140630KS1,1.0,100.0,100.0,0.0,100.0,,الجيزة,Cash On Delivery
2006291411,2026-09-01 21:02:16,Sep 01,raneen,raneen,Side Table,ترابيزة جانبية مربعة خشب ام دي اف العلا جروب، 40×40×56 سم ,HO1113233BEG,1.0,875.0,875.0,0.0,875.0,,الجيزة,Cash On Delivery
2006291411,2026-09-01 21:02:16,Sep 01,raneen,raneen,Carpets,سجادة 3D قطيفة ظهر دوتس، 175×265 سم، 2.8 كجم تقريبا - متعدد الالوان,TX1148527ML4,1.0,499.0,499.0,0.0,499.0,,الجيزة,Cash On Delivery
2006291405,2026-09-01 21:01:44,Sep 01,raneen,raneen,Air Coolers,مبرد هواء فريش، 210 وات، 60 لتر، FA-M60 - ابيض رمادي فاتح,EL1069767WNG,1.0,4199.0,4199.0,0.0,4199.0,,الأقصر,Cash On Delivery
2006291402,2026-09-01 20:58:32,Sep 01,raneen,raneen,Serveware,صينية ميلامين مستطيلة الشريف، 42.5×27.1×2.1 سم - متعدد الالوان,HO1007220MC5,1.0,107.0,107.0,0.0,107.0,,القاهرة,Cash On Delivery
2006291399,2026-09-01 20:58:22,Sep 01,MP,antikawoodfurniture,TV Table,مكتبه تلفزيون خشب أم دي أف، 180×48×30 سم -  بني رمادي,YMUNIARTTV-153-BrownGrey-antikawoodfurniture,1.0,4419.0,4419.0,500.0,3919.0,off500,الجيزة,Cash On Delivery
2006291396,2026-09-01 20:57:54,Sep 01,raneen,raneen,Dinnerware,طقم عشاء أركوبال اماراتي لومينارك، 26 قطعة - ابيض,HO1124768WI1,2.0,1249.0,2498.0,124.9,2373.1,KCH200,الفيوم,Cash On Delivery
2006291387,2026-09-01 20:56:23,Sep 01,raneen,raneen,Towels,فوطه قطن جاكار، 50×90 سم، 290 جرام تقريبا - رمادي,TX1130513GY5,1.0,89.0,89.0,0.0,89.0,,القاهرة,Cash On Delivery
2006291387,2026-09-01 20:56:23,Sep 01,raneen,raneen,Towels,فوطه قطن جاكار، 50×100 سم، 280 جرام تقريبا - بترولي,TX1127872PT2,1.0,79.0,79.0,0.0,79.0,,القاهرة,Cash On Delivery
2006291387,2026-09-01 20:56:23,Sep 01,raneen,raneen,Towels,فوطه قطن جاكار، 50×100 سم، 280 جرام تقريبا - اوف وايت,TX1127873OF0,1.0,79.0,79.0,0.0,79.0,,القاهرة,Cash On Delivery
2006291384,2026-09-01 20:56:15,Sep 01,raneen,raneen,Towels,فوطه قطن ساده نايس هوم، 50×100 سم، 300 جرام تقريبا - ابيض,TX1128740WIT,1.0,149.0,149.0,7.45,141.55,TEX200,الجيزة,Cash On Delivery
2006291384,2026-09-01 20:56:15,Sep 01,raneen,raneen,Towels,فوطه قطن ساده نايس هوم، 50×100 سم، 300 جرام تقريبا - كافية,TX1128743CAF,1.0,149.0,149.0,7.45,141.55,TEX200,الجيزة,Cash On Delivery
2006291384,2026-09-01 20:56:15,Sep 01,raneen,raneen,Towels,بشكير قطن ساده نايس هوم، 90×150 سم، 825 جرام تقريبا - بترولي,TX1128790PTR,2.0,399.0,798.0,39.9,758.1,TEX200,الجيزة,Cash On Delivery
2006291384,2026-09-01 20:56:15,Sep 01,raneen,raneen,Towels,بشكير قطن ساده نايس هوم، 90×150 سم، 825 جرام تقريبا - رمادي داكن,TX1128794DG1,2.0,399.0,798.0,39.9,758.1,TEX200,الجيزة,Cash On Delivery
2006291384,2026-09-01 20:56:15,Sep 01,raneen,raneen,Towels,فوطه قطن ساده نايس هوم، 50×100 سم، 300 جرام تقريبا - بترولي,TX1128746PTR,4.0,149.0,596.0,29.8,566.2,TEX200,الجيزة,Cash On Delivery
2006291384,2026-09-01 20:56:15,Sep 01,raneen,raneen,Towels,فوطه قطن ساده نايس هوم، 30×30 سم، 70 جرام تقريبا - ابيض,TX1128762WIT,9.0,35.0,315.0,15.75,299.25,TEX200,الجيزة,Cash On Delivery
2006291384,2026-09-01 20:56:15,Sep 01,raneen,raneen,Towels,فوطه قطن ساده نايس هوم، 30×30 سم، 70 جرام تقريبا - رمادي داكن,TX1128771DGY,7.0,35.0,245.0,12.25,232.75,TEX200,الجيزة,Cash On Delivery
2006291384,2026-09-01 20:56:15,Sep 01,raneen,raneen,Towels,فوطه قطن ساده نايس هوم، 30×30 سم، 70 جرام تقريبا - رمادي داكن,TX1128772DG1,6.0,35.0,210.0,10.5,199.5,TEX200,الجيزة,Cash On Delivery
2006291384,2026-09-01 20:56:15,Sep 01,raneen,raneen,Kitchenware,استاند طقم توزيع معدن كروم اتوم ستيل، 6×1، 10×16×41 سم - اسود,HO1094178BLK,1.0,84.0,84.0,0.0,84.0,TEX200,الجيزة,Cash On Delivery
2006291384,2026-09-01 20:56:15,Sep 01,raneen,raneen,Bedding,كوفرته قطن ساده محلة، 180×250 سم، 375 جرام تقريبا - بيج,TX1115211BEG,1.0,699.0,699.0,34.95,664.05,TEX200,الجيزة,Cash On Delivery
2006291384,2026-09-01 20:56:15,Sep 01,raneen,raneen,Storage,تروللي اكريليك متعدد الأستخدامات حجازي، بعجلات بلاستيك وشاسية معدن، 4 دور، 33×20×83 سم - شفاف,HO1143976CLR,2.0,449.0,898.0,0.0,898.0,TEX200,الجيزة,Cash On Delivery
2006291375,2026-09-01 20:55:16,Sep 01,MP,asmagroup,Refrigerators &amp; Freezers,ثلاجة ميديا كومبي، نوفروست، 330 لتر، 2 باب، ديجيتال، استانلس استيل، MDRB489FGN46 - فضي,EL1135711SLV-asmagroup,1.0,21529.0,21529.0,0.0,21529.0,,البحر الأحمر,Cash On Delivery
2006291372,2026-09-01 20:54:47,Sep 01,raneen,raneen,Televisions,تلفزيون سمارت ال جى، 65 بوصة، UHD، مزود برسيفر داخلى، ماجيك ريموت، 65NU850B6LA - اسود,EL1148629BLK,1.0,25999.0,25999.0,500.0,25499.0,TV500,الأسكندرية,Cash On Delivery
2006291369,2026-09-01 20:54:30,Sep 01,raneen,raneen,Refrigerators &amp; Freezers,ديب فريزر راسي نوفروست توشيبا، 238 لتر، 7 درج ، GR-RU312WE-DMN(37H) - رمادي داكن,EL1110864DGY,1.0,27589.0,27589.0,0.0,27589.0,,دمياط,Cash On Delivery
2006291351,2026-09-01 20:50:06,Sep 01,MP,salemelectric,Air Conditioner,تكييف سبليت بيكو ، 1.5 حصان ، بارد ساخن ، انفرتر ، BIE 121 - ابيض,5888-salemelectric,1.0,19499.0,19499.0,0.0,19499.0,,القاهرة,Paymob Wallet
2006291342,2026-09-01 20:38:05,Sep 01,MP,tibatrading,Water Filters Accessories,مضخة مياه صغيرة تعمل بدون بطاريات و سهلة التنظيف - أبيض أزرق,TIBA.KIT.431,2.0,120.0,240.0,0.0,240.0,,القاهرة,Cash On Delivery
2006291333,2026-09-01 20:36:11,Sep 01,MP,coktailstore,Kitchen Scale,ميزان حقائب محمول إلكتروني رقمي 50 كجم من شواي - للسفر - معلق - حقائب - مقياس وزن,RAN-EJQVQUS,1.0,170.0,170.0,8.5,161.5,KCH200,القليوبية,Cash On Delivery
4000164712,2026-09-01 20:35:25,Sep 01,MP,elandalos,Air Conditioner,"Haier HSU-18KHROCC Split Air Conditioner, Plasma, 2.25 HP, Cold/Hot- White",HSU-18KHROCC-acc,1.0,28888.0,28888.0,0.0,28888.0,,Cairo,Credit/Debit Card
2006291321,2026-09-01 20:33:15,Sep 01,MP,elkabeer,Mixers &amp; Blenders,هاند بلندر3 في 1 رافال ، 1200 وات ، 600 مل - فضي,6227031111634,1.0,2229.0,2229.0,0.0,2229.0,,القاهرة,valU
2006291300,2026-09-01 20:30:09,Sep 01,MP,attallah,Water Heaters,سخان مياه كهربائي فريش، 50 لتر - ابيض,B01KVAXKAUWHT,1.0,3385.0,3385.0,0.0,3385.0,,الجيزة,Cash On Delivery
2006291297,2026-09-01 20:30:00,Sep 01,raneen,raneen,Televisions,"تلفزيون سمارت سامسونج، 50 بوصة، LED، UHD، ريسيفر داخلي, UA50U8000HUXEG - اسود",EL1147147BLK,3.0,18899.0,56697.0,1500.0,55197.0,tv500,الجيزة,Premium Card
2006291294,2026-09-01 20:29:14,Sep 01,raneen,raneen,Electronics Audio,طقم صب ووفر ميدياتك، MT-854 - اسود,EL1063501BLK,1.0,2699.0,2699.0,0.0,2699.0,,القاهرة,Cash On Delivery
2006291282,2026-09-01 20:25:54,Sep 01,raneen,raneen,Cookware,حلة تحمير تيفلون بيمو كوك، غطاء زجاج مع شبكة تحمير، 3 لتر - بيج شفاف,HO1127601BEG,1.0,325.0,325.0,16.25,308.75,KCH200,الغربية,Credit/Debit Card
2006291279,2026-09-01 20:24:22,Sep 01,raneen,raneen,Coffee Makers,كنكة قهوة كهربائية بلاستيك سيلكت، 500 مل، 350 وات - ابيض,EL1137883WIT,1.0,140.0,140.0,0.0,140.0,,الجيزة,Cash On Delivery
4000164709,2026-09-01 20:24:05,Sep 01,MP,pharmacyly,Soap &amp; Shower Gel,"BodyGuard Hand Sanitizer Liquid, 1000 ml - Blue",ES00067134,2.0,120.0,240.0,0.0,240.0,,Cairo,Credit/Debit Card
2006291276,2026-09-01 20:22:00,Sep 01,raneen,raneen,Desks,مكتب خشب أم دي أف شاسيه معدن، 100×50×75 سم، 2 رف سفلي,HO1120224GY1,1.0,2499.0,2499.0,0.0,2499.0,,Alexandria,Free
2006291276,2026-09-01 20:22:00,Sep 01,MP,lightcart,Kitchenware,مصفاة أرز مائلة، أداة مطبخ فعالة لسهولة غسل وتصفية الأرز والنودلز والحبوب بهيكل متين للطهاة المحترفين والطهاة المنزليين,RAN-F5ERH8G,1.0,249.0,249.0,0.0,249.0,,Alexandria,Free
2006291276,2026-09-01 20:22:00,Sep 01,MP,biti,Cutlery &amp; Flatware Set,ملعقة طهي خشب، طقم 5 قطع، لون بيج,RAN-RERBGNH,1.0,149.0,149.0,0.0,149.0,,Alexandria,Free
2006291276,2026-09-01 20:22:00,Sep 01,MP,ocean,Kitchenware,بخاخ زيت للطبخ من الستانلس ستيل الزيتون زجاجة ميستر موزع وقلاية هواء صغيرة,RAN-JPX7MKP,1.0,149.0,149.0,0.0,149.0,,Alexandria,Free
2006291273,2026-09-01 20:21:29,Sep 01,MP,edgelighting,Wall Lamp Lights,أبليك حائطي، 1 لمبة، 35×15 سم - ذهبي,C290GLD,2.0,409.0,818.0,0.0,818.0,,North Coast,Cash On Delivery
2006291270,2026-09-01 20:19:36,Sep 01,raneen,raneen,Home Decor,طقم برواز خشب ايات قرانيه، 3 قطع، 20×30 سم - ذهبي,HO1114691GL1,1.0,50.0,50.0,2.5,47.5,KCH200,القاهرة,Cash On Delivery
2006291270,2026-09-01 20:19:36,Sep 01,raneen,raneen,Watches &amp; Alarms,ساعة حائط بلاستيك، 55 سم - بني ذهبي,HO1129248BR2,1.0,115.0,115.0,5.75,109.25,KCH200,القاهرة,Cash On Delivery
2006291264,2026-09-01 20:17:05,Sep 01,raneen,raneen,Kettles,غلاية مياه كهربائية بايركس سيلكت، 2.2 لتر، 1500 وات - اسود شفاف,EL1137880BLK,1.0,429.0,429.0,0.0,429.0,,القاهرة,Cash On Delivery
2006291231,2026-09-01 20:09:57,Sep 01,MP,nilestore,Kettles,غلاية لاسلكية ستانلس ستيل كينوود، 1.7 لتر، 3000 وات، ZJM11.000SS - فضي,ISTZjm11000Ss-nilestore,1.0,2560.0,2560.0,0.0,2560.0,,القاهرة,Cash On Delivery
2006291222,2026-09-01 20:08:01,Sep 01,raneen,raneen,Mobile Phones,موبايل سمارت انفينكس هوت 60 برو بلس، شريحتين، شبكة الجيل الرابع، 8+8 جيجا رام، 256 جيجا بايت - اصفر,EL1154556YLW,1.0,11899.0,11899.0,297.47,11601.53,mob300,البحيرة,Cash On Delivery
2006291216,2026-09-01 20:07:17,Sep 01,MP,moblianamodel,Chairs,كرسي خشب زان قماش كتان كويا، 75×80×80 سم - ازرق,MOBMAD12,1.0,4499.0,4499.0,500.0,3999.0,off500,Giza,Cash On Delivery
2006291213,2026-09-01 20:06:57,Sep 01,raneen,raneen,Water Heaters,سخان مياه كهربائي اريستون، 50 لتر، RUBIS50VEG - ابيض,EL1129298WIT,1.0,3699.0,3699.0,0.0,3699.0,,القليوبية,Cash On Delivery
2006291204,2026-09-01 20:06:04,Sep 01,raneen,raneen,Mobile Phones,موبايل سمارت انفينكس هوت 60 برو بلس، شريحتين، شبكة الجيل الرابع، 8+8 جيجا رام، 256 جيجا بايت - اصفر,EL1154556YLW,1.0,11899.0,11899.0,297.47,11601.53,mob300,البحيرة,Cash On Delivery
2006291201,2026-09-01 20:05:57,Sep 01,MP,lightcart,Cleaning Tools &amp; Supplies,دلو تنظيف منزلي ذكي وعملي مع فلتر مزدوج - تصميم أنيق، كفاءة عالية وتنظيف أسهل,RAN-HT9WM39,1.0,1179.0,1179.0,58.95,1120.05,KCH200,القاهرة,Paymob Wallet
2006291195,2026-09-01 20:05:37,Sep 01,MP,yrstore,Water Filters Accessories,عبوة شمع فلتر برو تانك، 3×1، 6 وظائف - ابيض,procandle-yrstore,1.0,739.0,739.0,0.0,739.0,,القاهرة,Credit/Debit Card
2006291189,2026-09-01 20:04:10,Sep 01,MP,abdelaziz,Shaving &amp; Grooming,ماكينه حلاقه فى جى ار متعددة الاستخدام للرجال، V-357 - أزرق,V-357,1.0,950.0,950.0,0.0,950.0,,القاهرة,Cash On Delivery
2006291189,2026-09-01 20:04:10,Sep 01,MP,dukanalaa,Beauty &amp; Body Care,ديرما رولر تيتانيوم زي جي تي اس، 0.75 ملم - ذهبي,ZGTS075mmbundle-dokanalaa,1.0,145.0,145.0,0.0,145.0,,القاهرة,Cash On Delivery
4000164703,2026-09-01 20:03:45,Sep 01,MP,anfasstore,Makeup,"Pro Mat Glm711 White L.A. Girl Mixing Hair Color, For Women, 30Ml",MP81555967116,1.0,425.0,425.0,0.0,425.0,,Qalyubia,Cash On Delivery
2006291183,2026-09-01 20:03:03,Sep 01,MP,woodenfurniture,TV Table,مجموعه ترابيزات غرفه معيشه مع جزامه ، ام دي اف ، متعدد الالوان,41635-41635,1.0,5499.0,5499.0,500.0,4999.0,off500,Damietta,Cash On Delivery
2006291177,2026-09-01 20:01:31,Sep 01,MP,alaaeldin,PlayStation &amp; Accessories,صندوق ألعاب بتصميم كلاسيكي ومحمول بفيديو 8k ومحرك ألعاب بـ 64 جيجابايت لايت 4k وعصا تحكم لـ 10000 لعبة (ألعاب فيديو),VA-KO4D-W8E8,1.0,950.0,950.0,0.0,950.0,,الغربية,QNB Installments
2006291174,2026-09-01 20:01:29,Sep 01,raneen,raneen,Cookware,طقم طاجن فخار، 3 قطع - بني,HO1103090BR1,1.0,90.0,90.0,4.5,85.5,KCH200,المنوفية,Credit/Debit Card
2006291171,2026-09-01 19:58:39,Sep 01,MP,woodenfurniture,Center Table,ترابيزة وسط مودرن خشب ام دي اف، 80×40×45 سم - بني اسود,MFnct14fu-wooden,1.0,1099.0,1099.0,0.0,1099.0,,Cairo,Cash On Delivery
2006291168,2026-09-01 19:58:37,Sep 01,raneen,raneen,Mobile Phones,موبايل سمارت بوكو C85 ، شبكة الجيل الرابع، شريحتين، 256 جيجا بايت، 8 جيجا بايت رام - اخضر,EL1140775GRN,1.0,8999.0,8999.0,224.97,8774.03,mob300,الغربية,Cash On Delivery
2006291165,2026-09-01 19:57:34,Sep 01,raneen,raneen,Mobile Phones,موبايل سمارت انفينكس هوت 60 برو بلس، شريحتين، شبكة الجيل الرابع، 8+8 جيجا رام، 256 جيجا بايت - اصفر,EL1154556YLW,1.0,11899.0,11899.0,297.47,11601.53,mob300,البحيرة,Cash On Delivery
2006291159,2026-09-01 19:55:30,Sep 01,raneen,raneen,Storage,لانش بوكس بلاستيك زجزاج، 3 عين، 1.65 لتر - اسود,HO1118579BLK,1.0,142.0,142.0,7.1,134.9,KCH200,الجيزة,Cash On Delivery
2006291159,2026-09-01 19:55:30,Sep 01,MP,mattger,Drinkware,ترمس حراري ستانليس ستيل مزود بمصفاة داخلية وشاشة تاتش ديجيتال، 500 مللي - اسود,MFSteelThermosBLK,1.0,189.0,189.0,9.45,179.55,KCH200,الجيزة,Cash On Delivery
2006291156,2026-09-01 19:54:07,Sep 01,raneen,raneen,Fans,"مروحة سقف كاريوكا فريش, 16 بوصة, 3 ريشة, 3 سرعات - ابيض",EL1099916WIT,1.0,1570.0,1570.0,0.0,1570.0,,المنوفية,Cash On Delivery
2006291153,2026-09-01 19:54:02,Sep 01,raneen,raneen,Mobile Phones,موبايل سمارت سامسونج، جلاكسي، شريحتين اتصال، 4 جيجا رام، 128 جيجابايت، شبكة الجيل الرابع، A17 - اسود ازرق,EL1138488BLK,1.0,9799.0,9799.0,0.0,9799.0,,القاهرة,Free
2006291132,2026-09-01 19:50:35,Sep 01,raneen,raneen,Cleaning Tools &amp; Supplies,طقم فوط تنظيف ميكروفيبر كلينر، 8 قطع، 30×30 سم - متعدد الالوان,HO1136829MC1,1.0,200.0,200.0,10.0,190.0,KCH200,البحيرة,Credit/Debit Card
2006291132,2026-09-01 19:50:35,Sep 01,raneen,raneen,Cleaning Tools &amp; Supplies,فرشاة تنظيف حمام سيليكون بيد بلاستيك، دبل فيس، 42 سم - أبيض,HO1131636WI1,1.0,100.0,100.0,5.0,95.0,KCH200,البحيرة,Credit/Debit Card
2006291132,2026-09-01 19:50:35,Sep 01,raneen,raneen,Drinkware,طقم اكواب قهوة زجاج جلاجسي جلاس، 6 قطع، 90 ملى - شفاف,HO1146504CL1,1.0,70.0,70.0,3.5,66.5,KCH200,البحيرة,Credit/Debit Card
2006291132,2026-09-01 19:50:35,Sep 01,raneen,raneen,Cleaning Tools &amp; Supplies,جردل بالعصارة الهلال و النجمة - بني,HO1095122BRN,1.0,745.0,745.0,37.25,707.75,KCH200,البحيرة,Credit/Debit Card
2006291132,2026-09-01 19:50:35,Sep 01,raneen,raneen,Cleaning Tools &amp; Supplies,باسكت قمامة معدن مصر الكبري، 36×32 سم - اسود,HO1113185BLK,2.0,115.0,230.0,11.5,218.5,KCH200,البحيرة,Credit/Debit Card
2006291132,2026-09-01 19:50:35,Sep 01,raneen,raneen,Iron Tables,ترابيزة مكواة معدن قابلة للطي لابوار، 90×40×163 سم - متعدد الالوان,HO1140942ML5,1.0,899.0,899.0,44.95,854.05,KCH200,البحيرة,Credit/Debit Card
2006291132,2026-09-01 19:50:35,Sep 01,MP,tibatrading,Ladders &amp; Clothes Dryer,منشر غسيل قابل للطي مصنوع من معدن متين بتصميم الأجنحة مناسب للاستخدام الداخلي والخارجي,RAN-UGHVV7B,1.0,619.0,619.0,30.95,588.05,KCH200,البحيرة,Credit/Debit Card
2006291132,2026-09-01 19:50:35,Sep 01,raneen,raneen,Drinkware,طقم شوب عصير زجاج لومينارك، 6 قطع، 330 مل - شفاف,HO1120101CLR,1.0,249.0,249.0,12.45,236.55,KCH200,البحيرة,Credit/Debit Card
2006291132,2026-09-01 19:50:35,Sep 01,raneen,raneen,Drinkware,طقم مج زجاج لومينارك، 6 قطع، 250 مل - شفاف,HO1137740CLR,1.0,170.0,170.0,8.5,161.5,KCH200,البحيرة,Credit/Debit Card
2006291132,2026-09-01 19:50:35,Sep 01,raneen,raneen,Cleaning Tools &amp; Supplies,مساحة ارضيات بلاستيك بيد معدن نابولي برو الهلال و النجمة، 125×40 سم - اسود احمر,HO1118126BNR,1.0,223.0,223.0,11.15,211.85,KCH200,البحيرة,Credit/Debit Card
2006291132,2026-09-01 19:50:35,Sep 01,MP,elkabeer,Kettles,غلاية سوكانى ، 2.5  لتر، 1500 وات، SK-09077 - فضي,6227031021623,1.0,919.0,919.0,0.0,919.0,KCH200,البحيرة,Credit/Debit Card
2006291132,2026-09-01 19:50:35,Sep 01,MP,tatto,Irons,مكواه بخار كينوود، 2600 وات، 350 مللي، STP75.000WB - ازرق,STP75.000WB,1.0,1998.0,1998.0,0.0,1998.0,KCH200,البحيرة,Credit/Debit Card
2006291132,2026-09-01 19:50:35,Sep 01,raneen,raneen,Cleaning Tools &amp; Supplies,يد مقشة معدن الهلال والنجمة، 120 سم - برتقالي زيتوني,HO1029483MA1,1.0,50.0,50.0,2.5,47.5,KCH200,البحيرة,Credit/Debit Card
2006291132,2026-09-01 19:50:35,Sep 01,raneen,raneen,Cleaning Tools &amp; Supplies,فرشاة بالجاروف بلاستيك باليد الهلال والنجمة الفضية، 79×24 سم - اسود احمر,HO1005989BNR,1.0,259.0,259.0,12.95,246.05,KCH200,البحيرة,Credit/Debit Card
2006291132,2026-09-01 19:50:35,Sep 01,raneen,raneen,Cleaning Tools &amp; Supplies,فرشاة تنظيف بلاستيك الهلال والنجمة الفضية، 27 سم - موف احمر,HO1005988ML4,1.0,65.0,65.0,3.25,61.75,KCH200,البحيرة,Credit/Debit Card
2006291129,2026-09-01 19:49:57,Sep 01,MP,attallah,Water Heaters,سخان مياه كهربائي فريش، 50 لتر - ابيض,B01KVAXKAUWHT,1.0,3385.0,3385.0,0.0,3385.0,,الأسكندرية,Cash On Delivery
2006291129,2026-09-01 19:49:57,Sep 01,MP,ammerkatosh,Suction Fan,شفاط حائط فريش، 20 سم، 30 وات، اتجاه واحد، 500017122 - أبيض,Fresh20WHI-ammerkatosh,1.0,885.0,885.0,0.0,885.0,,الأسكندرية,Cash On Delivery
2006291123,2026-09-01 19:48:41,Sep 01,MP,nourshopping,Luggage,"طقم شنط سفر 3 قطع من مادة البولي بروبيلين القوية - مقاسات (20&quot;, 24&quot;, 28&quot;)",B0DWVP5MXJ,1.0,3990.0,3990.0,199.5,3790.5,FLY200,الأسكندرية,Credit/Debit Card
4000164700,2026-09-01 19:47:02,Sep 01,MP,nourshopping,Luggage,Musselz Unbreakable Pyramid Luggage Set - 3 Piece ,B0DWW2SL8C,1.0,4180.0,4180.0,200.0,3980.0,FLY200,الجيزة,Aman
2006291120,2026-09-01 19:46:31,Sep 01,raneen,raneen,Air Coolers,مبرد هواء تربو فريش، 40 لتر، 120 وات، FA-T40M - ابيض,EL1100297WIT,1.0,3714.0,3714.0,0.0,3714.0,,القاهرة,Credit/Debit Card
2006291114,2026-09-01 19:44:48,Sep 01,MP,ocean,Coffee Makers,آلة إسبريسو يدوية De&#039;Longhi Dedica Duo EC890.PK - وردي، بخاصية التبخير، 1450 واط,RAN-C6UBTFB,1.0,11299.0,11299.0,0.0,11299.0,,القاهرة,El-Ahly Installments
2006291096,2026-09-01 19:41:29,Sep 01,raneen,raneen,Televisions,تلفزيون سمارت شاومى، LED، HD، مزود برسيفر داخلى، 32 بوصة، ريموت بحث صوتى، L32M8P2EG - اسود,EL1121945BLK,1.0,7699.0,7699.0,0.0,7699.0,,الأسكندرية,Cash On Delivery
2006291090,2026-09-01 19:40:22,Sep 01,MP,hadymix,Shoe Rack,جزامة خشب شيب بورد، 2 درفة، 30x60x90 سم - بني,Hadymix-11011,1.0,999.0,999.0,0.0,999.0,,الجيزة,Cash On Delivery
2006291087,2026-09-01 19:38:52,Sep 01,raneen,raneen,Cleaning Tools &amp; Supplies,باسكت قمامة بلاستيك بغطاء متحرك الهدى، 20 لتر - رمادي اسود,HO1145752OL1,1.0,167.0,167.0,0.0,167.0,,الجيزة,Paymob Wallet
2006291084,2026-09-01 19:37:36,Sep 01,MP,elswedymobile,Mobile Phones,موبايل سمارت تكنو سبارك جو 3، ثنائي الشريحة، ذاكرة وصول عشوائي 4 جيجابايت، سعة تخزين 128 جيجابايت، يدعم شبكة الجيل الرابع - نسخة الشرق الأوسط - أسود لامع,elswedymbiles-25240,1.0,7200.0,7200.0,0.0,7200.0,,سوهاج,Credit/Debit Card
2006272220,2026-09-01 19:34:39,Sep 01,raneen,raneen,Televisions,تلفزيون سمارت ال جى، 65 بوصة، UHD، مزود برسيفر داخلى، ماجيك ريموت، 65NU850B6LA - اسود,EL1148629BLK,1.0,25999.0,25999.0,500.0,25499.0,TV500,القاهرة,Cash On Delivery
2006291072,2026-09-01 19:31:56,Sep 01,raneen,raneen,Shoes,حذاء رياضي جلد للبنات بريبندا,SH1141806OF2,1.0,399.0,399.0,0.0,399.0,,الجيزة,Credit/Debit Card
2006291072,2026-09-01 19:31:56,Sep 01,raneen,raneen,Shoes,حذاء برباط جلد×شبك للبنات ديسيرت,SH1126561R16,1.0,339.0,339.0,0.0,339.0,,الجيزة,Credit/Debit Card
2006291072,2026-09-01 19:31:56,Sep 01,raneen,raneen,Shoes,شبشب كلوج بلاستيك للبنات كارلوس,SH1143089PK0,1.0,75.0,75.0,0.0,75.0,,الجيزة,Credit/Debit Card
2006291072,2026-09-01 19:31:56,Sep 01,raneen,raneen,Shoes,حذاء رياضي تريكو للبنات,SH1141424G15,1.0,115.0,115.0,0.0,115.0,,الجيزة,Credit/Debit Card
2006291072,2026-09-01 19:31:56,Sep 01,raneen,raneen,Shoes,حذاء رياضي جلد للبنات,SH1145177WF0,1.0,339.0,339.0,0.0,339.0,,الجيزة,Credit/Debit Card
2006291069,2026-09-01 19:30:41,Sep 01,raneen,raneen,Shoes,حذاء رياضي جلد للسيدات,SH1107525W48,1.0,255.0,255.0,0.0,255.0,,دمياط,Cash On Delivery
2006291066,2026-09-01 19:30:38,Sep 01,raneen,raneen,Electronics Audio,مكبر صوت سلكي جاما ، يو اس بي ، GT-310 - أسود,EL1142687BLK,1.0,169.0,169.0,0.0,169.0,,الأسكندرية,Credit/Debit Card
2006291066,2026-09-01 19:30:38,Sep 01,raneen,raneen,Keyboard &amp; Mouse,ماوس لاسلكي اتش بي، W10 - اسود,EL1127659BLK,1.0,109.0,109.0,0.0,109.0,,الأسكندرية,Credit/Debit Card
2006291066,2026-09-01 19:30:38,Sep 01,raneen,raneen,Home Decor,فازة ورد صناعي بلاستيك، 30 سم - متعدد الالوان,HO1138565MC1,1.0,90.0,90.0,0.0,90.0,,الأسكندرية,Credit/Debit Card
2006291066,2026-09-01 19:30:38,Sep 01,raneen,raneen,Mattress,مرتبة سرير سوست متصلة سامبا الدورا، طول 195 سم، ارتفاع 23 سم,TX1069836WI2,1.0,3099.0,3099.0,0.0,3099.0,,الأسكندرية,Credit/Debit Card
2006291066,2026-09-01 19:30:38,Sep 01,raneen,raneen,Suction Fan,شفاط حائطى ايه تى ايه، 5 ريشة، 30 سم - بني,EL1054646BRN,1.0,654.0,654.0,0.0,654.0,,الأسكندرية,Credit/Debit Card
2006291063,2026-09-01 19:29:27,Sep 01,raneen,raneen,Mobile Phones,موبايل سمارت هونر X7D، ٢٥٦ جيجابايت، ٨ جيجابايت رام، شبكة الجيل الرابع - ذهبى,EL1137703GLD,1.0,14099.0,14099.0,0.0,14099.0,,الأسكندرية,Cash On Delivery
2006291060,2026-09-01 19:28:42,Sep 01,MP,moblianamodel,Chairs,كرسي خشب زان قماش كتان كويا، 75×80×80 سم - ازرق,MOBMAD12,1.0,4499.0,4499.0,0.0,4499.0,,الجيزة,Cash On Delivery
2006291054,2026-09-01 19:26:29,Sep 01,MP,hamlez,Bed Sheets,طقم ملايه سرير من القطن الناعم بلون بنك فاتح بحجم 140 سم * 200 سم * 30 سم مع غطاء وسادتين - منزلي حديث وفندقي,RAN-N9US53P,1.0,395.99,395.99,0.0,395.99,OFF500,الشرقية,Cash On Delivery
2006291054,2026-09-01 19:26:29,Sep 01,MP,samafurniture,Beds,سرير خشب كبس كونتر، 120×120×195 سم مقاس مفرد - اوف وايت,ABDWSO12OFW-120,1.0,3999.0,3999.0,500.0,3499.0,OFF500,الشرقية,Cash On Delivery
2006291048,2026-09-01 19:24:13,Sep 01,MP,penguin,Bean Bags,بين باج ووتر بروف بينجوين، 70×45 سم,6223006301641YLW,1.0,999.0,999.0,0.0,999.0,,القاهرة,Cash On Delivery
2006291042,2026-09-01 19:18:05,Sep 01,MP,woodrate,TV Table,ترابيزة تلفزيون خشب ام دي اف، 60x120x30 سم - ابيض بني,MP1019,1.0,1249.0,1249.0,0.0,1249.0,,الجيزة,Cash On Delivery
2006291036,2026-09-01 19:16:34,Sep 01,raneen,raneen,Bedding,بطانية قطيفة طبقتين اصلان، 220×240 سم، 8 كجم - احمر,TX1084637RD3,1.0,2099.0,2099.0,0.0,2099.0,,الأسكندرية,Credit/Debit Card
2006291036,2026-09-01 19:16:34,Sep 01,raneen,raneen,Bedding,بطانية قطيفة طبقتين مورانو كلاود، أسباني، 220×240 سم، 7400 جرام- روز,TX1073288RS9,1.0,2199.0,2199.0,0.0,2199.0,,الأسكندرية,Credit/Debit Card
2006291030,2026-09-01 19:15:07,Sep 01,MP,radiotalaat,Electronics Audio,راديو كلاسيك جولون، عداد رقمي، RX-608ACW - بني,RT12175BRN,1.0,310.0,310.0,0.0,310.0,,الشرقية,Cash On Delivery
2006291018,2026-09-01 19:12:46,Sep 01,raneen,raneen,Mobile Phones,موبايل سمارت اوبو، A6، شريحتين اتصال، 128 جيجابايت، 4 جيجابايت رام، شبكة الجيل الرابع - ازرق,EL1151040BLU,1.0,10899.0,10899.0,0.0,10899.0,,القاهرة,Premium Card
2006291021,2026-09-01 19:12:44,Sep 01,raneen,raneen,Mobile Phones,موبايل سمارت بوكو C85 ، شبكة الجيل الرابع، شريحتين، 256 جيجا بايت، 8 جيجا بايت رام - اخضر,EL1140775GRN,1.0,8999.0,8999.0,0.0,8999.0,,الغربية,Cash On Delivery
2006291015,2026-09-01 19:11:02,Sep 01,MP,skyfurniture,Bedrooms,غرفة نوم مودرن كاملة خشب ام دي اف، 6 قطع، سرير، دولاب، 2 كمود، ترابيزة تسريحة، مرايا - رمادي,HOMZBRHM05-skyfurniture,1.0,33999.0,33999.0,500.0,33499.0,OFF500,القاهرة,Cash On Delivery
2006291006,2026-09-01 19:10:24,Sep 01,raneen,raneen,Cookware,طقم حلل جرانيت داي كاست الفا، 11 قطعة - بيج,HO1155014BEG,1.0,2999.0,2999.0,149.95,2849.05,KCH200,الجيزة,Cash On Delivery
2006291003,2026-09-01 19:10:15,Sep 01,raneen,raneen,Mobile Phones,موبايل سمارت بوكو C85 ، شبكة الجيل الرابع، شريحتين، 256 جيجا بايت، 8 جيجا بايت رام - اخضر,EL1140775GRN,1.0,8999.0,8999.0,224.97,8774.03,mob300,الغربية,Cash On Delivery
2006291000,2026-09-01 19:08:54,Sep 01,raneen,raneen,Cleaning Tools &amp; Supplies,مسحوق غسالات الاطباق بودر فينيكس، 500 جرام - ابيض,HO1116219WIT,1.0,100.0,100.0,5.0,95.0,KCH200,Giza,Cash On Delivery
2006290997,2026-09-01 19:08:53,Sep 01,raneen,raneen,Mixers &amp; Blenders,كبة كهربائية سوكاني، 300 وات، 2 لتر، SK-7006 - احمر اسود,EL1085131RD1,1.0,349.0,349.0,0.0,349.0,,الجيزة,Paymob Wallet
2006290994,2026-09-01 19:07:25,Sep 01,raneen,raneen,Kitchenware,طقم توزيع خشب بمصفاة مستديرة فالمر، 5 قطع - خشبي,HO1107616BSC,1.0,91.0,91.0,0.0,91.0,,القليوبية,Premium Card
2006290994,2026-09-01 19:07:25,Sep 01,raneen,raneen,Home Decor,منفضة سجائر زجاج مستديرة بيور جلاس، 10 سم - شفاف,HO1143416CLR,1.0,22.0,22.0,0.0,22.0,,القليوبية,Premium Card
2006290994,2026-09-01 19:07:25,Sep 01,raneen,raneen,Home Decor,منفضة سجائر زجاج بيور جلاس، شكل قلب، 10 سم - شفاف,HO1142763CLR,1.0,27.0,27.0,0.0,27.0,,القليوبية,Premium Card
2006290994,2026-09-01 19:07:25,Sep 01,raneen,raneen,Knife &amp; Cutters,سكينة خضار اليكس ميتال، 7 بوصة - اسود,HO1051243BLK,1.0,44.0,44.0,0.0,44.0,,القليوبية,Premium Card
2006290994,2026-09-01 19:07:25,Sep 01,raneen,raneen,Kitchenware,مصفاة ملاعق بلاستيك وينر بلاست، 4 عين، 25×32×4.5 سم - كشمير,HO1067701BG2,1.0,64.0,64.0,0.0,64.0,,القليوبية,Premium Card
2006290994,2026-09-01 19:07:25,Sep 01,raneen,raneen,Dinnerware,طقم عشاء اركوبال جراند، 24 قطعة - ابيض ازرق,HO1140980MC8,1.0,599.0,599.0,0.0,599.0,,القليوبية,Premium Card
2006290994,2026-09-01 19:07:25,Sep 01,raneen,raneen,Kids Bags,شنطة ظهر مدرسية للاولاد ستار، 3 سوستة، 14 بوصة، بالاضافة الي مقلمة صغيرة - اسود اخضر,HO1150336BK1,1.0,200.0,200.0,0.0,200.0,,القليوبية,Premium Card
2006290994,2026-09-01 19:07:25,Sep 01,raneen,raneen,Kids Bags,شنطة مدرسية ووتر بروف للاولاد، 30×40 سم، 2 سوسته، بالأضافة الى مقلمه - متعدد الالوان,HO1151922MC7,1.0,299.0,299.0,0.0,299.0,,القليوبية,Premium Card
2006290979,2026-09-01 19:03:52,Sep 01,MP,shoppingonline,Men&#039;s Bags,شنطة كتف يومية يير مقاومة للماء - أسود,B09RPDH75T,1.0,166.25,166.25,0.0,166.25,,البحيرة,Cash On Delivery
2006290970,2026-09-01 19:00:43,Sep 01,MP,moblianamodel,Beds,سرير كينج خشب موسكى قماش كتان كويا، 120×160×200 سم - رمادي,MOBMAD4,1.0,4499.0,4499.0,0.0,4499.0,,الجيزة,Cash On Delivery
2006290961,2026-09-01 19:00:08,Sep 01,raneen,raneen,Mobile Phones,موبايل سمارت انفينكس هوت 60 برو بلس، شريحتين، شبكة الجيل الرابع، 8+8 جيجا رام، 256 جيجا بايت - اصفر,EL1154556YLW,1.0,11899.0,11899.0,297.47,11601.53,MOB300,الغربية,Credit/Debit Card
2006290955,2026-09-01 18:57:10,Sep 01,raneen,raneen,Mobile Phones,موبايل سمارت انفينكس هوت 60 برو بلس، شريحتين، شبكة الجيل الرابع، 8+8 جيجا رام، 256 جيجا بايت - اصفر,EL1154556YLW,1.0,11899.0,11899.0,297.47,11601.53,MOB300,Al Sharqia,Cash On Delivery
2006290949,2026-09-01 18:57:04,Sep 01,raneen,raneen,Mobile Phones,موبايل سمارت بوكو C85 ، شبكة الجيل الرابع، شريحتين، 256 جيجا بايت، 8 جيجا بايت رام - اخضر,EL1140775GRN,1.0,8999.0,8999.0,224.97,8774.03,mob300,الغربية,Cash On Delivery
2006290940,2026-09-01 18:55:07,Sep 01,MP,gomlacenter,Hair Care,مجفف الشعر المهني بقوة 5000 واط من بوليتون، جفاف سريع، 3 إعدادات للحرارة، 2 سرعات، حماية ضد الحرارة الزائدة، PT-V8,RAN-JCMWXSS,1.0,425.0,425.0,0.0,425.0,,القاهرة,Cash On Delivery
2006290934,2026-09-01 18:53:28,Sep 01,raneen,raneen,Kitchenware,ملعقة سمنة كبيرة خشب زان الزهراء، 35 سم - بني,HO1024299BS1,1.0,37.0,37.0,1.85,35.15,KCH200,الجيزة,Paymob Wallet
2006290934,2026-09-01 18:53:28,Sep 01,raneen,raneen,Kitchenware,اسباتولا خشب الزهراء - بنى,HO1024153BSC,1.0,37.0,37.0,1.85,35.15,KCH200,الجيزة,Paymob Wallet
2006290934,2026-09-01 18:53:28,Sep 01,raneen,raneen,Cutlery &amp; Flatware Set,طقم ملاعق ستانلس ستيل الهدي، 6 قطع - فضي,HO1100779SLV,1.0,44.0,44.0,2.2,41.8,KCH200,الجيزة,Paymob Wallet
2006290934,2026-09-01 18:53:28,Sep 01,raneen,raneen,Cutlery &amp; Flatware Set,طقم شوك جاتوة اليكس ميتل، 6 قطع - فضي,HO1028371SLV,1.0,67.0,67.0,3.35,63.65,KCH200,الجيزة,Paymob Wallet
2006290934,2026-09-01 18:53:28,Sep 01,MP,ammerkatosh,Mixers &amp; Blenders,خلاط كهربائي تربو بلاس نوفال، 400 وات، 2 مطحنة، 1.5 لتر- ابيض,EL1086964WI1-ammerkatosh,1.0,829.0,829.0,0.0,829.0,KCH200,الجيزة,Paymob Wallet
2006290931,2026-09-01 18:52:55,Sep 01,raneen,raneen,Watches &amp; Alarms,ساعه حائط بلاستيك مستديره، 37 سم - بني اسود,HO1116479BR2,1.0,149.0,149.0,0.0,149.0,,الجيزة,Cash On Delivery
2006290928,2026-09-01 18:51:42,Sep 01,raneen,raneen,Suction Fan,شفاط حائطي فريش، 25 سم، اتجاهين - ابيض ازرق,EL1044599WIT,1.0,1009.0,1009.0,0.0,1009.0,,القاهرة,Aman
2006290928,2026-09-01 18:51:42,Sep 01,raneen,raneen,Water Dispenser,مبرد مياة فريش، بارد فاتر، 2 حنفية، FW-17VFBW2 - ابيض اسود,EL1155013WNB,1.0,4949.0,4949.0,0.0,4949.0,,القاهرة,Aman
2006290925,2026-09-01 18:50:59,Sep 01,raneen,raneen,Irons,مكواة بخار ميديا تك، 2200 وات، MT-C275 - متعدد الالوان,EL1053737LNB,1.0,1210.0,1210.0,0.0,1210.0,,الجيزة,Cash On Delivery
2006290922,2026-09-01 18:50:41,Sep 01,MP,coktailstore,Storage,"مجموعة علب طعام معزولة, 4 قطغ ، ابيض كريمي",RAN-ER2BYES,1.0,525.0,525.0,0.0,525.0,,Damietta,Cash On Delivery
2006290910,2026-09-01 18:48:26,Sep 01,MP,coktailstore,Cleaning Tools &amp; Supplies,فرشاة تنظيف أرضية قابلة للتمديد مع ممسحة - أخضر أصفر,CK-09,2.0,99.0,198.0,0.0,198.0,,القاهرة,Cash On Delivery
2006290910,2026-09-01 18:48:26,Sep 01,MP,coktailstore,Bathroom Accessories,صبانة على شكل ورقة باللون الأزرق، حامل صابون مع صينية تجفيف، حافظات الصابون المصنوعة من مادة ايه بي اس المزخرفة للاستحمام والمطبخ,RAN-25SXXJS,1.0,69.0,69.0,0.0,69.0,,القاهرة,Cash On Delivery
2006290910,2026-09-01 18:48:26,Sep 01,raneen,raneen,Cleaning Tools &amp; Supplies,جردل مسح 2 عين بالغطاء بلاستيك سمارت حجازي بلاست، مزود بماسحة باركية، 2 غيار، 22×19×37 سم - بيج رمادي,HO1114685BG1,1.0,215.0,215.0,0.0,215.0,,القاهرة,Cash On Delivery
2006290907,2026-09-01 18:48:03,Sep 01,MP,asouaaq,Personal Care,جهاز تدليك الجسم بتقنية EMS للرقبة والكتفين والأذرع والساقين، 8 أوضاع تدليك و19 مستوى قوة، خفيف الوزن وقابل للشحن، للرجال والنساء - 1 ق,MP-HV-A62N-T4MW,1.0,99.0,99.0,0.0,99.0,,الجيزة,Cash On Delivery
2006290904,2026-09-01 18:47:57,Sep 01,MP,craftfurniture,Wardrobe,دولاب مودرن خشب ام دي اف، 210x160x60 سم - اسود,103-craftfurniture,1.0,17099.0,17099.0,0.0,17099.0,,الأسكندرية,Cash On Delivery
2006290898,2026-09-01 18:46:17,Sep 01,MP,dukanalaa,Pillows,مخدة رقبة قابلة للنفخ مع سدادات أذن وقناع للعين، مخدة للسفر والطائرة والمكتب والسيارة والتخييم - اسود,RAN-HVGH5GY,2.0,99.0,198.0,0.0,198.0,,الجيزة,Cash On Delivery
2006290895,2026-09-01 18:45:42,Sep 01,MP,brideshouse,Dinnerware,طقم عشاء فلور بورسلين راك، 114 قطعة - ابيض ذهبي,RACk8WHG,1.0,19666.0,19666.0,200.0,19466.0,KCH200,القاهرة,Cash On Delivery
2006290892,2026-09-01 18:45:25,Sep 01,MP,tatto,Water Filters,"فلتر مياه باناسونيك, مرحلة واحدة, TK-CS10 - ابيض",87131002828WITTAT,1.0,4985.0,4985.0,200.0,4785.0,KCH200,Giza,Cash On Delivery
2006290880,2026-09-01 18:40:48,Sep 01,MP,dukanabdelaziz,Air Coolers,مبرد هواء فريش، 2.5 لتر، 2000 وات، خواص تبريد وتسخين، F-AH-2000W - ابيض,F-AH-2000WROF-dukanabdelaziz,1.0,2799.0,2799.0,0.0,2799.0,,القاهرة,Cash On Delivery
2006290877,2026-09-01 18:39:33,Sep 01,MP,mam,Refrigerators &amp; Freezers,ثلاجة ديفروست يونيون اير جوستو، 2 باب، 310 لتر، ديجيتال تاتش، RD-320VVA-DSH - فضي,RD-320VV-DHGHUSTO-mam,1.0,11599.0,11599.0,0.0,11599.0,,Red Sea,Cash On Delivery
2006290874,2026-09-01 18:38:45,Sep 01,raneen,raneen,Dinnerware,طقم عشاء بورسلين لوتس، 62 قطعة - ابيض ذهبي,HO1147430MC1,1.0,5999.0,5999.0,200.0,5799.0,kch200,الأسكندرية,Credit/Debit Card
2006290856,2026-09-01 18:37:07,Sep 01,raneen,raneen,Dinnerware,طقم عشاء مربع بورسلين لوتس صن رايز، 62 قطعة - ابيض ذهبي,HO1139919MC1,1.0,5999.0,5999.0,0.0,5999.0,,القاهرة,Cash On Delivery
2006290850,2026-09-01 18:35:06,Sep 01,MP,molanafortraining,Kettles,غلاية Uakeen بتصميم أنيق، سعة 2 لتر مع مؤشر مستوى الماء، قاعدة دوارة 360، أقدام مانعة للانزلاق، 2200 وات، من الفولاذ المقاوم للصدأ اللوان متعدده ,RAN-2XRWPD5,1.0,1699.0,1699.0,0.0,1699.0,,الغربية,Cash On Delivery
2006290844,2026-09-01 18:33:40,Sep 01,raneen,raneen,Air Conditioner,تكييف ارتيفاي يونيون اير، 1.5 حصان، بارد فقط، إنفرتر، بلازما، INV-ARTI012CY50XFR-SG-SER - ابيض,ELKIT1895WIT,1.0,18549.0,18549.0,0.0,18549.0,,الغربية,Cash On Delivery
2006290841,2026-09-01 18:32:42,Sep 01,MP,grohy,Fans,مروحة ستاند جروهي، 18 بوصة، 5 ريشة، 3 سرعات، ريموت كنترول، USS-18026-R - ابيض ازرق,USS-18026-R,3.0,1049.0,3147.0,0.0,3147.0,,الجيزة,Cash On Delivery
2006290838,2026-09-01 18:32:07,Sep 01,MP,elmahdy,Personal Care,جهاز استنشاق نيبوليزر لعلاج الجهاز التنفسي الترالايف - ابيض احمر,ESJIN2053ASmdyWIT,1.0,1475.0,1475.0,0.0,1475.0,,Cairo,Free
2006290826,2026-09-01 18:27:58,Sep 01,raneen,raneen,Storage,طقم علب ثلاجة اكريليك بالغطاء، 5 قطع - شفاف اسود,HO1146374BK1,1.0,649.0,649.0,0.0,649.0,,القاهرة,Aman
2006290826,2026-09-01 18:27:58,Sep 01,raneen,raneen,Drinkware,طقم زجاجه مياه بلاستيك تانك، قطعتين، 650 مل,HO1136386MNB,1.0,399.0,399.0,0.0,399.0,,القاهرة,Aman
2006290826,2026-09-01 18:27:58,Sep 01,MP,shoppingonline,Luggage,شنطة سفر دفل جي دي فريش قابلة للطي، 27 لتر - أسود,B0BTNSFWZF,1.0,392.35,392.35,0.0,392.35,,القاهرة,Aman
2006290826,2026-09-01 18:27:58,Sep 01,MP,ammerkatosh,Fans,مروحة سقف تورنيدو، 56 بوصة، 5 سرعات، TCF56WW - ابيض,EL1055265WIT-ammerkatosh,1.0,1971.0,1971.0,0.0,1971.0,,القاهرة,Aman
2006290826,2026-09-01 18:27:58,Sep 01,raneen,raneen,Fans,مروحة حائط رويال، 18 بوصة، 3 ريشة، 3 سرعات، BF1820 - اسود احمر,EL1126987RNB,1.0,750.0,750.0,0.0,750.0,,القاهرة,Aman
2006290826,2026-09-01 18:27:58,Sep 01,raneen,raneen,Cleaning Tools &amp; Supplies,باسكت قمامة بلاستيك بغطاء تاتش حجازي، 7 لتر- ابيض بيج,HO1147789WIT,1.0,135.0,135.0,0.0,135.0,,القاهرة,Aman
2006290826,2026-09-01 18:27:58,Sep 01,MP,tibatrading,Kitchenware,منظم رف توابل من الخيزران للمطبخ من فيلالونا، رف توابل خشب متين، منظم برطمانات توابل قائم بذاته من 3 طبقات، حامل تخزين قابل للطي للخزانة والأدراج وسطح الطاولة,RAN-UB76UGD,1.0,252.0,252.0,0.0,252.0,,القاهرة,Aman
2006290817,2026-09-01 18:24:41,Sep 01,raneen,raneen,Clothes Hangers,ستاند ملابس معدن، 2 مستوى، 150×110×45 سم - أسود,HO1128073BLK,1.0,1549.0,1549.0,0.0,1549.0,,القاهرة,Cash On Delivery
2006290817,2026-09-01 18:24:41,Sep 01,MP,coktailstore,Kitchen Accessories,شماعة بنطلون معدنية بخمسة مستويات، 3 قطع - أبيض أسود,CK-17,1.0,275.0,275.0,0.0,275.0,,القاهرة,Cash On Delivery
2006290817,2026-09-01 18:24:41,Sep 01,MP,coktailstore,Kitchen Accessories,معلق من الفولاذ المقاوم للصدأ مع قاعدة خشبية، توفير مساحة متعدد الاستخدام، 8 خطافات لتخزين الملابس والإكسسوارات بشكل مرتب — بواسطة متجر نكست,RAN-D7KFB4F,1.0,110.0,110.0,0.0,110.0,,القاهرة,Cash On Delivery
2006290802,2026-09-01 18:22:26,Sep 01,MP,alaaeldin,Activities &amp; Books,بطاقات تعليمية سوربن بتصميم تعليمي، 384 قطع - متعدد الألوان,MA-NUMH-TEXG,1.0,190.0,190.0,0.0,190.0,,الجيزة,Premium Card
2006290802,2026-09-01 18:22:26,Sep 01,raneen,raneen,Activities &amp; Books,لعبة عائلية جماعية كروت قول او اعمل - متعدد الالوان,TY1147573MC1,1.0,60.0,60.0,0.0,60.0,,الجيزة,Premium Card
2006290802,2026-09-01 18:22:26,Sep 01,MP,alaaeldin,Activities &amp; Books,مستلزمات الرسم إكسديشين، 208 قطع - زهري,DN-E2FR-TILX,1.0,395.0,395.0,0.0,395.0,,الجيزة,Premium Card
2006290802,2026-09-01 18:22:26,Sep 01,MP,learnandhavefun,Activities &amp; Books,كتل خشبية مع بطاقات توضيحية - متعدده الالوان,HAMPB0923HYX46,1.0,350.0,350.0,0.0,350.0,,الجيزة,Premium Card
2006290799,2026-09-01 18:21:43,Sep 01,raneen,raneen,Drinkware,طقم اكواب زجاج ماس، 6 قطع، 190 مل - شفاف ذهبي,HO1144629CL1,1.0,100.0,100.0,5.0,95.0,kch200,الأسكندرية,Cash On Delivery
2006290799,2026-09-01 18:21:43,Sep 01,raneen,raneen,Drinkware,طقم شوب زجاج باشابتشي، 6 قطع، 320 مل - شفاف ذهبي,HO1145934CL1,1.0,239.0,239.0,11.95,227.05,kch200,الأسكندرية,Cash On Delivery
2006290796,2026-09-01 18:20:10,Sep 01,MP,update,Power Banks,باور بانك ريماكس MC-01، سعة 10000 مللي أمبير، 3 في 1، سلكي، قابل للطي، مغناطيسي، لاسلكي، (PD22.5 وات + Magsafe15 وات) - رمادي,up-r-rx-MC-01,1.0,1725.0,1725.0,0.0,1725.0,,الجيزة,Aman
2006290784,2026-09-01 18:17:58,Sep 01,raneen,raneen,Mobile Phones,موبايل سمارت انفينكس هوت 70، شريحتين، شبكة الجيل الرابع، 8+8 جيجا رام، 256 جيجا بايت - اسود + ايربودز انفينكس TWS XE35,EL1152343BLK,1.0,13799.0,13799.0,0.0,13799.0,,القاهرة,Cash On Delivery
2006290763,2026-09-01 18:14:22,Sep 01,raneen,raneen,Mobile Phones,موبايل سمارت انفينكس هوت 60 برو بلس، شريحتين، شبكة الجيل الرابع، 8+8 جيجا رام، 256 جيجا بايت - اصفر,EL1154556YLW,1.0,11899.0,11899.0,297.47,11601.53,mob300,بني سويف,Cash On Delivery
2006290751,2026-09-01 18:13:26,Sep 01,MP,radioelzaim,Mobile Phones,ابل ايفون 17، 256 جيجا بايت، eSIM - ابيض ( الجهاز غير مفعل و السعر لا يشمل الضريبه),MA214-radioelzaim-No Active,1.0,53500.0,53500.0,0.0,53500.0,,القاهرة,Cash On Delivery
2006290742,2026-09-01 18:10:38,Sep 01,raneen,raneen,Air Conditioner,تكييف سبلت سمارت كول هاير، 1.5 حصان، بارد فقط، واي فاي، HSU-12KCROC-R32 - ابيض,ELKIT1871WIT,1.0,17999.0,17999.0,0.0,17999.0,,Al Gharbia,Cash On Delivery
2006290736,2026-09-01 18:09:54,Sep 01,MP,lightcart,Kitchen Accessories,مريلة مطبخ معلقة على شكل دب مقاومة للماء بجيب اللون: بني,RAN-RJV9APE,2.0,129.0,258.0,0.0,258.0,,سوهاج,Cash On Delivery
2006290736,2026-09-01 18:09:54,Sep 01,raneen,raneen,Home Decor,كيس ورد مجفف، 80 جرام - متعدد الالوان,HO1057645MC0,4.0,22.0,88.0,0.0,88.0,,سوهاج,Cash On Delivery
2006290736,2026-09-01 18:09:54,Sep 01,raneen,raneen,Storage,استاند مطبخ بلاستيك حجازي بلاست، 4 دور، 90×54×15.5 سم - رمادي فاتح,HO1070313LGY,1.0,170.0,170.0,0.0,170.0,,سوهاج,Cash On Delivery
2006290736,2026-09-01 18:09:54,Sep 01,raneen,raneen,Storage,استاند منزلي بلاستيك العالمية، 4 دور، 4 عجلات، 54×100 سم - رمادي فاتح,HO1135324OL1,2.0,215.0,430.0,0.0,430.0,,سوهاج,Cash On Delivery
2006290733,2026-09-01 18:09:29,Sep 01,raneen,raneen,Kids Bags,شنطة ظهر مدرسية وتر برووف للاولاد ثري أم، 16 بوصة، 3 سوستة، بالاضافة الي مقلمة صغيرة - متعدد الالوان,HO1137012MC7,1.0,599.0,599.0,0.0,599.0,,الغربية,Cash On Delivery
2006290733,2026-09-01 18:09:29,Sep 01,raneen,raneen,Drinkware,زجاجه مياه رياضية بلاستيك تانك، 550 مل,HO1130930GRY,1.0,139.0,139.0,0.0,139.0,,الغربية,Cash On Delivery
4000164688,2026-09-01 18:08:40,Sep 01,MP,mattger,Hair Treatments,Twist&amp;Go Toast &amp; Go Anti-Hair Loss Lotion - 100Ml,CrEaTion5-mattger,1.0,301.5,301.5,0.0,301.5,,القاهرة,Cash On Delivery
2006290721,2026-09-01 18:05:32,Sep 01,MP,sparkit,Chargers,شاحن START ST-311 سوبر فاست 200 واط GaN | منافذ PD + QC مزدوجة | محول شحن فائق السرعة للكمبيوترات المحمولة والهواتف الذكية والأجهزة اللوحية وأكثر | تصميم مد,RAN-TMWFFUT,1.0,250.0,250.0,0.0,250.0,,الأسكندرية,Aman
2006290721,2026-09-01 18:05:32,Sep 01,raneen,raneen,Pillows,خدادية فايبر لازورد، 70×50 سم، 750 جرام - ابيض,TX1061325WIT,2.0,99.0,198.0,0.0,198.0,,الأسكندرية,Aman
2006290721,2026-09-01 18:05:32,Sep 01,raneen,raneen,Shoes,حذاء رياضي قماش للسيدات اس واي ار,SH1086718K27,1.0,109.0,109.0,0.0,109.0,,الأسكندرية,Aman
2006290718,2026-09-01 18:04:51,Sep 01,MP,radioelzaim,Mobile Phones,ابل ايفون 17 برو، 256 جيجابايت، eSIM - برتقالى ( الجهاز غير مفعل و السعر لا يشمل الضريبه),MA225-radioelzaim-No Active,1.0,67000.0,67000.0,0.0,67000.0,,القاهرة,Cash On Delivery
2006290709,2026-09-01 18:00:24,Sep 01,MP,primestore,Refrigerators &amp; Freezers,ديب فريزر راسي يونيون اير، 5 درج، 205 لتر، نوفروست، شاشة ديجيتال، UFN205LBLBADH - اسود,UFN205LBLBADH-primestore,1.0,15149.0,15149.0,0.0,15149.0,,الجيزة,Cash On Delivery
2006290706,2026-09-01 18:00:16,Sep 01,MP,ammerkatosh,Kitchen Machine &amp; Kneading Machines,محضر طعام تورنيدو،1000 وات،3 سرعات، FP-1000SG - فضي,FP-1000SG-ammerkatosh,1.0,4489.0,4489.0,0.0,4489.0,,البحيرة,Cash On Delivery
2006290679,2026-09-01 17:57:35,Sep 01,raneen,raneen,Office Chairs,كرسي مكتب معدن عالي ظهر شبك، هيدروليك، مسند تنجيد، 5 عجلات، 120×50×48 سم - اسود,HO1139735BLK,1.0,1849.0,1849.0,0.0,1849.0,,الأسكندرية,Cash On Delivery
2006290673,2026-09-01 17:55:35,Sep 01,raneen,raneen,Storage,وحدة ادراج راتان، 5 درج، بالاضافة الي رف علوي، 37×47×116 سم - بني داكن,HO1065649DB1,1.0,1049.0,1049.0,52.45,996.55,KCH200,الدقهلية,Cash On Delivery
2006290670,2026-09-01 17:54:47,Sep 01,MP,yourstore,Storage,مجموعة من 3 صناديق تخزين كبيرة السعة لتنظيم خزانة الملابس والشراشف والألعاب والرفوف مع مقابض - مقاس 50*30*30,RAN-UWG8SY7,2.0,325.0,650.0,0.0,650.0,,الجيزة,Cash On Delivery
2006290670,2026-09-01 17:54:47,Sep 01,raneen,raneen,Kitchen Accessories,طقم شماعة ملابس للاطفال، 6 قطع، 28 سم - ازرق فاتح,HO1079410LBL,1.0,40.0,40.0,0.0,40.0,,الجيزة,Cash On Delivery
2006290670,2026-09-01 17:54:47,Sep 01,raneen,raneen,Tables,ترابيزة خشبية فرومايكا، 95×75×55 سم - خشبي,HO1058729BSC,1.0,899.0,899.0,0.0,899.0,,الجيزة,Cash On Delivery
2006290670,2026-09-01 17:54:47,Sep 01,MP,lightcart,Storage &amp; Organization,شماعة بنطلون ستانلس ستيل قابل للطي ، قطعتين - فضي,EIB-56752-LIGHT-CARD-6775,5.0,127.0,635.0,0.0,635.0,,الجيزة,Cash On Delivery
2006290661,2026-09-01 17:53:30,Sep 01,MP,tibatrading,Shoe Rack,رف متعدد الوظائف للاحذية والطواقي والملابس من 4 طبقات، سبيكة صلب,RAN-TQC4R8M,1.0,459.0,459.0,21.95,437.05,off500,Cairo,Cash On Delivery
2006290661,2026-09-01 17:53:30,Sep 01,MP,craftfurniture,Commode &amp; Drawer Units,وحدة ادراج خشب ام دى اف، 120×80×40 سم - بنى,1151-craftfurniture,2.0,4999.0,9998.0,478.05,9519.95,off500,Cairo,Cash On Delivery
2006290655,2026-09-01 17:51:11,Sep 01,raneen,raneen,Mobile Phones,موبايل سمارت بوكو C85 ، شبكة الجيل الرابع، شريحتين، 256 جيجا بايت، 8 جيجا بايت رام - اخضر,EL1140775GRN,1.0,8999.0,8999.0,224.97,8774.03,mob300,الشرقية,Cash On Delivery
2006290649,2026-09-01 17:50:35,Sep 01,raneen,raneen,Mobile Phones,موبايل سمارت بوكو C85 ، شبكة الجيل الرابع، شريحتين، 256 جيجا بايت، 8 جيجا بايت رام - اخضر,EL1140775GRN,1.0,8999.0,8999.0,224.97,8774.03,mob300,الغربية,Cash On Delivery
2006290646,2026-09-01 17:50:12,Sep 01,raneen,raneen,Serveware,طقم صواني تقديم مستطيلة كروم نيلتون، قطعتين - ذهبي,HO1116919GD2,1.0,999.0,999.0,0.0,999.0,,المنيا,Cash On Delivery
2006290646,2026-09-01 17:50:12,Sep 01,raneen,raneen,Drinkware,طقم كاسات باشابتشى، 6 قطع - شفاف,HO1086092CLR,1.0,249.0,249.0,0.0,249.0,,المنيا,Cash On Delivery
2006290643,2026-09-01 17:49:33,Sep 01,MP,blackandwhitewofficialstore,Mixers &amp; Blenders,هاند بلندر بلاك اند وايت، 1000 وات، 800 مل، سرعتان، HB-103 S - اسود,BW-745604651141,1.0,1395.0,1395.0,0.0,1395.0,,الجيزة,Cash On Delivery
2006290643,2026-09-01 17:49:33,Sep 01,MP,ocean,Mixers &amp; Blenders,خلاط سوكاني SK-3333 إستانلس 3 * 1 6600 وات 3 لتر,RAN-PKN5U4H,1.0,2899.0,2899.0,0.0,2899.0,,الجيزة,Cash On Delivery
2006290640,2026-09-01 17:49:07,Sep 01,raneen,raneen,Mobile Phones,موبايل سمارت بوكو C85 ، شبكة الجيل الرابع، شريحتين، 256 جيجا بايت، 8 جيجا بايت رام - اخضر,EL1140775GRN,1.0,8999.0,8999.0,224.97,8774.03,mob300,الغربية,Cash On Delivery
2006290637,2026-09-01 17:49:02,Sep 01,raneen,raneen,Home &amp; Balcony Essentials,جزامة قماش العالمية، 7 ارفف ، 125×30×60 سم - بني,HO1043922BRN,1.0,215.0,215.0,10.75,204.25,KCH200,القليوبية,Cash On Delivery
2006290634,2026-09-01 17:48:07,Sep 01,MP,ammerkatosh,Kettles,غلاية كهربائية زجاج فريش، 1.7 لتر، 2200 وات، EGK-17000 - اسود,EL1102030BLK-ammerkatosh,1.0,849.0,849.0,0.0,849.0,,Cairo,Cash On Delivery
2006290631,2026-09-01 17:47:05,Sep 01,raneen,raneen,Mobile Phones,موبايل سمارت بوكو C85 ، شبكة الجيل الرابع، شريحتين، 256 جيجا بايت، 8 جيجا بايت رام - اخضر,EL1140775GRN,1.0,8999.0,8999.0,224.97,8774.03,mob300,الغربية,Cash On Delivery
2006290622,2026-09-01 17:43:59,Sep 01,raneen,raneen,Mobile Phones,موبايل سمارت بوكو C85 ، شبكة الجيل الرابع، شريحتين، 256 جيجا بايت، 8 جيجا بايت رام - اخضر,EL1140775GRN,1.0,8999.0,8999.0,224.97,8774.03,mob300,الغربية,Cash On Delivery
2006290619,2026-09-01 17:43:30,Sep 01,MP,lightcart,Kitchenware,ستائر قصيرة بنقشة مربعات أسفل حوض المطبخ، ستارة صغيرة بنمط ريفي - أسود,RAN-AHDHX8E,1.0,119.0,119.0,5.95,113.05,KCH200,Qalyubia,Cash On Delivery
2006290619,2026-09-01 17:43:30,Sep 01,raneen,raneen,Ethnic &amp; Traditional Wear,اسدال ليكرا للسيدات سيزر,FS1128158PR1,1.0,265.0,265.0,0.0,265.0,KCH200,Qalyubia,Cash On Delivery
2006290616,2026-09-01 17:43:11,Sep 01,MP,alaqmardesign,Mirror,مجموعة مرايا مكرمية مودرن، 3 قطع - بيج,MIRM31,1.0,989.0,989.0,0.0,989.0,,الأسكندرية,Cash On Delivery
2006290613,2026-09-01 17:43:06,Sep 01,MP,blackandwhitewofficialstore,Irons,مكواة بلاك اند وايت، 1300 وات، قاعدة تيفلون غير قابلة للالتصاق، DI-1300 - ابيض اسود,BW-745604650359,1.0,895.0,895.0,0.0,895.0,,Giza,Cash On Delivery
2006290610,2026-09-01 17:42:33,Sep 01,MP,craftfurniture,Shoe Rack,جزامة خشب ام دي اف ، 100x90x40 سم - ابيض بيج,craft-sh-1,1.0,3499.0,3499.0,500.0,2999.0,OFF500,القاهرة,Cash On Delivery
2006290604,2026-09-01 17:40:02,Sep 01,raneen,raneen,Washers &amp; Dryer,غسالة ملابس أطفال فريش، 3 كيلو، حوض واحد، تحميل علوي، FWS330NA- 500012324-ابيض,EL1077192WNG,1.0,2149.0,2149.0,0.0,2149.0,,الأسكندرية,Premium Card
2006290601,2026-09-01 17:39:47,Sep 01,raneen,raneen,Cookers,بوتاجاز غاز يونيون اير جوستو، 5 شعلة، استانلس كامل/ تايمر ميكانيكال / لمبه/ اشعال/ شوايه / مروحه، 90×60 سم، نصف امان، C69SS-DC-443-SOF-A-GU-AL - فضى,EL1143992SLV,1.0,11599.0,11599.0,0.0,11599.0,,القاهرة,Cash On Delivery
2006290598,2026-09-01 17:39:32,Sep 01,MP,ammerkatosh,Kitchen Machine &amp; Kneading Machines,محضر طعام تورنيدو،1000 وات،3 سرعات، FP-1000SG - فضي,FP-1000SG-ammerkatosh,1.0,4489.0,4489.0,0.0,4489.0,,البحيرة,Cash On Delivery
2006290592,2026-09-01 17:36:55,Sep 01,raneen,raneen,Shoe Rack,جزامة خشب شيب بورد، 3 رف، 2 درفة، 29×60×86 سم,HO1119887BNB,1.0,1149.0,1149.0,0.0,1149.0,,القاهرة,Cash On Delivery
2006290586,2026-09-01 17:36:15,Sep 01,MP,attallah,Microwaves &amp; Ovens,ميكروويف فريش، 25 لتر، 800 وات، FMW-25MC-S - فضي اسود,KA010000SNB,1.0,4798.0,4798.0,0.0,4798.0,,الجيزة,valU
2006290586,2026-09-01 17:36:15,Sep 01,raneen,raneen,Sandwich Waffle Makers,صانع بيتزا سوكاني ، 1000 وات ، SK-08013 - احمر,EL1121158RED,1.0,1180.0,1180.0,0.0,1180.0,,الجيزة,valU
2006290583,2026-09-01 17:36:11,Sep 01,MP,ocean,Vacuum Cleaners,مكنسة كهربائية سوكانى، 3600 وات، 3.5 لتر، SK-13003 - احمر داكن,2740-ocean,1.0,3799.0,3799.0,0.0,3799.0,,الأسكندرية,Cash On Delivery
2006290577,2026-09-01 17:35:40,Sep 01,MP,nilestore,Kitchen Machine &amp; Kneading Machines,محضر طعام تورنيدو،1000 وات،3 سرعات، FP-1000SG - فضي,EL1020348SLVconf-nilestore,2.0,4490.0,8980.0,0.0,8980.0,,البحيرة,Cash On Delivery
2006290574,2026-09-01 17:35:26,Sep 01,MP,testa,Shoes,حذاء سنيكر تيستا تورو مريح للرجال ، جلد طبيعي,K2.b.41,1.0,459.0,459.0,0.0,459.0,,الجيزة,Cash On Delivery
2006290571,2026-09-01 17:35:19,Sep 01,raneen,raneen,Air Coolers,مبرد هواء جاك، 90 لتر، NGAC-290 - ابيض اسود,EL1099905BNG,1.0,4149.0,4149.0,0.0,4149.0,,القاهرة,Cash On Delivery
2006290568,2026-09-01 17:35:15,Sep 01,MP,lightcart,Towels,قبعة تجفيف الشعر من المايكروفايبر بتصميم مخطط ملون فائق الامتصاص وسريعة الجفاف للنساء، قبعة لف للشعر الطويل والاستحمام (متعددة الالوان),RAN-52VUMYK,1.0,129.0,129.0,0.0,129.0,Kch200,القاهرة,Cash On Delivery
2006290568,2026-09-01 17:35:15,Sep 01,raneen,raneen,Dinnerware,طقم عشاء بورسلين لوتس، 26 قطعه - متعدد الالوان,HO1147332MC1,1.0,1699.0,1699.0,84.95,1614.05,Kch200,القاهرة,Cash On Delivery
2006290568,2026-09-01 17:35:15,Sep 01,raneen,raneen,Dinnerware,طقم عشاء أركوبال اماراتي لومينارك، 26 قطعة - ابيض,HO1124768WI1,1.0,1249.0,1249.0,62.45,1186.55,Kch200,القاهرة,Cash On Delivery
2006290562,2026-09-01 17:34:32,Sep 01,raneen,raneen,Drinkware,طقم كوب عصير زجاج الدولية، 6 قطع، 350 مل - شفاف,HO1125204CLR,2.0,122.0,244.0,0.0,244.0,,القاهرة,Paymob Wallet
2006290562,2026-09-01 17:34:32,Sep 01,raneen,raneen,Bowl,طقم بوله زجاج شكل ورده الماس جلاس، 6 قطع، 150 مل - شفاف,HO1148802CLR,2.0,70.0,140.0,0.0,140.0,,القاهرة,Paymob Wallet
2006290562,2026-09-01 17:34:32,Sep 01,MP,elmanzalawy,Irons,مكواة بخار بقاعدة سيراميك فلامنجو، 2600 وات - اسود ابيض,EL1107628BLK-elmanzalawy,1.0,940.0,940.0,0.0,940.0,,القاهرة,Paymob Wallet
2006290562,2026-09-01 17:34:32,Sep 01,raneen,raneen,Drinkware,طقم فنجان شاي بالطبق بورسلين لوتس، 12 قطعة، 90 مل، 16 سم - ابيض ذهبي,HO1140199MC3,1.0,329.0,329.0,0.0,329.0,,القاهرة,Paymob Wallet
2006290553,2026-09-01 17:33:04,Sep 01,MP,goodsportgroup,Sports Equipment,اسطوانة يوغا بار فوم للتمدد، وتحرير التوتر، وتخفيف التشنج، والبيلاتيس واليوغا الأرجواني,RAN-8ZMQH5R,1.0,329.0,329.0,0.0,329.0,,الجيزة,Cash On Delivery
2006290541,2026-09-01 17:29:57,Sep 01,MP,lotus,Perfumes,عطر أفون بلاك سويد شارم للرجال - EDT - 100 مل - جذاب ورجولي,RAN-Y5ACKQ5,1.0,629.0,629.0,0.0,629.0,,السويس,Cash On Delivery
2006290535,2026-09-01 17:29:42,Sep 01,raneen,raneen,Home Decor,فازة ديكور خزف، 19 سم,HO1125851BG1,1.0,60.0,60.0,0.0,60.0,,الجيزة,Cash On Delivery
2006290535,2026-09-01 17:29:42,Sep 01,MP,asouaaq,Beauty &amp; Body Care,مجموعة أدوات قصافة الأظافر والأذن من مانيكير باديكير ومقصات وجراب جلد للعناية بعلامات الأذن، موديل gH9732، غير لامع,RAN-6SUGPYM,1.0,290.0,290.0,0.0,290.0,,الجيزة,Cash On Delivery
2006290535,2026-09-01 17:29:42,Sep 01,raneen,raneen,Kitchenware,مقص مطبخ ستانلس ستيل بيد بلاستيك كينج جاري، 24 سم - احمر,HO1105680RED,1.0,104.0,104.0,0.0,104.0,,الجيزة,Cash On Delivery
2006290535,2026-09-01 17:29:42,Sep 01,raneen,raneen,Knife &amp; Cutters,سكينة جزارى اليكس ميتال، 9 بوصة - بني,HO1051248BSC,1.0,165.0,165.0,0.0,165.0,,الجيزة,Cash On Delivery
2006290535,2026-09-01 17:29:42,Sep 01,MP,nourstore,Home Decor,باقة زهور صناعية زهرة الاقحوان لديكور المنزل والمكتب,RAN-9DCVZH3,1.0,189.0,189.0,0.0,189.0,,الجيزة,Cash On Delivery
2006290535,2026-09-01 17:29:42,Sep 01,MP,elitefurniture,Side Table,طقم ترابيزة جانبية خشب بي في سي، 3 قطع - ابيض بيج,elitefurniture-2,1.0,1039.0,1039.0,0.0,1039.0,,الجيزة,Cash On Delivery
2006290535,2026-09-01 17:29:42,Sep 01,MP,nagfashop,Table Lighting,اباجورة مودرن خشب، 20×30×40 سم، 1 لمبة - متعدد الالوان,TB51-BNGFNAG,1.0,519.0,519.0,0.0,519.0,,الجيزة,Cash On Delivery
2006290535,2026-09-01 17:29:42,Sep 01,MP,mishkahlightning,Lighting Hanging,مصباح سقف دايو ميكسا 1 لمبة بيج - سبون,RAN-224W8DT,1.0,589.0,589.0,0.0,589.0,,الجيزة,Cash On Delivery
2006290535,2026-09-01 17:29:42,Sep 01,MP,mishkahlightning,Lighting Hanging,معلقة كوان 1 لمبة بيج,RAN-2F9VEZ7,1.0,1279.0,1279.0,0.0,1279.0,,الجيزة,Cash On Delivery
2006290535,2026-09-01 17:29:42,Sep 01,MP,elmanzalawy,Kettles,غلاية كهربائية زجاج اياكس، 2.2 لتر، 1500 وات، KGK-22G - اسود,KGK-22GMCL,1.0,470.0,470.0,0.0,470.0,,الجيزة,Cash On Delivery
2006290535,2026-09-01 17:29:42,Sep 01,MP,molanafortraining,Bathroom Accessories,طبق صابون ذاتي التصريف للحمامات الحديثة والمستدامة مع تقنية متقدمة لتوفير استهلاك المياه وحماية البيئة,RAN-FQVAZH2,1.0,299.0,299.0,0.0,299.0,,الجيزة,Cash On Delivery
2006290535,2026-09-01 17:29:42,Sep 01,raneen,raneen,Cleaning Tools &amp; Supplies,مساحة زجاج بلاستيك بيد سيليكون، 23×29 سم - بينك,HO1105158PNK,2.0,33.0,66.0,0.0,66.0,,الجيزة,Cash On Delivery
2006290535,2026-09-01 17:29:42,Sep 01,raneen,raneen,Cleaning Tools &amp; Supplies,مساحة بالبخاخة بيد ستانلس ستيل ويزي، 130 سم، 700 مللي - اخضر رمادي,HO1121988GNG,1.0,799.0,799.0,0.0,799.0,,الجيزة,Cash On Delivery
2006290535,2026-09-01 17:29:42,Sep 01,MP,coktailstore,Vacuum Cleaners,منظف بخار متعدد الاستخدامات ومعقم - 1000 واط - ملحقات عالمية لجميع الأسطح - خزان ماء 350 مل - مناسب للمطبخ، السجاد، الزجاج، الأثاث والسيارات,RAN-SWNEKGF,1.0,999.0,999.0,0.0,999.0,,الجيزة,Cash On Delivery
2006290535,2026-09-01 17:29:42,Sep 01,MP,smbfortrade,Cleaning Tools &amp; Supplies,فرشاة تنظيف مرنة بلاستيك ، 16 سم ، قطعتين - ازرق اخضر,7865353534113,1.0,39.0,39.0,0.0,39.0,,الجيزة,Cash On Delivery
2006290535,2026-09-01 17:29:42,Sep 01,MP,molanafortraining,Bathroom Accessories,موزع صابون زجاجي أنيق 500 مل لحوض المطبخ والحمام - مجموعة كاملة تتضمن موزع صابون يد لديكور معاصر للمطبخ والحمام (1 أسود + 1 أبيض),RAN-2NMJ6FH,1.0,424.0,424.0,0.0,424.0,,الجيزة,Cash On Delivery
2006290535,2026-09-01 17:29:42,Sep 01,raneen,raneen,Cleaning Tools &amp; Supplies,باسكت قمامه بلاستيك بالغطاء سفير، 4 عجله، 60 لتر - رمادي ازرق,HO1131002GY2,1.0,399.0,399.0,0.0,399.0,,الجيزة,Cash On Delivery
2006290535,2026-09-01 17:29:42,Sep 01,raneen,raneen,Cleaning Tools &amp; Supplies,طبق غسيل بلاستيك، 55 لتر - فوشيا,HO1146738FCH,1.0,162.0,162.0,0.0,162.0,,الجيزة,Cash On Delivery
2006290535,2026-09-01 17:29:42,Sep 01,raneen,raneen,Cleaning Tools &amp; Supplies,طقم اطباق غسيل مستديرة بلاستيك الهدى، 4 قطع - متعدد الالوان,HO1115393ME7,1.0,100.0,100.0,0.0,100.0,,الجيزة,Cash On Delivery
2006290535,2026-09-01 17:29:42,Sep 01,raneen,raneen,Curtain,ستارة قطيفة بحلقات مارفينا، 250×150 سم، 600 جرام (قطعة واحدة),TX1096756GRY,3.0,145.0,435.0,0.0,435.0,,الجيزة,Cash On Delivery
2006290535,2026-09-01 17:29:42,Sep 01,MP,homepro,Home Decor,طفاية زجاج قطعة فاخرة للديكور المنزلي من الكريستال بتصميم هندسي 13 سم,RAN-884BDGE,1.0,270.0,270.0,0.0,270.0,,الجيزة,Cash On Delivery
2006290535,2026-09-01 17:29:42,Sep 01,MP,tbs,Floor Lamp,مصباح أرضي مودرن تى بى اس قماش، 160 ×40 سم - اوف وايت,TBS-FL_MO_064,1.0,1061.0,1061.0,0.0,1061.0,,الجيزة,Cash On Delivery
2006290535,2026-09-01 17:29:42,Sep 01,raneen,raneen,Home Decor,بونبونيرة زجاج جلاس كوبر بالغطاء، 30 سم - ذهبي,HO1107880GLD,1.0,799.0,799.0,0.0,799.0,,الجيزة,Cash On Delivery
2006290535,2026-09-01 17:29:42,Sep 01,raneen,raneen,Home Decor,فازة ديكور خزف، 22 سم,HO1125875WIT,1.0,160.0,160.0,0.0,160.0,,الجيزة,Cash On Delivery
2006290535,2026-09-01 17:29:42,Sep 01,raneen,raneen,Home Decor,طقم خزف مطلي، 3 قطع - بيج,HO1125845BG4,1.0,299.0,299.0,0.0,299.0,,الجيزة,Cash On Delivery
2006290535,2026-09-01 17:29:42,Sep 01,raneen,raneen,Home Decor,بلورة زجاج ديكور، 13 سم - متعدد الالوان,HO1144063MR9,1.0,115.0,115.0,0.0,115.0,,الجيزة,Cash On Delivery
2006290532,2026-09-01 17:29:11,Sep 01,MP,talhastore,Women Bags,حقيبة ظهر رياضية للشباب والنساء Fashion #28 بحزام قابل للتعديل,RAN-QRZ9MUP,1.0,450.0,450.0,0.0,450.0,,الجيزة,Cash On Delivery
2006290526,2026-09-01 17:28:24,Sep 01,MP,berghoff,Knife &amp; Cutters,ساطور كودون بيرجهوف، 17 سم - فضي,1315103,1.0,359.0,359.0,0.0,359.0,,القاهرة,Cash On Delivery
2006290523,2026-09-01 17:28:12,Sep 01,MP,elmanzalawy,Water Heaters,سخان مياه غاز طبيعي بيكو، 6 لتر، بمدخنة، شاشة ديجيتال، مزود بمحول كهربائي + مدخل USB ، BGWH 6LS - فضي,BGWH 6LS-elmanzalawy,1.0,4700.0,4700.0,0.0,4700.0,,الأسكندرية,Cash On Delivery
2006290517,2026-09-01 17:27:42,Sep 01,raneen,raneen,Action Toys,لعبة سيارة بلاستيك تويستر، ريموت كنترول، صوت وضوء، شحن USB - أزرق,TY1149766BL1,1.0,299.0,299.0,0.0,299.0,,الجيزة,Cash On Delivery
2006290505,2026-09-01 17:26:21,Sep 01,raneen,raneen,Ladders &amp; Clothes Dryer,منشر حمام بلاستيك، 8 مشبك، 21 سم - اوف وايت,HO1150673OFW,1.0,88.0,88.0,4.4,83.6,kch200,القاهرة,Cash On Delivery
2006290505,2026-09-01 17:26:21,Sep 01,raneen,raneen,Tanks,طقم كولمان بلاستيك ايس تانك، 3 قطع، ايس تانك 16 لتر مع ايس تانك 2.5 لتر مع زجاجة مياة 1000 مل - احمر ابيض,HO1149686MC1,1.0,699.0,699.0,34.95,664.05,kch200,القاهرة,Cash On Delivery
2006290505,2026-09-01 17:26:21,Sep 01,MP,tibatrading,Ladders &amp; Clothes Dryer,منشر غسيل قابل للطي مصنوع من معدن متين بتصميم الأجنحة مناسب للاستخدام الداخلي والخارجي,RAN-UGHVV7B,1.0,619.0,619.0,30.95,588.05,kch200,القاهرة,Cash On Delivery
2006290496,2026-09-01 17:25:06,Sep 01,MP,ocean,Hair Care,فرشاة تصفيف الشعر SOKANY SK-15008 بدرجة حرارة تصل إلى 1080 درجة ماكس (نظام ذكي لذاكرة الحرارة - تسخين سريع),MP--5543-OCEAN,1.0,280.0,280.0,0.0,280.0,,الغربية,Paymob Wallet
2006290493,2026-09-01 17:24:49,Sep 01,MP,attallah,Cookers,بوتاجاز غاز برستيج يونيون جاز، 5 شعلة، 60×85 سم - اسود,228-attallah,1.0,5799.0,5799.0,0.0,5799.0,,القاهرة,Credit/Debit Card
2006290487,2026-09-01 17:24:00,Sep 01,raneen,raneen,Cleaning Tools &amp; Supplies,باسكت قمامه بلاستيك مربع بالغطاء سفير، 2 عجله، 90 لتر - اسود,HO1131000BLK,1.0,399.0,399.0,0.0,399.0,,القاهرة,Cash On Delivery
2006290481,2026-09-01 17:19:19,Sep 01,MP,egygamer,PlayStation &amp; Accessories,جهاز ألعاب فيديو رقمي ريترو جيم  HDMI 8K 5G مع أكثر من 10000 لعبة مدمجة وأجهزة تحكم لاسلكية,RAN-AXHC6E9,1.0,1499.0,1499.0,0.0,1499.0,,القاهرة,Premium Card
2006280812,2026-09-01 17:16:32,Sep 01,MP,egygamer,PlayStation &amp; Accessories,جهاز ألعاب فيديو رقمي ريترو جيم  HDMI 8K 5G مع أكثر من 10000 لعبة مدمجة وأجهزة تحكم لاسلكية,RAN-AXHC6E9,1.0,1499.0,1499.0,0.0,1499.0,,الأسكندرية,El-Ahly Installments
2006280812,2026-09-01 17:16:32,Sep 01,MP,citytools,Power &amp; Hand Tools,موتور مياه توتال ، 1/2 حصان ، 370 وات ، TWP137026 - ازرق,TWP137026,1.0,1555.0,1555.0,0.0,1555.0,,الأسكندرية,El-Ahly Installments
2006290475,2026-09-01 17:16:03,Sep 01,MP,safktna,Table Lighting,كشاف طوارئ قابل للشحن، بطارية 1200 مللى امبير، LJ-5930 - ابيض رمادي,DOKLJ-5930-safktna,1.0,299.0,299.0,29.9,269.1,LIT200,Qalyubia,Free
2006290472,2026-09-01 17:15:34,Sep 01,MP,elandalos,Air Conditioner,تكييف سبليت هاير، 2.25 حصان، بارد، انفرتر ايكو، HSU-18KCRIC - أبيض,HSU-18KCSID-elandalos,1.0,31401.0,31401.0,0.0,31401.0,,المنوفية,Cash On Delivery
4000164685,2026-09-01 17:14:35,Sep 01,MP,mattger,Shampoos &amp; Conditioners,Tresemmé Shampoo And Conditioner (1+1) 400 Ml For Dry And Frizzy Hair,568-mattger,3.0,349.0,1047.0,0.0,1047.0,,الجيزة,Cash On Delivery
2006290469,2026-09-01 17:14:35,Sep 01,MP,woodrate,Desks,مكتب مودرن خشب ام دي اف، مع مكتبة جانبية متعددة الاستخدام، 140x140x50 سم - ابيض خشبي,MP1024,1.0,4354.0,4354.0,0.0,4354.0,,الغربية,Premium Card
2006290463,2026-09-01 17:13:30,Sep 01,raneen,raneen,Cookers,بوتاجاز غاز يونيون اير فانتوم ، 90 سم ، 5 شعلات ، C69SS-GC-443-IFS-A - اسود فضي,EL1145751BNS,1.0,14399.0,14399.0,0.0,14399.0,,المنيا,Cash On Delivery
4000164682,2026-09-01 17:13:25,Sep 01,MP,lightcart,Curtain,Stainless Steel Extendable Curtain Rod - Adjustable (140-260cm),RAN-4M74Z9M,1.0,359.0,359.0,0.0,359.0,OFF500,الجيزة,Cash On Delivery
4000164682,2026-09-01 17:13:25,Sep 01,MP,magicstore,Sofa,"Modern L-Shape Beech Wood Sofa, 250X80X75X150 Cm - Beige",YMIHS-at013-magicstore,1.0,15999.0,15999.0,500.0,15499.0,OFF500,الجيزة,Cash On Delivery
2006290454,2026-09-01 17:12:38,Sep 01,raneen,raneen,Mobile Phones,موبايل سمارت انفينكس سمارت 20، شريحتين، شبكة الجيل الرابع، 4 جيجا رام ، 64 جيجا بايت - اسود,EL1148742BLK,7.0,6399.0,44793.0,0.0,44793.0,,القاهرة,Free
2006290454,2026-09-01 17:12:38,Sep 01,raneen,raneen,Fans,مروحه حائط رويال، 18 بوصة، 3 سرعات، 5 ريشه، BF1812 - اسود,EL1058948BLK,10.0,733.0,7330.0,0.0,7330.0,,القاهرة,Free
2006290448,2026-09-01 17:11:51,Sep 01,MP,goldena,Hair Care,مكواة شعر راش براش، 230 درجة، شاشة LED، سيراميك، RB-X1 Lite - بنفسجي,390067,1.0,1489.0,1489.0,0.0,1489.0,,المنيا,Cash On Delivery
2006290445,2026-09-01 17:11:04,Sep 01,raneen,raneen,Receivers,ريسيفر عالي الدقة أسترا، فل أتش دي، دقة 1080، ASTRA SAT.TV.Gold - ازرق,EL1145423BLU,1.0,649.0,649.0,0.0,649.0,,الجيزة,Aman
2006290442,2026-09-01 17:10:04,Sep 01,raneen,raneen,Televisions,تلفزيون سمارت شاومي، 43 بوصة، LED، FHD، ريموت بحث صوتي، L43MB-AFME - اسود,EL1151044BLK,1.0,11599.0,11599.0,0.0,11599.0,,المنوفية,Cash On Delivery
2006290439,2026-09-01 17:09:20,Sep 01,MP,molanafortraining,Storage,برطمان تخزين كلبس مدور زجاج، برطمان زجاج محكم الغلق,RAN-AR4XAYU,2.0,249.0,498.0,24.9,473.1,KCH200,القليوبية,Cash On Delivery
2006290430,2026-09-01 17:07:49,Sep 01,raneen,raneen,Cleaning Tools &amp; Supplies,جردل مسح فوريرة الشبح الهلال والنجمة - بيج بني,HO1025158BNB,1.0,549.0,549.0,0.0,549.0,,القاهرة,Cash On Delivery
2006290430,2026-09-01 17:07:49,Sep 01,MP,faroukstore,Car Care,فرشاة تنظيف السيارات من الألياف الدقيقة MX-716,RAN-UNRAPFY,1.0,248.0,248.0,0.0,248.0,,القاهرة,Cash On Delivery
2006290427,2026-09-01 17:07:33,Sep 01,MP,furniturehouse,Beds,سرير خشب موسكى، تنجيد سوفت، قماش قطيفه، 200×160×125 سم - اوف وايت,Bed-0610-furniturehouse,1.0,4999.0,4999.0,500.0,4499.0,OFF500,القاهرة,Cash On Delivery
2006290412,2026-09-01 17:05:28,Sep 01,raneen,raneen,Mobile Phones,موبايل سمارت انفينكس هوت 60 برو بلس، شريحتين، شبكة الجيل الرابع، 8+8 جيجا رام، 256 جيجا بايت - اصفر,EL1154556YLW,1.0,11899.0,11899.0,297.47,11601.53,MOB300,الغربية,Credit/Debit Card
2006290403,2026-09-01 17:05:09,Sep 01,MP,alsorgy,Mobile Phones,هاتف محمول 105 من نوكيا، بشريحتين اتصال، 4 ميجابايت، 4 ميجابايت رام، شبكة الجيل الثاني - اسود,188654-alsorgy,1.0,498.99,498.99,0.0,498.99,,القاهرة,Paymob Wallet
2006290385,2026-09-01 17:00:10,Sep 01,raneen,raneen,Water Heaters,سخان مياة كهربائى اريستون، 15 لتر، RUBIS15VEG - ابيض,EL1139443WIT,1.0,2699.0,2699.0,0.0,2699.0,,Cairo,Cash On Delivery
2006290382,2026-09-01 16:59:59,Sep 01,MP,ocean,Kettles,غلاية من الفولاذ المقاوم للصدأ للمطاعم والمقاهي من ناسوستيل سعة 20 لتر - فضي (فولاذ),RAN-R7J8RWA,1.0,3425.0,3425.0,0.0,3425.0,,المنيا,Cash On Delivery
2006290367,2026-09-01 16:59:03,Sep 01,raneen,raneen,Fans,ATA مروحة ستاند، 18 بوصة، 3 سرعات، 3 ريشة، S1801 - اسود,EL1018813BLK,1.0,849.0,849.0,0.0,849.0,,القليوبية,Cash On Delivery
2006290358,2026-09-01 16:57:33,Sep 01,MP,attallah,Cookers,بوتاجاز الاهرام، ستانلس ستيل، 4 شعلة، 60×60 سم - فضى اسود,GA500601SLV-conf-attallah,1.0,4698.0,4698.0,0.0,4698.0,,الجيزة,Credit/Debit Card
2006290346,2026-09-01 16:54:18,Sep 01,raneen,raneen,Water Filters,فلتر تانك باور، 3 مراحل - أبيض,HO1003959WIT,1.0,929.0,929.0,0.0,929.0,,الجيزة,Cash On Delivery
2006290340,2026-09-01 16:53:44,Sep 01,raneen,raneen,Kitchenware,طقم برطمان توابل اكريليك، غطاء خشب، 8 قطع، 250 مل، 2 استاند اكريليك، 8 معلقة بلاستيك هدية - شفاف خشبي,HO1125144CLR,1.0,299.0,299.0,0.0,299.0,,القاهرة,Cash On Delivery
2006290334,2026-09-01 16:52:50,Sep 01,raneen,raneen,Washers &amp; Dryer,غسالة أوتوماتيك بيرلاماكس زانوسي، 8 كجم، تحميل امامى، 1200 لفة، ZWF8240BS5 - اسود,EL1134558BLK,1.0,17999.0,17999.0,0.0,17999.0,,القاهرة,Cash On Delivery
2006290328,2026-09-01 16:52:06,Sep 01,raneen,raneen,Office Chairs,كرسي مكتب معدن عالي ظهر شبك، هيدروليك، مسند فيبر، 5 عجلات، 120×45×50 سم - اسود,HO1139738BLK,1.0,1599.0,1599.0,134.3,1464.7,OFF500,القاهرة,Cash On Delivery
2006290328,2026-09-01 16:52:06,Sep 01,MP,woodrate,Desks,مكتب مودرن خشب ام دي اف، مع مكتبة جانبية متعددة الاستخدام، 140x140x50 سم - ابيض خشبي,MP1024,1.0,4354.0,4354.0,365.7,3988.3,OFF500,القاهرة,Cash On Delivery
2006290325,2026-09-01 16:51:48,Sep 01,raneen,raneen,Cleaning Tools &amp; Supplies,جردل مسح بلاستيك ازي سبين ويزي، 13 لتر - اسود اخضر,HO1121977BK1,1.0,599.0,599.0,0.0,599.0,,القاهرة,Cash On Delivery
2006290319,2026-09-01 16:50:51,Sep 01,raneen,raneen,Microwaves &amp; Ovens,ميكروويف ايه تى ايه،، 20 لتر، 1200 وات، MW20LN002 - رمادي,EL1120811GRY,1.0,2999.0,2999.0,0.0,2999.0,,الأسكندرية,Cash On Delivery
2006290313,2026-09-01 16:49:48,Sep 01,raneen,raneen,Office Chairs,كرسي مكتب معدن وسط ظهر شبك، هيدروليك، مسند فيبر، 5 عجلات، 50×50×110 سم - اسود,HO1139739BLK,1.0,1399.0,1399.0,0.0,1399.0,,الجيزة,Cash On Delivery
2006290310,2026-09-01 16:49:38,Sep 01,MP,radioelzaim,Mobile Phones,موبايل سمارت شاومي ريدمي 15C ، رام 8 جيجا ، 256 جيجا بايت ، شبكة الجيل الرابع - ازرق,Xiaomi-15c-256-grn-radioelzaim,1.0,10400.0,10400.0,0.0,10400.0,,القليوبية,El-Ahly Installments
2006290307,2026-09-01 16:49:36,Sep 01,MP,attallah,Cookers,بوتاجاز غاز فريش، فورنو، 5 شعلة، 80x55 سم، اشعال ذاتي، 17277 - فضي,17277,1.0,11490.0,11490.0,0.0,11490.0,,الغربية,Cash On Delivery
2006290301,2026-09-01 16:49:05,Sep 01,MP,shoppingonline,Laptop Accessories,شنطة ظهر للابتوب للسفر كلينلينيس، 42x29x11 سم - رمادي,B099RDN9HN,1.0,365.75,365.75,0.0,365.75,,الأسكندرية,El-Ahly Installments
2006290301,2026-09-01 16:49:05,Sep 01,MP,container,Mobile Audio,سماعة اذن بلوتوث حول الرقبة لينوفو، HE05X - اسود,AC1416-container,2.0,500.0,1000.0,0.0,1000.0,,الأسكندرية,El-Ahly Installments
2006290304,2026-09-01 16:48:52,Sep 01,MP,ocean,Kitchen Accessories,سبت غسيل بتصميم شبكي من الوطنية مقاس (1)، لون بنفسجي,RAN-PJ5YGFN,1.0,370.0,370.0,15.47,354.53,KCH200,القاهرة,Cash On Delivery
2006290304,2026-09-01 16:48:52,Sep 01,MP,ocean,Kitchen Accessories,سبت غسيل شبكية بغطاء، لون أبيض غامق من واتانيا,RAN-9TCEPFQ,1.0,666.0,666.0,27.83,638.17,KCH200,القاهرة,Cash On Delivery
2006290304,2026-09-01 16:48:52,Sep 01,MP,lifecare,Kitchenware,طقم من 3 برطمانات بورسلين محكمة الإغلاق للقهوة والسكر والشاي (كريمي، سعة 550 مل),RAN-VCHBA8R,1.0,599.0,599.0,25.03,573.97,KCH200,القاهرة,Cash On Delivery
2006290304,2026-09-01 16:48:52,Sep 01,MP,molanafortraining,Ladders &amp; Clothes Dryer,منشر غسيل هومي صن اير معدن 16 متر ، ضد الصدا,RAN-A4K5FAK,1.0,1699.0,1699.0,71.02,1627.98,KCH200,القاهرة,Cash On Delivery
2006290304,2026-09-01 16:48:52,Sep 01,raneen,raneen,Iron Tables,ترابيزة مكواة معدن قابلة للطي سارا، 142×45×105 سم - ابيض احمر,HO1044730ME6,1.0,1199.0,1199.0,50.12,1148.88,KCH200,القاهرة,Cash On Delivery
2006290304,2026-09-01 16:48:52,Sep 01,MP,tibatrading,Kitchenware,منظم رف توابل من الخيزران للمطبخ من فيلالونا، رف توابل خشب متين، منظم برطمانات توابل قائم بذاته من 3 طبقات، حامل تخزين قابل للطي للخزانة والأدراج وسطح الطاولة,RAN-UB76UGD,1.0,252.0,252.0,10.54,241.46,KCH200,القاهرة,Cash On Delivery
2006290298,2026-09-01 16:48:08,Sep 01,raneen,raneen,Electronics Audio,طقم سماعات صب ووفر جولدي، 13×17×30 سم، 4 بوصة، قطعتين، Gs-D401 - اسود فضي,EL1102343BK6,1.0,699.0,699.0,0.0,699.0,,البحيرة,Cash On Delivery
2006290298,2026-09-01 16:48:08,Sep 01,MP,norlight,Watches &amp; Alarms,ساعة حائط TEKCOOL 12&quot; صامتة بمحرك كوارتز، تصميم ديكوري عصري، بطارية، سهلة القراءة للمنزل/المطبخ/المكتب/المدرسة - تنسيق أنالوج، بلاستي,RAN-ZRCHUWY,1.0,509.0,509.0,0.0,509.0,,البحيرة,Cash On Delivery
2006290289,2026-09-01 16:47:58,Sep 01,MP,rafae3dotcom,Shaving &amp; Grooming,ماكينه حلاقه فى جى ار متعددة الاستخدام للرجال، 600 مللي أمبير/ساعة، V-982 - أسود,V982-rafae3dotcom,1.0,490.0,490.0,0.0,490.0,,المنيا,Cash On Delivery
2006290286,2026-09-01 16:47:25,Sep 01,raneen,raneen,Keyboard &amp; Mouse,ماوس سلكى جاما، GT-101 - اسود,EL1139506BK1,1.0,29.0,29.0,0.0,29.0,,القاهرة,Cash On Delivery
2006290286,2026-09-01 16:47:25,Sep 01,raneen,raneen,Home &amp; Balcony Essentials,ترابيزة خشبية فرومايكا قابلة للطي الفتح، 65×105×75 سم - بني داكن,HO1058730BR1,1.0,899.0,899.0,0.0,899.0,,القاهرة,Cash On Delivery
2006290286,2026-09-01 16:47:25,Sep 01,raneen,raneen,Fans,مروحة ستاند جلاكسى فريش، 16 بوصة، 3 ريشة، 3 سرعات - ازرق,EL1059662BLU,1.0,1349.0,1349.0,0.0,1349.0,,القاهرة,Cash On Delivery
2006290286,2026-09-01 16:47:25,Sep 01,MP,woodrate,Shoe Rack,جزامة خشب، شيب بورد، 60×87×31 سم - بنى,Rate-sh-1,1.0,1099.0,1099.0,0.0,1099.0,,القاهرة,Cash On Delivery
4000164676,2026-09-01 16:47:15,Sep 01,MP,asquare,Perfumes,"Ted Lapidus Eau de Toilette, For Women, 100ml",Asquare-239-100ml,1.0,678.0,678.0,0.0,678.0,,Giza,Cash On Delivery
2006290283,2026-09-01 16:46:37,Sep 01,raneen,raneen,Cleaning Tools &amp; Supplies,باسكت قمامة بلاستيك بغطاء تاتش حجازي، 7 لتر- ابيض بيج,HO1147789WIT,1.0,135.0,135.0,6.75,128.25,KCH200,الجيزة,Paymob Wallet
2006290280,2026-09-01 16:45:30,Sep 01,raneen,raneen,Shoes,شبشب بلاستيك وش جلد للسيدات,SH1149222BG9,1.0,99.0,99.0,0.0,99.0,,الأسكندرية,Credit/Debit Card
2006290280,2026-09-01 16:45:30,Sep 01,raneen,raneen,Shoes,حذاء جلد للسيدات,SH1128070BG8,1.0,155.0,155.0,0.0,155.0,,الأسكندرية,Credit/Debit Card
2006290280,2026-09-01 16:45:30,Sep 01,raneen,raneen,Shoes,حذاء برباط جلد للسيدات، 38 EU - اسود ابيض,SH1150206B38,1.0,219.0,219.0,0.0,219.0,,الأسكندرية,Credit/Debit Card
2006290271,2026-09-01 16:43:41,Sep 01,raneen,raneen,Cookware,طقم حلل ستانلس ستيل برايم زينوكس، 17 قطعة - فضي,HO1148106SLV,1.0,5999.0,5999.0,0.0,5999.0,,القليوبية,Cash On Delivery
2006290262,2026-09-01 16:37:41,Sep 01,raneen,raneen,Pajamas &amp; Sleepwear,طقم بيجامة ليكرا للسيدات سيزر، قطعتين,FS1145094WI1,1.0,179.0,179.0,0.0,179.0,KCH200,القاهرة,Cash On Delivery
2006290262,2026-09-01 16:37:41,Sep 01,MP,talhastore,Fashion Accessories,محفظة نسائية طويلة من جلد PU بنمط غربي مع مشبك للنقود وحامل بطاقات ومحفظة عملات - أسود,RAN-KJYERKZ,1.0,199.0,199.0,0.0,199.0,KCH200,القاهرة,Cash On Delivery
2006290262,2026-09-01 16:37:41,Sep 01,raneen,raneen,Shoes,حذاء بلارينا فلات تريكو للسيدات، 40 EU - بيج,SH1149657B40,1.0,99.0,99.0,0.0,99.0,KCH200,القاهرة,Cash On Delivery
2006290262,2026-09-01 16:37:41,Sep 01,raneen,raneen,Shoes,حذاء اسبدري جلد للبنات جرين,SH1137466BK1,1.0,205.0,205.0,0.0,205.0,KCH200,القاهرة,Cash On Delivery
2006290262,2026-09-01 16:37:41,Sep 01,MP,carina,Underwear’s,بلوزة قصيرة الأكمام كارينا قطن للبنات,17150-61-8-10,1.0,120.0,120.0,0.0,120.0,KCH200,القاهرة,Cash On Delivery
2006290262,2026-09-01 16:37:41,Sep 01,raneen,raneen,Drinkware,زجاجة مياة رياضية بلاستيك، بالشاليموه، 800 مل - موف اخضر,HO1147946MC3,1.0,157.0,157.0,7.85,149.15,KCH200,القاهرة,Cash On Delivery
2006290262,2026-09-01 16:37:41,Sep 01,raneen,raneen,Shoes,حذاء رياضي تريكو للاولاد بريبندا,SH1125928B28,1.0,175.0,175.0,0.0,175.0,KCH200,القاهرة,Cash On Delivery
2006290262,2026-09-01 16:37:41,Sep 01,MP,carina,Underwear’s,بلوزة كارينا قطن للسيدات,70033-01-2XL,1.0,148.0,148.0,0.0,148.0,KCH200,القاهرة,Cash On Delivery
2006290256,2026-09-01 16:37:01,Sep 01,raneen,raneen,Mobile Phones,موبايل سمارت انفينكس هوت 60 برو بلس، شريحتين، شبكة الجيل الرابع، 8+8 جيجا رام، 256 جيجا بايت - اصفر,EL1154556YLW,1.0,11899.0,11899.0,297.47,11601.53,MOB300,القاهرة,Cash On Delivery
2006290253,2026-09-01 16:36:57,Sep 01,MP,berghoff,Kitchenware,مقص مطبخ بيرج هوف ستانلس ستيل، 21.5 سم - فضى رمادي,1106255,1.0,469.0,469.0,0.0,469.0,,المنوفية,Cash On Delivery
2006290253,2026-09-01 16:36:57,Sep 01,raneen,raneen,Cookware,قلاية ستانلس ستيل زينوكس، مقاس 22 - فضى,HO1007368SLV,1.0,1083.0,1083.0,0.0,1083.0,,المنوفية,Cash On Delivery
2006290253,2026-09-01 16:36:57,Sep 01,raneen,raneen,Cutlery &amp; Flatware Set,طقم ادوات مائدة ستانلس ستيل السلسبيل، 36 قطعة، بالأضافة الى ستاند - فضي,HO1149513SL2,1.0,1399.0,1399.0,0.0,1399.0,,المنوفية,Cash On Delivery
2006290253,2026-09-01 16:36:57,Sep 01,raneen,raneen,Kitchenware,ماسك تحمير ستانلس ستيل، 21 سم - فضي,HO1103345SLV,1.0,47.0,47.0,0.0,47.0,,المنوفية,Cash On Delivery
2006290253,2026-09-01 16:36:57,Sep 01,raneen,raneen,Cookware,كنكه ستانلس ستيل كوركماز - فضي,HO1004432SLV,1.0,520.0,520.0,0.0,520.0,,المنوفية,Cash On Delivery
2006290253,2026-09-01 16:36:57,Sep 01,raneen,raneen,Cookware,كنكه ستانلس ستيل كوركماز - فضي,HO1004434SLV,1.0,699.0,699.0,0.0,699.0,,المنوفية,Cash On Delivery
2006290253,2026-09-01 16:36:57,Sep 01,raneen,raneen,Bowl,بولة اركوبال مستديره لومينارك، 24 سم - ابيض,HO1127005WIT,4.0,175.0,700.0,0.0,700.0,,المنوفية,Cash On Delivery
2006290253,2026-09-01 16:36:57,Sep 01,raneen,raneen,Bowl,بوله شوربة اركوبال مستديره لومينارك، 16 سم - ابيض,HO1115234WIT,3.0,70.0,210.0,0.0,210.0,,المنوفية,Cash On Delivery
2006290253,2026-09-01 16:36:57,Sep 01,MP,lifecare,Storage &amp; Organization,"سلة تخزين رتان مضفرة, 3 قطع - بيج",RAN-5V7884H,1.0,515.0,515.0,0.0,515.0,,المنوفية,Cash On Delivery
2006290253,2026-09-01 16:36:57,Sep 01,MP,homepro,Serveware,سلة من ورق النخيل هوم برو، 38X7 سم - بيج,ATM1-Homepro,1.0,253.8,253.8,0.0,253.8,,المنوفية,Cash On Delivery
2006290253,2026-09-01 16:36:57,Sep 01,MP,funnypot,Plant Pots,جذع بالنبات الصناعي فخار، 10×18 سم - بني,Funnypot952024-35,1.0,289.0,289.0,0.0,289.0,,المنوفية,Cash On Delivery
2006290253,2026-09-01 16:36:57,Sep 01,raneen,raneen,Home Decor,علبة مناديل خشب سرسوع روز وود، 14×25 سم - خشبي,HO1149593BSC,1.0,299.0,299.0,0.0,299.0,,المنوفية,Cash On Delivery
2006290253,2026-09-01 16:36:57,Sep 01,raneen,raneen,Dinnerware,طبق عميق ستانلس ستيل مستدير الهدي، 19 سم - فضي,HO1113189SLV,2.0,129.0,258.0,0.0,258.0,,المنوفية,Cash On Delivery
2006290253,2026-09-01 16:36:57,Sep 01,raneen,raneen,Dinnerware,طبق اركوبال مسطح مستدير لومينارك، 24 سم - ابيض,HO1127003WIT,2.0,65.0,130.0,0.0,130.0,,المنوفية,Cash On Delivery
2006290253,2026-09-01 16:36:57,Sep 01,MP,biti,Kitchenware,مصفاة مغسلة مصنوعة من الفولاذ المقاوم للصدأ - فضي,RAN-QM2RSG2,1.0,85.0,85.0,0.0,85.0,,المنوفية,Cash On Delivery
2006290253,2026-09-01 16:36:57,Sep 01,MP,ikea,Kitchenware,جوانتي فرن ، قماش - رمادي,PNUXCJVYN9AS,1.0,350.0,350.0,0.0,350.0,,المنوفية,Cash On Delivery
2006290253,2026-09-01 16:36:57,Sep 01,raneen,raneen,Cookware,براد ستانلس ستيل هاوس رولاند، يد بكالايت و غطاء صفارة، 3 لتر - رمادي اسود,HO1138332GY1,1.0,899.0,899.0,0.0,899.0,,المنوفية,Cash On Delivery
2006290253,2026-09-01 16:36:57,Sep 01,MP,lifecare,Cleaning Tools &amp; Supplies,مزيل شعر الحيوانات الأليفة ومزيل الوبر قابل لإعادة الاستخدام للبسط، الملابس، الأقمشة، الأرائك، الأثاث، والسيارات - قطعتين,RAN-TH66SEJ,1.0,94.0,94.0,0.0,94.0,,المنوفية,Cash On Delivery
2006290253,2026-09-01 16:36:57,Sep 01,raneen,raneen,Cleaning Tools &amp; Supplies,فرشاة تنظيف تواليت بلاستيك كلينر، 37 سم - ازرق رمادي,HO1136790BL1,1.0,100.0,100.0,0.0,100.0,,المنوفية,Cash On Delivery
2006290253,2026-09-01 16:36:57,Sep 01,MP,biti,Kitchenware,مصفاه ومنظم ستانلس ستيل للمعالق والشوك رسمة تفاح - فضي,20441-202584,2.0,143.0,286.0,0.0,286.0,,المنوفية,Cash On Delivery
2006290253,2026-09-01 16:36:57,Sep 01,MP,coktailstore,Kitchenware,ماسك شوي ستانلس ستيل من الياسين، متعدد الألوان، عدد القطع: 1,RAN-8DWWXZN,1.0,99.0,99.0,0.0,99.0,,المنوفية,Cash On Delivery
2006290253,2026-09-01 16:36:57,Sep 01,raneen,raneen,Kitchenware,مقوار ستانلس بيد ستانلس ايه ام دبيلو، 17 سم - فضى,HO1089752SLV,2.0,14.0,28.0,0.0,28.0,,المنوفية,Cash On Delivery
2006290253,2026-09-01 16:36:57,Sep 01,raneen,raneen,Knife &amp; Cutters,سكينة ستانلس ستيل باس، 24 سم - فضي,HO1138813SLV,2.0,100.0,200.0,0.0,200.0,,المنوفية,Cash On Delivery
2006290253,2026-09-01 16:36:57,Sep 01,raneen,raneen,Kitchenware,طقم ملاحه زجاج باشابتشي، قطعتين، 35 مل - شفاف,HO1103343CLR,1.0,96.0,96.0,0.0,96.0,,المنوفية,Cash On Delivery
2006290253,2026-09-01 16:36:57,Sep 01,raneen,raneen,Bowl,بولة زجاج باشابتشي، 595 مل - ازرق,HO1125023BL1,3.0,41.0,123.0,0.0,123.0,,المنوفية,Cash On Delivery
2006290250,2026-09-01 16:36:14,Sep 01,MP,attallah,Water Dispenser,مبرد مياه فريش، 3 حنفية، FW-16VCD - رمادى داكن,MHMPEL1019177DGY,1.0,6899.0,6899.0,0.0,6899.0,,أسيوط,Cash On Delivery
2006290229,2026-09-01 16:27:48,Sep 01,raneen,raneen,Center Table,ترابيزة وسط خشب شيب بورد، 80×48×42 سم - بني فاتح ابيض,HO1127895BW1,1.0,799.0,799.0,0.0,799.0,,الجيزة,Cash On Delivery
2006290229,2026-09-01 16:27:48,Sep 01,raneen,raneen,Side Table,ترابيزة جانبية خشب ام دي اف، 35×35×50 سم - بني,HO1128879BRN,1.0,225.0,225.0,0.0,225.0,,الجيزة,Cash On Delivery
2006290220,2026-09-01 16:24:46,Sep 01,raneen,raneen,Bowl,عجان بلاستيك مستدير الهدى، 7.5 لتر - احمر,HO1092224RED,1.0,59.0,59.0,0.0,59.0,,الجيزة,Cash On Delivery
2006290211,2026-09-01 16:23:20,Sep 01,raneen,raneen,Cookware,طقم حلل تيفال تروفال، 12 قطعة - احمر,HO1139425RED,1.0,1999.0,1999.0,0.0,1999.0,,القاهرة,Cash On Delivery
2006290211,2026-09-01 16:23:20,Sep 01,raneen,raneen,Cutlery &amp; Flatware Set,طقم ادوات مائده ستانلس ستيل الهدي، 24 قطعة - فضي,HO1118745SL1,1.0,115.0,115.0,0.0,115.0,,القاهرة,Cash On Delivery
2006290208,2026-09-01 16:22:10,Sep 01,raneen,raneen,Packaging,رول تغليف بابلز بلاستيك، 50 سم×100 متر - شفاف,HO1113113CLR,1.0,149.0,149.0,0.0,149.0,,الجيزة,Cash On Delivery
2006290208,2026-09-01 16:22:10,Sep 01,raneen,raneen,Packaging,طقم لاصق سوليتب، 5 قطع، 100 متر×4.5 سم - شفاف,HO1113116CLR,1.0,165.0,165.0,0.0,165.0,,الجيزة,Cash On Delivery
2006290208,2026-09-01 16:22:10,Sep 01,raneen,raneen,Packaging,رول استرتش للتغليف، العرض 50 سم، 3 كجم - شفاف,HO1114678WIT,1.0,399.0,399.0,0.0,399.0,,الجيزة,Cash On Delivery
2006290205,2026-09-01 16:22:02,Sep 01,MP,lepetitjustin,Bedding,"لحاف قطن مصرى مخلوط مريح بحجم 230 x 230 سم , 3 قطع - أخضر أصفر",B0DKCB93S4,1.0,1555.0,1555.0,0.0,1555.0,,الجيزة,Cash On Delivery
2006290196,2026-09-01 16:20:28,Sep 01,raneen,raneen,Kettles,غلاية مياه كهربائية ستانلس ستيل سيلكت، 1.5 لتر، 1500 وات - اسود فضي,EL1137877BNS,1.0,209.0,209.0,0.0,209.0,,الجيزة,Cash On Delivery
2006290196,2026-09-01 16:20:28,Sep 01,raneen,raneen,Cookers,بوتاجاز غاز يونيون اير جوستو، 5 شعلة، استانلس كامل/ تايمر ميكانيكال / لمبه/ اشعال/ شوايه / مروحه، 90×60 سم، نصف امان، C69SS-DC-443-SOF-A-GU-AL - فضى,EL1143992SLV,1.0,11599.0,11599.0,0.0,11599.0,,الجيزة,Cash On Delivery
2006290178,2026-09-01 16:16:59,Sep 01,raneen,raneen,Cleaning Tools &amp; Supplies,باسكت قمامة بلاستيك بغطاء متحرك الهدى، 20 لتر - رمادي اسود,HO1145752OL1,1.0,167.0,167.0,8.35,158.65,KCH200,القاهرة,Cash On Delivery
2006290178,2026-09-01 16:16:59,Sep 01,raneen,raneen,Drinkware,طقم مج شاي زجاج سيتي جلاس، 6 قطع، 170 مل - شفاف,HO1074559CL1,1.0,142.0,142.0,7.1,134.9,KCH200,القاهرة,Cash On Delivery
2006290178,2026-09-01 16:16:59,Sep 01,raneen,raneen,Cookware, طقم زجاج حرارى تركى بورجام، 4 قطع - شفاف,HO1012438CLR,1.0,549.0,549.0,27.45,521.55,KCH200,القاهرة,Cash On Delivery
2006290166,2026-09-01 16:15:44,Sep 01,MP,atomsteel,Mattress,مرتبة ريتش هوم سوبر جولدن، سوست متصلة، 200×180×27 سم - ابيض,Super-golden-200-180-27,1.0,9158.0,9158.0,0.0,9158.0,,الجيزة,El-Ahly Installments
2006290169,2026-09-01 16:14:58,Sep 01,raneen,raneen,Mobile Phones,موبايل سمارت اوبو، A6T، شريحتين اتصال، 128 جيجابايت، 6 جيجابايت رام، شبكة الجيل الخامس - ازرق,EL1150838BLU,3.0,11999.0,35997.0,0.0,35997.0,,بني سويف,Cash On Delivery
2006290163,2026-09-01 16:09:45,Sep 01,raneen,raneen,Mobile Phones,موبايل سمارت بوكو C85 ، شبكة الجيل الرابع، شريحتين، 256 جيجا بايت، 8 جيجا بايت رام - اخضر,EL1140775GRN,1.0,8999.0,8999.0,0.0,8999.0,,القاهرة,El-Ahly Installments
2006290163,2026-09-01 16:09:45,Sep 01,MP,bestbuyelectronic,Mobile Phones,موبايل سمارت موتورولا G56، شريحتين اتصال، شبكة الجيل الخامس، 256 جيجا بايت، 12 جيجا رام، نسخة الشرق الاوسط,840023297021,1.0,13599.0,13599.0,0.0,13599.0,,القاهرة,El-Ahly Installments
2006290157,2026-09-01 16:07:43,Sep 01,MP,ammerkatosh,Washers &amp; Dryer,غسالة للاطفال فريش، 4 كجم، مزودة بحلة عصر، 500010602 - ابيض,AREGG500208-ammerkatosh,1.0,2302.0,2302.0,0.0,2302.0,,سوهاج,Cash On Delivery
2006290157,2026-09-01 16:07:43,Sep 01,MP,abhfurniture,Desks,مكتب ستيل، دهان الكتروستاتيك، 160×60×75 سم - خشبى اسود,abhdesk25,1.0,3799.0,3799.0,0.0,3799.0,,سوهاج,Cash On Delivery
2006290148,2026-09-01 16:06:12,Sep 01,MP,lightcart,Cookware,إبريق شاي زجاجي بايركس بغطاء خيزراني ، 1 لتر - شفاف,EIB-56760-LIGHT-CARD-6783,1.0,245.0,245.0,12.25,232.75,KCH200,الأسكندرية,Cash On Delivery
2006290136,2026-09-01 16:03:40,Sep 01,MP,egfurniture,Beds,سرير خشب موسكى، قماش قطيفه، 200×160×125 سم - اوف وايت,eg-fur-bed-08,1.0,5999.0,5999.0,405.5,5593.5,off500,Cairo,Cash On Delivery
2006290136,2026-09-01 16:03:40,Sep 01,raneen,raneen,Dinnerware,طقم عشاء بورسلين لوتس، 18 قطعه - اسود ابيض,HO1092431BNW,1.0,1099.0,1099.0,0.0,1099.0,off500,Cairo,Cash On Delivery
2006290136,2026-09-01 16:03:40,Sep 01,raneen,raneen,Drinkware,طقم مج زجاج بلينك ماكس، 6 قطع، 205 مل - شفاف,HO1121257CLR,1.0,225.0,225.0,0.0,225.0,off500,Cairo,Cash On Delivery
2006290136,2026-09-01 16:03:40,Sep 01,MP,lazord,Cookware,طقم حلل جرانيت لازورد، 11 قطعة - اسود,6224010564459,1.0,2999.0,2999.0,0.0,2999.0,off500,Cairo,Cash On Delivery
2006290136,2026-09-01 16:03:40,Sep 01,MP,lightcart,Kitchenware,طقم ملاعق سيليكون للمطبخ بمقابض خشبية ، 12 قطع - أسود,EIB-56871-LIGHT-CARD-6894,1.0,390.5,390.5,0.0,390.5,off500,Cairo,Cash On Delivery
2006290136,2026-09-01 16:03:40,Sep 01,MP,homepro,Kitchenware,لوح تقطيع خشبي هوم برو، 20×35 سم - بيج,a220,1.0,459.0,459.0,0.0,459.0,off500,Cairo,Cash On Delivery
2006290136,2026-09-01 16:03:40,Sep 01,raneen,raneen,Knife &amp; Cutters,مسن سكاكين 3 شفرات - احمر,HO1083995RED,1.0,55.0,55.0,0.0,55.0,off500,Cairo,Cash On Delivery
2006290136,2026-09-01 16:03:40,Sep 01,MP,tibatrading,Bathroom Accessories,رف حمام زاوية معدني 3 طبقات | منظم الحمام جداري أسود,RAN-R5RN3DP,1.0,299.0,299.0,0.0,299.0,off500,Cairo,Cash On Delivery
2006290136,2026-09-01 16:03:40,Sep 01,raneen,raneen,Bathroom Accessories,مضخه صابون بلاستيك بحامل اسفنج وينر بلاست، 16.5×15.5×7.5 سم - اسود,HO1144011BK1,1.0,77.0,77.0,0.0,77.0,off500,Cairo,Cash On Delivery
2006290136,2026-09-01 16:03:40,Sep 01,raneen,raneen,Knife &amp; Cutters,طقم سكاكين ستانلس ستيل باس، 7 قطع، بالحامل - اسود فضي,HO1044932BE8,1.0,885.0,885.0,0.0,885.0,off500,Cairo,Cash On Delivery
2006290136,2026-09-01 16:03:40,Sep 01,MP,molanafortraining,Bathroom Accessories,حامل منشفة جداري مستطيل أسود مطفي من الفولاذ المقاوم للصدأ مع رف وخطافات - DDS-DUDES,RAN-RDY4ZJH,1.0,731.0,731.0,0.0,731.0,off500,Cairo,Cash On Delivery
2006290136,2026-09-01 16:03:40,Sep 01,MP,signoola,Towels,طقم فوط شاطئ سيجنولا، ٤ قطع، قطن، 100×50 سم - رمادي,B0CQ2XQLDS,1.0,739.0,739.0,0.0,739.0,off500,Cairo,Cash On Delivery
2006290136,2026-09-01 16:03:40,Sep 01,raneen,raneen,Kitchen Scale,ميزان وجبات ديجيتال معدن، 2000 جرام - فضي,HO1146918SL1,1.0,418.0,418.0,0.0,418.0,off500,Cairo,Cash On Delivery
2006290136,2026-09-01 16:03:40,Sep 01,MP,grandmakaa,Kitchen Accessories,طقم شماعة ملابس ستانلس ستيل، 10 قطع - فضي,RAN-X23GZ8M,1.0,199.0,199.0,0.0,199.0,off500,Cairo,Cash On Delivery
2006290136,2026-09-01 16:03:40,Sep 01,MP,lightcart,Storage &amp; Organization,شماعة هدوم معدني مع رف سفلي ، 150×110×40 سم - أسود,EIB-56756-LIGHT-CARD-6779,2.0,699.0,1398.0,94.5,1303.5,off500,Cairo,Cash On Delivery
2006290136,2026-09-01 16:03:40,Sep 01,raneen,raneen,Kitchen Accessories,طقم شماعة ملابس ستانلس ستيل مطلي جلد، 10 قطع، 40 سم، 265 جرام - ابيض,HO1137103WIT,3.0,72.0,216.0,0.0,216.0,off500,Cairo,Cash On Delivery
2006290136,2026-09-01 16:03:40,Sep 01,raneen,raneen,Drinkware,طقم اكواب زجاج قنديل، 3 قطع، 360 مل - شفاف,HO1142191CLR,2.0,75.0,150.0,0.0,150.0,off500,Cairo,Cash On Delivery
2006290136,2026-09-01 16:03:40,Sep 01,raneen,raneen,Cutlery &amp; Flatware Set,طقم ادوات مائده ستانلس ستيل الهدي، 24 قطعة - فضي,HO1118745SL1,1.0,115.0,115.0,0.0,115.0,off500,Cairo,Cash On Delivery
2006290139,2026-09-01 16:03:40,Sep 01,raneen,raneen,Cleaning Tools &amp; Supplies,باسكت قمامه بلاستيك مربع بالغطاء سفير، 2 عجله، 90 لتر - اسود,HO1131000BLK,1.0,399.0,399.0,19.95,379.05,kch200,القاهرة,Cash On Delivery
2006290130,2026-09-01 15:58:47,Sep 01,MP,woodrate,Shoe Rack,جزامة خشب، شيب بورد، 60×87×31 سم - بنى,Rate-sh-1,1.0,1099.0,1099.0,0.0,1099.0,,القاهرة,Cash On Delivery
2006290112,2026-09-01 15:55:45,Sep 01,MP,attallah,Mixers &amp; Blenders,كبة فريش، 1500 وات، 6 لتر، CH1500W - فضى,EL1128857BNS-attallah,1.0,2580.0,2580.0,0.0,2580.0,,القليوبية,Cash On Delivery
2006290109,2026-09-01 15:55:41,Sep 01,raneen,raneen,Dining Rooms,ترابيزة سفرة خشب ام دي اف قماش كتان، ترابيزة 160×80×76 سم، 6 كراسى - بيج رمادي,HO1141569GNB,1.0,11499.0,11499.0,0.0,11499.0,,القاهرة,Bank Misr Installments
2006290106,2026-09-01 15:55:16,Sep 01,raneen,raneen,Cutlery &amp; Flatware Set,طقم سكينة طعام اليكس ميتال، 3 قطع - فضي,HO1024752SLV,2.0,152.0,304.0,0.0,304.0,,الأسكندرية,Cash On Delivery
2006290106,2026-09-01 15:55:16,Sep 01,raneen,raneen,Cutlery &amp; Flatware Set,طقم ادوات مائده ستانلس ستيل الهدي، 24 قطعة - فضي,HO1118744SL1,1.0,115.0,115.0,0.0,115.0,,الأسكندرية,Cash On Delivery
2006290106,2026-09-01 15:55:16,Sep 01,MP,tibatrading,Kitchen Accessories,رف معدني متعدد الاستخدامات لتلبية احتياجات التخزين - أسود,TIBA.KIT.550,1.0,120.0,120.0,0.0,120.0,,الأسكندرية,Cash On Delivery
2006290100,2026-09-01 15:48:28,Sep 01,raneen,raneen,Home &amp; Balcony Essentials,كرسي معدن مبطن جلد بمسندين الفتح، 50×50×80 سم - اسود,HO1075504BLK,1.0,899.0,899.0,0.0,899.0,,الجيزة,Cash On Delivery
2006290097,2026-09-01 15:47:01,Sep 01,raneen,raneen,Tops and T-shirts,طقم إحرام قطن ساده للرجال قطونيل، قطعتين، 1300 جرام تقريبا - ابيض,TX1111755WIT,1.0,879.0,879.0,0.0,879.0,TEX200,الغربية,Cash On Delivery
2006290097,2026-09-01 15:47:01,Sep 01,raneen,raneen,Pillows,مخدة سوفتي المأمون، 49×160 سم - ابيض,TX1082072WIT,1.0,729.0,729.0,36.45,692.55,TEX200,الغربية,Cash On Delivery
2006290097,2026-09-01 15:47:01,Sep 01,raneen,raneen,Pillows,خدادية فايبر سوفت المأمون، 50×70 سم - ابيض,TX1015166WIT,2.0,299.0,598.0,29.9,568.1,TEX200,الغربية,Cash On Delivery
2006290094,2026-09-01 15:46:02,Sep 01,raneen,raneen,Nursery Furniture &amp; Decor,كرسي اطفال، 50×30×26 سم,TY1058529LGR,1.0,200.0,200.0,20.0,180.0,TOY150,القاهرة,Cash On Delivery
2006290082,2026-09-01 15:42:51,Sep 01,raneen,raneen,Shaving &amp; Grooming,ماكينة حلاقة شعر سوكانى الاحترافية، 2500 مللى امبير، SK-LF-9973 - ذهبى,EL1113874GLD,1.0,1109.0,1109.0,0.0,1109.0,,القاهرة,Aman
2006290061,2026-09-01 15:37:07,Sep 01,raneen,raneen,Shoe Rack,جزامة خشب أم دي أف، 2 دلفة، 3 رف جانبي، 2 رف سفلي، 90×32×90 سم - بني بيج,HO1147594BNB,1.0,2299.0,2299.0,89.83,2209.17,OFF500,الجيزة,Cash On Delivery
2006290061,2026-09-01 15:37:07,Sep 01,raneen,raneen,Kitchenware,مطبقية بلاستيك بالطبق، 30.50×44×37 سم، 2 دور - اسود,HO1111810BNB,1.0,164.0,164.0,0.0,164.0,OFF500,الجيزة,Cash On Delivery
2006290061,2026-09-01 15:37:07,Sep 01,MP,golderlifeforfurniture,Beds,سرير سنجل خشب موسكي، قماش قطيفة، 200×120×100 سم - بيج,GLB1-100,2.0,5249.0,10498.0,410.17,10087.83,OFF500,الجيزة,Cash On Delivery
2006290049,2026-09-01 15:34:40,Sep 01,raneen,raneen,Drinkware,طقم مج بورسلين لوتس دريم، 3 قطع، 300 مل - متعدد الالوان,HO1140191MC5,1.0,120.0,120.0,0.0,120.0,,القاهرة,valU
2006290049,2026-09-01 15:34:40,Sep 01,raneen,raneen,Drinkware,طقم مج بورسلين لوتس دريم، 3 قطع، 300 مل - متعدد الالوان,HO1140191MC8,1.0,120.0,120.0,0.0,120.0,,القاهرة,valU
2006290049,2026-09-01 15:34:40,Sep 01,raneen,raneen,Drinkware,طقم مج شاي زجاج جلاكسي جلاس، 3 قطع، 210 مل - شفاف,HO1130172CLR,1.0,41.0,41.0,0.0,41.0,,القاهرة,valU
2006290049,2026-09-01 15:34:40,Sep 01,raneen,raneen,Kettles,غلاية كهربائية كلاسيك تاتش الزنوكى، 1.7 لتر، 2200 وات - اسود,EL1020613BLK,1.0,580.0,580.0,0.0,580.0,,القاهرة,valU
2006290052,2026-09-01 15:34:40,Sep 01,raneen,raneen,Water Filters,فلتر مياه تانك باور بلس، 5 مراحل - ابيض,HO1003958WIT,1.0,1330.0,1330.0,0.0,1330.0,,القاهرة,Cash On Delivery
2006290043,2026-09-01 15:32:46,Sep 01,MP,craftfurniture,Center Table,ترابيزة وسط، خشب أم دي أف، 80×80×40 - بني,MZCTABLE1BRW-craftfurniture,1.0,1499.0,1499.0,0.0,1499.0,,البحر الأحمر,Credit/Debit Card
2006290034,2026-09-01 15:31:45,Sep 01,raneen,raneen,Pillows,خدادية فايبر لازورد، 70×50 سم، 750 جرام - ابيض,TX1061325WIT,4.0,99.0,396.0,5.66,390.34,TEX200,القاهرة,Cash On Delivery
2006290034,2026-09-01 15:31:45,Sep 01,raneen,raneen,Pillows,مخدة فايبر بد اند بد، 160×45 سم - ابيض,TX1015140WIT,1.0,475.0,475.0,6.79,468.21,TEX200,القاهرة,Cash On Delivery
2006290034,2026-09-01 15:31:45,Sep 01,raneen,raneen,Pillows,خدادية فايبر الدورا، 120×40 سم، 1800 جرام تقريبا - ابيض,TX1141538WIT,2.0,369.0,738.0,10.54,727.46,TEX200,القاهرة,Cash On Delivery
2006290034,2026-09-01 15:31:45,Sep 01,raneen,raneen,Mattress,مرتبة رومبا الدورا، سوست متصلة، 160×195 سم، ارتفاع 25 سم - ابيض بني,TX1069837WI2,1.0,4999.0,4999.0,71.39,4927.61,TEX200,القاهرة,Cash On Delivery
2006290034,2026-09-01 15:31:45,Sep 01,raneen,raneen,Mattress,مرتبة رومبا دبل نت الدورا، سوست متصلة، 120×195 سم، بارتفاع 25 سم - ابيض بني,TX1110553WI2,2.0,3699.0,7398.0,105.64,7292.36,TEX200,القاهرة,Cash On Delivery
2006290025,2026-09-01 15:29:37,Sep 01,MP,dukanalaa,Personal Scale,ميزان الجسم الذكي الإلكتروني الرقمي بتقنية البلوتوث، شاشة LCD، سعة 180 كجم، أسود، يعمل بالبطاريات,RAN-YWEBBHV,1.0,320.0,320.0,0.0,320.0,,الجيزة,Credit/Debit Card
2006290019,2026-09-01 15:29:05,Sep 01,MP,rafae3dotcom,Beauty &amp; Body Care,ماكينه حلاقه فى جى ار متعددة الاستخدام للنساء، V-700 - أخضر أبيض,V-700-rafae3dotcom,1.0,600.0,600.0,0.0,600.0,,الجيزة,Cash On Delivery
2006290013,2026-09-01 15:28:20,Sep 01,raneen,raneen,Fans,مروحة حائط ايه تى ايه، 16 بوصة، 3 سرعات، 5 ريشة، B1605 - ابيض احمر,EL1018812WNR,1.0,669.0,669.0,0.0,669.0,,القاهرة,Cash On Delivery
2006289998,2026-09-01 15:24:09,Sep 01,raneen,raneen,TV Table,ترابيزة تلفيزيون خشب ام دي اف، 160×32×47 سم، 2 دلفه جانبية، ارجل معدن - بني ابيض,HO1117048BNW,1.0,3199.0,3199.0,500.0,2699.0,OFF500,الأسكندرية,Credit/Debit Card
2006289971,2026-09-01 15:21:10,Sep 01,MP,attallah,Air Conditioner,تكييف سبليت فريش ، 1.5 حصان، بارد فقط، ايليت انفرتر، EIFW12C/IW-R32 - ابيض,EL1151045WIT-attallah,2.0,20432.0,40864.0,0.0,40864.0,,القاهرة,Credit/Debit Card
2006289968,2026-09-01 15:19:31,Sep 01,raneen,raneen,Televisions,تلفزيون سمارت سامسونج، 32 بوصة، ال اي دي، HD، ريسيفر داخلي، ريموت كنترول، UA32H5000FUXEG - أسود,EL1137979BLK,1.0,8299.0,8299.0,0.0,8299.0,,القاهرة,Premium Card
2006289965,2026-09-01 15:19:09,Sep 01,MP,testa,Shoes,حذاء رياضي برباط جلد للرجال تيستا تورو,x12.h.42,1.0,399.0,399.0,0.0,399.0,,القاهرة,valU
2006289965,2026-09-01 15:19:09,Sep 01,MP,amarshop,Men&#039;s Accessories,مجموعة شرابات قطن للرجال، 12 قطعة، مقاس موحد - متعدد الالوان,SK-12-m-f-amarshop,1.0,129.99,129.99,0.0,129.99,,القاهرة,valU
2006289965,2026-09-01 15:19:09,Sep 01,MP,shoppingonline,Men&#039;s Bags,شنطة كتف جلد صناعي بسعة كبيرة، صغيرة - أسود,B0CXG6844S,1.0,300.2,300.2,0.0,300.2,,القاهرة,valU
2006289959,2026-09-01 15:17:17,Sep 01,MP,vgastar,PlayStation Games &amp; Accessories,ذراع تحكم لاسلكي دوال شوك كراش، متوافق مع بلايستيشن 4، Cuh-Zct1E - اسود,cuh-zct1e,3.0,700.0,2100.0,0.0,2100.0,,القليوبية,El-Ahly Installments
4000164664,2026-09-01 15:14:17,Sep 01,MP,jokylights,Lighting Hanging,"Joky Electrostatic Powder-Coated Steel Chandelier, 100 Cm - Black",joky428-B,8.0,1039.0,8312.0,200.0,8112.0,lit200,البحر الأحمر,Cash On Delivery
2006289947,2026-09-01 15:13:41,Sep 01,raneen,raneen,Microwaves &amp; Ovens,ميكروويف ايه تى ايه،، 20 لتر، 1200 وات، MW20LN002 - رمادي,EL1120811GRY,1.0,2999.0,2999.0,0.0,2999.0,,دمياط,Credit/Debit Card
2006289944,2026-09-01 15:12:50,Sep 01,raneen,raneen,Cleaning Tools &amp; Supplies,مسحوق غسالات الاطباق بودر فينيكس، 500 جرام - ابيض,HO1116219WIT,2.0,100.0,200.0,0.0,200.0,,الجيزة,Cash On Delivery
2006289941,2026-09-01 15:12:31,Sep 01,raneen,raneen,Bed Sheets,طقم ملاية سرير، 5 قطع، 220×240 سم - متعدد الالوان,TX1048610NV3,2.0,249.0,498.0,24.9,473.1,Tex200,الأسكندرية,Cash On Delivery
2006289941,2026-09-01 15:12:31,Sep 01,raneen,raneen,Bed Sheets,طقم ملاية سرير، 3 قطع، 240×170 سم، 650 جرام - اسود بيج,TX1140094ML2,2.0,159.0,318.0,15.9,302.1,Tex200,الأسكندرية,Cash On Delivery
2006289941,2026-09-01 15:12:31,Sep 01,raneen,raneen,Bed Sheets,طقم ملاية جودي، 3 قطع، 240×170 سم، 650 جرام - اصفر,TX1109918ML4,2.0,159.0,318.0,15.9,302.1,Tex200,الأسكندرية,Cash On Delivery
2006289920,2026-09-01 15:04:08,Sep 01,MP,radiotalaat,Water Heaters,سخان غاز تورنيدو، 10 لتر، مزود بشاشة ديجيتال، GHE-C10CTE-W - ابيض,190832-radiotalaat,1.0,6450.0,6450.0,0.0,6450.0,,الجيزة,Cash On Delivery
2006289917,2026-09-01 15:03:35,Sep 01,MP,hadymix,Shoe Rack,جزامة خشب شيب بورد، 2 درفة، 30x60x90 سم - بني,Hadymix-11011,1.0,999.0,999.0,0.0,999.0,,Cairo,Cash On Delivery
2006289908,2026-09-01 15:02:06,Sep 01,raneen,raneen,Storage,لانش بوكس بلاستيك بغطاء كليبس فالمر، قلب ستانلس ستيل، 14×20 سم - زيتوني شفاف,HO1136486OL1,1.0,206.0,206.0,0.0,206.0,,الأسكندرية,Cash On Delivery
2006289896,2026-09-01 14:58:46,Sep 01,MP,blackmirror,Hats &amp; Caps,طاقية بيني إن زد سي إف واي ، مقاس واحد - أسود,QY-IL8H-YPWV,1.0,190.0,190.0,0.0,190.0,,القاهرة,Cash On Delivery
2006289878,2026-09-01 14:56:10,Sep 01,raneen,raneen,Storage,طقم علب تخزين بلاستيك الهدي، قطعتين - شفاف رمادي,HO1137691CL1,1.0,249.0,249.0,0.0,249.0,,القاهرة,Credit/Debit Card
2006289878,2026-09-01 14:56:10,Sep 01,raneen,raneen,Curtain,ستارة قطيفة سادة بحلقات، 150×250 سم، 520 جرام تقريبا - رمادي (قطعة واحدة),TX1095141DGY,1.0,139.0,139.0,0.0,139.0,,القاهرة,Credit/Debit Card
2006289881,2026-09-01 14:56:06,Sep 01,MP,dukanalaa,Personal Scale,ميزان شخصى ديجيتال، حمولة حتى 180 كجم - شفاف,DA-scale180k,1.0,275.0,275.0,0.0,275.0,,Giza,Cash On Delivery
2006289875,2026-09-01 14:55:46,Sep 01,raneen,raneen,Fans,مروحة سقف ايه تى ايه، 56 بوصة، 5 سرعات، 3 ريش، DS56-6-2L - ابيض,EL1018826WIT,1.0,1029.0,1029.0,0.0,1029.0,,القليوبية,Cash On Delivery
2006289869,2026-09-01 14:54:52,Sep 01,MP,attallah,Fans,مروحة ستاند الشبح فريش، 18 بوصة، 3 سرعات - احمر,EL1049885BLK-CONF-attalah,1.0,1985.0,1985.0,0.0,1985.0,,الجيزة,Credit/Debit Card
2006289863,2026-09-01 14:54:24,Sep 01,raneen,raneen,Underwear’s,بدي نصف كم قطن ليكرا للسيدات 365 يوم,FS1141377NVY,1.0,79.0,79.0,0.0,79.0,,الأسكندرية,Credit/Debit Card
2006289863,2026-09-01 14:54:24,Sep 01,raneen,raneen,Underwear’s,بدي نصف كم قطن ليكرا للسيدات 365 يوم,FS1141378DRD,1.0,79.0,79.0,0.0,79.0,,الأسكندرية,Credit/Debit Card
2006289863,2026-09-01 14:54:24,Sep 01,MP,carina,Underwear’s,تيشيرت برقبة عالية كارينا قطن للسيدات,70157-01-2XL,1.0,200.0,200.0,0.0,200.0,,الأسكندرية,Credit/Debit Card
2006289863,2026-09-01 14:54:24,Sep 01,MP,carina,Underwear’s,تيشيرت برقبة عالية كارينا قطن للسيدات,70157-02-2XL,1.0,200.0,200.0,0.0,200.0,,الأسكندرية,Credit/Debit Card
2006289857,2026-09-01 14:53:50,Sep 01,raneen,raneen,Pillows,خدادية فايبر لازورد، 70×50 سم، 750 جرام - ابيض,TX1061325WIT,4.0,99.0,396.0,5.44,390.56,TEX200,القاهرة,Cash On Delivery
2006289857,2026-09-01 14:53:50,Sep 01,raneen,raneen,Pillows,خدادية فايبر الدورا، 120×40 سم، 1800 جرام تقريبا - ابيض,TX1141538WIT,2.0,369.0,738.0,10.15,727.85,TEX200,القاهرة,Cash On Delivery
2006289857,2026-09-01 14:53:50,Sep 01,MP,aldora,Mattress,مرتبة سرير سوست متصلة رومبا الدورا، طول 195 سم، ارتفاع 25 سم,ALDOMATT27MCL,2.0,3879.0,7758.0,106.72,7651.28,TEX200,القاهرة,Cash On Delivery
2006289857,2026-09-01 14:53:50,Sep 01,raneen,raneen,Pillows,مخدة فايبر بد اند بد، 160×45 سم - ابيض,TX1015140WIT,1.0,475.0,475.0,6.54,468.46,TEX200,القاهرة,Cash On Delivery
2006289857,2026-09-01 14:53:50,Sep 01,MP,aldora,Mattress,مرتبة سرير سوست متصلة رومبا الدورا، طول 195 سم، ارتفاع 25 سم,ALDOMATT31MCL,1.0,5172.0,5172.0,71.14,5100.86,TEX200,القاهرة,Cash On Delivery
2006289854,2026-09-01 14:53:28,Sep 01,MP,anfasstore,Shampoos &amp; Conditioners,شامبو بروفيشنال إكسبرت Mythic Oil لوريال، للسيدات، 1000 مل,MP347463639110311,1.0,349.0,349.0,0.0,349.0,,الدقهلية,Cash On Delivery
2006289836,2026-09-01 14:50:57,Sep 01,raneen,raneen,Bedding,لحاف فايبر، 230×200 سم، 2 كجم - فوشيا ازرق,TX1052717MW9,2.0,399.0,798.0,39.9,758.1,TEX200,البحر الأحمر,Cash On Delivery
2006289836,2026-09-01 14:50:57,Sep 01,raneen,raneen,Bedding,لحاف فايبر، 230×200 سم، 2 كجم تقريبا - بنفسجي,TX1052717PPR,2.0,399.0,798.0,39.9,758.1,TEX200,البحر الأحمر,Cash On Delivery
2006289827,2026-09-01 14:49:32,Sep 01,MP,comfyrelaxation,Bean Bags,بين باج كومفي ريلاكسيشن، وتربروف، 95×90 - اسود,MZ9BL,1.0,1699.0,1699.0,0.0,1699.0,,الأسكندرية,Cash On Delivery
2006289821,2026-09-01 14:48:10,Sep 01,MP,etdonline,Connectors,مشترك كهربائى اي لوك، 3 منافذ - اسود,etdonline-5033B,1.0,249.99,249.99,0.0,249.99,KCH200,الغربية,Cash On Delivery
2006289821,2026-09-01 14:48:10,Sep 01,MP,dukanalaa,Connectors,مشترك كهرباء Generic بـ 5 مقابس مع حماية من زيادة التيار ومنفذي USB للشحن – أزرق/رمادي، 2500 واط,RAN-QEYHVZ5,1.0,225.0,225.0,0.0,225.0,KCH200,الغربية,Cash On Delivery
2006289821,2026-09-01 14:48:10,Sep 01,MP,bladnatools,Connectors,محول حائط اي لوك، 3 منافذ، 16 امبير / 250 فولت - ابيض,bladnatools-123,1.0,91.0,91.0,0.0,91.0,KCH200,الغربية,Cash On Delivery
2006289821,2026-09-01 14:48:10,Sep 01,MP,lightcart,Cleaning Tools &amp; Supplies,سلة غسيل متعددة الاستخدامات - سلة بلاستيكية بـ 4 عجلات للتنقل السهل - مثالية لتخزين الملابس، الألعاب، والأغراض المنزلية، 31x26x38 سم,RAN-CSBST3E,1.0,769.0,769.0,38.45,730.55,KCH200,الغربية,Cash On Delivery
2006289821,2026-09-01 14:48:10,Sep 01,MP,tibatrading,Cleaning Tools &amp; Supplies,سلة غسيل 3 أقسام قابلة للطي، 135 لتر، أبيض/رمادي/أسود,RAN-PQXP7F4,1.0,440.0,440.0,22.0,418.0,KCH200,الغربية,Cash On Delivery
2006289818,2026-09-01 14:47:27,Sep 01,MP,beharystores,Refrigerators &amp; Freezers,فريزر افقي هامبورج، 180 لتر، CF-180-SS - فضي,109130001SLV-beharystores,1.0,8799.0,8799.0,0.0,8799.0,,المنوفية,Credit/Debit Card
2006289815,2026-09-01 14:47:09,Sep 01,MP,tevasosa,Burner,ATA بوتاجاز غاز مسطح، 3 شعلة،AXJ-C401، فضي,EL1018814SLV-tevasosa,1.0,880.0,880.0,0.0,880.0,,الجيزة,Cash On Delivery
2006289812,2026-09-01 14:46:47,Sep 01,raneen,raneen,Mattress,مرتبة روك بوكيت الدورا، سوست منفصلة، 160×195 سم، بارتفاع 26 سم - ابيض,TX1110561WI1,1.0,5999.0,5999.0,0.0,5999.0,,البحيرة,Cash On Delivery
2006289809,2026-09-01 14:46:33,Sep 01,raneen,raneen,Kitchenware,مغرفة توزيع ستانلس ستيل توب وان، قطعة واحدة - فضي,HO1100636SLV,1.0,103.0,103.0,0.0,103.0,,الجيزة,Credit/Debit Card
2006289809,2026-09-01 14:46:33,Sep 01,raneen,raneen,Kitchenware,مغرفة توزيع ستانلس ستيل توب وان، 31 سم - فضي,HO1100504SLV,1.0,103.0,103.0,0.0,103.0,,الجيزة,Credit/Debit Card
2006289809,2026-09-01 14:46:33,Sep 01,raneen,raneen,Kitchenware,مغرفة توزيع ستانلس ستيل توب وان، قطعة واحدة - فضي,HO1100647SLV,1.0,110.0,110.0,0.0,110.0,,الجيزة,Credit/Debit Card
2006289809,2026-09-01 14:46:33,Sep 01,raneen,raneen,Cookware,صينية فرن تيفلون زهران، 27 سم - احمر,HO1002396RED,1.0,699.0,699.0,0.0,699.0,,الجيزة,Credit/Debit Card
2006289809,2026-09-01 14:46:33,Sep 01,MP,linesleep,Mats,سجادة مطبخ قماش دوتس لاين سليب، 100x200 سم - متعدد الالوان,LineSleep-6223006394496-mc,1.0,599.0,599.0,0.0,599.0,,الجيزة,Credit/Debit Card
2006289806,2026-09-01 14:45:39,Sep 01,MP,alrawy,Cookware,براد شاي ستانلس ستيل بيد شاكوش، سعة 1.5 لتر - فضي,AL-Rawey-1549-2,1.0,312.0,312.0,15.6,296.4,kch200,المنيا,Credit/Debit Card
2006289803,2026-09-01 14:44:38,Sep 01,raneen,raneen,Fans,مروحة ستاند زادا،18 بوصة،3 سرعات، ZSF182 - اسود,EL1046741BLK,2.0,999.0,1998.0,0.0,1998.0,,الجيزة,Cash On Delivery
2006289797,2026-09-01 14:43:16,Sep 01,raneen,raneen,Cookware,طقم حلل جرانيت ويف ماستر، 11 قطعة، ويف - ازرق فاتح,HO1095454LBL,1.0,3999.0,3999.0,199.95,3799.05,KCH200,الأسكندرية,Cash On Delivery
2006289794,2026-09-01 14:43:00,Sep 01,MP,homepro,Drinkware,كوب زجاج مزدوج هوم برو، 350 مل - شفاف,a701-Homepro,2.0,156.6,313.2,15.66,297.54,KCH200,الأسكندرية,Paymob Wallet
2006289794,2026-09-01 14:43:00,Sep 01,MP,lightcart,Drinkware,طقم اكواب زجاجي منقرش عالي الجوده، مكون من 6 قطع - شفاف,RAN-6YQ2RCR,1.0,229.0,229.0,11.45,217.55,KCH200,الأسكندرية,Paymob Wallet
2006289794,2026-09-01 14:43:00,Sep 01,raneen,raneen,Cookware,طقم طاجن زجاج حراري تركي بورجام، 5 قطع - شفاف,HO1097904CLR,1.0,649.0,649.0,32.45,616.55,KCH200,الأسكندرية,Paymob Wallet
2006289791,2026-09-01 14:37:47,Sep 01,raneen,raneen,Kids Bags,شنطة ظهر مدرسية 3D ميكروفايبر للبنات، 3 سوستة، 17 بوصة، بالاضافة الي مقلمة - متعدد الالوان,HO1150459MC4,1.0,399.0,399.0,0.0,399.0,,الدقهلية,Cash On Delivery
2006289788,2026-09-01 14:35:31,Sep 01,raneen,raneen,Mobile Phones,موبايل سمارت بوكو C85 ، شبكة الجيل الرابع، شريحتين، 256 جيجا بايت، 8 جيجا بايت رام - اخضر,EL1140775GRN,1.0,8999.0,8999.0,224.97,8774.03,MOB300,أسيوط,Cash On Delivery
2006289782,2026-09-01 14:33:46,Sep 01,MP,lifepharmacy,Hair Treatments,"ريجين رجالي فوم 5% علاج تساقط الشعر, 73 مل",RAN-XAU54H8,1.0,699.0,699.0,0.0,699.0,,الجيزة,Cash On Delivery
2006289779,2026-09-01 14:33:17,Sep 01,MP,tibatrading,Home Decor,اباجورة كريستالي ماسي من الاكريليك بانارة LED ليلية وبـ16 لونا متبدلة وبنمط ورود عاكسة لجانب السرير وغرفة الصغار والمعيشة والنوم والمساكن الجامعية والمكتب، فيروزي,RAN-ZUDMSVP,1.0,299.0,299.0,0.0,299.0,,القاهرة,Cash On Delivery
2006289779,2026-09-01 14:33:17,Sep 01,raneen,raneen,Home Decor,طقم خزف مطلي، 3 قطع - بيج,HO1125845BG4,1.0,299.0,299.0,0.0,299.0,,القاهرة,Cash On Delivery
2006289779,2026-09-01 14:33:17,Sep 01,MP,sawfatoys,Action Toys,لعبة عربيات معدن الصفوة للأولاد، 16 قطع ، T-322 - متعدد الألوان,T-322,1.0,415.0,415.0,0.0,415.0,,القاهرة,Cash On Delivery
2006289779,2026-09-01 14:33:17,Sep 01,MP,learnandhavefun,Action Toys,لعبة سيارة تحكم عن بعد للاطفال - اسود ازرق,B091BX487CTOT-conf-learn,1.0,1080.0,1080.0,0.0,1080.0,,القاهرة,Cash On Delivery
2006289779,2026-09-01 14:33:17,Sep 01,MP,learnandhavefun,Action Toys,لعبة سيارة بريموت كنترول للأطفال، قلابة، دوران 360 درجة - اسود اخضر,MPLFUNB07W1KGYT4,1.0,540.0,540.0,0.0,540.0,,القاهرة,Cash On Delivery
2006289779,2026-09-01 14:33:17,Sep 01,MP,dukanalaa,Shaving &amp; Grooming,ماكينة تشذيب الشعر VGR V-071 - فضي,AT1199SLV,1.0,377.0,377.0,0.0,377.0,,القاهرة,Cash On Delivery
2006289767,2026-09-01 14:30:53,Sep 01,MP,razgallery,Chairs,بوف خشب زان، تنجيد قطيفة، 40×40×48 سم - بنفسجى,AZ35PUR,1.0,799.0,799.0,0.0,799.0,,القاهرة,Free
2006289764,2026-09-01 14:30:29,Sep 01,MP,salemelectric,Washers &amp; Dryer,غسالة ملابس نصف اتوماتيك تحميل علوي فريش، 2 حوض، 7 كيلو، FWT700NA - ابيض,IQFWT700NAIQ-WIT-Conf-salemelectric,1.0,4999.0,4999.0,0.0,4999.0,,الأسكندرية,Cash On Delivery
2006289761,2026-09-01 14:30:22,Sep 01,raneen,raneen,Televisions,تلفزيون سمارت سامسونج، 43 بوصة، LED، FHD، رسيفر داخلي، UA43F6000FUXEG - اسود,EL1136212BLK,1.0,14599.0,14599.0,0.0,14599.0,,القاهرة,Premium Card
2006289755,2026-09-01 14:29:22,Sep 01,MP,elandalos,Air Conditioner,تكييف سبليت توريندو، 1.5 حصان، بارد فلقط، TH-C12BEE- ابيض,TH-C12BEE-magicair-elandalos,1.0,18555.0,18555.0,0.0,18555.0,,North Coast,Cash On Delivery
2006289752,2026-09-01 14:26:22,Sep 01,raneen,raneen,Cleaning Tools &amp; Supplies,جاروف بلاستيك الهلال والنجمة، يد معدن، قطعتين - بينك,HO1005993PNK,1.0,110.0,110.0,5.5,104.5,KCH200,الجيزة,El-Ahly Installments
2006289752,2026-09-01 14:26:22,Sep 01,raneen,raneen,Cleaning Tools &amp; Supplies,فرشاة تنظيف بلاستيك الهلال والنجمة، 30 سم - متعدد الالوان,HO1038521BK1,1.0,77.0,77.0,3.85,73.15,KCH200,الجيزة,El-Ahly Installments
2006289752,2026-09-01 14:26:22,Sep 01,raneen,raneen,Cleaning Tools &amp; Supplies,طقم اطباق غسيل بلاستيك الهدي، 4 قطع - متعدد الالوان,HO1115392ME0,1.0,115.0,115.0,5.75,109.25,KCH200,الجيزة,El-Ahly Installments
2006289752,2026-09-01 14:26:22,Sep 01,raneen,raneen,Home &amp; Balcony Essentials,كرسي بلاستيك الوطنية، 26×26×30 سم - احمر ابيض,HO1125282RED,1.0,160.0,160.0,8.0,152.0,KCH200,الجيزة,El-Ahly Installments
2006289752,2026-09-01 14:26:22,Sep 01,raneen,raneen,Storage,شانون بلاستيك الوطنية، 5 درج، 109×38×47 سم - بني بيج,HO1126905BNB,1.0,1199.0,1199.0,59.95,1139.05,KCH200,الجيزة,El-Ahly Installments
4000164661,2026-09-01 14:22:13,Sep 01,MP,jphome,Ladders &amp; Clothes Dryer,"Wooden Decorative Ladder, 106 X 40 X 42 Cm - White",JPHOMEZZWT,1.0,470.0,470.0,0.0,470.0,,الأسكندرية,Cash On Delivery
2006289746,2026-09-01 14:21:22,Sep 01,MP,steelsore,Chairs,بوف مودرن، شكل مستطيل، 45×45×120 سم - كحلي,AMst41MCL,1.0,1999.0,1999.0,0.0,1999.0,,الجيزة,Cash On Delivery
2006289743,2026-09-01 14:21:18,Sep 01,MP,atomsteel,Mattress,واقى مرتبة فندقى بأستيك، قماش ميلتون، 200×170 سم - ابيض,Hotel-mattress-protector-200-170-,1.0,857.0,857.0,0.0,857.0,,الأسكندرية,Premium Card
2006289740,2026-09-01 14:19:30,Sep 01,MP,linesleep,Carpets Accessories,حافظة سجاد مع ضهر دوتس مانع للانزلاق، 200 × 300 سم - متعدد الألوان,LS306024-7,1.0,855.0,855.0,0.0,855.0,,الأسكندرية,Cash On Delivery
2006289740,2026-09-01 14:19:30,Sep 01,raneen,raneen,Bedding,كوفرتة جاكار المأمون، 220×240 سم، 1700 جرام تقريبا - احمر داكن بيج,TX1092211MT1,1.0,449.0,449.0,0.0,449.0,,الأسكندرية,Cash On Delivery
2006289740,2026-09-01 14:19:30,Sep 01,MP,aeroegy,Chairs Cover,كفر انتريه، 4 قطع - كافيه,aeroegy-2003,1.0,1976.0,1976.0,0.0,1976.0,,الأسكندرية,Cash On Delivery
2006289731,2026-09-01 14:17:34,Sep 01,MP,craftfurniture,Center Table,ترابيزة وسط، خشب أم دي أف، 80×80×40 - بني,MZCTABLE1BRW-craftfurniture,1.0,1499.0,1499.0,0.0,1499.0,,القاهرة,Cash On Delivery
2006289725,2026-09-01 14:16:40,Sep 01,raneen,raneen,Office Chairs,كرسي مكتب معدن عالي ظهر شبك، هيدروليك، مسند فيبر، 5 عجلات، 120×45×50 سم - اسود,HO1139738BLK,1.0,1599.0,1599.0,0.0,1599.0,,الشرقية,Cash On Delivery
2006289722,2026-09-01 14:16:10,Sep 01,raneen,raneen,Kitchenware,فراده كريم شانتيه ستانلس ستيل، يد خشب زان، 30 سم - فضي خشبي,HO1130942BNS,1.0,90.0,90.0,0.0,90.0,,القاهرة,Credit/Debit Card
2006289719,2026-09-01 14:15:26,Sep 01,raneen,raneen,Packaging,طقم اكياس فلاير بلاستيك مطبوع، 50 قطعة، 55×50 سم، 40 ميكرون - رمادي,HO1154972GRY,1.0,229.0,229.0,0.0,229.0,,الأسكندرية,Cash On Delivery
2006289719,2026-09-01 14:15:26,Sep 01,raneen,raneen,Packaging,طقم اكياس فلاير بلاستيك مطبوع، 50 قطعة، 35×25 سم، 40 ميكرون - رمادي,HO1154970GRY,1.0,89.0,89.0,0.0,89.0,,الأسكندرية,Cash On Delivery
2006289707,2026-09-01 14:12:01,Sep 01,MP,alistore,Mixers &amp; Blenders,خلاط كهربائي تورنيدو، 500 وات ، 1.5 لتر ، 2 مطحنة ، سرعتان وسرعة متقطعة ، MX5200/2-PINK - بينك,ROAPPMX5200/2-PINK-alistore,1.0,1945.0,1945.0,0.0,1945.0,,القاهرة,valU
2006289704,2026-09-01 14:10:22,Sep 01,MP,ammerkatosh,Fans,مروحة ستاند فريش، 16 بوصة، 500019464 - نبيتي,500019464-ammerkatosh,2.0,1399.0,2798.0,0.0,2798.0,,القاهرة,Cash On Delivery
2006289701,2026-09-01 14:10:05,Sep 01,raneen,raneen,Washers &amp; Dryer,غسالة ملابس تحميل علوي نصف اوتوماتيك فريش، 2 موتور، 14 كجم، FWT14000ND-500010644 - ابيض,EL1064698WIT,1.0,8199.0,8199.0,0.0,8199.0,,القاهرة,Cash On Delivery
2006289692,2026-09-01 14:07:34,Sep 01,MP,elmonamodernfurniture,Wardrobe,دولاب ملابس باب منزلق خشب ام دي اف، 120×60×200 سم - ابيض رمادي,C003WNG,1.0,6999.0,6999.0,500.0,6499.0,OFf500,القاهرة,Aman
2006289689,2026-09-01 14:06:56,Sep 01,raneen,raneen,Mobile Phones,موبايل سمارت انفينكس هوت 60 برو بلس، شريحتين، شبكة الجيل الرابع، 8+8 جيجا رام، 256 جيجا بايت - اصفر,EL1154556YLW,1.0,11899.0,11899.0,297.47,11601.53,MOB300,القليوبية,Cash On Delivery
2006289686,2026-09-01 14:05:54,Sep 01,raneen,raneen,Cookware,طقم طاجن زجاج حراري تركي بورجام، 5 قطع - شفاف,HO1097904CLR,1.0,649.0,649.0,32.45,616.55,KCH200,الجيزة,Paymob Wallet
4000164658,2026-09-01 14:04:53,Sep 01,MP,sunnystores,Power Banks,"Matrix S20 Power Bank, 20000 Mah, 22.5W - Black",MXS20B,1.0,995.0,995.0,0.0,995.0,,الأسماعيلية,Cash On Delivery
2006289677,2026-09-01 14:02:50,Sep 01,MP,atomsteel,Mattress,مرتبة ريتش هوم سوبر جولدن، سوست متصلة، 200×170×27 سم - ابيض,Super-golden-200-170-27,1.0,8650.0,8650.0,0.0,8650.0,,الأسكندرية,Premium Card
2006289668,2026-09-01 14:01:04,Sep 01,MP,katoshappliances,Water Heaters,سخان مياه غاز تورنيدو بشاشة ديجيتال، 6 لتر، GHE-C06CTE-W - أبيض,5579,1.0,4662.0,4662.0,0.0,4662.0,,القاهرة,Cash On Delivery
2006289656,2026-09-01 13:54:57,Sep 01,MP,razgallery,Chairs,بوف خشب زان، تنجيد قطيفة، 40×40×48 سم - بيج,AZ35BEG,1.0,799.0,799.0,0.0,799.0,,القاهرة,valU
2006289653,2026-09-01 13:53:42,Sep 01,MP,craftfurniture,Center Table,ترابيزة وسط، خشب أم دي أف، 80×80×40 - بني,MZCTABLE1BRW-craftfurniture,1.0,1499.0,1499.0,0.0,1499.0,,الجيزة,Cash On Delivery
2006289647,2026-09-01 13:52:05,Sep 01,MP,ammerkatosh,Suction Fan,شفاط حائط فريش، 20 سم، 30 وات، اتجاه واحد، 500017122 - أبيض,500004556-ammerkatosh,1.0,885.0,885.0,0.0,885.0,,الشرقية,Cash On Delivery
2006289632,2026-09-01 13:48:23,Sep 01,raneen,raneen,Washers &amp; Dryer,غسالة فوق اوتوماتيك فريش، 12 كجم، FTM-12SL - رمادي اسود,EL1130393SLV,1.0,13999.0,13999.0,0.0,13999.0,,الأسكندرية,Cash On Delivery
2006289623,2026-09-01 13:46:32,Sep 01,raneen,raneen,Laptop &amp; Computer Tables,ترابيزة لاب توب خشب العالمية، ارجل معدن، قابلة للطي، 60×40×28 سم - بيج,HO1083579BB6,1.0,165.0,165.0,0.0,165.0,,الجيزة,Credit/Debit Card
2006289617,2026-09-01 13:44:06,Sep 01,MP,sonioo,Irons,مكواة بخار تيفال، برو اكسبرس بروتيكت، 2600 وات، 1.8 لتر، GV9221E0 - ازرق ابيض,GV9221E0,1.0,11499.0,11499.0,0.0,11499.0,,القاهرة,Credit/Debit Card
2006289614,2026-09-01 13:42:51,Sep 01,raneen,raneen,Watches &amp; Alarms,ساعة حائط بلاستيك، 40 سم - ذهبي,HO1072670GLD,1.0,200.0,200.0,0.0,200.0,,الجيزة,Cash On Delivery
2006289611,2026-09-01 13:42:16,Sep 01,raneen,raneen,Packaging,طقم اكياس فلاير بلاستيك مطبوع، 50 قطعة، 35×25 سم، 40 ميكرون - رمادي,HO1154970GRY,1.0,89.0,89.0,0.0,89.0,,القاهرة,Paymob Wallet
2006289611,2026-09-01 13:42:16,Sep 01,raneen,raneen,Packaging,طقم اكياس فلاير بلاستيك مطبوع، 50 قطعة، 35×40 سم، 40 ميكرون - رمادي,HO1154971GRY,1.0,129.0,129.0,0.0,129.0,,القاهرة,Paymob Wallet
2006289611,2026-09-01 13:42:16,Sep 01,raneen,raneen,Packaging,طقم اكياس فلاير بلاستيك مطبوع، 50 قطعة، 55×50 سم، 40 ميكرون - رمادي,HO1154972GRY,1.0,229.0,229.0,0.0,229.0,,القاهرة,Paymob Wallet
2006289611,2026-09-01 13:42:16,Sep 01,raneen,raneen,Packaging,ملصق تأمين منتجات بلاستيك رنين، 100 قطعة - احمر,HO1113118RED,6.0,99.0,594.0,0.0,594.0,,القاهرة,Paymob Wallet
2006289596,2026-09-01 13:40:15,Sep 01,raneen,raneen,Mobile Phones,موبايل سمارت انفينكس سمارت 20، شريحتين، شبكة الجيل الرابع، 4 جيجا رام ، 64 جيجا بايت - اسود,EL1148742BLK,1.0,6399.0,6399.0,159.97,6239.03,mob300,الأسكندرية,valU
2006289593,2026-09-01 13:38:50,Sep 01,raneen,raneen,Kitchenware,مصفاة اطباق بلاستيك بالقاعدة الهدي، 35×30 سم - رمادي,HO1088476GY1,1.0,87.0,87.0,0.0,87.0,,الجيزة,Cash On Delivery
2006289593,2026-09-01 13:38:50,Sep 01,raneen,raneen,Home Decor,علبة مناديل اكريليك بي هوم، 10×22 سم - شفاف,HO1142024CLR,1.0,69.0,69.0,0.0,69.0,,الجيزة,Cash On Delivery
2006289590,2026-09-01 13:38:18,Sep 01,raneen,raneen,Kids Bags,شنطة ظهر مدرسية للبنات ستار، 3 سوستة، 16 بوصة، بالاضافة الي مقلمة صغيرة - متعدد الالوان,HO1150335MV1,1.0,200.0,200.0,0.0,200.0,,سوهاج,Free
2006289575,2026-09-01 13:35:41,Sep 01,MP,goldena,Microwaves &amp; Ovens,ميكروويف فريش، 28 لتر، 900 وات، FMW-28MC-BW - اسود,500017494,1.0,5483.0,5483.0,0.0,5483.0,,الفيوم,Cash On Delivery
2006289572,2026-09-01 13:35:34,Sep 01,MP,nagfashop,Lighting Hanging,نجفة مودرن الومنيوم، 30×35×100 سم - زهري,NSM3PPink,1.0,559.0,559.0,0.0,559.0,,الجيزة,Cash On Delivery
2006289569,2026-09-01 13:35:24,Sep 01,MP,yarlin,Bed Sheets,طقم ملاية بأستيك، قطن مخلوط، 200x180 سم، 3 قطع - متعدد الالوان,Yar-780,1.0,588.0,588.0,0.0,588.0,,القاهرة,valU
2006289569,2026-09-01 13:35:24,Sep 01,MP,yarlin,Bed Sheets,طقم ملاية سرير بأستيك يارلن قطن مخلوط، ثلاث قطع، 200×180 سم، تصميم زهرة اللوتس الأرجوانية - متعدد الألوان,Yar-384,1.0,588.0,588.0,0.0,588.0,,القاهرة,valU
2006289566,2026-09-01 13:34:44,Sep 01,raneen,raneen,Kids Bags,شنطة مدرسية وتر برووف للبنات ثري أم، 16 بوصة، 3 سوستة - روز,HO1137012MC5,1.0,599.0,599.0,0.0,599.0,,الجيزة,Cash On Delivery
2006289566,2026-09-01 13:34:44,Sep 01,raneen,raneen,Kids Bags,شنطة مدرسية وتر برووف للأولاد ثري أم، 16 بوصة، 3 سوستة - ازرق,HO1137012MC8,1.0,599.0,599.0,0.0,599.0,,الجيزة,Cash On Delivery
2006289554,2026-09-01 13:31:55,Sep 01,raneen,raneen,Cookware,طقم حلل ستانلس كلاسيك زينوكس، 13 قطعة - فضي,HO1119948SLV,1.0,6999.0,6999.0,0.0,6999.0,,القاهرة,Cash On Delivery
2006289554,2026-09-01 13:31:55,Sep 01,raneen,raneen,Cookware,طقم حلل جرانيت بايركس، 10 قطع - كحلي,HO1144796NVY,1.0,7999.0,7999.0,0.0,7999.0,,القاهرة,Cash On Delivery
2006289554,2026-09-01 13:31:55,Sep 01,raneen,raneen,Irons,مكواة بخار ميانتا، قاعدة سيراميك، 2400 وات، SI181640A - اسود,EL1131317BLK,1.0,1590.0,1590.0,0.0,1590.0,,القاهرة,Cash On Delivery
2006289551,2026-09-01 13:31:17,Sep 01,raneen,raneen,Shoes,شبشب سلايد جلد للرجال كارلوس,SH1132022BY2,1.0,109.0,109.0,0.0,109.0,,الأسكندرية,Credit/Debit Card
2006289551,2026-09-01 13:31:17,Sep 01,raneen,raneen,Shoes,شبشب سلايد بلاستيك للسيدات كارلوس، EU 39 - موف,SH1152403MV9,1.0,99.0,99.0,0.0,99.0,,الأسكندرية,Credit/Debit Card
2006289551,2026-09-01 13:31:17,Sep 01,raneen,raneen,Shoes,شبشب سلايد بلاستيك للسيدات,SH1141624WI9,1.0,119.0,119.0,0.0,119.0,,الأسكندرية,Credit/Debit Card
2006289551,2026-09-01 13:31:17,Sep 01,MP,lightcart,Barbecue Grills &amp; Accessories,ولاعة غاز تورش قابلة لإعادة التعبئة بلهب قوي مع قاعدة - للاستخدام في الشواء والطهي والحرف اليدوية - أسود,RAN-PP2M9HA,1.0,169.0,169.0,0.0,169.0,,الأسكندرية,Credit/Debit Card
2006289551,2026-09-01 13:31:17,Sep 01,raneen,raneen,Shoes,حذاء هاف بوت جلد للسيدات,SH1140044HF8,1.0,275.0,275.0,0.0,275.0,,الأسكندرية,Credit/Debit Card
2006289551,2026-09-01 13:31:17,Sep 01,MP,alaasasmarketplace,Shoes,شبشب فرو للنساء - احمر,furered38-38,1.0,123.84,123.84,0.0,123.84,,الأسكندرية,Credit/Debit Card
2006289551,2026-09-01 13:31:17,Sep 01,MP,excellence,Table Lighting,ولاعة كهربائية Ubitree مع فلاشلايت، مقاومة للماء، شحن USB قوس مزدوج بلازما، لاعب بدون لهب مع فلاشلايت للتخييم والمغامرات في الهواء الطلق,RAN-DCEE6V8,2.0,164.0,328.0,0.0,328.0,,الأسكندرية,Credit/Debit Card
2006289548,2026-09-01 13:30:03,Sep 01,MP,tibatrading,Ladders &amp; Clothes Dryer,منشر غسيل قابل للطي مصنوع من معدن متين بتصميم الأجنحة مناسب للاستخدام الداخلي والخارجي,RAN-UGHVV7B,1.0,619.0,619.0,30.95,588.05,KCH200,Giza,Cash On Delivery
2006289548,2026-09-01 13:30:03,Sep 01,MP,attallah,Fans,مروحة ستاند اكاي، 18 بوصة، 5 ريشة، a1618 - اسود,ak-ocean8sahometech2024-attallah,1.0,885.0,885.0,0.0,885.0,KCH200,Giza,Cash On Delivery
2006289548,2026-09-01 13:30:03,Sep 01,MP,alahramappliances,Cookers,بوتاجاز الاهرام، سطح ستانلس ستيل، 4 شعلة، 50×50 سم - فضى اسود,alahram-steel-50x50,1.0,3599.0,3599.0,0.0,3599.0,KCH200,Giza,Cash On Delivery
2006289545,2026-09-01 13:27:13,Sep 01,MP,meskstore,Office Supplies,آلة حاسبة ديجيتال علمية كاسيو، FX-991ARX-W-DT - أسود,4971850034278BLK-meskstore,1.0,1880.0,1880.0,0.0,1880.0,,بني سويف,Cash On Delivery
2006289530,2026-09-01 13:21:35,Sep 01,MP,futureappliances,Air Conditioner,تكييف سبليت ميديا، اكستريم برو، 1.5 حصان، بارد ساخن، MSEFT-12HRN8F-Q8R32(MOSEFT-12HN8-X2Q8) - ابيض,EL1147505WIT-fa,1.0,23470.0,23470.0,0.0,23470.0,,البحيرة,Cash On Delivery
2006289527,2026-09-01 13:18:01,Sep 01,MP,citytools,Power &amp; Hand Tools,مسدس تسخين توتال ، 2000 وات ، TB20078 - ازرق فاتح,TB20078,1.0,0.0,0.0,0.0,0.0,,الجيزة,Credit/Debit Card
2006289527,2026-09-01 13:18:01,Sep 01,MP,citytools,Power &amp; Hand Tools,جهاز نحت توتال ، ١٤٩ قطعة ، TG2006 - ازرق,TG2006,1.0,1667.0,1667.0,0.0,1667.0,,الجيزة,Credit/Debit Card
2006289527,2026-09-01 13:18:01,Sep 01,MP,bladnatools,Power &amp; Hand Tools,دباسة يدوي مسمار و دبوس 3×1 توتال، مقاس 4-14مم، THT31143 - تركواز فضي,bladnatools-284,1.0,344.0,344.0,0.0,344.0,,الجيزة,Credit/Debit Card
2006289524,2026-09-01 13:16:26,Sep 01,raneen,raneen,Electronics Audio,ساوند بار بلوتوث مضيئة كيسونلى، 5وات×2، LED-908 - اسود,EL1104351BLK,1.0,459.0,459.0,0.0,459.0,,القاهرة,Cash On Delivery
2006289521,2026-09-01 13:13:49,Sep 01,raneen,raneen,Cookware,حلة الملك نوفال، 24 سم - فضى,HO1003687SLV,1.0,1000.0,1000.0,0.0,1000.0,,الجيزة,Cash On Delivery
2006289521,2026-09-01 13:13:49,Sep 01,MP,electricshop,Kitchen Machine &amp; Kneading Machines,محضر طعام مولينكس، 1000 وات، FP823125 - أبيض,EL1054154WNB-conf-electricshop,1.0,5299.0,5299.0,0.0,5299.0,,الجيزة,Cash On Delivery
2006289506,2026-09-01 13:07:51,Sep 01,MP,asquare,Perfumes,او دو تواليت جاد Fleur، للسيدات، 100 ملل,Asquare-8736,1.0,256.0,256.0,0.0,256.0,,القاهرة,Credit/Debit Card
2006289506,2026-09-01 13:07:51,Sep 01,MP,asquare,Perfumes,او دو تواليت جاد Vintage Soul، للجنسين، 100 ملل,Asquare-8751,1.0,132.0,132.0,0.0,132.0,,القاهرة,Credit/Debit Card
2006289506,2026-09-01 13:07:51,Sep 01,MP,asquare,Perfumes,او دو تواليت جاد Wood، للرجال، 100 ملل,Asquare-8747,1.0,248.32,248.32,0.0,248.32,,القاهرة,Credit/Debit Card
2006289500,2026-09-01 13:01:00,Sep 01,raneen,raneen,Cleaning Tools &amp; Supplies,طبق غسيل بلاستيك×سيليكون ريو، قابل للطى، 38 لتر - ابيض كشمير,HO1125130WNK,4.0,299.0,1196.0,0.0,1196.0,,الأسكندرية,Cash On Delivery
2006289485,2026-09-01 12:57:18,Sep 01,MP,attallah,Refrigerators &amp; Freezers,ثلاجة نوفروست توشيبا، 338 لتر، GR-RT468WE-DMN49 - رمادي,GRRT468WEDMN-conf-attallah,1.0,19999.0,19999.0,0.0,19999.0,,الشرقية,El-Ahly Installments
2006289491,2026-09-01 12:56:29,Sep 01,raneen,raneen,Microwaves &amp; Ovens,ميكرويف فريش، 25 لتر، 850 وات، FMW25MC-SW - فضى,EL1140415SLV,1.0,4430.0,4430.0,0.0,4430.0,,القاهرة,Cash On Delivery
2006289491,2026-09-01 12:56:29,Sep 01,raneen,raneen,Refrigerators &amp; Freezers,ثلاجة نوفروست زانوسى ، 437 لتر، بتكنولوجيا ارتك ، R600a 922061023 - فضي,EL1113667SLV,1.0,20549.0,20549.0,0.0,20549.0,,القاهرة,Cash On Delivery
2006289491,2026-09-01 12:56:29,Sep 01,MP,elamira,Water Heaters,سخان غاز فريش، 6 لتر، مع ادابتور، غاز طبيعي، 500021712 - رمادي,EL1141970SLV-elamira,1.0,4600.0,4600.0,0.0,4600.0,,القاهرة,Cash On Delivery
2006289491,2026-09-01 12:56:29,Sep 01,MP,ammerkatosh,Washers &amp; Dryer,غسالة ملابس توشيبا تحميل علوي، 9 كيلو، Aw-J900Dupeg(Sk) - فضي,AW-J900DUPEG(SK)-AMMERKATOSH,1.0,12189.0,12189.0,0.0,12189.0,,القاهرة,Cash On Delivery
2006289491,2026-09-01 12:56:29,Sep 01,MP,attallah,Cookers,بوتاجاز كول ماكس زانوسي ، 4 شعلة، 60×60 سم ، ZCG64396XB - فضى,ZCG64396XB-attallah,1.0,12990.0,12990.0,0.0,12990.0,,القاهرة,Cash On Delivery
2006289479,2026-09-01 12:52:51,Sep 01,raneen,raneen,Mobile Phones,موبايل سمارت انفينكس هوت 60 برو بلس، شريحتين، شبكة الجيل الرابع، 8+8 جيجا رام، 256 جيجا بايت - اصفر,EL1154556YLW,1.0,11899.0,11899.0,297.47,11601.53,mob300,بني سويف,Cash On Delivery
2006289464,2026-09-01 12:46:40,Sep 01,MP,dukanalaa,Kitchenware,مقشرة بطاطس بلاستيكية + مبشرة بطاطس بلاستيكية - الوان متنوعة,RAN-8TRSQGT,1.0,65.0,65.0,0.0,65.0,,الجيزة,Cash On Delivery
2006289464,2026-09-01 12:46:40,Sep 01,raneen,raneen,Home Decor,سلة مكتب ديكور بلاستيك مستديرة، 10×12 سم - رمادي داكن,HO1097106DGY,1.0,8.0,8.0,0.0,8.0,,الجيزة,Cash On Delivery
2006289464,2026-09-01 12:46:40,Sep 01,raneen,raneen,Dinnerware,طبق مسطح اركوبال لومينارك، 25 سم - ابيض,HM1009088WIT,1.0,55.0,55.0,0.0,55.0,,الجيزة,Cash On Delivery
2006289464,2026-09-01 12:46:40,Sep 01,raneen,raneen,Drinkware,طقم كاسات عصير زجاج فرست وان، 6 قطع، 200 مل - متعدد الالوان,HO1131152CL1,1.0,249.0,249.0,0.0,249.0,,الجيزة,Cash On Delivery
2006289464,2026-09-01 12:46:40,Sep 01,raneen,raneen,Storage,سلة متعددة الاغراض مستطيلة بلاستيك، 2 لتر - شفاف اخضر داكن,HO1079409CL8,1.0,22.0,22.0,0.0,22.0,,الجيزة,Cash On Delivery
2006289461,2026-09-01 12:43:55,Sep 01,MP,thewonders,Vacuum Cleaners,سوكاني منظف بخار 8 في 1، 1500 مل 3500 واط، SK-13082,RAN-XVWTGPQ-thewonders,1.0,3385.0,3385.0,0.0,3385.0,,القاهرة,Credit/Debit Card
2006289458,2026-09-01 12:42:32,Sep 01,raneen,raneen,Home &amp; Balcony Essentials,كرسى بلاستيك قابل للطى سفير، 34×40×87 سم - بني,HO1131016BRN,1.0,249.0,249.0,12.45,236.55,Kch200,القاهرة,Cash On Delivery
2006289455,2026-09-01 12:42:09,Sep 01,raneen,raneen,Dinnerware,طقم عشاء بورسلين لوتس، 60 قطعة - ابيض اخضر,HO1139519MC1,1.0,3499.0,3499.0,0.0,3499.0,,الأقصر,Cash On Delivery
2006289437,2026-09-01 12:37:28,Sep 01,MP,blackmirror,Women Bags,شنطة كروس هاندكافز متينة - أسود,T7-MKDE-JQAO,3.0,430.0,1290.0,64.5,1225.5,FLY200,الجيزة,Cash On Delivery
2006289434,2026-09-01 12:33:43,Sep 01,MP,steelsore,Chairs,بوف مودرن، شكل مستطيل، 50×35×110 سم - أخضر ذهبي,AMst175MCL,1.0,2200.0,2200.0,0.0,2200.0,,الجيزة,Cash On Delivery
2006289431,2026-09-01 12:33:35,Sep 01,raneen,raneen,Cookware,حلة الومنيوم بالغطاء ماجيك، 20 سم - فضي,HO1145775SLV,2.0,225.0,450.0,0.0,450.0,,القاهرة,Cash On Delivery
2006289425,2026-09-01 12:32:31,Sep 01,raneen,raneen,Mobile Phones,موبايل سمارت انفينكس هوت 60 برو بلس، شريحتين، شبكة الجيل ارابع، 8+8 جيجا رام، 256 جيجا بايت - اصفر,EL1154556YLW,1.0,11899.0,11899.0,297.47,11601.53,mob300,بني سويف,Cash On Delivery
2006289419,2026-09-01 12:27:53,Sep 01,raneen,raneen,Air Conditioner,تكييف سبليت ارتيفاي يونيون إير ،1.75 حصان، بارد فقط، إنفرتر، بلازما، فريون R32، INV-ARTI015CY - ابيض,ELKIT1902WIT,1.0,21499.0,21499.0,0.0,21499.0,,سوهاج,Cash On Delivery
2006289419,2026-09-01 12:27:53,Sep 01,raneen,raneen,Fans,مروحة ستاند ايه تى ايه، 18 بوصة، 5 ريشة، 4 سرعات، A-C61P5 - ابيض ذهبي,EL1018821WNG,2.0,1059.0,2118.0,0.0,2118.0,,سوهاج,Cash On Delivery
2006289419,2026-09-01 12:27:53,Sep 01,raneen,raneen,Water Heaters,سخان مياه كهربائي اريستون، 50 لتر، RUBIS50VEG - ابيض,EL1129298WIT,1.0,3699.0,3699.0,0.0,3699.0,,سوهاج,Cash On Delivery
2006289419,2026-09-01 12:27:53,Sep 01,MP,alabdeen,Televisions,تلفزيون سمارت بيكو ، 50 بوصة ، LED ، دقة 4K UHD ، مزود برسيفر داخلي، B50MD790BBD9T00 - اسود,40010391,1.0,15337.0,15337.0,0.0,15337.0,,سوهاج,Cash On Delivery
2006289416,2026-09-01 12:27:40,Sep 01,raneen,raneen,TV Stand &amp; Accessories,حامل تلفاز تلفاز هاي فورا، 63:26 بوصة، AM-102 - اسود,HO1098586BLK,2.0,199.0,398.0,0.0,398.0,,أسيوط,Cash On Delivery
2006289413,2026-09-01 12:27:29,Sep 01,MP,winnerbrands,Printers,طابعة كانون بيكسما TS3640، لاسلكية ملونة متعددة الوظائف، نسخ ومسح ضوئي - أسود,3640-winnerbrands,1.0,2799.0,2799.0,0.0,2799.0,,أسوان,Aman
2006289410,2026-09-01 12:25:38,Sep 01,MP,goldena,Dishwasher,غسالة أطباق بيكو، 14 فرد، 5 برامج، 60 سم، نظافة مكثفة، BDFN15420B - أسود,7622305177,1.0,18473.0,18473.0,0.0,18473.0,,الدقهلية,Cash On Delivery
2006289401,2026-09-01 12:23:50,Sep 01,raneen,raneen,Kettles,غلاية كهربائية كلاسيك تاتش الزنوكى، 1.7 لتر، 2200 وات - اسود,EL1020613BLK,1.0,580.0,580.0,0.0,580.0,,القاهرة,Paymob Wallet
2006289395,2026-09-01 12:23:12,Sep 01,raneen,raneen,Side Table,ترابيزة جانبية خشب ام دي اف، 35×35×50 سم - بني,HO1128879BRN,1.0,225.0,225.0,0.0,225.0,,القاهرة,Credit/Debit Card
2006289392,2026-09-01 12:21:43,Sep 01,MP,egyptlaptop,Printers,طابعة اتش بى، ليزر جيت MFP ، طابعة لاسلكية، نسخ ومسح ضوئي، M141W - ابيض,1410073-egyptlaptop,1.0,7404.0,7404.0,150.0,7254.0,pRN150,القاهرة,Credit/Debit Card
2006289389,2026-09-01 12:20:09,Sep 01,raneen,raneen,Mobile Phones,موبايل سمارت انفينكس هوت 60 برو بلس، شريحتين، شبكة الجيل ارابع، 8+8 جيجا رام، 256 جيجا بايت - اصفر,EL1154556YLW,1.0,11899.0,11899.0,297.47,11601.53,mob300,بني سويف,Cash On Delivery
2006289386,2026-09-01 12:19:41,Sep 01,MP,futurefurniture,Sofa,كنبة خشب زان شكل حرف L، قماش كتان كويا، 300×200×75 سم - بيج فاتح,conal660-futurefurniture,1.0,11499.0,11499.0,500.0,10999.0,OFF500,البحيرة,Cash On Delivery
2006289380,2026-09-01 12:18:18,Sep 01,MP,elswalhy,Dishwasher,غسالة أطباق بيكو، 45 سم، 10 أفراد، شاشة ليد، DVS05020S - فضي,EL1098394SLV-conf-elswalhy,1.0,15499.0,15499.0,0.0,15499.0,,القاهرة,Credit/Debit Card
2006289377,2026-09-01 12:18:05,Sep 01,raneen,raneen,Mobile Phones,موبايل سمارت انفينكس هوت 60 برو بلس، شريحتين، شبكة الجيل ارابع، 8+8 جيجا رام، 256 جيجا بايت - اصفر,EL1154556YLW,1.0,11899.0,11899.0,297.47,11601.53,mob300,بني سويف,Cash On Delivery
2006289371,2026-09-01 12:15:54,Sep 01,MP,attallah,Cookers,بوتاجاز غاز برستيج يونيون جاز، 5 شعلة، 60×85 سم - اسود,228-attallah,1.0,5799.0,5799.0,0.0,5799.0,,القاهرة,Cash On Delivery
2006289368,2026-09-01 12:15:40,Sep 01,raneen,raneen,Televisions,تلفزيون سمارت توشيبا، 50 بوصة، LED، 4K UHD، بدون اطار، رسيفر داخلي، 50C350RP - اسود,EL1149717BLK,1.0,17099.0,17099.0,500.0,16599.0,tv500,الشرقية,Cash On Delivery
2006289365,2026-09-01 12:14:56,Sep 01,MP,ammerkatosh,Fans,مروحة سقف تورنيدو، 56 بوصة، 5 سرعات، TCF56WW - ابيض,EL1055265WIT-ammerkatosh,1.0,1971.0,1971.0,0.0,1971.0,,القليوبية,Cash On Delivery
2006289365,2026-09-01 12:14:56,Sep 01,MP,dukanabdelaziz,Refrigerators &amp; Freezers,ديب فريزر رأسي فريش، 6 ادراج، تحكم باللمس، FNU-MRT270B - اسود,FNU-MRT270B-dukanabdelaziz,1.0,21990.0,21990.0,0.0,21990.0,,القليوبية,Cash On Delivery
2006289362,2026-09-01 12:14:50,Sep 01,MP,samafurniture,Beds,سرير خشب كبس كونتر، 120×120×195 سم مقاس مفرد - اوف وايت,ABDWSO12OFW-120,1.0,3999.0,3999.0,500.0,3499.0,OFF500,الجيزة,Cash On Delivery
2006289344,2026-09-01 12:07:13,Sep 01,raneen,raneen,Laptop Accessories,شنطة لاب توب قماش ستار، 4 سوستة، 18 بوصة - كحلي اسود,HO1150338NV3,1.0,200.0,200.0,0.0,200.0,KCH200,الأسكندرية,Cash On Delivery
2006289344,2026-09-01 12:07:13,Sep 01,raneen,raneen,Storage,لانش بوكس بالغطاء بلاستيك للأطفال برو بلاست، 16×12 سم - موف,HO1094802MOV,1.0,41.0,41.0,2.05,38.95,KCH200,الأسكندرية,Cash On Delivery
2006289344,2026-09-01 12:07:13,Sep 01,raneen,raneen,Drinkware,زمزمية مياه بلاستيك بجراب سيليكون للاطفال، 570 مل - موف,HO1147950MOV,1.0,125.0,125.0,6.25,118.75,KCH200,الأسكندرية,Cash On Delivery
2006289344,2026-09-01 12:07:13,Sep 01,raneen,raneen,Drinkware,زمزمية مياه بلاستيك بجراب سيليكون للاطفال، 570 مل - ازرق,HO1147950BLU,1.0,125.0,125.0,6.25,118.75,KCH200,الأسكندرية,Cash On Delivery
2006289338,2026-09-01 12:05:56,Sep 01,MP,hadymix,Shoe Rack,جزامة خشب شيب بورد، 2 درفة، 30x60x90 سم - بني,Hadymix-11011,2.0,999.0,1998.0,0.0,1998.0,,القاهرة,Cash On Delivery
2006289335,2026-09-01 12:05:02,Sep 01,raneen,raneen,Home &amp; Balcony Essentials,كرسي بلاستيك فيردي الوطنية، 56.5×53 سم، ارتفاع 84 سم - بيج,HO1127103BEG,2.0,825.0,1650.0,82.5,1567.5,KCH200,القاهرة,Credit/Debit Card
2006289335,2026-09-01 12:05:02,Sep 01,raneen,raneen,Home &amp; Balcony Essentials,ترابيزة بلاستيك فيردي الوطنية، 51×36 سم، ارتفاع 47 سم - بيج,HO1127101BEG,1.0,749.0,749.0,0.0,749.0,KCH200,القاهرة,Credit/Debit Card
2006289329,2026-09-01 12:04:07,Sep 01,MP,alahramappliances,Cookers,بوتاجاز الاهرام، سطح ستانلس ستيل، 4 شعلة، 50×50 سم - فضى اسود,alahram-steel-50x50,1.0,3599.0,3599.0,0.0,3599.0,,القاهرة,Cash On Delivery
2006289329,2026-09-01 12:04:07,Sep 01,raneen,raneen,Home &amp; Balcony Essentials,ترابيزة بلاستيك فيردي الوطنية، 51×36 سم، ارتفاع 47 سم - بيج,HO1127101BEG,1.0,749.0,749.0,0.0,749.0,,القاهرة,Cash On Delivery
2006289329,2026-09-01 12:04:07,Sep 01,raneen,raneen,Home &amp; Balcony Essentials,كرسي بلاستيك فيردي الوطنية، 56.5×53 سم، ارتفاع 84 سم - بيج,HO1127103BEG,2.0,825.0,1650.0,0.0,1650.0,,القاهرة,Cash On Delivery
2006289326,2026-09-01 12:03:46,Sep 01,raneen,raneen,Serveware,طقم خشاف زجاج الماس جلاس، 6 قطع، 10 سم - شفاف,HO1136423CLR,1.0,75.0,75.0,3.75,71.25,KCH200,القاهرة,Cash On Delivery
2006289326,2026-09-01 12:03:46,Sep 01,raneen,raneen,Curtain,ستارة بلكونة قماش، 130×240 سم، 1000 جرام تقريبا - متعدد الالوان (قطعة واحدة),TX1079203MA1,1.0,115.0,115.0,0.0,115.0,KCH200,القاهرة,Cash On Delivery
2006289320,2026-09-01 12:03:08,Sep 01,raneen,raneen,Air Conditioner,تكييف سبليت هاير، 1.5 حصان، بارد/ساخن، HSU-12KHROC - ابيض,ELKIT1751WIT,1.0,23199.0,23199.0,0.0,23199.0,,الدقهلية,Cash On Delivery
2006289314,2026-09-01 11:59:40,Sep 01,MP,molanafortraining,Clothes Hangers,رف ملابس معدني متعدد الاستخدامات لتنظيم غرفة النوم - أسود (150x110x40 سم),RAN-5G8X3HX,1.0,899.0,899.0,0.0,899.0,,البحر الأحمر,Cash On Delivery
2006289302,2026-09-01 11:57:57,Sep 01,MP,woodrate,TV Table,ترابيزة تلفزيون خشب ام دي اف، 60x120x30 سم - ابيض بني,MP1019,1.0,1249.0,1249.0,0.0,1249.0,,القاهرة,Cash On Delivery
2006289299,2026-09-01 11:57:22,Sep 01,raneen,raneen,Electronics Audio,راديو سوبر ساوند، RX-608AC - بني اسود,EL1146752BR1,2.0,369.0,738.0,0.0,738.0,KCH200,الشرقية,Cash On Delivery
2006289299,2026-09-01 11:57:22,Sep 01,raneen,raneen,Cookware,طقم قلاية جرانيت بلاس نوفال، قطعتين - احمر داكن,HO1144465DR1,1.0,755.0,755.0,37.75,717.25,KCH200,الشرقية,Cash On Delivery
2006289299,2026-09-01 11:57:22,Sep 01,raneen,raneen,Activities &amp; Books,لعبة بازل تعليمى حروف - متعدد الالوان,TY1070730MC1,1.0,70.0,70.0,0.0,70.0,KCH200,الشرقية,Cash On Delivery
2006289299,2026-09-01 11:57:22,Sep 01,raneen,raneen,Activities &amp; Books,مجلد ميكى جيب للاطفال، رقم 62 - متعدد الالوان,TY1091517MC1,1.0,77.0,77.0,0.0,77.0,KCH200,الشرقية,Cash On Delivery
2006289299,2026-09-01 11:57:22,Sep 01,raneen,raneen,Electronics Audio,راديو سوبر ساوند، RX-606AC - اسود فضي,EL1146752BK1,1.0,369.0,369.0,0.0,369.0,KCH200,الشرقية,Cash On Delivery
2006289284,2026-09-01 11:56:13,Sep 01,raneen,raneen,Bike &amp; Scooters,عجلة معدن للأطفال إكسنيرت، مقاس 20 ، كرسي خلفي مبطن و سلة أمامية - اسود,TY1122294BK8,1.0,2999.0,2999.0,150.0,2849.0,TOY150,الأقصر,El-Ahly Installments
2006289281,2026-09-01 11:56:04,Sep 01,MP,ocean,Storage,صندوق تخزين بلاستيك الوطنية، 30 لتر - شفاف,RAN-NFBJKPB,1.0,385.0,385.0,0.0,385.0,,القاهرة,Cash On Delivery
2006289281,2026-09-01 11:56:04,Sep 01,MP,agyad,Curtain,ستارة دش مقاومة للماء بتركيب سهل ومقاومة للماء (اللون: بيج),RAN-W3J6NBW,1.0,485.0,485.0,0.0,485.0,,القاهرة,Cash On Delivery
2006289272,2026-09-01 11:52:02,Sep 01,raneen,raneen,Air Conditioner,تكييف سبليت هاير، 1.5 حصان، بارد/ساخن، HSU-12KHROC - ابيض,ELKIT1751WIT,1.0,23199.0,23199.0,0.0,23199.0,,الدقهلية,Cash On Delivery
2006289269,2026-09-01 11:48:08,Sep 01,MP,amara,Irons,مكواة بخار ميانتا ، 350 مل، 2300 وات، SI181540A - اسود تركواز,EL1131316BNT-amara,1.0,1247.0,1247.0,0.0,1247.0,,المنوفية,Cash On Delivery
2006289263,2026-09-01 11:46:53,Sep 01,raneen,raneen,Home Decor,فواحة بلاستيك مستديرة بإضاءة ليد، تعمل بوصلة Type-c، سعة 500 مل - روز,HO1146945RS1,1.0,299.0,299.0,14.95,284.05,kch200,الجيزة,Free
2006289254,2026-09-01 11:45:32,Sep 01,MP,shoppingonline,Men&#039;s Bags,شنطة ظهر بمنفذ شحن يو اس بي 3 قطع - أزرق غامق,B0C9VS9YHX,1.0,318.25,318.25,0.0,318.25,,الأسماعيلية,Cash On Delivery
2006289251,2026-09-01 11:45:14,Sep 01,raneen,raneen,Bathroom Accessories,طقم صبانه بلاستيك الهدي، 3 قطع، 8.5×12.5×3 سم - متعدد الالوان,HO1052622MC8,3.0,34.0,102.0,0.0,102.0,,القاهرة,Credit/Debit Card
2006289251,2026-09-01 11:45:14,Sep 01,MP,alaasasmarketplace,Underwear’s,مجموعة ملابس داخلية للسيدات دايس، قماش، قطعتان,4-2102-1053,1.0,155.0,155.0,0.0,155.0,,القاهرة,Credit/Debit Card
2006289251,2026-09-01 11:45:14,Sep 01,MP,alaasasmarketplace,Underwear’s,طقم بوكسر قطن للرجال قطونيل، 6 قطع - متعدد الالوان,Qa-216,1.0,504.0,504.0,0.0,504.0,,القاهرة,Credit/Debit Card
2006289251,2026-09-01 11:45:14,Sep 01,raneen,raneen,Shoes,شبشب كلوج بلاستيك للرجال كارلوس، EU 44 - اسود,SH1152407BK4,1.0,125.0,125.0,0.0,125.0,,القاهرة,Credit/Debit Card
2006289236,2026-09-01 11:41:09,Sep 01,raneen,raneen,Air Coolers,مبرد هواء تاتش، 85 لتر، 170 وات، 40182 - ابيض رمادي,EL1149205WNG,1.0,5729.0,5729.0,0.0,5729.0,,القاهرة,Cash On Delivery
2006289233,2026-09-01 11:38:21,Sep 01,raneen,raneen,Mobile Phones,موبايل سمارت انفينكس هوت 60 برو بلس، شريحتين، شبكة الجيل ارابع، 8+8 جيجا رام، 256 جيجا بايت - اصفر,EL1154556YLW,1.0,11899.0,11899.0,0.0,11899.0,,القليوبية,Premium Card
2006289224,2026-09-01 11:35:33,Sep 01,MP,vooc,Mobile Phones,موبايل سمارت شاومي بوكو سي 85، شريحتين اتصال، 256 جيجابايت، 8 جيجابايت رام ، شبكة الجيل الرابع - اسود,xiaomi-poco-c85-256gb-8gb-4g-black,1.0,9450.0,9450.0,0.0,9450.0,,أسيوط,Bank Misr Installments
2006289221,2026-09-01 11:35:33,Sep 01,raneen,raneen,Kids Bags,شنطة حضانة قماش 3D للاولاد، 12 بوصة، 2 سوسته - ازرق احمر,HO1152486MC2,1.0,299.0,299.0,0.0,299.0,,القاهرة,Credit/Debit Card
2006289218,2026-09-01 11:33:24,Sep 01,raneen,raneen,Curtain,ستارة قطيفة بحلقات، 250×135 سم، 500 جرام تقريبا - (قطعة واحدة),TX1127693KSH,1.0,155.0,155.0,0.0,155.0,,القاهرة,Cash On Delivery
2006289218,2026-09-01 11:33:24,Sep 01,raneen,raneen,Curtain,ستارة قطيفة بالحلقات مارفينا، 250×150 سم، 600 جرام - بيج (قطعة واحدة),TX1096756BG2,1.0,145.0,145.0,0.0,145.0,,القاهرة,Cash On Delivery
2006289218,2026-09-01 11:33:24,Sep 01,raneen,raneen,Carpets,سجادة 3D قطيفة ظهر دوتس سيلينا دراجون، 175×265 سم، 2.8 كجم - متعدد الالوان,TX1148527MA4,1.0,499.0,499.0,0.0,499.0,,القاهرة,Cash On Delivery
2006289218,2026-09-01 11:33:24,Sep 01,raneen,raneen,Carpets,سجادة قطيفة ظهر دوتس، 160×210 سم، 2.5 كجم - متعدد الالوان,TX1148528MC0,1.0,399.0,399.0,0.0,399.0,,القاهرة,Cash On Delivery
2006289215,2026-09-01 11:33:21,Sep 01,raneen,raneen,Office Chairs,كرسي مكتب معدن عالي ظهر شبك، هيدروليك، مسند تنجيد، 5 عجلات، 120×50×48 سم - اسود,HO1139735BLK,1.0,1849.0,1849.0,0.0,1849.0,,أسوان,Credit/Debit Card
4000164652,2026-09-01 11:31:34,Sep 01,raneen,raneen,Mobile Phones,"Samsung Galaxy A07 Smartphone, 128GB, 6GB RAM, 4G LTE - Black",EL1137614BLK,1.0,9099.0,9099.0,0.0,9099.0,,القاهرة,Premium Card
4000164652,2026-09-01 11:31:34,Sep 01,raneen,raneen,Mobile Phones,"Samsung Galaxy A17 Dual SIM Smartphone, 4GB RAM, 128GB, 4G LTE - Black Blue",EL1138488BLK,1.0,9799.0,9799.0,0.0,9799.0,,القاهرة,Premium Card
2006289200,2026-09-01 11:23:18,Sep 01,MP,vgastar,Electronics Audio,سماعات كراش Usb، 2 قطعة، X1 - اسود,x1vgastar,1.0,325.0,325.0,0.0,325.0,,القليوبية,Free
2006289200,2026-09-01 11:23:18,Sep 01,MP,goldeneagle,Power &amp; Hand Tools,شنيور لفك وربط المسامير كراون، 3.6 فولت، CT22024 MC - رمادي,Ct22024GOLD,1.0,975.0,975.0,0.0,975.0,,القليوبية,Free
2006289191,2026-09-01 11:22:45,Sep 01,raneen,raneen,Fans,مروحة ستاند صانى فريش، 16 بوصة بيانو، 3 سرعات - احمر داكن,EL1129185DRD,1.0,1369.0,1369.0,0.0,1369.0,,القاهرة,Cash On Delivery
2006289188,2026-09-01 11:19:55,Sep 01,raneen,raneen,Mobile Phones,موبايل سمارت سامسونج، 12 جيجا رام، 256 جيجا، شبكة الجيل الخامس، Galaxy A57,EL1147191BLU,1.0,28999.0,28999.0,0.0,28999.0,,القليوبية,Credit/Debit Card
2006289176,2026-09-01 11:15:34,Sep 01,MP,alsaaty,Watches,ساعة رياضية ديجيتال كاسيو للرجال، سوار مطاط - أسود,B000J34HN4,1.0,1100.0,1100.0,0.0,1100.0,,السويس,valU
2006289164,2026-09-01 11:08:58,Sep 01,MP,galleriastudio,Home Decor,تابلوه مطبوع خشب طبيعي جاليريا تابلو ، 80x80 سم - متعدد الالوان,AS620-2,1.0,1169.0,1169.0,169.03,999.97,OFF500,أسيوط,Aman
2006289164,2026-09-01 11:08:58,Sep 01,raneen,raneen,Mats,دواسة باب بولي بروبلين النساجون الشرقيون، 50×80 سم - بيج بني,TX1078650BN2,1.0,50.0,50.0,0.0,50.0,OFF500,أسيوط,Aman
2006289164,2026-09-01 11:08:58,Sep 01,MP,lightcart,Home Decor,لوحة جدارية معدنية، منحوتة ثلاثية الأبعاد لغرفة المعيشة، تصميم دائري باللونين الذهبي والأزرق، مقاس 64 × 39.9 سم، قطعة واحدة,RAN-RY7GZV6,1.0,539.0,539.0,77.93,461.07,OFF500,أسيوط,Aman
2006289164,2026-09-01 11:08:58,Sep 01,MP,steelsore,Chairs,بوف مودرن، شكل مستطيل، 45×45×120 سم - بني داكن,AMst40MCL,1.0,1750.0,1750.0,253.04,1496.96,OFF500,أسيوط,Aman
2006289161,2026-09-01 11:07:49,Sep 01,raneen,raneen,Microwaves &amp; Ovens,فرن كهربائى فريش كوزموس، سعة 55 لتر ، 2000 وات، مزود بشواية / لمبة/ مروحة - اسود,EL1143518BLK,1.0,3649.0,3649.0,0.0,3649.0,,القليوبية,Cash On Delivery
2006289158,2026-09-01 11:05:32,Sep 01,raneen,raneen,Fans,مروحة بوكس فريش ، 12 بوصة ، 3 سرعات - ابيض,EL1049874GRY,1.0,966.0,966.0,0.0,966.0,,الجيزة,Cash On Delivery
2006289155,2026-09-01 11:04:37,Sep 01,raneen,raneen,Cushions,شلتة مربعة كتان، 45×45 سم، 900 جرام تقريبا - برتقالي بيج,TX1145350OR1,1.0,79.0,79.0,0.0,79.0,,القاهرة,Cash On Delivery
2006289155,2026-09-01 11:04:37,Sep 01,raneen,raneen,Cushions,شلتة مربعة كتان، 45×45 سم، 900 جرام تقريبا - كشمير,TX1146766KS4,1.0,69.0,69.0,0.0,69.0,,القاهرة,Cash On Delivery
2006289155,2026-09-01 11:04:37,Sep 01,raneen,raneen,Cushions,شلتة مربعة كتان، 45×45 سم، 900 جرام تقريبا - كشمير,TX1146766KS2,1.0,69.0,69.0,0.0,69.0,,القاهرة,Cash On Delivery
2006289155,2026-09-01 11:04:37,Sep 01,raneen,raneen,Pillows,خدادية فايبر لازورد، 70×50 سم، 750 جرام - ابيض,TX1061325WIT,2.0,99.0,198.0,0.0,198.0,,القاهرة,Cash On Delivery
2006289143,2026-09-01 10:57:58,Sep 01,MP,goldena,Refrigerators &amp; Freezers,ثلاجة ميني بار وايت ويل، 90 لتر، WRH4KSS - فضي,10140033,1.0,8444.0,8444.0,0.0,8444.0,,القاهرة,Cash On Delivery
2006289137,2026-09-01 10:56:57,Sep 01,MP,abdelaziz,Beauty &amp; Body Care,ماكينه حلاقه فى جى ار متعددة الاستخدام للنساء، 600 مللي أمبير في الساعة، V-756 - أبيض أزرق,V-756,1.0,1249.0,1249.0,0.0,1249.0,,الفيوم,El-Ahly Installments
2006289134,2026-09-01 10:53:57,Sep 01,MP,goldena,Televisions,تلفزيون سمارت اندرويد تريدنجوو ، 43 بوصة، Full HD بدون أطار - 43TA1002 - اسود,MP-3500150003,1.0,9078.0,9078.0,0.0,9078.0,,الجيزة,Cash On Delivery
2006289131,2026-09-01 10:52:55,Sep 01,MP,akaeegypt,Fans,مروحة استاند كوكيتا، 18 بوصة ، 3 سرعات - اسود,ST-001P,1.0,849.0,849.0,0.0,849.0,,الأسكندرية,Paymob Wallet
2006289128,2026-09-01 10:51:43,Sep 01,MP,tal2aa,Perfumes,عطر سمارت كولكشن رقم 313 او دو بارفان 30 مل للرجال,RAN-4PFHBWQ,1.0,155.0,155.0,0.0,155.0,,القليوبية,Paymob Wallet
2006289122,2026-09-01 10:50:05,Sep 01,raneen,raneen,Mobile Phones,موبايل سمارت انفينكس هوت 60 برو بلس، شريحتين، شبكة الجيل ارابع، 8+8 جيجا رام، 256 جيجا بايت - اصفر,EL1154556YLW,1.0,11899.0,11899.0,297.47,11601.53,MOB300,كفر الشيخ,Cash On Delivery
2006289119,2026-09-01 10:49:32,Sep 01,raneen,raneen,Cookers,بوتجاز الاهرام، 5 شعلة، 80×60 سم، ستانلس بالكامل - فضى اسود,EL1109460SLV,1.0,5899.0,5899.0,0.0,5899.0,,الساحل الشمالي,Cash On Delivery
2006289116,2026-09-01 10:49:15,Sep 01,MP,alsorgy,Mobile Phones,نوكيا 5310 TA-1212 بشريحتين اتصال، 2.4 بوصة، 16 ميجابايت، 8 ميجابايت رام، شبكة الجيل الرابع ال تي اي - اسود واحمر,nokia5310-black-alsorgy,1.0,799.0,799.0,0.0,799.0,,الأسماعيلية,Cash On Delivery
2006289110,2026-09-01 10:47:54,Sep 01,raneen,raneen,Air Conditioner,تكييف هواء متنقل فريش، 1.25 حصان، بارد فقط، 1050 وات، ريموت كنترول، 500021743 - ابيض,EL1148555WIT,1.0,12499.0,12499.0,0.0,12499.0,,أسيوط,Cash On Delivery
2006289104,2026-09-01 10:46:02,Sep 01,raneen,raneen,Mobile Phones,موبايل سمارت انفينكس هوت 60 برو بلس، شريحتين، شبكة الجيل ارابع، 8+8 جيجا رام، 256 جيجا بايت - اصفر,EL1154556YLW,1.0,11899.0,11899.0,0.0,11899.0,,الجيزة,Cash On Delivery
2006289098,2026-09-01 10:44:44,Sep 01,raneen,raneen,Center Table,ترابيزة وسط مودرن خشب شيب بورد، رف سفلي، 80×50×42 سم - بيج بني,HO1119888BG2,1.0,849.0,849.0,0.0,849.0,,السويس,Premium Card
2006289095,2026-09-01 10:43:22,Sep 01,MP,goodsteel,Side Table,ترابيزة جانبية مودرن معدن، 55×35×65 سم - اسود,GST00540BLK,1.0,1470.0,1470.0,0.0,1470.0,,القاهرة,Credit/Debit Card
2006289095,2026-09-01 10:43:22,Sep 01,MP,superactive,Sports Equipment,مشاية كهربائية سوبر اكتيف ، تتحمل حتى وزن 120 كجم، شاشة ديجيتال- اسود,s4m2026,1.0,14950.0,14950.0,0.0,14950.0,,القاهرة,Credit/Debit Card
4000164649,2026-09-01 10:41:20,Sep 01,MP,egyptlaptop,Laptops &amp; Notebooks,Acer Aspire Go 16 AG16-71P-57MD Intel Core 5 120U 512GB SSD 16GB Ram Intel Graphics 16&quot; Inch WUXGA - Silver,AG16-71P-57MD,2.0,29899.0,59798.0,0.0,59798.0,,الأسكندرية,Cash On Delivery
2006289086,2026-09-01 10:36:21,Sep 01,MP,radiotalaat,Mobile Phones,موبايل سامسونج جالاكسى A16، جيجا بايت 128، 4  جيجا رام- رمادي,193490,1.0,9435.0,9435.0,0.0,9435.0,,القاهرة,Cash On Delivery
2006289083,2026-09-01 10:34:26,Sep 01,raneen,raneen,Kids Bags,شنطة ظهر مدرسية 3D وتر بروف للاولاد، 16 بوصة، 3 سوستة - احمر اسود,HO1155621RD1,1.0,399.0,399.0,0.0,399.0,,القاهرة,Credit/Debit Card
2006289083,2026-09-01 10:34:26,Sep 01,raneen,raneen,Kids Bags,شنطة حضانة ميكروفايبر ثري دي للبنات، 16 بوصة، 3 سوسته - فوشيا,HO1152453FC1,1.0,399.0,399.0,0.0,399.0,,القاهرة,Credit/Debit Card
2006289083,2026-09-01 10:34:26,Sep 01,MP,talhastore,Kids Bags,حقيبة مدرسية بولي بروبلين للبنات، 18 بوصة - 4 جيوب رئيسية، 2 جيوب جانبية شبكية وحافظة أقلام - متعدد الالوان,RAN-87EYK7U,1.0,550.0,550.0,0.0,550.0,,القاهرة,Credit/Debit Card
2006289080,2026-09-01 10:32:00,Sep 01,MP,elamira,Fans,مروحة حائط فريش، 30 بوصة، 3 ريشة، 3 سرعات، 500004503 - اسود,EL1049890BLK-elamira,1.0,4888.0,4888.0,0.0,4888.0,,القاهرة,Cash On Delivery
2006289077,2026-09-01 10:31:28,Sep 01,raneen,raneen,Kitchenware,برطمان توابل اكريليك بغطاء خشب بامبو، 600 مل، بالأضافة الى ملعقة بلاستيك، 10 سم - شفاف خشبي,HO1148605CLR,3.0,35.0,105.0,5.25,99.75,KCH200,القاهرة,Cash On Delivery
2006289077,2026-09-01 10:31:28,Sep 01,raneen,raneen,Kitchenware,طقم برطمان توابل زجاج بغطاء بلاستيك، 15 قطعة، 120 مل، مزود بقمع تعبئة - اسود,HO1110579BLK,1.0,150.0,150.0,7.5,142.5,KCH200,القاهرة,Cash On Delivery
2006289071,2026-09-01 10:30:18,Sep 01,MP,dukanabdelaziz,Washers &amp; Dryer,غسالة اوتوماتيك ومجفف فريش جراند ، 12 كجم ، FWT12000NB - ابيض,ISTFWT12000NB19-rofatrade-dukanabdelaziz,1.0,7590.0,7590.0,0.0,7590.0,,القاهرة,Credit/Debit Card
2006289071,2026-09-01 10:30:18,Sep 01,MP,mam,Refrigerators &amp; Freezers,ثلاجه ديفروست يونيون اير ، 350 لتر ، 2 باب ، فريزر بالاعلي ، RD-350VVA-DSH - رمادي,RD350VVDHGHUSTO-mam,1.0,12699.0,12699.0,0.0,12699.0,,القاهرة,Credit/Debit Card
2006289068,2026-09-01 10:29:12,Sep 01,MP,hadymix,Shoe Rack,جزامة خشب شيب بورد، 2 درفة، 30x60x90 سم - بني,Hadymix-11011,1.0,999.0,999.0,0.0,999.0,,القاهرة,Aman
2006289065,2026-09-01 10:28:17,Sep 01,MP,alabdeen,Refrigerators &amp; Freezers,ثلاجة مينى بار جنرال ستار ، 90 لتر ، فريزر علوى ، انفرتر ، GS-90RSS - رمادي,40060378,1.0,6916.0,6916.0,0.0,6916.0,,المنيا,Credit/Debit Card
2006289062,2026-09-01 10:26:56,Sep 01,MP,coktailstore,Fans,مروحة عنق محمولة قابلة لإعادة الشحن مع تدفق هواء 360° - أبيض,CK-04,1.0,249.0,249.0,0.0,249.0,,الجيزة,Cash On Delivery
2006289059,2026-09-01 10:25:10,Sep 01,raneen,raneen,Cookware,طقم حلل ستانلس ستيل سمارت زينوكس، 10 قطع - فضي,HO1148366SLV,1.0,3199.0,3199.0,159.95,3039.05,KCH200,المنيا,Cash On Delivery
2006289053,2026-09-01 10:22:57,Sep 01,raneen,raneen,Mobile Phones,موبايل سمارت بوكو C85 ، شبكة الجيل الرابع، شريحتين، 256 جيجا بايت، 8 جيجا بايت رام - اخضر,EL1140775GRN,1.0,8999.0,8999.0,224.97,8774.03,MOB300,الجيزة,Credit/Debit Card
2006289050,2026-09-01 10:20:21,Sep 01,raneen,raneen,Luggage,شنطة سفر ترولي سيليكون سوناتا، 28 بوصة، 6 سوستة، قفل رقمى - اخضر فاتح,HO1152000LGR,1.0,1799.0,1799.0,0.0,1799.0,,الجيزة,Aman
2006289044,2026-09-01 10:17:09,Sep 01,raneen,raneen,Smart Watches,ساعة سمارت H5 برو انفنكس، 2.06 بوصة، XW5P - اسود,EL1149462BLK,1.0,1449.0,1449.0,0.0,1449.0,,الأسكندرية,Premium Card
2006289041,2026-09-01 10:16:54,Sep 01,raneen,raneen,Mobile Phones,موبايل سمارت سامسونج A17 جلاكسى ، 256 جيجا بايت، 8 جيجا رام ، شبكة الرابع - اسود,EL1138490BLK,1.0,13699.0,13699.0,300.0,13399.0,mob300,الشرقية,Cash On Delivery
2006289038,2026-09-01 10:15:11,Sep 01,raneen,raneen,Mobile Phones,موبايل سمارت سامسونج A17 جلاكسى ، 256 جيجا بايت، 8 جيجا رام ، شبكة الرابع - اسود,EL1138490BLK,1.0,13699.0,13699.0,300.0,13399.0,mob300,الشرقية,Cash On Delivery
2006289035,2026-09-01 10:14:20,Sep 01,raneen,raneen,Mobile Phones,موبايل سمارت سامسونج A17 جلاكسى ، 256 جيجا بايت، 8 جيجا رام ، شبكة الرابع - اسود,EL1138490BLK,1.0,13699.0,13699.0,300.0,13399.0,mob300,الشرقية,Cash On Delivery
2006289029,2026-09-01 10:13:06,Sep 01,raneen,raneen,Mobile Phones,موبايل سمارت سامسونج A17 جلاكسى ، 256 جيجا بايت، 8 جيجا رام ، شبكة الرابع - اسود,EL1138490BLK,1.0,13699.0,13699.0,300.0,13399.0,mob300,الشرقية,Cash On Delivery
2006289026,2026-09-01 10:12:06,Sep 01,raneen,raneen,Electronics Audio,طقم صب تايجر، قطعتين، 60 وات، 62×34.5×57 سم، TG 8500 - أسود,EL1057111BLK,1.0,3699.0,3699.0,0.0,3699.0,,المنوفية,Aman
2006289023,2026-09-01 10:12:03,Sep 01,raneen,raneen,Mobile Phones,موبايل سمارت سامسونج A17 جلاكسى ، 256 جيجا بايت، 8 جيجا رام ، شبكة الرابع - اسود,EL1138490BLK,1.0,13699.0,13699.0,300.0,13399.0,mob300,الشرقية,Cash On Delivery
2006289020,2026-09-01 10:12:02,Sep 01,raneen,raneen,Televisions,تلفزيون فريش ، HD ، بدون إطار ، 32 بوصة ، 32LH2230 - اسود,EL1149116BLK,1.0,6299.0,6299.0,0.0,6299.0,,الجيزة,Cash On Delivery
2006289017,2026-09-01 10:11:42,Sep 01,raneen,raneen,Kitchenware,طقم برطمان توابل زجاج بغطاء بلاستيك، 15 قطعة، 120 مل، مزود بقمع تعبئة - اسود,HO1110579BLK,1.0,150.0,150.0,7.5,142.5,KCH200,القاهرة,Cash On Delivery
2006289011,2026-09-01 10:10:57,Sep 01,raneen,raneen,Mobile Phones,موبايل سمارت سامسونج A17 جلاكسى ، 256 جيجا بايت، 8 جيجا رام ، شبكة الرابع - اسود,EL1138490BLK,1.0,13699.0,13699.0,300.0,13399.0,mob300,الشرقية,Cash On Delivery
2006289005,2026-09-01 10:09:57,Sep 01,MP,elandalos,Air Conditioner,تكييف سبليت تورنيدو، 1.5 حصان، بارد فقط، TH-C12BEE- ابيض,TH-C12BEE-magicair-elandalos,1.0,18555.0,18555.0,0.0,18555.0,,الأسكندرية,Credit/Debit Card
2006289002,2026-09-01 10:09:54,Sep 01,raneen,raneen,Mobile Phones,موبايل سمارت سامسونج A17 جلاكسى ، 256 جيجا بايت، 8 جيجا رام ، شبكة الرابع - اسود,EL1138490BLK,1.0,13699.0,13699.0,300.0,13399.0,mob300,الشرقية,Cash On Delivery
2006288999,2026-09-01 10:08:17,Sep 01,raneen,raneen,Mobile Phones,موبايل سمارت سامسونج، جلاكسي، شريحتين اتصال، 6 جيجا رام، 128 جيجابايت، شبكة الجيل الرابع، A17 - اسود,EL1138489BLK,1.0,10799.0,10799.0,269.97,10529.03,mob300,الشرقية,Cash On Delivery
2006288996,2026-09-01 10:08:13,Sep 01,raneen,raneen,Center Table,ترابيزة انتريه خشب شيب بورد، 80×45×45 سم - بيج بني,HO1124252BG1,1.0,799.0,799.0,0.0,799.0,,القاهرة,Cash On Delivery
2006288993,2026-09-01 10:07:26,Sep 01,raneen,raneen,Mobile Phones,موبايل سمارت سامسونج، جلاكسي، شريحتين اتصال، 6 جيجا رام، 128 جيجابايت، شبكة الجيل الرابع، A17 - اسود,EL1138489BLK,1.0,10799.0,10799.0,269.97,10529.03,mob300,الشرقية,Cash On Delivery
2006288990,2026-09-01 10:05:48,Sep 01,raneen,raneen,Mobile Phones,موبايل سمارت سامسونج، جلاكسي، شريحتين اتصال، 6 جيجا رام، 128 جيجابايت، شبكة الجيل الرابع، A17 - اسود,EL1138489BLK,1.0,10799.0,10799.0,269.97,10529.03,mob300,الشرقية,Cash On Delivery
2006288987,2026-09-01 10:04:41,Sep 01,raneen,raneen,Mobile Phones,موبايل سمارت سامسونج، جلاكسي، شريحتين اتصال، 6 جيجا رام، 128 جيجابايت، شبكة الجيل الرابع، A17 - اسود,EL1138489BLK,1.0,10799.0,10799.0,269.97,10529.03,mob300,الشرقية,Cash On Delivery
2006288984,2026-09-01 10:03:47,Sep 01,raneen,raneen,Mobile Phones,موبايل سمارت سامسونج، جلاكسي، شريحتين اتصال، 6 جيجا رام، 128 جيجابايت، شبكة الجيل الرابع، A17 - اسود,EL1138489BLK,1.0,10799.0,10799.0,269.97,10529.03,mob300,الشرقية,Cash On Delivery
2006288975,2026-09-01 10:02:42,Sep 01,raneen,raneen,Mobile Phones,موبايل سمارت سامسونج، جلاكسي، شريحتين اتصال، 6 جيجا رام، 128 جيجابايت، شبكة الجيل الرابع، A17 - اسود,EL1138489BLK,1.0,10799.0,10799.0,269.97,10529.03,mob300,الشرقية,Cash On Delivery
2006288972,2026-09-01 10:01:58,Sep 01,raneen,raneen,Mobile Phones,موبايل سمارت سامسونج، جلاكسي، شريحتين اتصال، 6 جيجا رام، 128 جيجابايت، شبكة الجيل الرابع، A17 - اسود,EL1138489BLK,1.0,10799.0,10799.0,269.97,10529.03,mob300,الشرقية,Cash On Delivery
2006288969,2026-09-01 10:00:36,Sep 01,raneen,raneen,Mobile Phones,موبايل سمارت سامسونج، جلاكسي، شريحتين اتصال، 6 جيجا رام، 128 جيجابايت، شبكة الجيل الرابع، A17 - اسود,EL1138489BLK,1.0,10799.0,10799.0,269.97,10529.03,mob300,الشرقية,Cash On Delivery
2006288960,2026-09-01 09:59:50,Sep 01,raneen,raneen,Mobile Phones,موبايل سمارت سامسونج، جلاكسي، شريحتين اتصال، 6 جيجا رام، 128 جيجابايت، شبكة الجيل الرابع، A17 - اسود,EL1138489BLK,1.0,10799.0,10799.0,269.97,10529.03,mob300,الشرقية,Cash On Delivery
2006288957,2026-09-01 09:59:14,Sep 01,raneen,raneen,Mats,دواسة نجيلة بلاستيك، 40×60 سم - اخضر,TX1135745GRN,1.0,90.0,90.0,0.0,90.0,KCH200,القليوبية,Cash On Delivery
2006288957,2026-09-01 09:59:14,Sep 01,raneen,raneen,Drinkware,طقم كاسات زجاج دريم، 6 قطع، 90 مل - شفاف,HO1147306CLR,1.0,157.0,157.0,7.85,149.15,KCH200,القليوبية,Cash On Delivery
2006288957,2026-09-01 09:59:14,Sep 01,MP,jacquarddina,Towels,منشفة الوجه قطن جاكادرينا، 30×50 سم - رمادي,sofia1051-3,2.0,79.0,158.0,0.0,158.0,KCH200,القليوبية,Cash On Delivery
2006288957,2026-09-01 09:59:14,Sep 01,raneen,raneen,Dinnerware,طبق فاكهة زجاج سحارة، 30 سم - شفاف,HO1098696CLR,1.0,90.0,90.0,4.5,85.5,KCH200,القليوبية,Cash On Delivery
2006288957,2026-09-01 09:59:14,Sep 01,raneen,raneen,Drinkware,طقم كاس عصير زجاج النيل جلاس، 6 قطع، 400 مل - شفاف,HO1136199CLR,1.0,100.0,100.0,5.0,95.0,KCH200,القليوبية,Cash On Delivery
2006288957,2026-09-01 09:59:14,Sep 01,raneen,raneen,Home Decor,بونبونيرة زجاج بالغطاء جلاكسي جلاس، 600 مل - شفاف,HO1113399CL1,1.0,100.0,100.0,5.0,95.0,KCH200,القليوبية,Cash On Delivery
2006288954,2026-09-01 09:59:02,Sep 01,raneen,raneen,Mobile Phones,موبايل سمارت سامسونج، جلاكسي، شريحتين اتصال، 6 جيجا رام، 128 جيجابايت، شبكة الجيل الرابع، A17 - اسود,EL1138489BLK,1.0,10799.0,10799.0,269.97,10529.03,mob300,الشرقية,Cash On Delivery
2006288951,2026-09-01 09:58:22,Sep 01,raneen,raneen,Mobile Phones,موبايل سمارت سامسونج، جلاكسي، شريحتين اتصال، 6 جيجا رام، 128 جيجابايت، شبكة الجيل الرابع، A17 - اسود,EL1138489BLK,1.0,10799.0,10799.0,269.97,10529.03,mob300,الشرقية,Cash On Delivery
2006288948,2026-09-01 09:57:36,Sep 01,raneen,raneen,Mobile Phones,موبايل سمارت سامسونج، جلاكسي، شريحتين اتصال، 6 جيجا رام، 128 جيجابايت، شبكة الجيل الرابع، A17 - اسود,EL1138489BLK,1.0,10799.0,10799.0,269.97,10529.03,mob300,الشرقية,Cash On Delivery
2006288945,2026-09-01 09:56:31,Sep 01,raneen,raneen,Mobile Phones,موبايل سمارت سامسونج، جلاكسي، شريحتين اتصال، 6 جيجا رام، 128 جيجابايت، شبكة الجيل الرابع، A17 - اسود,EL1138489BLK,1.0,10799.0,10799.0,269.97,10529.03,mob300,الشرقية,Cash On Delivery
2006288939,2026-09-01 09:52:44,Sep 01,raneen,raneen,Mobile Phones,موبايل سمارت سامسونج A17 جلاكسى ، 128 جيجا بايت، 6 جيجا رام ، شبكة الجيل الرابع - ازرق,EL1138501BLU,1.0,10799.0,10799.0,269.97,10529.03,mob300,الشرقية,Cash On Delivery
2006288936,2026-09-01 09:51:56,Sep 01,raneen,raneen,Mobile Phones,موبايل سمارت سامسونج A17 جلاكسى ، 128 جيجا بايت، 6 جيجا رام ، شبكة الجيل الرابع - ازرق,EL1138501BLU,1.0,10799.0,10799.0,269.97,10529.03,mob300,الشرقية,Cash On Delivery
2006288933,2026-09-01 09:51:00,Sep 01,raneen,raneen,Mobile Phones,موبايل سمارت سامسونج A17 جلاكسى ، 128 جيجا بايت، 6 جيجا رام ، شبكة الجيل الرابع - ازرق,EL1138501BLU,1.0,10799.0,10799.0,269.97,10529.03,mob300,الشرقية,Cash On Delivery
2006288927,2026-09-01 09:50:16,Sep 01,MP,cornerhouse,Built in,بوتاجاز غاز بلت ان أيكوماتيك، 2 شعلة، 30 سم، S303C - فضى,smf307-cornerhouse,1.0,5389.96,5389.96,0.0,5389.96,,الشرقية,Cash On Delivery
2006288924,2026-09-01 09:49:39,Sep 01,raneen,raneen,Mobile Phones,موبايل سمارت سامسونج A17 جلاكسى ، 128 جيجا بايت، 6 جيجا رام ، شبكة الجيل الرابع - ازرق,EL1138501BLU,1.0,10799.0,10799.0,269.97,10529.03,mob300,الشرقية,Cash On Delivery
2006288921,2026-09-01 09:49:28,Sep 01,raneen,raneen,Luggage,شنطة سفر ترولي قماش ثري أم، 20 بوصة، 4 عجلات، 4 سوست - كحلي,HO1144781NV1,1.0,999.0,999.0,0.0,999.0,,القاهرة,Cash On Delivery
2006288921,2026-09-01 09:49:28,Sep 01,MP,blackmirror,Luggage,شنطة دفل سفر جامبو باك قماش خفيفة الوزن - بنفسجي,ZC-GGNQ-BFFR,1.0,550.0,550.0,0.0,550.0,,القاهرة,Cash On Delivery
2006288918,2026-09-01 09:49:23,Sep 01,raneen,raneen,Storage,استاند منزلي بلاستيك العالمية، 5 دور، 4 عجلة، 120×45×18 سم - رمادي فاتح,HO1135616LGY,1.0,229.0,229.0,11.45,217.55,KCH200,القاهرة,Cash On Delivery
2006288918,2026-09-01 09:49:23,Sep 01,raneen,raneen,Cleaning Tools &amp; Supplies,سبت غسيل بلاستيك سوني بيور، 30×42 سم - رمادي فاتح,HO1098331LMV,1.0,96.0,96.0,4.8,91.2,KCH200,القاهرة,Cash On Delivery
2006288918,2026-09-01 09:49:23,Sep 01,MP,tibatrading,Clothes Hangers,ارفف تخزين احذية وعلاقات للمعاطف من يودير، 4 ادوار، سهل التجميع، اسود,RAN-U2QRNTB,1.0,459.0,459.0,0.0,459.0,KCH200,القاهرة,Cash On Delivery
2006288909,2026-09-01 09:48:09,Sep 01,raneen,raneen,Mobile Phones,موبايل سمارت سامسونج A17 جلاكسى ، 128 جيجا بايت، 6 جيجا رام ، شبكة الجيل الرابع - ازرق,EL1138501BLU,1.0,10799.0,10799.0,269.97,10529.03,mob300,الشرقية,Cash On Delivery
2006288906,2026-09-01 09:47:29,Sep 01,raneen,raneen,Men&#039;s Accessories,حزام جلد طبيعي للرجال، 4×120 سم - بني داكن,BL1142011B20,1.0,175.0,175.0,0.0,175.0,,الأقصر,Premium Card
2006288903,2026-09-01 09:47:16,Sep 01,raneen,raneen,Mobile Phones,موبايل سمارت سامسونج A17 جلاكسى ، 128 جيجا بايت، 6 جيجا رام ، شبكة الجيل الرابع - رمادي,EL1138502GRY,1.0,10799.0,10799.0,269.97,10529.03,mob300,الشرقية,Cash On Delivery
2006288900,2026-09-01 09:46:28,Sep 01,raneen,raneen,Mobile Phones,موبايل سمارت سامسونج A17 جلاكسى ، 128 جيجا بايت، 6 جيجا رام ، شبكة الجيل الرابع - رمادي,EL1138502GRY,1.0,10799.0,10799.0,269.97,10529.03,mob300,الشرقية,Cash On Delivery
2006288897,2026-09-01 09:45:34,Sep 01,raneen,raneen,Mobile Phones,موبايل سمارت سامسونج A17 جلاكسى ، 128 جيجا بايت، 6 جيجا رام ، شبكة الجيل الرابع - رمادي,EL1138502GRY,1.0,10799.0,10799.0,269.97,10529.03,mob300,الشرقية,Cash On Delivery
2006288891,2026-09-01 09:44:51,Sep 01,MP,craftfurniture,Shoe Rack,جزامة خشب ام دي اف ، 100x90x40 سم - ابيض بيج,craft-sh-1,1.0,3499.0,3499.0,500.0,2999.0,OFF500,Cairo,Cash On Delivery
2006288888,2026-09-01 09:44:51,Sep 01,raneen,raneen,Mobile Phones,موبايل سمارت سامسونج A17 جلاكسى ، 128 جيجا بايت، 6 جيجا رام ، شبكة الجيل الرابع - رمادي,EL1138502GRY,1.0,10799.0,10799.0,269.97,10529.03,mob300,الشرقية,Cash On Delivery
2006288879,2026-09-01 09:43:57,Sep 01,raneen,raneen,Mobile Phones,موبايل سمارت سامسونج A17 جلاكسى ، 256 جيجا بايت، 8 جيجا رام ، شبكة الرابع - اسود,EL1138490BLK,1.0,13699.0,13699.0,300.0,13399.0,mob300,الشرقية,Cash On Delivery
2006288873,2026-09-01 09:42:50,Sep 01,raneen,raneen,Mobile Phones,موبايل سمارت سامسونج A17 جلاكسى ، 256 جيجا بايت، 8 جيجا رام ، شبكة الرابع - اسود,EL1138490BLK,1.0,13699.0,13699.0,300.0,13399.0,mob300,الشرقية,Cash On Delivery
2006288867,2026-09-01 09:42:06,Sep 01,raneen,raneen,Mobile Phones,موبايل سمارت سامسونج A17 جلاكسى ، 256 جيجا بايت، 8 جيجا رام ، شبكة الرابع - اسود,EL1138490BLK,1.0,13699.0,13699.0,300.0,13399.0,mob300,الشرقية,Cash On Delivery
2006288864,2026-09-01 09:41:24,Sep 01,raneen,raneen,Mobile Phones,موبايل سمارت سامسونج A17 جلاكسى ، 256 جيجا بايت، 8 جيجا رام ، شبكة الرابع - اسود,EL1138490BLK,1.0,13699.0,13699.0,300.0,13399.0,mob300,الشرقية,Cash On Delivery
2006288861,2026-09-01 09:40:35,Sep 01,raneen,raneen,Tanks,قارورة مياه سبيد، 19 لتر - ازرق,HO1035122BLU,1.0,200.0,200.0,10.0,190.0,KCH200,القليوبية,Cash On Delivery
2006288861,2026-09-01 09:40:35,Sep 01,MP,efreshhaa,Water Dispenser,مبرد مياه كولدير، 2 حنفية، ساخن/بارد، كولدير كلاسيك-A - فضي,Type A S-efreshhaa,1.0,7280.0,7280.0,0.0,7280.0,KCH200,القليوبية,Cash On Delivery
2006288855,2026-09-01 09:40:21,Sep 01,raneen,raneen,Mobile Phones,موبايل سمارت سامسونج A17 جلاكسى ، 256 جيجا بايت، 8 جيجا رام ، شبكة الرابع - اسود,EL1138490BLK,1.0,13699.0,13699.0,300.0,13399.0,mob300,الشرقية,Cash On Delivery
2006288849,2026-09-01 09:39:38,Sep 01,raneen,raneen,Mobile Phones,موبايل سمارت سامسونج A17 جلاكسى ، 256 جيجا بايت، 8 جيجا رام ، شبكة الرابع - اسود,EL1138490BLK,1.0,13699.0,13699.0,300.0,13399.0,mob300,الشرقية,Cash On Delivery
2006288846,2026-09-01 09:39:24,Sep 01,raneen,raneen,Drinkware,طقم اكوب زجاج باشابتشي، 3 قطع، 500 مل - شفاف,HO1115810CLR,1.0,147.0,147.0,0.0,147.0,,الدقهلية,Cash On Delivery
2006288846,2026-09-01 09:39:24,Sep 01,raneen,raneen,Cookware,طقم بورجام زجاج حراري باشابتشي، قطعتين - شفاف,HO1111357CLR,1.0,349.0,349.0,0.0,349.0,,الدقهلية,Cash On Delivery
2006288843,2026-09-01 09:38:49,Sep 01,raneen,raneen,Mobile Phones,موبايل سمارت سامسونج A17 جلاكسى ، 256 جيجا بايت، 8 جيجا رام ، شبكة الرابع - اسود,EL1138490BLK,1.0,13699.0,13699.0,300.0,13399.0,mob300,الشرقية,Cash On Delivery
2006288840,2026-09-01 09:37:45,Sep 01,raneen,raneen,Mobile Phones,موبايل سمارت سامسونج A17 جلاكسى ، 256 جيجا بايت، 8 جيجا رام ، شبكة الرابع - اسود,EL1138490BLK,1.0,13699.0,13699.0,300.0,13399.0,mob300,الشرقية,Cash On Delivery
2006288837,2026-09-01 09:37:03,Sep 01,raneen,raneen,Mobile Phones,موبايل سمارت سامسونج A17 جلاكسى ، 256 جيجا بايت، 8 جيجا رام ، شبكة الرابع - اسود,EL1138490BLK,1.0,13699.0,13699.0,300.0,13399.0,mob300,الشرقية,Cash On Delivery
2006288834,2026-09-01 09:36:15,Sep 01,raneen,raneen,Mobile Phones,موبايل سمارت سامسونج A17 جلاكسى ، 256 جيجا بايت، 8 جيجا رام ، شبكة الرابع - اسود,EL1138490BLK,1.0,13699.0,13699.0,300.0,13399.0,mob300,الشرقية,Cash On Delivery
2006288831,2026-09-01 09:35:25,Sep 01,raneen,raneen,Mobile Phones,موبايل سمارت سامسونج A17 جلاكسى ، 256 جيجا بايت، 8 جيجا رام ، شبكة الرابع - اسود,EL1138490BLK,1.0,13699.0,13699.0,300.0,13399.0,mob300,الشرقية,Cash On Delivery
2006288828,2026-09-01 09:34:41,Sep 01,raneen,raneen,Mobile Phones,موبايل سمارت سامسونج A17 جلاكسى ، 256 جيجا بايت، 8 جيجا رام ، شبكة الرابع - اسود,EL1138490BLK,1.0,13699.0,13699.0,300.0,13399.0,mob300,الشرقية,Cash On Delivery
2006288825,2026-09-01 09:33:52,Sep 01,raneen,raneen,Mobile Phones,موبايل سمارت سامسونج A17 جلاكسى ، 256 جيجا بايت، 8 جيجا رام ، شبكة الرابع - اسود,EL1138490BLK,1.0,13699.0,13699.0,300.0,13399.0,mob300,الشرقية,Cash On Delivery
2006288822,2026-09-01 09:33:11,Sep 01,raneen,raneen,Mobile Phones,موبايل سمارت سامسونج A17 جلاكسى ، 256 جيجا بايت، 8 جيجا رام ، شبكة الرابع - اسود,EL1138490BLK,1.0,13699.0,13699.0,300.0,13399.0,mob300,الشرقية,Cash On Delivery
2006288819,2026-09-01 09:32:25,Sep 01,raneen,raneen,Mobile Phones,موبايل سمارت سامسونج A17 جلاكسى ، 256 جيجا بايت، 8 جيجا رام ، شبكة الرابع - اسود,EL1138490BLK,1.0,13699.0,13699.0,300.0,13399.0,mob300,الشرقية,Cash On Delivery
2006288816,2026-09-01 09:31:37,Sep 01,raneen,raneen,Mobile Phones,موبايل سمارت سامسونج A17 جلاكسى ، 256 جيجا بايت، 8 جيجا رام ، شبكة الرابع - اسود,EL1138490BLK,1.0,13699.0,13699.0,300.0,13399.0,mob300,الشرقية,Cash On Delivery
2006288813,2026-09-01 09:30:55,Sep 01,raneen,raneen,Mobile Phones,موبايل سمارت سامسونج A17 جلاكسى ، 256 جيجا بايت، 8 جيجا رام ، شبكة الرابع - اسود,EL1138490BLK,1.0,13699.0,13699.0,300.0,13399.0,mob300,الشرقية,Cash On Delivery
2006288810,2026-09-01 09:29:58,Sep 01,raneen,raneen,Mobile Phones,موبايل سمارت سامسونج A17 جلاكسى ، 256 جيجا بايت، 8 جيجا رام ، شبكة الرابع - اسود,EL1138490BLK,1.0,13699.0,13699.0,300.0,13399.0,mob300,الشرقية,Cash On Delivery
2006288807,2026-09-01 09:29:11,Sep 01,raneen,raneen,Mobile Phones,موبايل سمارت سامسونج A17 جلاكسى ، 256 جيجا بايت، 8 جيجا رام ، شبكة الرابع - اسود,EL1138490BLK,1.0,13699.0,13699.0,300.0,13399.0,mob300,الشرقية,Cash On Delivery
2006288804,2026-09-01 09:28:24,Sep 01,raneen,raneen,Mobile Phones,موبايل سمارت سامسونج A17 جلاكسى ، 256 جيجا بايت، 8 جيجا رام ، شبكة الرابع - اسود,EL1138490BLK,1.0,13699.0,13699.0,300.0,13399.0,mob300,الشرقية,Cash On Delivery
2006288798,2026-09-01 09:27:37,Sep 01,MP,dream2000,Printers,طابعة متعددة الوظائف بيكسما كانون، G3430 - اسود,4549292213287-Dream2000,1.0,6719.0,6719.0,150.0,6569.0,PRN150,الجيزة,Credit/Debit Card
2006288795,2026-09-01 09:27:15,Sep 01,raneen,raneen,Mobile Phones,موبايل سمارت سامسونج، جلاكسي، شريحتين اتصال، 6 جيجا رام، 128 جيجابايت، شبكة الجيل الرابع، A17 - اسود,EL1138489BLK,1.0,10799.0,10799.0,269.97,10529.03,mob300,الشرقية,Cash On Delivery
2006288792,2026-09-01 09:26:18,Sep 01,raneen,raneen,Mobile Phones,موبايل سمارت سامسونج، جلاكسي، شريحتين اتصال، 6 جيجا رام، 128 جيجابايت، شبكة الجيل الرابع، A17 - اسود,EL1138489BLK,1.0,10799.0,10799.0,269.97,10529.03,mob300,الشرقية,Cash On Delivery
2006288789,2026-09-01 09:25:08,Sep 01,raneen,raneen,Mobile Phones,موبايل سمارت سامسونج جلاكسى A07، ١٢٨ جيجابايت، ٦ جيجابايت رام، شبكة الجيل الرابع - اسود,EL1137614BLK,1.0,9099.0,9099.0,227.47,8871.53,mob300,الشرقية,Cash On Delivery
2006288786,2026-09-01 09:24:21,Sep 01,raneen,raneen,Mobile Phones,موبايل سمارت انفينكس هوت 60 برو بلس، شريحتين، شبكة الجيل ارابع، 8+8 جيجا رام، 256 جيجا بايت - اصفر,EL1154556YLW,1.0,11999.0,11999.0,0.0,11999.0,,القاهرة,Cash On Delivery
2006288783,2026-09-01 09:24:18,Sep 01,raneen,raneen,Mobile Phones,موبايل سمارت سامسونج جلاكسى A07، ١٢٨ جيجابايت، ٦ جيجابايت رام، شبكة الجيل الرابع - اسود,EL1137614BLK,1.0,9099.0,9099.0,227.47,8871.53,mob300,الشرقية,Cash On Delivery
2006288780,2026-09-01 09:24:13,Sep 01,MP,molanafortraining,Baby Care,سلم بوتى مقعد حمام تدريب الأطفال مع سلم (بينك ) | مقابض جانبية وسلم متكامل,RAN-BFC8ABZ,1.0,678.0,678.0,0.0,678.0,,الشرقية,Aman
2006288777,2026-09-01 09:23:30,Sep 01,raneen,raneen,Mobile Phones,موبايل سمارت سامسونج جلاكسى A07، ١٢٨ جيجابايت، ٦ جيجابايت رام، شبكة الجيل الرابع - اسود,EL1137614BLK,1.0,9099.0,9099.0,227.47,8871.53,mob300,الشرقية,Cash On Delivery
2006288774,2026-09-01 09:22:32,Sep 01,raneen,raneen,Mobile Phones,موبايل سمارت سامسونج جلاكسى A07، ١٢٨ جيجابايت، ٦ جيجابايت رام، شبكة الجيل الرابع - اسود,EL1137614BLK,1.0,9099.0,9099.0,227.47,8871.53,mob300,الشرقية,Cash On Delivery
2006288771,2026-09-01 09:21:48,Sep 01,raneen,raneen,Mobile Phones,موبايل سمارت سامسونج جلاكسى A07، ١٢٨ جيجابايت، ٦ جيجابايت رام، شبكة الجيل الرابع - اسود,EL1137614BLK,1.0,9099.0,9099.0,227.47,8871.53,mob300,الشرقية,Cash On Delivery
2006288768,2026-09-01 09:21:05,Sep 01,raneen,raneen,Tanks,طقم كولمان بلاستيك ايس تانك، 3 قطع، ايس تانك 16 لتر مع ايس تانك 2.5 لتر مع زجاجة مياة 1000 مل - احمر ابيض,HO1149686MC1,3.0,699.0,2097.0,104.85,1992.15,kch200,الغربية,Paymob Wallet
2006288765,2026-09-01 09:21:02,Sep 01,raneen,raneen,Mobile Phones,موبايل سمارت سامسونج جلاكسى A07، ١٢٨ جيجابايت، ٦ جيجابايت رام، شبكة الجيل الرابع - اسود,EL1137614BLK,1.0,9099.0,9099.0,227.47,8871.53,mob300,الشرقية,Cash On Delivery
2006288762,2026-09-01 09:20:15,Sep 01,raneen,raneen,Mobile Phones,موبايل سمارت سامسونج جلاكسى A07، ١٢٨ جيجابايت، ٦ جيجابايت رام، شبكة الجيل الرابع - اسود,EL1137614BLK,1.0,9099.0,9099.0,227.47,8871.53,mob300,الشرقية,Cash On Delivery
2006288759,2026-09-01 09:19:03,Sep 01,raneen,raneen,Mobile Phones,موبايل سمارت سامسونج جلاكسى A07، ١٢٨ جيجابايت، ٤ جيجابايت رام، شبكة الجيل الرابع - اسود,EL1137613BLK,1.0,8199.0,8199.0,204.97,7994.03,mob300,الشرقية,Cash On Delivery
4000164646,2026-09-01 09:17:04,Sep 01,raneen,raneen,Watches &amp; Alarms,"Plastic Square Wall Clock, 28 cm - White Yellow",HO1116481WI8,1.0,100.0,100.0,0.0,100.0,,القاهرة,Cash On Delivery
4000164646,2026-09-01 09:17:04,Sep 01,MP,elswalhy,Dishwasher,"Midea MDWPF1333C(S)-W-EG Dishwasher, 13 Place Settings, 6 Programs, Wi-Fi, Antibacterial Filter - Silver",EL1143083SLV-elswalhy,1.0,16688.0,16688.0,0.0,16688.0,,القاهرة,Cash On Delivery
2006288753,2026-09-01 09:13:35,Sep 01,raneen,raneen,Mobile Phones,موبايل سمارت سامسونج جلاكسى A07، ١٢٨ جيجابايت، ٤ جيجابايت رام، شبكة الجيل الرابع - اسود,EL1137613BLK,1.0,8199.0,8199.0,204.97,7994.03,mob300,الشرقية,Cash On Delivery
2006288750,2026-09-01 09:12:51,Sep 01,raneen,raneen,Mobile Phones,موبايل سمارت سامسونج جلاكسى A07، ١٢٨ جيجابايت، ٤ جيجابايت رام، شبكة الجيل الرابع - اسود,EL1137613BLK,1.0,8199.0,8199.0,204.97,7994.03,mob300,الشرقية,Cash On Delivery
2006288744,2026-09-01 09:10:25,Sep 01,raneen,raneen,Mobile Phones,موبايل سمارت سامسونج جلاكسى A07، ١٢٨ جيجابايت، ٤ جيجابايت رام، شبكة الجيل الرابع - اسود,EL1137613BLK,1.0,8199.0,8199.0,204.97,7994.03,mob300,الشرقية,Cash On Delivery
2006288741,2026-09-01 09:09:36,Sep 01,raneen,raneen,Mobile Phones,موبايل سمارت سامسونج جلاكسى A07، ١٢٨ جيجابايت، ٤ جيجابايت رام، شبكة الجيل الرابع - اسود,EL1137613BLK,1.0,8199.0,8199.0,204.97,7994.03,mob300,الشرقية,Cash On Delivery
2006288735,2026-09-01 09:07:41,Sep 01,raneen,raneen,Mobile Phones,موبايل سمارت سامسونج جلاكسى A07، ١٢٨ جيجابايت، ٤ جيجابايت رام، شبكة الجيل الرابع - اسود,EL1137613BLK,1.0,8199.0,8199.0,204.97,7994.03,mob300,الشرقية,Cash On Delivery
2006288732,2026-09-01 09:05:40,Sep 01,raneen,raneen,Mobile Phones,موبايل سمارت سامسونج جلاكسى A07، ١٢٨ جيجابايت، ٤ جيجابايت رام، شبكة الجيل الرابع - اسود,EL1137613BLK,1.0,8199.0,8199.0,204.97,7994.03,mob300,الشرقية,Cash On Delivery
2006288729,2026-09-01 09:04:47,Sep 01,raneen,raneen,Mobile Phones,موبايل سمارت سامسونج جلاكسى A07، ١٢٨ جيجابايت، ٤ جيجابايت رام، شبكة الجيل الرابع - اسود,EL1137613BLK,1.0,8199.0,8199.0,204.97,7994.03,mob300,الشرقية,Cash On Delivery
2006288723,2026-09-01 09:04:26,Sep 01,raneen,raneen,Mobile Phones,موبايل سمارت سامسونج جلاكسى A07، ١٢٨ جيجابايت، ٦ جيجابايت رام، شبكة الجيل الرابع - اسود,EL1137614BLK,1.0,9099.0,9099.0,0.0,9099.0,,سوهاج,Cash On Delivery
2006288720,2026-09-01 09:03:57,Sep 01,raneen,raneen,Mobile Phones,موبايل سمارت سامسونج جلاكسى A07، ١٢٨ جيجابايت، ٤ جيجابايت رام، شبكة الجيل الرابع - اسود,EL1137613BLK,1.0,8199.0,8199.0,204.97,7994.03,mob300,الشرقية,Cash On Delivery
2006288717,2026-09-01 09:02:50,Sep 01,raneen,raneen,Mobile Phones,موبايل سمارت سامسونج جلاكسى A07، ١٢٨ جيجابايت، ٤ جيجابايت رام، شبكة الجيل الرابع - اسود,EL1137613BLK,1.0,8199.0,8199.0,204.97,7994.03,mob300,الشرقية,Cash On Delivery
2006288711,2026-09-01 09:01:58,Sep 01,raneen,raneen,Mobile Phones,موبايل سمارت سامسونج جلاكسى A07، ١٢٨ جيجابايت، ٦ جيجابايت رام، شبكة الجيل الرابع - اسود,EL1137614BLK,1.0,9099.0,9099.0,227.47,8871.53,mob300,الشرقية,Cash On Delivery
2006288705,2026-09-01 09:00:43,Sep 01,raneen,raneen,Mobile Phones,موبايل سمارت سامسونج جلاكسى A07، ١٢٨ جيجابايت، ٤ جيجابايت رام، شبكة الجيل الرابع - اسود,EL1137613BLK,1.0,8199.0,8199.0,204.97,7994.03,mob300,الشرقية,Cash On Delivery
2006288693,2026-09-01 08:58:28,Sep 01,raneen,raneen,Mobile Phones,موبايل سمارت سامسونج جلاكسى A07، ١٢٨ جيجابايت، ٤ جيجابايت رام، شبكة الجيل الرابع - اسود,EL1137613BLK,1.0,8199.0,8199.0,204.97,7994.03,mob300,الشرقية,Cash On Delivery
2006288690,2026-09-01 08:56:10,Sep 01,raneen,raneen,Washers &amp; Dryer,غسالة ملابس تحميل علوي نصف اوتوماتيك فريش، 2 موتور، 14 كجم، FWT14000ND-500010644 - ابيض,EL1064698WIT,1.0,8199.0,8199.0,0.0,8199.0,,الجيزة,Cash On Delivery
2006288681,2026-09-01 08:53:52,Sep 01,raneen,raneen,Mobile Phones,موبايل سمارت سامسونج جلاكسى A07، ١٢٨ جيجابايت، ٤ جيجابايت رام، شبكة الجيل الرابع - اسود,EL1137613BLK,1.0,8199.0,8199.0,204.97,7994.03,mob300,الشرقية,Cash On Delivery
2006288678,2026-09-01 08:53:02,Sep 01,raneen,raneen,Mobile Phones,موبايل سمارت سامسونج جلاكسى A07، ١٢٨ جيجابايت، ٤ جيجابايت رام، شبكة الجيل الرابع - اسود,EL1137613BLK,1.0,8199.0,8199.0,204.97,7994.03,mob300,الشرقية,Cash On Delivery
2006288675,2026-09-01 08:52:13,Sep 01,raneen,raneen,Mobile Phones,موبايل سمارت سامسونج جلاكسى A07، ١٢٨ جيجابايت، ٤ جيجابايت رام، شبكة الجيل الرابع - اسود,EL1137613BLK,1.0,8199.0,8199.0,204.97,7994.03,mob300,الشرقية,Cash On Delivery
2006288669,2026-09-01 08:50:52,Sep 01,MP,ocean,Vacuum Cleaners,ممسحة موب بخار بلاك اند ديكر، 1600 وات، FSMH1300FX-QS - ابيض ازرق,FSMH1300FX-QS-ocean,1.0,7139.0,7139.0,0.0,7139.0,,الجيزة,El-Ahly Installments
2006288666,2026-09-01 08:50:19,Sep 01,raneen,raneen,Mobile Phones,موبايل سمارت سامسونج جلاكسى A07، ١٢٨ جيجابايت، ٤ جيجابايت رام، شبكة الجيل الرابع - اسود,EL1137613BLK,1.0,8199.0,8199.0,204.97,7994.03,mob300,الشرقية,Cash On Delivery
2006288657,2026-09-01 08:43:56,Sep 01,raneen,raneen,Cookware,طقم حلل جرانيت داي كاست الفا، 11 قطعة - بيج,HO1155014BEG,1.0,2999.0,2999.0,0.0,2999.0,,القليوبية,Cash On Delivery
2006288657,2026-09-01 08:43:56,Sep 01,raneen,raneen,Cookware,طقم حلل جرانيت داي كاست الفا، 11 قطعة - اخضر داكن,HO1155017DGN,1.0,2999.0,2999.0,0.0,2999.0,,القليوبية,Cash On Delivery
2006288654,2026-09-01 08:39:13,Sep 01,raneen,raneen,Curtain,ستارة قطيفة بالحلقات مارفينا، 250×150 سم، 600 جرام - بيج (قطعة واحدة),TX1096756BG2,2.0,145.0,290.0,0.0,290.0,,الجيزة,Cash On Delivery
2006288648,2026-09-01 08:31:34,Sep 01,raneen,raneen,Mobile Phones,موبايل سمارت بوكو C85 ، شبكة الجيل الرابع، شريحتين، 256 جيجا بايت، 8 جيجا بايت رام - اخضر,EL1140775GRN,1.0,8999.0,8999.0,224.97,8774.03,MOB300,الجيزة,Credit/Debit Card
2006288642,2026-09-01 08:29:53,Sep 01,MP,primestore,Kettles,غلاية مياه كهربائية ستانلس ستيل بلاك اند ديكر، 1.7 لتر، 2200 وات، JC450B5 - فضي,JC450B5SLV-primestore,1.0,1922.0,1922.0,0.0,1922.0,,القليوبية,Cash On Delivery
2006288642,2026-09-01 08:29:53,Sep 01,raneen,raneen,Water Dispenser,مبرد مياه كولدير، 2 حنفية، مع ثلاجة، AF 2.1 - فضي,EL1115807SLV,1.0,8204.0,8204.0,0.0,8204.0,,القليوبية,Cash On Delivery
2006288642,2026-09-01 08:29:53,Sep 01,MP,primestore,Irons,مكواة بخار بلاك + ديكر، بقوة 2400 وات، GSTD2450-B5 - احمر,GSTD2450-primestore,1.0,7299.0,7299.0,0.0,7299.0,,القليوبية,Cash On Delivery
2006288639,2026-09-01 08:28:49,Sep 01,raneen,raneen,Mattress,مرتبة رومبا الدورا، سوست متصلة، 100×195 سم، بارتفاع 25 سم - ابيض بني,TX1110552WI1,2.0,2999.0,5998.0,200.0,5798.0,TEX200,الجيزة,Cash On Delivery
2006288639,2026-09-01 08:28:49,Sep 01,raneen,raneen,Air Conditioner,تكييف اسبليت هايسنس، 1.5 حصان، بارد ساخن، انفرتر، HI-12VHPA - ابيض + كابولى,ELKiT1887WIT,1.0,22849.0,22849.0,0.0,22849.0,TEX200,الجيزة,Cash On Delivery
2006288639,2026-09-01 08:28:49,Sep 01,raneen,raneen,Air Conditioner,تكييف ارتيفاي يونيون اير، 1.5 حصان، بارد فقط، إنفرتر، بلازما، INV-ARTI012CY50XFR-SG-SER - ابيض,ELKIT1895WIT,1.0,17999.0,17999.0,0.0,17999.0,TEX200,الجيزة,Cash On Delivery
2006288639,2026-09-01 08:28:49,Sep 01,raneen,raneen,Televisions,تلفزيون سمارت فريش، Google OS، UHD، QLED، بدون إطار، 50 بوصة، بالاضافة الي حامل حائط هدية، 50MFQ435G - اسود,EL1142785BLK,1.0,15999.0,15999.0,0.0,15999.0,TEX200,الجيزة,Cash On Delivery
2006288639,2026-09-01 08:28:49,Sep 01,raneen,raneen,Water Heaters,سخان كهرباء بشاشة LED زانوسي، 50 لتر، ZYE05031WN - أبيض,EL1101598WIT,1.0,4249.0,4249.0,0.0,4249.0,TEX200,الجيزة,Cash On Delivery
2006288639,2026-09-01 08:28:49,Sep 01,raneen,raneen,Cookers,بوتاجاز كول كاست زانوسي، 4 شعلة، 60×60 سم، بالمروحة، أمان كامل، ZCG61296XB 943006575 - فضي اسود,EL1148087SLV,1.0,11799.0,11799.0,0.0,11799.0,TEX200,الجيزة,Cash On Delivery
2006288636,2026-09-01 08:24:12,Sep 01,raneen,raneen,Televisions,تلفزيون سمارت ال جى، 65 بوصة، UHD، مزود برسيفر داخلى، ماجيك ريموت، 65NU850B6LA - اسود,EL1148629BLK,1.0,25999.0,25999.0,0.0,25999.0,,الجيزة,Cash On Delivery
2006288633,2026-09-01 08:22:28,Sep 01,MP,attallah,Fans,مروحة حائط فريش شبح ، 18 بوصة ، بريموت، اسود احمر,ISTSWF-18R-531522-conf-attallah,1.0,2399.0,2399.0,0.0,2399.0,,الجيزة,Cash On Delivery
2006288630,2026-09-01 08:20:16,Sep 01,raneen,raneen,Washers &amp; Dryer,غسالة ملابس فول اوتوماتيك فريش ، انفرتر،  7 كيلو  ، BLDS 23158 - اسود,EL1155973BLK,1.0,15499.0,15499.0,0.0,15499.0,,قنا,Aman
2006288627,2026-09-01 08:16:34,Sep 01,raneen,raneen,Refrigerators &amp; Freezers,ديب فريزر افقي سويس برو ، 350 لتر ، دي فروست، SPE-CF350S - فضي,EL1145381SLV,1.0,10399.0,10399.0,0.0,10399.0,,الجيزة,Cash On Delivery
2006288621,2026-09-01 08:15:01,Sep 01,MP,tetrachem,Soap &amp; Shower Gel,صابون مطهر اليدين ستيريماكس، 4 لتر - ازرق,6224008777533-b,1.0,222.0,222.0,0.0,222.0,,كفر الشيخ,Free
2006288615,2026-09-01 08:08:05,Sep 01,MP,meskstore,Office Supplies,اله حاسبه كاسيو، علمية، الإصدار الثاني، FX-991ES - اسود,RT70266BLK-meskstore,1.0,550.0,550.0,0.0,550.0,,الجيزة,Cash On Delivery
2006288609,2026-09-01 07:58:18,Sep 01,raneen,raneen,Luggage,شنطة سفر ترولي قماش ثري أم، 20 بوصة، 4 عجلات، 4 سوست - بنفسجي,HO1144781PPR,1.0,999.0,999.0,49.95,949.05,Fly200,القاهرة,Cash On Delivery
2006288600,2026-09-01 07:56:18,Sep 01,MP,tibatrading,Kitchen Accessories,حامل معدني - 2 قطعة، اللون أسود,RAN-72WC4E3,1.0,125.0,125.0,0.0,125.0,,القاهرة,Cash On Delivery
2006288600,2026-09-01 07:56:18,Sep 01,MP,agyad,Bed Sheets,طقم ملايات ستان عالية الجودة - 4 قطع - مقاس 240*260 - للمنازل والفنادق (أسود),RAN-FCPKJEU,1.0,800.0,800.0,0.0,800.0,,القاهرة,Cash On Delivery
2006288600,2026-09-01 07:56:18,Sep 01,MP,linesleep,Bedding,لحاف فايبر لاين سليب، 240×220 سم - اسود,QLT21240X220BK,1.0,750.0,750.0,0.0,750.0,,القاهرة,Cash On Delivery
2006288600,2026-09-01 07:56:18,Sep 01,MP,molanafortraining,Plastic &amp; Paper Products,أغطية تخزين الطعام، 100 حقيبة بلاستيكية شفافة للتخزين والحفظ، مطاطية وقابلة للانكماش,RAN-6YM7N25,1.0,99.0,99.0,0.0,99.0,,القاهرة,Cash On Delivery
2006288600,2026-09-01 07:56:18,Sep 01,MP,tibatrading,Irons,مكواة صغيرة محمولة للسفر، بخاخ ماء جاف ورطب، استخدام مزدوج للملابس مع خزان ماء 60 مل، مكواة بخار صغيرة قابلة للطي للمنزل والسفر والعمل والمنزل والجولات,RAN-P869TTT,1.0,259.0,259.0,0.0,259.0,,القاهرة,Cash On Delivery
2006288579,2026-09-01 07:40:56,Sep 01,raneen,raneen,Tanks,طقم كولمان بلاستيك ايس تانك، 3 قطع، ايس تانك 16 لتر مع ايس تانك 2.5 لتر مع زجاجة مياة 1000 مل - احمر ابيض,HO1149686MC1,1.0,699.0,699.0,0.0,699.0,,القاهرة,El-Ahly Installments
2006288567,2026-09-01 07:33:17,Sep 01,MP,tatto,Water Heaters,سخان مياه غاز اريستون، 10 لتر، DGI 10L CF NG - ابيض,DGI10LCFNG-tatto,1.0,7799.0,7799.0,0.0,7799.0,,الأسكندرية,Cash On Delivery
2006288558,2026-09-01 07:30:39,Sep 01,MP,attallah,Water Heaters,سخان مياه كهرباء ديجيتال فينوس فريش، 50 لتر، توفير 25% من إستهلاك الكهرباء - رمادى,1SFRHEEL18345000L008-attallah,1.0,4499.0,4499.0,0.0,4499.0,,بور سعيد,Cash On Delivery
2006288555,2026-09-01 07:28:06,Sep 01,MP,mam,Refrigerators &amp; Freezers,ثلاجة ديفروست يونيون اير جوستو، 2 باب، 310 لتر، ديجيتال تاتش، RD-320VVA-DSH - فضي,RD-320VV-DHGHUSTO-mam,1.0,11599.0,11599.0,0.0,11599.0,,قنا,Cash On Delivery
2006288537,2026-09-01 07:20:03,Sep 01,raneen,raneen,Mattress,مرتبة سرير سوست متصلة سامبا الدورا، طول 190 سم، ارتفاع 23 سم,TX1155034WI1,1.0,3099.0,3099.0,154.95,2944.05,TEX200,الأسكندرية,Cash On Delivery
2006288534,2026-09-01 07:18:44,Sep 01,raneen,raneen,Kids Bags,شنطة مدرسية ووتر بروف للاولاد، 30×40 سم، 2 سوسته، بالأضافة الى مقلمه - متعدد الالوان,HO1151922MC7,1.0,299.0,299.0,0.0,299.0,,الجيزة,Cash On Delivery
2006288525,2026-09-01 07:15:21,Sep 01,raneen,raneen,Mobile Phones,موبايل سمارت هوت 60 انفنكس، 128 جيجابايت، 6 جيجابايت رام، شبكة الجيل الخامس,EL1141964BLU,1.0,8399.0,8399.0,209.97,8189.03,mob300,البحيرة,Cash On Delivery
2006288513,2026-09-01 07:01:44,Sep 01,MP,bestbuyelectronic,Mobile Phones,موبايل سمارت 15 سي ريدمي، 8 جيجابايت رام، 256 جيجابايت، شبكة الجيل الرابع - ازرق,MP-6932554456306,1.0,10499.0,10499.0,0.0,10499.0,,القاهرة,Free
2006288507,2026-09-01 07:01:15,Sep 01,MP,dukanalaa,Shaving &amp; Grooming,ماكينة تشذيب الحواجب الكهربائية KM-1910 مقاومة للماء، شاحن USB قابل لإعادة الشحن - للرجال,RAN-4QRUBWD,1.0,599.0,599.0,0.0,599.0,,القاهرة,Cash On Delivery
2006288489,2026-09-01 06:51:19,Sep 01,raneen,raneen,Office Chairs,كرسي مكتب معدن عالي ظهر شبك، هيدروليك، مسند تنجيد، 5 عجلات، 125×50×48 سم - اسود,HO1139732BLK,1.0,1999.0,1999.0,0.0,1999.0,,الأسكندرية,Premium Card
2006288486,2026-09-01 06:48:32,Sep 01,MP,edgelighting,Wall Lamp Lights,ابليك مودرن، 1 لمبة، 45×15 سم - اسود ذهبى,AMc523BLK,2.0,389.0,778.0,0.0,778.0,tex200,الجيزة,Cash On Delivery
2006288486,2026-09-01 06:48:32,Sep 01,raneen,raneen,Bedding,طقم لحاف مايكروفايبر بظهر فرو راحة، 3 قطع، 220×240 سم، 3900 جرام - بيج,TX1149339MC8,1.0,999.0,999.0,49.95,949.05,tex200,الجيزة,Cash On Delivery
2006288486,2026-09-01 06:48:32,Sep 01,MP,lepetitjustin,Bedding,"كيس لحاف بسوستة 2.5X 2.40 متر , 3 قطع - رمادي",B0DPDQF15B,1.0,890.0,890.0,44.5,845.5,tex200,الجيزة,Cash On Delivery
2006288486,2026-09-01 06:48:32,Sep 01,raneen,raneen,Kettles,غلاية كهربائية كلاسيك تاتش الزنوكى، 1.7 لتر، 2200 وات - اسود,EL1020613BLK,1.0,580.0,580.0,0.0,580.0,tex200,الجيزة,Cash On Delivery
2006288444,2026-09-01 06:35:00,Sep 01,MP,dukanalaa,Coffee Makers,مضرب حليب يدوي قابل لإعادة الشحن باللون الأسود - جسم معدني,RAN-U7K772A,1.0,175.0,175.0,0.0,175.0,,الغربية,Cash On Delivery
2006288432,2026-09-01 06:31:10,Sep 01,MP,modernhomeelectric,Water Heaters,سخان غاز فريش، 6 لتر، مع ادابتور، غاز طبيعي، 500021712 - رمادي,3067,1.0,4499.0,4499.0,0.0,4499.0,,القليوبية,Cash On Delivery
2006288423,2026-09-01 06:26:47,Sep 01,MP,capitaltecheg,Cookers,بوتوجاز غاز برستيج يونيون جاز، 5 شعلة، 60×85 سم، سطح ستانلس سنيل، اشعال ذاتي، شواية - اسود فضي,capitaltecheg238,1.0,6149.0,6149.0,0.0,6149.0,,القاهرة,Cash On Delivery
2006288420,2026-09-01 06:23:49,Sep 01,raneen,raneen,Bike &amp; Scooters,عربية جيب اطفالي بمسند راندا، 4 عجلات - متعدد الالوان,TY1059513YNR,1.0,399.0,399.0,0.0,399.0,,الجيزة,Cash On Delivery
2006288402,2026-09-01 06:15:03,Sep 01,raneen,raneen,Fans,مروحة ستاند جلاكسى فريش، 16 بوصة، 3 ريشة، 3 سرعات - ازرق,EL1059662BLU,1.0,1349.0,1349.0,0.0,1349.0,,الجيزة,Cash On Delivery
2006288396,2026-09-01 06:06:55,Sep 01,raneen,raneen,Mobile Phones,موبايل سمارت سامسونج A17 جلاكسى ، 256 جيجا بايت، 8 جيجا رام ، شبكة الرابع - اسود,EL1138490BLK,1.0,13699.0,13699.0,0.0,13699.0,,دمياط,Aman
2006288393,2026-09-01 06:05:30,Sep 01,raneen,raneen,Dinnerware,طقم عشاء أركوبال أماراتى لومينارك، 24 قطعة - ابيض,HO1088626WIT,4.0,999.0,3996.0,199.8,3796.2,KCH200,البحيرة,Cash On Delivery
2006288387,2026-09-01 05:58:43,Sep 01,raneen,raneen,Dinnerware,طقم عشاء أركوبال أماراتى لومينارك، 24 قطعة - ابيض,HO1088626WIT,4.0,999.0,3996.0,199.8,3796.2,KCH200,البحيرة,Cash On Delivery
2006288381,2026-09-01 05:52:00,Sep 01,raneen,raneen,Mobile Phones,موبايل سمارت انفينكس سمارت 20، شريحتين، شبكة الجيل الرابع، 4 جيجا رام ، 64 جيجا بايت - اسود,EL1148742BLK,5.0,6399.0,31995.0,0.0,31995.0,,البحيرة,Cash On Delivery
2006288375,2026-09-01 05:50:19,Sep 01,MP,elswedymobile,Tablets,تابلت هونر، Pad X7، شاشة 8.7 بوصة، شريحة اتصال، 128 جيجابايت، 4 جيجابايت رام، شبكة الجيل الرابع - رمادي,HonorPadX7-128-4G-Sim-elswedymobile,1.0,7999.0,7999.0,0.0,7999.0,,القاهرة,Free
2006288366,2026-09-01 05:47:38,Sep 01,MP,attallah,Cookers,بوتجاز غاز فريش ، 90 سم ، 5 شعلات ، شواية - اسود,500020798,1.0,10859.0,10859.0,0.0,10859.0,,الغربية,Cash On Delivery
2006288339,2026-09-01 05:01:36,Sep 01,raneen,raneen,Fans,مروحة حائط ايه تى ايه، 16 بوصة، 3 سرعات، 5 ريشة، B1605 - ابيض احمر,EL1018812WNR,1.0,669.0,669.0,0.0,669.0,,الغربية,Cash On Delivery
2006288330,2026-09-01 04:57:54,Sep 01,MP,elmanar,Air Conditioner,تكييف ارتيفاي يونيون اير، بارد/ساخن، 2.25 حصان، ARTI018HY50XWFR-SG-SER-S1 - ابيض,ELKIT1851WIT-elmanar,1.0,24999.0,24999.0,0.0,24999.0,,الجيزة,Cash On Delivery
4000164643,2026-09-01 04:54:53,Sep 01,MP,lifecare,Drinkware,"Owala 710مل Thermal Mug - Insulated Water Bottle, Leak-Proof Purple Lid",RAN-N9Z6H2X,1.0,759.0,759.0,37.95,721.05,KCH200,القاهرة,Cash On Delivery
2006288324,2026-09-01 04:51:19,Sep 01,MP,fekrahhandmade,Decorative Accessories,حامل مكرميه ديكور للحائط، قطن، 40x70 سم - اوف وايت,ho00133,2.0,450.0,900.0,0.0,900.0,,القاهرة,Cash On Delivery
2006288318,2026-09-01 04:47:45,Sep 01,MP,asouaaq,Hair Care,فرشاة فك تشابك الشعر من سبازولا بير كبيلي - بينك,RAN-G7R4UR9,1.0,65.0,65.0,0.0,65.0,KCH200,القاهرة,Paymob Wallet
2006288318,2026-09-01 04:47:45,Sep 01,MP,tal2aa,Skin Care,كريم هيبتا بانثينول باللون الوردي - كريم تفتيح وترطيب للمناطق الحساسة 50 غ | بانثينول، فيتامين سي وإي، ألفا أربوتين، نياسيناميد، ترطيب,RAN-EBT4YUG,1.0,85.0,85.0,0.0,85.0,KCH200,القاهرة,Paymob Wallet
2006288318,2026-09-01 04:47:45,Sep 01,raneen,raneen,Cleaning Tools &amp; Supplies,طقم فرشاه بالجاروف بلاستيك، قطعتين، 25×35 سم - شفاف,HO1146421CLR,2.0,95.0,190.0,9.5,180.5,KCH200,القاهرة,Paymob Wallet
2006288318,2026-09-01 04:47:45,Sep 01,MP,dukanalaa,Underwear’s,حمالة صدر لاصقة بدون حمالات - خلفية - بمادة السيليكون - شكل فراشة - أسود - من البوليستر - مقاس C - نسائية,RAN-P5UEMWN,1.0,175.0,175.0,0.0,175.0,KCH200,القاهرة,Paymob Wallet
2006288318,2026-09-01 04:47:45,Sep 01,MP,orkastore,Storage,مطبقيه حول الحوض ، 52×32×85 سم ، معدن - اسود,156133-orkastore,1.0,1380.0,1380.0,69.0,1311.0,KCH200,القاهرة,Paymob Wallet
2006288312,2026-09-01 04:46:08,Sep 01,raneen,raneen,Bed Sheets,طقم ملاية سرير لازورد، 3 قطع، 170×240 سم - متعدد الالوان,TX1015868MZ4,2.0,159.0,318.0,15.9,302.1,TEX200,القاهرة,Cash On Delivery
2006288312,2026-09-01 04:46:08,Sep 01,raneen,raneen,Bed Sheets,طقم ملاية سرير مايكروفايبر شنغاهاي، 4 قطع، 210×235 سم، 1200 جرام - متعدد الالوان,TX1136225MU4,1.0,319.0,319.0,15.95,303.05,TEX200,القاهرة,Cash On Delivery
2006288312,2026-09-01 04:46:08,Sep 01,raneen,raneen,Bed Sheets,طقم ملاية سرير مايكروفايبر، 4 قطع، 220×240 سم، 800 جرام - متعدد الالوان,TX1154433BG3,1.0,269.0,269.0,13.45,255.55,TEX200,القاهرة,Cash On Delivery
2006288312,2026-09-01 04:46:08,Sep 01,raneen,raneen,Bed Sheets,طقم ملاية سرير مايكروفايبر، 4 قطع، 220×240 سم، 800 جرام - متعدد الالوان,TX1154433MC6,1.0,269.0,269.0,13.45,255.55,TEX200,القاهرة,Cash On Delivery
2006288312,2026-09-01 04:46:08,Sep 01,raneen,raneen,Bed Sheets,طقم ملاية سرير، 3 قطع، 240×170 سم، 650 جرام - متعدد الالوان,TX1140094MT6,2.0,159.0,318.0,15.9,302.1,TEX200,القاهرة,Cash On Delivery
2006288312,2026-09-01 04:46:08,Sep 01,raneen,raneen,Bed Sheets,طقم ملاية لازورد، 4 قطع، 215×235 سم - متعدد الالوان,TX1022398ME5,1.0,229.0,229.0,11.45,217.55,TEX200,القاهرة,Cash On Delivery
2006288297,2026-09-01 04:18:55,Sep 01,raneen,raneen,Washers &amp; Dryer,غسالة ملابس وايت بوينت، 8.5 كجم، تحميل علوي، ديجيتال، WPTL85DGBA - رمادى فاتح,EL1148971LGY,1.0,8499.0,8499.0,0.0,8499.0,,القاهرة,Cash On Delivery
2006288294,2026-09-01 04:17:46,Sep 01,raneen,raneen,Pillows,مخدة سوفتي المأمون، 49×160 سم - ابيض,TX1082072WIT,1.0,729.0,729.0,0.0,729.0,,الساحل الشمالي,Cash On Delivery
2006288294,2026-09-01 04:17:46,Sep 01,raneen,raneen,Pillows,مخدة سوفتي المأمون، 49×120سم - ابيض,TX1082070WIT,2.0,549.0,1098.0,0.0,1098.0,,الساحل الشمالي,Cash On Delivery
2006288294,2026-09-01 04:17:46,Sep 01,MP,aeroegy,Pillows,مجموعة خداديات سرير فايبر، 4 قطع، 70×50 سم - ابيض,Aero9988,1.0,1093.0,1093.0,0.0,1093.0,,الساحل الشمالي,Cash On Delivery
2006288294,2026-09-01 04:17:46,Sep 01,raneen,raneen,Mattress,مرتبة سرير سامبا الدورا، سوست متصلة، 120×195 سم، الارتفاع 23 سم - ابيض رمادي,TX1069836WI2,2.0,3099.0,6198.0,0.0,6198.0,,الساحل الشمالي,Cash On Delivery
2006288294,2026-09-01 04:17:46,Sep 01,raneen,raneen,Mattress,مرتبة روك بوكيت الدورا، سوست منفصلة، 160×195 سم، بارتفاع 26 سم - ابيض,TX1110561WI1,1.0,5999.0,5999.0,0.0,5999.0,,الساحل الشمالي,Cash On Delivery
4000164640,2026-09-01 04:15:25,Sep 01,MP,katoshappliances,Refrigerators &amp; Freezers,"W.Alaska UP190 Upright Deep Freezer, 190 Liter - White",katoshAppliances-1131,1.0,11892.0,11892.0,0.0,11892.0,,Ismailia,Credit/Debit Card
2006288285,2026-09-01 03:59:48,Sep 01,raneen,raneen,Kids Bags,شنطة ظهر مدرسية للاولاد ستار، 3 سوستة، 14 بوصة، بالاضافة الي مقلمة صغيرة - متعدد الالوان,HO1150336DR2,1.0,200.0,200.0,0.0,200.0,,القاهرة,Cash On Delivery
2006288285,2026-09-01 03:59:48,Sep 01,raneen,raneen,Kids Bags,شنطة ظهر مدرسية للبنات ستار، 3 سوستة، 14 بوصة، بالاضافة الي مقلمة صغيرة - متعدد الالوان,HO1150336MV2,1.0,200.0,200.0,0.0,200.0,,القاهرة,Cash On Delivery
2006288285,2026-09-01 03:59:48,Sep 01,raneen,raneen,Kids Bags,شنطة ظهر مدرسية للبنات ستار، 3 سوستة، 16 بوصة، بالاضافة الي مقلمة صغيرة - متعدد الالوان,HO1150335RD1,1.0,200.0,200.0,0.0,200.0,,القاهرة,Cash On Delivery
2006288285,2026-09-01 03:59:48,Sep 01,raneen,raneen,Kids Bags,شنطة ظهر مدرسية للاولاد ستار، 3 سوستة، 14 بوصة، بالاضافة الي مقلمة صغيرة - متعدد الالوان,HO1150336DG2,1.0,200.0,200.0,0.0,200.0,,القاهرة,Cash On Delivery
2006288282,2026-09-01 03:58:16,Sep 01,MP,woodenfurniture,Dressing Table,ترابيزة تسريحة خشب ام دي اف، 150×40×80 سم - ابيض,MPYM-1-WF,1.0,2749.0,2749.0,0.0,2749.0,,الأسكندرية,valU
2006288279,2026-09-01 03:56:47,Sep 01,MP,attallah,Microwaves &amp; Ovens,ميكروويف جاك، 1400 وات، 25 لتر، NGM-25D2 - اسود,EL1032864BLK-atta,1.0,5499.0,5499.0,0.0,5499.0,,Cairo,Cash On Delivery
2006288273,2026-09-01 03:54:34,Sep 01,MP,dukanalaa,Shaving &amp; Grooming,ماكينة قص الشعر الاحترافية VGR ، شاشة ديجيتال - اسود,V-360 -dukanalaa,1.0,850.0,850.0,0.0,850.0,,أسوان,Cash On Delivery
2006288267,2026-09-01 03:51:32,Sep 01,MP,talhastore,Men&#039;s Bags,حقيبة ظهر متعددة الجيوب، لون رمادي، مناسبة للابتوب 15.6 بوصة,RAN-FPHNSKC,1.0,555.0,555.0,0.0,555.0,KCH200,المنيا,Cash On Delivery
2006288267,2026-09-01 03:51:32,Sep 01,MP,talhastore,Kids Bags,حقيبة مدرسية للبنات من KEBEIXUAN، سعة كبيرة مقاومة للماء مع حقيبة للكمبيوتر المحمول - للفتيات في المرحلة الابتدائية,RAN-BYFVURD,1.0,625.0,625.0,0.0,625.0,KCH200,المنيا,Cash On Delivery
2006288267,2026-09-01 03:51:32,Sep 01,MP,shoppingonline,Laptop Accessories,شنطة ظهر للابتوب للسفر مقاومة للماء بشحن USB - أسود,B0CCYMM6Z3,1.0,171.0,171.0,0.0,171.0,KCH200,المنيا,Cash On Delivery
2006288267,2026-09-01 03:51:32,Sep 01,MP,coktailstore,Drinkware,مجموعة 3 زجاجات مياه عملية– سعة 300 مل + 900 مل + 2 لتر – مناسبة للجيم، المدرسة والرحلات – تصميم أنيق مانع للتسريب,RAN-G34Q337,1.0,299.0,299.0,12.17,286.83,KCH200,المنيا,Cash On Delivery
2006288267,2026-09-01 03:51:32,Sep 01,raneen,raneen,Drinkware,طقم كاسات زجاج دريم، 6 قطع، 150 مل - شفاف,HO1144900CLR,1.0,115.0,115.0,4.69,110.31,KCH200,المنيا,Cash On Delivery
2006288267,2026-09-01 03:51:32,Sep 01,raneen,raneen,Drinkware,طقم كاسات زجاج كلوديا، 18 قطعة - شفاف,HO1067470CLR,1.0,299.0,299.0,12.17,286.83,KCH200,المنيا,Cash On Delivery
2006288267,2026-09-01 03:51:32,Sep 01,MP,dream2000,Mixers &amp; Blenders,كبة لحم تاتش الزنوكي، 700 وات، 2 لتر، 40551 - احمر اسود,6222041801550-Dream2000,1.0,1539.0,1539.0,0.0,1539.0,KCH200,المنيا,Cash On Delivery
2006288267,2026-09-01 03:51:32,Sep 01,raneen,raneen,Cookware,طقم حلل ستانلس ستيل سمارت زينوكس، 10 قطع - فضي,HO1148366SLV,1.0,3199.0,3199.0,130.28,3068.72,KCH200,المنيا,Cash On Delivery
2006288267,2026-09-01 03:51:32,Sep 01,raneen,raneen,Cookware,طقم قالب حلويات الومنيوم الاهرام، 5 قطع - فضي,HO1114440SLV,1.0,999.0,999.0,40.69,958.31,KCH200,المنيا,Cash On Delivery
2006288264,2026-09-01 03:48:11,Sep 01,raneen,raneen,Fans,ATA مروحة ستاند، 18 بوصة، 3 سرعات، 3 ريشة، S1801 - اسود,EL1018813BLK,1.0,849.0,849.0,0.0,849.0,,الجيزة,Paymob Wallet
2006288264,2026-09-01 03:48:11,Sep 01,MP,egygamer,PlayStation Games &amp; Accessories,وحدة تحكم ألعاب مايكروسوفت بوصلة سلكية لجهاز إكس بوكس 360 - EG2746,RAN-45N562U,1.0,499.0,499.0,0.0,499.0,,الجيزة,Paymob Wallet
2006288261,2026-09-01 03:47:47,Sep 01,raneen,raneen,Cookware,طقم طاجن فخار، 6 قطع - بني,HO1109701BRN,1.0,115.0,115.0,0.0,115.0,,الجيزة,Cash On Delivery
2006288258,2026-09-01 03:47:13,Sep 01,MP,attallah,Burner,بوتاجاز مسطح كهربائى سوكاني، 1000 وات، 1 عين، Sk-5109 - اسود,B0BWN14XN1BLK,1.0,498.0,498.0,0.0,498.0,,القليوبية,Cash On Delivery
2006288243,2026-09-01 03:35:07,Sep 01,raneen,raneen,Bed Sheets,طقم ملاية سرير لازورد، 3 قطع، 170×240 سم - متعدد الالوان,TX1015868MZ5,2.0,159.0,318.0,15.9,302.1,TEX200,القاهرة,Cash On Delivery
2006288243,2026-09-01 03:35:07,Sep 01,raneen,raneen,Bed Sheets,طقم ملاية سرير لازورد، 3 قطع، 170×240 سم,TX1015868RS1,3.0,159.0,477.0,23.85,453.15,TEX200,القاهرة,Cash On Delivery
2006288243,2026-09-01 03:35:07,Sep 01,raneen,raneen,Bed Sheets,طقم ملاية سرير لازورد، 3 قطع، 170×240 سم - متعدد الالوان,TX1015868MZ6,3.0,159.0,477.0,23.85,453.15,TEX200,القاهرة,Cash On Delivery
2006288243,2026-09-01 03:35:07,Sep 01,raneen,raneen,Bed Sheets,طقم ملاية جودي، 3 قطع، 240×170 سم، 650 جرام - متعدد الالوان,TX1109918ML3,3.0,159.0,477.0,23.85,453.15,TEX200,القاهرة,Cash On Delivery
2006288243,2026-09-01 03:35:07,Sep 01,raneen,raneen,Bed Sheets,طقم ملاية جودي، 3 قطع، 240×170 سم، 650 جرام - اصفر,TX1109918ML4,3.0,159.0,477.0,23.85,453.15,TEX200,القاهرة,Cash On Delivery
2006288240,2026-09-01 03:25:50,Sep 01,MP,globalelectronic,Cookers,بوتاجاز جلوبال الكترونكس، 4 شعلة، 55×55 سم، سطح ستانلس، اشعال ذاتى، شوايه - اسود ذهبي,GLO55-08,1.0,4825.0,4825.0,0.0,4825.0,,الجيزة,Credit/Debit Card
2006288237,2026-09-01 03:24:05,Sep 01,MP,dubaiphone,Mobile Phones,هونر X9d، ١٢ جيجابايت رام ، ٢٥٦ جيجابايت، شبكة الجيل الخامس - ذهبى,DP007493,1.0,24700.0,24700.0,0.0,24700.0,,الغربية,Cash On Delivery
2006288234,2026-09-01 03:23:13,Sep 01,raneen,raneen,Mobile Phones,موبايل سمارت انفينكس هوت 60 برو بلس، شريحتين، شبكة الجيل ارابع، 8+8 جيجا رام، 256 جيجا بايت - اصفر,EL1154556YLW,1.0,11999.0,11999.0,0.0,11999.0,,كفر الشيخ,Cash On Delivery
2006288231,2026-09-01 03:22:18,Sep 01,MP,talhastore,Women Bags,حقيبة كتف نسائية بيضاء من GoodWave,RAN-BRDGXQM,1.0,165.0,165.0,0.0,165.0,,الجيزة,Cash On Delivery
2006288231,2026-09-01 03:22:18,Sep 01,raneen,raneen,Home Decor,حامل خشبي للاقلام و الموبايل، 18×9×3 سم - بيج,HO1095119BG1,1.0,41.0,41.0,0.0,41.0,,الجيزة,Cash On Delivery
2006288213,2026-09-01 03:12:14,Sep 01,MP,elitefurniture,Iron Tables,ترابيزة مكواة بتصميم أنيق وقابلة للطي - حديد - لون أبيض - مقاس 119x33x85 سم,RAN-BCMNB36,1.0,599.0,599.0,0.0,599.0,,الجيزة,Cash On Delivery
2006288213,2026-09-01 03:12:14,Sep 01,MP,abdelaziz,Hair Care,مكواة فرد الشعر فى جى ار متعددة الاستخدام للنساء، v-503 - أسود,V-503,1.0,1199.0,1199.0,0.0,1199.0,,الجيزة,Cash On Delivery
2006288213,2026-09-01 03:12:14,Sep 01,MP,dukanabdelaziz,Irons,مكواة بخار فريش، 2200 وات - ابيض تركواز,EL1062920WIT-conf-home-dukanabdelaziz,1.0,1157.0,1157.0,0.0,1157.0,,الجيزة,Cash On Delivery
2006288201,2026-09-01 03:00:35,Sep 01,raneen,raneen,Dinnerware,طقم عشاء بورسلين لوتس، 60 قطعة - ابيض روز,HO1147615WI1,1.0,3499.0,3499.0,93.33,3405.67,KCH200,الأقصر,Cash On Delivery
2006288201,2026-09-01 03:00:35,Sep 01,raneen,raneen,Cutlery &amp; Flatware Set,طقم ادوات مائدة ستانلس ستيل ارشيا دريم، 86 قطعة - فضي,HO1113771SNB,1.0,3999.0,3999.0,106.67,3892.33,KCH200,الأقصر,Cash On Delivery
2006288165,2026-09-01 02:45:20,Sep 01,raneen,raneen,Bowl,طقم بولة بورسلين، 3 قطع، 10 سم - اوف وايت,HO1129096WI1,2.0,80.0,160.0,8.0,152.0,KCH200,القليوبية,Credit/Debit Card
2006288162,2026-09-01 02:43:30,Sep 01,raneen,raneen,Mixers &amp; Blenders,كبة تقطيع كهربائية فريش، 2 لتر، 700 وات، 3 سلاح، CH700 - اسود,EL1116269BNC,1.0,1300.0,1300.0,0.0,1300.0,,الجيزة,Cash On Delivery
2006288156,2026-09-01 02:37:52,Sep 01,MP,talhastore,Men&#039;s Bags,شنطة ظهر صغيرة للرجال بسعة 8 لتر من كاري تريب، شنطة كروس عصرية للاعمال وركوب الدراجات والمشي لمسافات طويلة، بجيب واحد و4 جيوب بسوستة و1 حافظة جانبية للزجاجة / شنطة كتف للرجال,RAN-GSVSPJQ,1.0,450.0,450.0,0.0,450.0,,القاهرة,Cash On Delivery
2006288150,2026-09-01 02:34:22,Sep 01,MP,hadymix,Shoe Rack,جزامة خشب شيب بورد، 2 درفة، 30x60x90 سم - بني,Hadymix-11011,1.0,999.0,999.0,0.0,999.0,,القاهرة,Cash On Delivery
2006288147,2026-09-01 02:26:32,Sep 01,raneen,raneen,Mattress,مرتبة سرير سوست متصلة سامبا الدورا، طول 195 سم، ارتفاع 23 سم,TX1069836WI2,1.0,3099.0,3099.0,0.0,3099.0,OFF500,القاهرة,Premium Card
2006288147,2026-09-01 02:26:32,Sep 01,MP,woodrate,Shoe Rack,جزامه شيب بورد ، 60×31×87 سم - رمادي فاتح,Rate-sh-2-1,1.0,1099.0,1099.0,107.79,991.21,OFF500,القاهرة,Premium Card
2006288147,2026-09-01 02:26:32,Sep 01,raneen,raneen,Fans,مروحه استاند ايه تى ايه، 18 بوصه، 5 ريشه، 4 سرعات، S96 - اسود,EL1135325BLK,1.0,1055.0,1055.0,0.0,1055.0,OFF500,القاهرة,Premium Card
2006288147,2026-09-01 02:26:32,Sep 01,MP,samafurniture,Beds,سرير خشب كبس كونتر، 120×120×195 سم مقاس مفرد - اوف وايت,ABDWSO12OFW-120,1.0,3999.0,3999.0,392.21,3606.79,OFF500,القاهرة,Premium Card
2006288144,2026-09-01 02:26:20,Sep 01,MP,coktailstore,Security &amp; Surveillance Systems,"صندوق مفاتيح Muross مع قفل رقمي ,برمز مرور 4 أرقام",RAN-HDN9XDU,1.0,199.0,199.0,0.0,199.0,,القليوبية,Cash On Delivery
2006288141,2026-09-01 02:24:28,Sep 01,MP,egygamer,PlayStation &amp; Accessories,جهاز ألعاب فيديو رقمي ريترو جيم  HDMI 8K 5G مع أكثر من 10000 لعبة مدمجة وأجهزة تحكم لاسلكية,RAN-AXHC6E9,1.0,1499.0,1499.0,0.0,1499.0,,Qalyubia,Cash On Delivery
2006288123,2026-09-01 02:15:14,Sep 01,raneen,raneen,Cleaning Tools &amp; Supplies,طبق غسيل بلاستيك×سيليكون ريو، قابل للطى، 38 لتر - ابيض اخضر,HO1125130GNW,1.0,299.0,299.0,0.0,299.0,,الأسكندرية,Cash On Delivery
2006288123,2026-09-01 02:15:14,Sep 01,raneen,raneen,Cleaning Tools &amp; Supplies,طبق غسيل بلاستيك×سيليكون ريو، قابل للطى، 38 لتر - ابيض كشمير,HO1125130WNK,2.0,299.0,598.0,0.0,598.0,,الأسكندرية,Cash On Delivery
2006288120,2026-09-01 02:14:04,Sep 01,raneen,raneen,Laptop Accessories,شنطة لاب توب وتر بروف بانج، 6 سوستة، 43×30 سم - اسود كحلي,HO1130593BLK,1.0,599.0,599.0,0.0,599.0,,الدقهلية,Cash On Delivery
2006288117,2026-09-01 02:12:21,Sep 01,raneen,raneen,TV Table,ترابيزة تلفزيون خشب شيب بورد، 140×32×45 سم، بأرجل خشب زان، 2 عين، دلفة قلاب - بني ابيض,HO1145433BG1,1.0,1799.0,1799.0,0.0,1799.0,,الأسكندرية,valU
2006288114,2026-09-01 02:12:09,Sep 01,MP,craftfurniture,Desks,مكتب خشبي، 3 درج، 75×50×120سم - ابيض,AADF06WIT-craftfurniture,1.0,3799.0,3799.0,500.0,3299.0,OFF500,الجيزة,Cash On Delivery
2006288105,2026-09-01 02:04:17,Sep 01,MP,lifecare,Drinkware,مج حراري Owala سعة 710مل بتصميم أنيق - زجاجة مياه معزولة تحافظ على درجة الحرارة,RAN-B8FMA9S,1.0,808.0,808.0,40.4,767.6,KCH200,الجيزة,Cash On Delivery
2005876321,2026-09-01 02:01:41,Sep 01,raneen,raneen,Mobile Phones,موبايل سمارت هوت 60 انفنكس، 128 جيجابايت، 6 جيجابايت رام، شبكة الجيل الخامس,EL1141966CAF,1.0,8399.0,8399.0,209.97,8189.03,MOB300,الدقهلية,Cash On Delivery
2006288093,2026-09-01 01:58:00,Sep 01,MP,nextlevel,Fans,مروحة ستاند ميانتا 18 بوصة - معدن أسود - قابلة للميل - SF351138A,RAN-CTA8M2Z,1.0,1899.0,1899.0,0.0,1899.0,,كفر الشيخ,Cash On Delivery
2006288081,2026-09-01 01:50:48,Sep 01,raneen,raneen,Washers &amp; Dryer,غسالة ملابس فول اوتوماتيك فريش ، انفرتر،  7 كيلو  ، BLDS 23158 - اسود,EL1155973BLK,1.0,15499.0,15499.0,0.0,15499.0,,المنوفية,Cash On Delivery
2006288054,2026-09-01 01:42:47,Sep 01,raneen,raneen,Knife &amp; Cutters,سكينة ستانلس ستيل بيدبلاستيك ترامونتينا، 13 سم - رمادي فضي,HO1144577GRY,1.0,100.0,100.0,5.0,95.0,KCH200,القاهرة,Cash On Delivery
2006288054,2026-09-01 01:42:47,Sep 01,raneen,raneen,Cleaning Tools &amp; Supplies,غيار موب مايكروفايبر كلينر، 32×12 سم – رمادي ابيض,HO1136719WNG,1.0,99.0,99.0,4.95,94.05,KCH200,القاهرة,Cash On Delivery
2006288045,2026-09-01 01:40:43,Sep 01,MP,hadymix,Shoe Rack,جزامة خشب شيب بورد، 2 درفة، 30x60x90 سم - بني,Hadymix-11011,2.0,999.0,1998.0,0.0,1998.0,,الجيزة,Cash On Delivery
4000164628,2026-09-01 01:40:34,Sep 01,MP,meskstore,Office Supplies,"Casio FX-991ES Scientific Calculator, Second Edition - Black",RT70266BLK-meskstore,1.0,550.0,550.0,0.0,550.0,,Giza,Credit/Debit Card
2006288039,2026-09-01 01:39:17,Sep 01,MP,fekrahhandmade,Wall Decor,مكرميه ديكور للحائط، قطن، 100x70 سم - اوف وايت,ho00106,1.0,618.0,618.0,0.0,618.0,,الجيزة,Cash On Delivery
2006288033,2026-09-01 01:38:32,Sep 01,MP,mam,Refrigerators &amp; Freezers,ثلاجة نوفروست انفرتر توشيبا، 2 باب، 338 لتر، GR-RT468WE-PMN(37) - فضي,40060247SLV-mam,1.0,21999.0,21999.0,0.0,21999.0,,الساحل الشمالي,Free
2006288033,2026-09-01 01:38:32,Sep 01,MP,elamira,Suction Fan,شفاط حائط فريش، 25 سم، اتجاهين، 500004583 - ابيض,500004583WHT-elamira,1.0,1117.0,1117.0,0.0,1117.0,,الساحل الشمالي,Free
2006288033,2026-09-01 01:38:32,Sep 01,MP,attallah,Fans,مروحة ستاند الشبح فريش، 18 بوصة، 3 سرعات، بريموت كنترول - احمر,EL1049886BLK-attalah,2.0,2190.0,4380.0,0.0,4380.0,,الساحل الشمالي,Free
2006288033,2026-09-01 01:38:32,Sep 01,raneen,raneen,Water Heaters,سخان مياه كهربائي معدني فينوس فريش، 1500 وات، 40 لتر - أبيض,EL1044566WIT,1.0,2899.0,2899.0,0.0,2899.0,,الساحل الشمالي,Free
2006288033,2026-09-01 01:38:32,Sep 01,MP,asmagroup,Washers &amp; Dryer,غسالة بخار بمجفف ال جي، 9 كيلو، F4R5VGG2E - اسود ستيل,460010081BLK,1.0,35499.0,35499.0,0.0,35499.0,,الساحل الشمالي,Free
2006288033,2026-09-01 01:38:32,Sep 01,MP,efreshhaa,Water Dispenser,موزع مياه كيه دبليو دي سي بي قائم بذاته بصنبورين بارد ودافئ من كولدير - رمادي داكن,RAN-UN4NA6G-efreshhaa,1.0,6390.0,6390.0,0.0,6390.0,,الساحل الشمالي,Free
2006288027,2026-09-01 01:37:11,Sep 01,MP,mattger,Kitchen Scale,ميزان مطبخ رقمي، 10 كجم - ابيض,104MAT,1.0,149.49,149.49,7.48,142.01,KCH200,القليوبية,Credit/Debit Card
2006288027,2026-09-01 01:37:11,Sep 01,MP,dukanalaa,Cleaning Tools &amp; Supplies,قفازات غسيل الصحون السيليكون من متجر بحالة - مصنوعة من ألياف البامبو,RAN-X3UY986,1.0,85.0,85.0,4.25,80.75,KCH200,القليوبية,Credit/Debit Card
2006288027,2026-09-01 01:37:11,Sep 01,raneen,raneen,Plastic &amp; Paper Products,طقم قفازات بلاستيك، 100 قطعة - شفاف,HO1078387CLR,1.0,20.0,20.0,1.0,19.0,KCH200,القليوبية,Credit/Debit Card
2006288027,2026-09-01 01:37:11,Sep 01,MP,molanafortraining,Sandwich Waffle Makers,صانع وافل كهربائي صغير يصنع وافل لذيذ في دقائق مع تصميم عملي وسريع، 350 وات، مثالي لتجربة طهي الإفطار والحلويات مع الأطفال في المنزل (قطعة واحدة),RAN-RDQVA85,1.0,489.0,489.0,0.0,489.0,KCH200,القليوبية,Credit/Debit Card
2006288027,2026-09-01 01:37:11,Sep 01,MP,coktailstore,Kitchenware,شاليموه معدني قابل لإعادة الاستخدام للشرب من الفولاذ المقاوم للصدأ، 4 قطع - فضي,CK2-12,1.0,79.0,79.0,3.95,75.05,KCH200,القليوبية,Credit/Debit Card
2006288027,2026-09-01 01:37:11,Sep 01,MP,lazord,Cookware,قلاية جرانيت عميقة بغطاء من الستانلس ستيل من لازورد ، 28 سم - أسود,6224010564077,1.0,689.0,689.0,34.45,654.55,KCH200,القليوبية,Credit/Debit Card
2006288027,2026-09-01 01:37:11,Sep 01,raneen,raneen,Kitchenware,اسباتولا سيليكون الشيف، 28 سم - موف,HO1118714PNK,1.0,42.0,42.0,2.1,39.9,KCH200,القليوبية,Credit/Debit Card
2006288027,2026-09-01 01:37:11,Sep 01,MP,amara,Mixers &amp; Blenders,هاند بلندر ميانتا، 1000 وات، HB11938A - اسود فضي,HB11938A-amara,1.0,1249.0,1249.0,0.0,1249.0,KCH200,القليوبية,Credit/Debit Card
2006288024,2026-09-01 01:36:23,Sep 01,MP,mam,Refrigerators &amp; Freezers,ميني بار ديفروست يونيون اير، 117 لتر، ديجيتال، RS-090BVA-DH - فضي,EL1137158SLV-mam,1.0,7777.0,7777.0,0.0,7777.0,,الأسكندرية,Aman
2006288018,2026-09-01 01:33:59,Sep 01,MP,sonioo,Kitchen Machine &amp; Kneading Machines,محضر طعام كينوود، مالتى برو اكسبرس 1000 وات، FDP65.750WH - ابيض,FDP65.750WH-sonioo,1.0,7199.0,7199.0,0.0,7199.0,,البحيرة,Cash On Delivery
2006288012,2026-09-01 01:30:08,Sep 01,MP,kdmart,Pet Supplies,شامبو بيتس ريبابليك المضاد للقشرة 5 في 1 بنكهة العلكة 500 مل,6224010541375,1.0,200.0,200.0,0.0,200.0,,الجيزة,Cash On Delivery
2006288006,2026-09-01 01:28:09,Sep 01,MP,iplus,Mobile Phones,موبايل سمارت ريدمى نوت 15، شبكة الجيل الرابع ، شريحتين، 128جيجا بايت، 6 جيجا رام - اسود,XIAOMINOTE1561284GBLACK-iplus,1.0,12999.0,12999.0,0.0,12999.0,,المنوفية,Cash On Delivery
2006287994,2026-09-01 01:25:41,Sep 01,MP,craftfurniture,TV Table,ترابيزه تلفزيون وترابيزه وسط ، ام دي اف - بني اسود,tv-set2-cr-2025,1.0,5859.0,5859.0,197.17,5661.83,OFF500,الأقصر,Cash On Delivery
2006287994,2026-09-01 01:25:41,Sep 01,raneen,raneen,Dining Table,ترابيزة سفرة مودرن خشب ام دي اف تايلاندى، ترابيزة مقاس 120×80 سم، بأرتفاع 80 سم، 4 كراسى دوران، تنجيد قطيفة - اسود بني,HO1117050BNB,1.0,8999.0,8999.0,302.83,8696.17,OFF500,الأقصر,Cash On Delivery
2006287991,2026-09-01 01:25:18,Sep 01,MP,alsorgy,Chargers,شاحن حائطى سامسونج، 25 وات، بدون كابل - أسود,EL1110460BLK-alsorgy,1.0,199.0,199.0,0.0,199.0,,Al Daqahliya,Cash On Delivery
2006287985,2026-09-01 01:24:36,Sep 01,MP,dukanalaa,Shaving &amp; Grooming,ماكينة حلاقة 3 في 1 متعددة الوظائف للرجال V-210 وقابلة لإعادة الشحن مع أداة تشذيب شعر الأنف من VGR,RAN-8A2AMYM,1.0,399.0,399.0,0.0,399.0,,المنوفية,Cash On Delivery
2006287982,2026-09-01 01:23:56,Sep 01,MP,lifecare,Activities &amp; Books,مجموعة شطرنج وداما وطاولة الطاولة مغناطيسية 3 في 1 بحجم 13 بوصة من NEARTOP,RAN-29REUD2,1.0,147.0,147.0,0.0,147.0,,القاهرة,Cash On Delivery
2006287976,2026-09-01 01:23:49,Sep 01,MP,elkabeer,Sandwich Waffle Makers,صانع سندويتش سيتى، 750 وات، سطح جرانيت، HMA-1005 - اسود فضى,ElK622703110862,1.0,844.0,844.0,0.0,844.0,,القاهرة,Cash On Delivery
2006287967,2026-09-01 01:23:02,Sep 01,raneen,raneen,Bedding,بطانية قطيفة اصلان، 220×240 سم، 7 كجم - متعدد الالوان,TX1074891BG1,1.0,1929.0,1929.0,96.45,1832.55,TEX200,الغربية,Credit/Debit Card
2006287961,2026-09-01 01:22:10,Sep 01,MP,homeplus,Water Filters Accessories,زجاجة موزع مياه بلاستيكية بسعة 10 لترات مع خرطوم توصيل بطول 5 أمتار - شفافة,bootle2-homeplus,1.0,419.0,419.0,0.0,419.0,,القاهرة,Cash On Delivery
4000164622,2026-09-01 01:21:09,Sep 01,MP,abdelaziz,Shaving &amp; Grooming,VGR V-640 S3 Multi-Purpose Use Shaving Machine For Men - Black,V-640-S3,1.0,4100.0,4100.0,0.0,4100.0,,Cairo,Cash On Delivery
2006287934,2026-09-01 01:16:41,Sep 01,raneen,raneen,Bedding,بطانية قطيفة اصلان، 220×240 سم، 7 كجم - متعدد الالوان,TX1074891BG1,1.0,1929.0,1929.0,0.0,1929.0,,الغربية,Credit/Debit Card
2006287919,2026-09-01 01:13:36,Sep 01,raneen,raneen,Bedding,بطانية قطيفة اصلان، 220×240 سم، 7 كجم - متعدد الالوان,TX1074891BG1,1.0,1929.0,1929.0,96.45,1832.55,TEX200,الغربية,Credit/Debit Card
2006287916,2026-09-01 01:12:45,Sep 01,MP,elitefurniture,Ladders &amp; Clothes Dryer,منشر غسيل معدن سارا - اسود ذهبي 70*70,RAN-QW6VM78,1.0,549.0,549.0,0.0,549.0,,الجيزة,Cash On Delivery
4000164616,2026-09-01 01:11:26,Sep 01,MP,lifecare,Drinkware,Owala 710ml Insulated Glass Water Bottle - Leakproof Lid Pink,RAN-D3FU5D8,1.0,717.0,717.0,0.0,717.0,,القاهرة,Cash On Delivery
4000164616,2026-09-01 01:11:26,Sep 01,MP,lifecare,Drinkware,"Owala 710مل Thermal Mug - Insulated Water Bottle, Leak-Proof Purple Lid",RAN-N9Z6H2X,1.0,759.0,759.0,0.0,759.0,,القاهرة,Cash On Delivery
2006287904,2026-09-01 01:10:22,Sep 01,MP,panstore,Mobile Audio,ONIKUMA X31 سماعة رأس للألعاب سلكية، مع إضاءة RGB، ميكروفون مرن، خاصية إلغاء الضوضاء، لون أسود,RAN-M8UZ3EM,1.0,549.0,549.0,0.0,549.0,,الجيزة,Cash On Delivery
2006287898,2026-09-01 01:08:56,Sep 01,raneen,raneen,Pillows,مخدة سرير فايبر بد اند بد، 180 سم - ابيض,TX1015141WIT,4.0,499.0,1996.0,99.8,1896.2,TEX200,الغربية,Credit/Debit Card
2006287886,2026-09-01 01:06:35,Sep 01,raneen,raneen,Wardrobe,دولاب خشب شيب بورد، 2 دلفة، 5 رفوف، شماعة ملابس، 100×40×200 سم - بيج,HO1135528BG1,3.0,4499.0,13497.0,500.0,12997.0,off500,القاهرة,Cash On Delivery
2006287877,2026-09-01 01:05:38,Sep 01,raneen,raneen,Bike &amp; Scooters,عجلة اطفال راندا، 67×54 سم,TY1059515BL1,1.0,499.0,499.0,49.9,449.1,Toy150,أسيوط,Credit/Debit Card
2006287877,2026-09-01 01:05:38,Sep 01,raneen,raneen,Activities &amp; Books,لعبة شطرنج مغناطيسية بلاستيك×معدن، 2-4 لاعبين - ازرق اسود,TY1139557LBL,1.0,149.0,149.0,14.9,134.1,Toy150,أسيوط,Credit/Debit Card
2006287874,2026-09-01 01:05:11,Sep 01,MP,alsorgy,Mobile Phones,هاتف محمول 106 من نوكيا، بشريحتين اتصال، شبكة الجيل الثاني - اسود,188653-alsorgy,1.0,498.99,498.99,0.0,498.99,,الأسكندرية,Paymob Wallet
2006287862,2026-09-01 01:01:08,Sep 01,raneen,raneen,Bed Sheets,طقم ملاية قماش، 5 قطع، 220×240 سم - متعدد الالوان,TX1048610CF2,4.0,299.0,1196.0,59.8,1136.2,TEX200,الغربية,Credit/Debit Card
2006287856,2026-09-01 00:56:47,Sep 01,raneen,raneen,Cookware,طقم طاجن زجاج حراري تركي بورجام، 5 قطع - شفاف,HO1097904CLR,4.0,599.0,2396.0,119.8,2276.2,KCH200,الغربية,Credit/Debit Card
2006287853,2026-09-01 00:55:57,Sep 01,raneen,raneen,Mobile Phones,موبايل سمارت سامسونج جلاكسى A07، ١٢٨ جيجابايت، ٦ جيجابايت رام، شبكة الجيل الرابع - اسود,EL1137614BLK,1.0,9099.0,9099.0,227.47,8871.53,mob300,الغربية,Paymob Wallet
2006287850,2026-09-01 00:55:32,Sep 01,MP,cornerhouse,Built in,فرن بلت إن غاز بيورتي ، 90 سم ، A9-GGT - اسود فضي,A9-GGT-Cornerhouse,1.0,15700.0,15700.0,0.0,15700.0,,الجيزة,El-Ahly Installments
2006287844,2026-09-01 00:55:11,Sep 01,raneen,raneen,Mattress,مرتبة تطرية فايبر السلطان، 195×120 سم، ارتفاع 8 سم - بيج,TX1070632BGE,2.0,599.0,1198.0,59.9,1138.1,TEX200,الجيزة,Cash On Delivery
2006287844,2026-09-01 00:55:11,Sep 01,raneen,raneen,Mattress,مرتبة تطرية فايبر السلطان، 150×195 سم، ارتفاع 8 سم,TX1070633PPR,1.0,739.0,739.0,36.95,702.05,TEX200,الجيزة,Cash On Delivery
2006287844,2026-09-01 00:55:11,Sep 01,raneen,raneen,Mattress,مرتبة تطرية فايبر السلطان، 195×120 سم، ارتفاع 8 سم,TX1070632PR1,2.0,599.0,1198.0,59.9,1138.1,TEX200,الجيزة,Cash On Delivery
2006287835,2026-09-01 00:54:26,Sep 01,MP,dukanabdelaziz,Suction Fan,شفاط زجاجي فريش، 37 وات، 20 سم، 500004529 - ابيض,MHMP500004529WHT-dukanabdelaziz,1.0,776.0,776.0,0.0,776.0,,القليوبية,Cash On Delivery
2006287832,2026-09-01 00:54:07,Sep 01,raneen,raneen,Televisions,تلفزيون سمارت ال جى، 65 بوصة، UHD، مزود برسيفر داخلى، ماجيك ريموت، 65NU850B6LA - اسود,EL1148629BLK,1.0,25999.0,25999.0,500.0,25499.0,tv500,الجيزة,Cash On Delivery
2006287829,2026-09-01 00:53:51,Sep 01,MP,mas,Garden Swing,مرجيحة فردين ، 210×120×80 سم ، معدن - أسود,5489-20,1.0,7299.0,7299.0,500.0,6799.0,off500,البحر الأحمر,Aman
2006287823,2026-09-01 00:53:34,Sep 01,raneen,raneen,Fans,مروحة بوكس فريش ، 12 بوصة ، 3 سرعات - ابيض,EL1049874GRY,1.0,966.0,966.0,0.0,966.0,,القاهرة,valU
2006287823,2026-09-01 00:53:34,Sep 01,MP,ammerkatosh,Suction Fan,شفاط حائط فريش، 25 سم، اتجاهين، 500004583 - ابيض,500004583WHT-ammerkatosh,1.0,1117.0,1117.0,0.0,1117.0,,القاهرة,valU
2006287817,2026-09-01 00:52:51,Sep 01,MP,elmanzalawy,Fans,مروحة ستاند الشبح فريش، 18 بوصة، 3 سرعات - احمر,EL1049885BLK-conf-elmanzalawy,1.0,1990.0,1990.0,0.0,1990.0,,القليوبية,Cash On Delivery
2006287817,2026-09-01 00:52:51,Sep 01,raneen,raneen,Mixers &amp; Blenders,خلاط كهربائي روتيتو سوناي، 3 في 1، 500 وات، 1.5 لتر، 3 سرعات، MAR-2500 - اسود,EL1112969BLK,1.0,1224.0,1224.0,0.0,1224.0,,القليوبية,Cash On Delivery
2006287814,2026-09-01 00:52:39,Sep 01,raneen,raneen,Mattress,مرتبة سرير سوست متصلة سامبا الدورا، طول 190 سم، ارتفاع 23 سم,TX1155034WI1,1.0,3099.0,3099.0,154.95,2944.05,tex200,الجيزة,Cash On Delivery
2006287799,2026-09-01 00:49:17,Sep 01,MP,attallah,Water Filters,فلتر مياه تانك باور، 7 مراحل RO، مع عبوة شمع 5 قطع - ابيض,TPWF7SRWSC5PWh-attallah,1.0,5190.0,5190.0,0.0,5190.0,,أسيوط,Cash On Delivery
4000164613,2026-09-01 00:49:01,Sep 01,MP,tibatrading,Drinkware,"Owala 710ml Thermal Mug - Insulated Water Bottle, Leak-Proof Lid",RAN-AMJ23EV,1.0,655.0,655.0,32.75,622.25,KCH200,القاهرة,Cash On Delivery
2006287784,2026-09-01 00:41:40,Sep 01,raneen,raneen,Cookware,طاجن زجاج مربع شكل جرانيت بورجام باشابتشى، 1950 مل - ابيض,HO1111383WIT,2.0,569.0,1138.0,27.98,1110.02,kch200,الجيزة,Cash On Delivery
2006287784,2026-09-01 00:41:40,Sep 01,raneen,raneen,Pressure Cooker,حلة ضغط ستانلس ستيل زينوكس، 12 لتر - فضي اسود,HO1090770BLK,1.0,2199.0,2199.0,54.05,2144.95,kch200,الجيزة,Cash On Delivery
2006287784,2026-09-01 00:41:40,Sep 01,raneen,raneen,Cookware,طقم حلل ستانلس ستيل زينوكس سمارت، 10 قطع - فضي,HO1112863SLV,1.0,4799.0,4799.0,117.97,4681.03,kch200,الجيزة,Cash On Delivery
2006287769,2026-09-01 00:40:06,Sep 01,raneen,raneen,Mobile Phones,موبايل سمارت انفينكس هوت 60 برو بلس، شريحتين، شبكة الجيل ارابع، 8+8 جيجا رام، 256 جيجا بايت - اصفر,EL1154556YLW,1.0,11999.0,11999.0,299.97,11699.03,MOB300,دمياط,Paymob Wallet
2006287766,2026-09-01 00:39:34,Sep 01,raneen,raneen,Bedding,بطانية قطيفة اصلان، 220×240 سم، 7 كجم - متعدد الالوان,TX1074891BR1,3.0,1929.0,5787.0,200.0,5587.0,TEX200,الغربية,Credit/Debit Card
2006287766,2026-09-01 00:39:34,Sep 01,raneen,raneen,Cookware,طقم طاجن فخار جليز، 3 قطع - بني,HO1103089BRN,4.0,90.0,360.0,0.0,360.0,TEX200,الغربية,Credit/Debit Card
2006287763,2026-09-01 00:39:11,Sep 01,raneen,raneen,Center Table,ترابيزة وسط خشب ام دي اف العلا جروب، 1 رف، 80×50×44 سم - بني ابيض,HO1107961BNW,1.0,1599.0,1599.0,0.0,1599.0,,القاهرة,Cash On Delivery
2006287760,2026-09-01 00:38:22,Sep 01,MP,whitetechnologyy,Air Conditioner,تكييف سبليت فري اير بلازما، 1.5 حصان، بارد فقط، FRS-12CR – ابيض,FRS-12CR,1.0,16400.0,16400.0,0.0,16400.0,,الدقهلية,Cash On Delivery
2006287757,2026-09-01 00:37:19,Sep 01,MP,elitefurniture,Iron Tables,ترابيزة مكواة بتصميم أنيق وقابلة للطي - حديد - لون أبيض - مقاس 119x33x85 سم,RAN-BCMNB36,1.0,599.0,599.0,0.0,599.0,,القليوبية,Cash On Delivery
2006287757,2026-09-01 00:37:19,Sep 01,raneen,raneen,Center Table,ترابيزة انتريه خشب شيب بورد، 100×50×45 سم,HO1124253BR1,1.0,999.0,999.0,0.0,999.0,,القليوبية,Cash On Delivery
2006287757,2026-09-01 00:37:19,Sep 01,MP,woodrate,Shoe Rack,جزامة خشب، شيب بورد، 60×87×31 سم - بنى,Rate-sh-1,1.0,1099.0,1099.0,0.0,1099.0,,القليوبية,Cash On Delivery
2006287757,2026-09-01 00:37:19,Sep 01,raneen,raneen,TV Table,ترابيزة تلفزيون خشب شيب بورد، 120×30×44 سم، 1 دلفة، 2 رف جانبي - بني بيج,HO1124251BR1,1.0,1599.0,1599.0,0.0,1599.0,,القليوبية,Cash On Delivery
2006287754,2026-09-01 00:35:18,Sep 01,MP,asmagroup,Printers,طابعة لاسلكية سمارت تانك 581 اتش بي، الكل في واحد، 4A8D4A - اسود,4A8D4A-thehomemart,1.0,6099.0,6099.0,150.0,5949.0,PRN150,دمياط,Bank Misr Installments
2006287751,2026-09-01 00:35:08,Sep 01,MP,katoshappliances,Vacuum Cleaners,مكنسة كهربائية هوفر، 2200 وات، فلتر هيبا، TTELA2200PRE - أسود,katoshAppliances-4054,1.0,7771.0,7771.0,0.0,7771.0,,الجيزة,El-Ahly Installments
2006287745,2026-09-01 00:34:17,Sep 01,raneen,raneen,Curtain,ستارة بلكونه قماش دك بحلقات، 260×260 سم، 2650 جرام (قطعة واحدة),TX1102965MA7,1.0,349.0,349.0,0.0,349.0,,الجيزة,Credit/Debit Card
4000164604,2026-09-01 00:31:54,Sep 01,raneen,raneen,Kitchenware,"Group Tiger Silicone Egg Beater, 25 cm - Wooden Rose",HO1138325MC1,1.0,64.0,64.0,3.2,60.8,KCH200,الأسكندرية,Cash On Delivery
4000164604,2026-09-01 00:31:54,Sep 01,raneen,raneen,Kitchenware,"Dunya Plastic Ice Mold with Lid, 22 cm - White Grey",HO1132926GY1,1.0,85.0,85.0,4.25,80.75,KCH200,الأسكندرية,Cash On Delivery
4000164604,2026-09-01 00:31:54,Sep 01,raneen,raneen,Kitchenware,"Acrylic Spice Jar Set, Wood Lid, 8 Pieces, 250 ml, 2 Acrylic Stand, 8 Plastic Spoon Gift - Clear Wooden",HO1125144CLR,1.0,299.0,299.0,14.95,284.05,KCH200,الأسكندرية,Cash On Delivery
2006287733,2026-09-01 00:30:58,Sep 01,MP,faroukstore,Car Speakers,طقم سماعة للسيارة بايونير، 6.5 بوصة، ثلاثي الاتجاهات مع محول، TS-A1678S - اسود,2028108,1.0,3771.0,3771.0,0.0,3771.0,,الجيزة,Cash On Delivery
2006287730,2026-09-01 00:30:50,Sep 01,raneen,raneen,Storage,شانون بلاستيك الوطنية، 5 درج، 109×38×47 سم - بني بيج,HO1126905BNB,1.0,1199.0,1199.0,0.0,1199.0,,القاهرة,Cash On Delivery
2006287730,2026-09-01 00:30:50,Sep 01,raneen,raneen,Fans,مروحة حائط ايه تى ايه، 16 بوصة، 3 سرعات، 5 ريشة، B1605 - ابيض احمر,EL1018812WNR,1.0,669.0,669.0,0.0,669.0,,القاهرة,Cash On Delivery
2006287727,2026-09-01 00:30:49,Sep 01,MP,snooze,Bed Sheets,طقم ملاية سرير مايكروفايبر سنوز، 180×235 سم - أزرق,SNOOZE-6223015815771,1.0,333.0,333.0,0.0,333.0,,القاهرة,Credit/Debit Card
2006287727,2026-09-01 00:30:49,Sep 01,raneen,raneen,Bed Sheets,طقم ملاية سرير، 5 قطع، 220×240 سم - بيج,TX1048610BEG,1.0,299.0,299.0,0.0,299.0,,القاهرة,Credit/Debit Card
4000164601,2026-09-01 00:28:04,Sep 01,raneen,raneen,Shoe Rack,"Chipboard Spanish Wooden Shoe Organizer, 2 Doors, 3 Shelves, 60×30×80 cm - Brown White",HO1141207BNW,1.0,2199.0,2199.0,0.0,2199.0,,الغربية,Cash On Delivery
2006287715,2026-09-01 00:26:06,Sep 01,raneen,raneen,Mobile Phones,موبايل سمارت اوبو، A6، شريحتين اتصال، 128 جيجابايت، 4 جيجابايت رام، شبكة الجيل الرابع - ازرق,EL1151040BLU,1.0,10899.0,10899.0,0.0,10899.0,,أسيوط,Cash On Delivery
2006287712,2026-09-01 00:22:47,Sep 01,raneen,raneen,Televisions,تلفزيون سمارت ال جي، 55 بوصة، LED، 4K UHD، رسيفر داخلي، ريموت ماجيك، 55NU840B6LA - اسود,EL1149711BLK,1.0,21099.0,21099.0,0.0,21099.0,,القاهرة,Cash On Delivery
2006287709,2026-09-01 00:18:29,Sep 01,raneen,raneen,Office Chairs,كرسي مكتب معدن وسط ظهر شبك، هيدروليك، مسند فيبر، 5 عجلات، 50×50×110 سم - اسود,HO1139739BLK,1.0,1399.0,1399.0,0.0,1399.0,,المنوفية,Cash On Delivery
2006287703,2026-09-01 00:18:06,Sep 01,MP,grandmakaa,Shaving &amp; Grooming,ماكينة حلاقة كهربائية احترافية Kemei Km-809A، قابلة للشحن وأداء متميز,RAN-DQY7PHN,1.0,549.0,549.0,0.0,549.0,,المنوفية,Cash On Delivery
2006287700,2026-09-01 00:17:53,Sep 01,MP,attallah,Cookers,بوتوجاز غاز برستيج يونيون جاز، 4 شعلة، 55×55 سم - اسود,capitaltecheg226-attallah,1.0,4499.0,4499.0,0.0,4499.0,,القاهرة,Cash On Delivery
2006287691,2026-09-01 00:16:52,Sep 01,raneen,raneen,Pillows,خدادية بدون تنجيد بد اند بد، 70×50 سم، 800 جرام - ابيض,TX1060783WHT,1.0,175.0,175.0,8.75,166.25,TEX200,الجيزة,Credit/Debit Card
2006287691,2026-09-01 00:16:52,Sep 01,raneen,raneen,Mattress,مرتبة سرير سامبا الدورا، سوست متصلة، 120×195 سم، الارتفاع 23 سم - ابيض رمادي,TX1069836WI2,1.0,3099.0,3099.0,154.95,2944.05,TEX200,الجيزة,Credit/Debit Card
2006287667,2026-09-01 00:08:01,Sep 01,raneen,raneen,Sofa,كنبة سرير سحارة خشب كونتر تنجيد جلد مقلوب الدورا، 215×80×85 سم، 2 كوشن - بيج,HO1140502BGS,1.0,6499.0,6499.0,500.0,5999.0,OFF500,القاهرة,Aman
2006287661,2026-09-01 00:07:15,Sep 01,MP,dukanalaa,Shaving &amp; Grooming,ماكينه حلاقه كيمي ، لازاله شعر الانف والاذن ،Km-6620 - احمر,4-dukanalla-red,1.0,350.0,350.0,0.0,350.0,,الجيزة,Cash On Delivery
2006287658,2026-09-01 00:05:30,Sep 01,MP,homeplus,Water Filters Accessories,زجاجة موزع مياه بلاستيكية بسعة 10 لترات مع خرطوم توصيل بطول 5 أمتار - شفافة,bootle2-homeplus,1.0,419.0,419.0,0.0,419.0,,القاهرة,Cash On Delivery
2006287637,2026-09-01 00:01:08,Sep 01,MP,razgallery,Chairs,بوف خشب زان، تنجيد قطيفة، 40×40×48 سم - اسود,AZ35BLK,2.0,799.0,1598.0,0.0,1598.0,,الجيزة,Aman
2006287634,2026-09-01 00:00:25,Sep 01,MP,radiotalaat,Fans,مروحة حائط فريش، 16 بوصة، بريموت تحكم - متعدد الالوان,153882,1.0,2214.0,2214.0,0.0,2214.0,,الغربية,Credit/Debit Card
