Order #,Purchase Date,Day,Marketplace Seller,Seller_Raw,Attribute Set,Name,SKU,Qty Ordered,Item Price,Row Total,Discount Amount,Value After Discounts,Coupon Code,Customer Region,Payment Method
2006143541,2026-08-01 00:00:55,Aug 01,raneen,raneen,Drinkware,طقم مج زجاج كانديل، 3 قطع، 246 مل - شفاف طقم مج زجاج 3 قطعه سليندر 246 مللى شفاف - شياله,HO1144856CLR,2.0,41.0,82.0,0.0,82.0,,الأسكندرية,Premium Card
2006143541,2026-08-01 00:00:55,Aug 01,raneen,raneen,Kettles,غلاية كهربائية كلاسيك تاتش الزنوكى، 1.7 لتر، 2200 وات - اسود,EL1020613BLK,1.0,574.0,574.0,0.0,574.0,,الأسكندرية,Premium Card
2006143541,2026-08-01 00:00:55,Aug 01,raneen,raneen,Coffee Makers,كنكة قهوة كهربائية بلاستيك سيلكت، 500 مل، 350 وات - بنفسجي,EL1137883PPR,1.0,140.0,140.0,0.0,140.0,,الأسكندرية,Premium Card
2006143541,2026-08-01 00:00:55,Aug 01,raneen,raneen,Electronics Audio,سماعة صب ووفر لا سلكي جاما، 10 وات، 13×16×38 سم، بلوتوث، GT-443 - اسود احمر,EL1145735BK1,1.0,617.0,617.0,0.0,617.0,,الأسكندرية,Premium Card
2006143547,2026-08-01 00:02:10,Aug 01,raneen,raneen,Dinnerware,طقم عشاء اركوبال برادا، 42 قطعة - ابيض,HO1119358WI5,1.0,899.0,899.0,44.95,854.05,KCH200,القاهرة,Premium Card
2006143547,2026-08-01 00:02:10,Aug 01,raneen,raneen,Serveware,طقم شاي وجاتوه بورسلين لوتس، 24 قطعة - بترولي,HO1092489WIT,1.0,2999.0,2999.0,149.95,2849.05,KCH200,القاهرة,Premium Card
2006143556,2026-08-01 00:03:00,Aug 01,MP,unclesamlighting,Home Decor,اناء زرع بلاستيك ، 3 قطع - ابيض اخضر,7-unclesamlighting,1.0,182.0,182.0,0.0,182.0,,الجيزة,Cash On Delivery
2006143556,2026-08-01 00:03:00,Aug 01,raneen,raneen,Table Lighting,اباجورة مكتب بلاستيك، 20 سم - ابيض روز,HO1140477RS1,1.0,125.0,125.0,0.0,125.0,,الجيزة,Cash On Delivery
2006143556,2026-08-01 00:03:00,Aug 01,raneen,raneen,Table Lighting,اباجورة مكتب بلاستيك، 20 سم - ابيض ازرق فاتح,HO1140477LB1,1.0,125.0,125.0,0.0,125.0,,الجيزة,Cash On Delivery
2006143556,2026-08-01 00:03:00,Aug 01,raneen,raneen,Home Decor,طقم فازة ديكور جبس روقان، 3 قطع - ابيض ذهبي,HO1118805WI5,1.0,225.0,225.0,0.0,225.0,,الجيزة,Cash On Delivery
2006143553,2026-08-01 00:03:00,Aug 01,MP,radiotalaat,Kettles,كاتيل كهربائي سوكاني، 2 لتر، 1500 وات، SK-SH-1098 -  شفاف,189034,1.0,1139.0,1139.0,0.0,1139.0,,القاهرة,Cash On Delivery
2006143553,2026-08-01 00:03:00,Aug 01,MP,dukanabdelaziz,Fans,مروحة مكتب فريش سمارت، 16 بوصة، - رمادي,IST50000450513-dukanabdelaziz,1.0,1420.0,1420.0,0.0,1420.0,,القاهرة,Cash On Delivery
2006143553,2026-08-01 00:03:00,Aug 01,MP,attallah,Ladders &amp; Clothes Dryer,منشر غسيل معدني جوهار - احمر اصفر,MZDRYER1RNY-CONF-attallah,1.0,1350.0,1350.0,0.0,1350.0,,القاهرة,Cash On Delivery
2006143559,2026-08-01 00:03:30,Aug 01,raneen,raneen,TV Table,ترابيزة تلفاز خشب شيب بورد بأرجل خشب زان، 120×32×48 سم، 2 عين - بني فاتح,HO1125808BEG,1.0,1199.0,1199.0,0.0,1199.0,,القاهرة,Cash On Delivery
2006143565,2026-08-01 00:05:23,Aug 01,raneen,raneen,Shoe Rack,جزامة خشب أم دي اف اسباني، 100×110×30 سم، 3 ادراج قلاب - بني بيج,HO1099514BNB,1.0,4999.0,4999.0,500.0,4499.0,OFF500,القاهرة,Cash On Delivery
2006143574,2026-08-01 00:06:58,Aug 01,raneen,raneen,Cleaning Tools &amp; Supplies,جردل مسح 2 عين بالغطاء بلاستيك سمارت حجازي بلاست، مزود بماسحة باركية، 2 غيار، 22×19×37 سم - بيج رمادي,HO1114685BG1,3.0,200.0,600.0,0.0,600.0,,القاهرة,Cash On Delivery
2006143577,2026-08-01 00:08:30,Aug 01,raneen,raneen,Storage,استاند منزلي بلاستيك العالمية، 5 دور، 4 عجلة، 120×45×18 سم - رمادي فاتح,HO1135616LGY,1.0,200.0,200.0,10.0,190.0,KCH200,القاهرة,Cash On Delivery
2006143595,2026-08-01 00:10:40,Aug 01,MP,penguin,Bean Bags,بين باج جلد بينجوين، 109×60 سم - رمادي,6223006301139GRY,2.0,2115.0,4230.0,500.0,3730.0,Off500,القاهرة,Cash On Delivery
2006143598,2026-08-01 00:10:42,Aug 01,raneen,raneen,Cookware,طقم حلل ستانلس ستيل زينوكس، 10 قطع، برايم - فضي,HO1148105SLV,1.0,5999.0,5999.0,200.0,5799.0,kch200,الشرقية,Credit/Debit Card
2006143607,2026-08-01 00:12:59,Aug 01,MP,attallah,Refrigerators &amp; Freezers,ديب فريزر أفقى فريش ، ديفروست ، 403 لتر ، FDF - 480 - ابيض,FDF - 480-attallah,1.0,17789.0,17789.0,0.0,17789.0,,القاهرة,Cash On Delivery
2006143613,2026-08-01 00:14:11,Aug 01,MP,starcoac,Water Heaters,سخان غاز ميديا شاشة عرض، 6 لتر، 6DHSL - ابيض,B0CCVZY8ZB,1.0,4400.0,4400.0,0.0,4400.0,,الأسكندرية,Cash On Delivery
2006143619,2026-08-01 00:14:29,Aug 01,raneen,raneen,Dinnerware,طقم عشاء بلاستيك الوطنية، 47 قطعة - روز,HO1145044RS1,1.0,1199.0,1199.0,0.0,1199.0,,الشرقية,valU
2006143628,2026-08-01 00:15:07,Aug 01,raneen,raneen,Air Conditioner,تكييف سبليت هامر فريش ، ديجيتال ، 3 حصان ، بارد ، HFW24C/IW-AGHFW24C/O-X4 - ابيض,EL1133149WIT,1.0,38499.0,38499.0,0.0,38499.0,,دمياط,valU
2006143649,2026-08-01 00:19:09,Aug 01,raneen,raneen,Fans,ATA مروحة ستاند، 18 بوصة، 3 سرعات، 3 ريشة، S1801 - اسود,EL1018813BLK,1.0,849.0,849.0,0.0,849.0,,الجيزة,Cash On Delivery
2006143655,2026-08-01 00:19:53,Aug 01,raneen,raneen,Storage,تربو مطبخ معدن مستدير مصر الكبري، 5 دور، 75×28 سم - اسود,HO1113182BLK,1.0,799.0,799.0,39.95,759.05,KCH200,القاهرة,Cash On Delivery
2006143655,2026-08-01 00:19:53,Aug 01,MP,alahramappliances,Cookers,بوتاجاز الاهرام، سطح ستانلس ستيل، 4 شعلة، 50×50 سم - فضى اسود,alahram-steel-50x50,1.0,3599.0,3599.0,0.0,3599.0,KCH200,القاهرة,Cash On Delivery
2006143664,2026-08-01 00:20:14,Aug 01,raneen,raneen,Storage,تروللي بلاستيك مستطيل الهدى، 5 دور، 105×44×30 سم - اسود رمادي,HO1141592BK1,1.0,225.0,225.0,11.25,213.75,KCH200,القاهرة,Cash On Delivery
2006143682,2026-08-01 00:23:05,Aug 01,raneen,raneen,Storage,استاند منزلي بلاستيك العالمية، 5 دور، 4 عجلة، 120×45×18 سم - رمادي فاتح,HO1135616LGY,1.0,200.0,200.0,0.0,200.0,,دمياط,Cash On Delivery
2006143682,2026-08-01 00:23:05,Aug 01,raneen,raneen,Storage,تروللي بلاستيك مستطيل الهدى، 5 دور، 105×44×30 سم - اسود رمادي,HO1141592BK1,2.0,225.0,450.0,0.0,450.0,,دمياط,Cash On Delivery
4000158619,2026-08-01 00:25:20,Aug 01,MP,alrhma,Personal Care,"Portable Fascial Gun Massager And Massager, Rechargeable, 5 Levels, KH-740 - Black",B09FJ1NHH6ALRAlrhma,1.0,515.0,515.0,0.0,515.0,,الجيزة,Cash On Delivery
2006143703,2026-08-01 00:27:47,Aug 01,raneen,raneen,Bike &amp; Scooters,عجلة أطفال معدن، مقاس 20 ، كرسي خلفي مبطن و سلة أمامية - احمر,TY1122293RD1,1.0,2999.0,2999.0,150.0,2849.0,TOY150,القاهرة,Cash On Delivery
2006143709,2026-08-01 00:28:19,Aug 01,raneen,raneen,Mixers &amp; Blenders,هاند بلندر ميانتا، 450 وات 500 مل، HB111138B - اسود,EL1098323BLK,1.0,1000.0,1000.0,0.0,1000.0,,أسيوط,Cash On Delivery
2006143712,2026-08-01 00:28:43,Aug 01,MP,thewonders,Sandwich Waffle Makers,ماكينة صنع الوافل سوكاني، 750 وات، SK-08074- اسود,SK-08074-thewonders,1.0,900.0,900.0,0.0,900.0,,الجيزة,Cash On Delivery
2006143715,2026-08-01 00:28:45,Aug 01,MP,rofaeeltrade,Cleaning Tools &amp; Supplies,باسكت قمامة بلاستيك روفانيو، 60 لتر - اسود اخضر فاتح,60G-Rovanio,1.0,489.0,489.0,24.45,464.55,KCH200,القاهرة,Cash On Delivery
2006143715,2026-08-01 00:28:45,Aug 01,raneen,raneen,Cleaning Tools &amp; Supplies,باسكت قمامه بلاستيك مربع بالغطاء سفير، 2 عجله، 90 لتر - اسود,HO1131000BLK,1.0,399.0,399.0,19.95,379.05,KCH200,القاهرة,Cash On Delivery
2006143715,2026-08-01 00:28:45,Aug 01,raneen,raneen,Televisions,تلفزيون سمارت هايسينس، 55 بوصة، 4K، UHD، 55A6N - اسود,EL1142678BLK,1.0,15999.0,15999.0,0.0,15999.0,KCH200,القاهرة,Cash On Delivery
2006143718,2026-08-01 00:28:51,Aug 01,MP,nshopping,Fryers,قلاية هوائية براون - ٨ لتر بشاشة ديجيتال تاتش و ٨ أنظمة تشغيل - ٢٦٠٠ وات,RAN-YEPQ2VD-nshopping,1.0,1625.0,1625.0,0.0,1625.0,,القاهرة,Cash On Delivery
2006143727,2026-08-01 00:32:56,Aug 01,raneen,raneen,Kitchenware,طقم توابل اكريلك بغطاء بلاستيك، 20 قطعة، بالأضافة الى استاند، يد ستانلس ستيل 36×28×12 سم - شفاف اسود,HO1127049BNG,1.0,399.0,399.0,0.0,399.0,,الدقهلية,Cash On Delivery
2006143730,2026-08-01 00:33:01,Aug 01,MP,ocean,Drinkware,زجاجة ماء من الفولاذ المقاوم للصدأ 600 مل - حافظة على درجة الحرارة الباردة والساخنة,RAN-M5UNKFU,1.0,1370.0,1370.0,0.0,1370.0,,القاهرة,Cash On Delivery
2006143733,2026-08-01 00:33:40,Aug 01,MP,elandalos,Air Conditioner,تكييف سبلت هاير، سمارت ايكو انفرتر، 1.5 حصان، بارد فقط، HSU-12KCRIC - ابيض,HSU-12KCSID-magicair-elandalos,1.0,20981.0,20981.0,0.0,20981.0,,الجيزة,Credit/Debit Card
2006143736,2026-08-01 00:33:52,Aug 01,raneen,raneen,Sofa,كنبة سرير بدون يد خشب موسكي زان، 3 مقاعد، 180×110×55 سم، 2 خدادية ,HO1093569BRN,1.0,5299.0,5299.0,0.0,5299.0,,القاهرة,Cash On Delivery
2006143736,2026-08-01 00:33:52,Aug 01,raneen,raneen,Chairs,كرسي ليزى بوى، قماش جلد مقلوب، خشب كونتر، شازلونج هزاز دوران 360 درجة، 92 ×90×97 سم - رمادي,HO1141159GRY,1.0,9999.0,9999.0,0.0,9999.0,,القاهرة,Cash On Delivery
2006143736,2026-08-01 00:33:52,Aug 01,raneen,raneen,Center Table,ترابيزة وسط مودرن خشب شيب بورد، رف سفلي، 80×50×42 سم,HO1119888BR1,1.0,799.0,799.0,0.0,799.0,,القاهرة,Cash On Delivery
2006143739,2026-08-01 00:34:28,Aug 01,raneen,raneen,Dinnerware,طقم عشاء اركوبال جراند، 24 قطعة - ابيض ازرق,HO1140980MC2,1.0,499.0,499.0,0.0,499.0,,القاهرة,Cash On Delivery
2006143739,2026-08-01 00:34:28,Aug 01,MP,goldena,Mixers &amp; Blenders,خلاط كهربائي شيف فريش، 360 وات، 1.5 لتر، 2 مطحنة - اسود,500014316-goldena,1.0,1156.0,1156.0,0.0,1156.0,,القاهرة,Cash On Delivery
2006143748,2026-08-01 00:35:47,Aug 01,MP,ammerkatosh,Fans,مروحة ستاند الشبح فريش، 18 بوصة، 3 سرعات، بريموت كنترول - احمر,500004558-ammerkatosh,1.0,2229.0,2229.0,0.0,2229.0,,الأسماعيلية,Bank Misr Installments
4000158622,2026-08-01 00:36:03,Aug 01,MP,lightcart,Kitchen Accessories,Updated Pants Hanger S Shape Non Slip 5 Layers Wardrobe Hanger for Tie Scarf Jeans Saree (White) (36 * 38cm),RAN-RRCRV2Y,2.0,129.0,258.0,12.9,245.1,KCH200,Cairo,Cash On Delivery
4000158622,2026-08-01 00:36:03,Aug 01,MP,grandmakaa,Kitchen Accessories,"Stainless steel clothes hanger set, 10 pieces - silver",RAN-X23GZ8M,2.0,199.0,398.0,19.9,378.1,KCH200,Cairo,Cash On Delivery
4000158622,2026-08-01 00:36:03,Aug 01,MP,tibatrading,Clothes Hangers,"Double Rod Clothing Rack, Black, Metal, with Bottom Shelf, Freestanding Garment Organiser, Double-Rail Garment Rack - Multifunctional Bedroom Clothes Rack,",RAN-343HVVB,1.0,569.0,569.0,0.0,569.0,KCH200,Cairo,Cash On Delivery
2006143757,2026-08-01 00:37:24,Aug 01,MP,mobileplus,Mobile Phones,موبايل اوبو رينو 15 برو ثنائي الشريحة ، 12 جيجا رام ، 512 جيجا بايت ، شبكة الجيل الخامس - بني,EL1143272BRN-mobileplus,1.0,45000.0,45000.0,0.0,45000.0,,القليوبية,Cash On Delivery
2006143766,2026-08-01 00:38:24,Aug 01,MP,attallah,Ladders &amp; Clothes Dryer,منشر غسيل جامبو معدني جوهار - احمر اصفر,B0B6SR3LMZYRD,1.0,1450.0,1450.0,72.5,1377.5,KCH200,الجيزة,Cash On Delivery
2006143766,2026-08-01 00:38:24,Aug 01,MP,ocean,Ladders &amp; Clothes Dryer,سلم معدني قابل للطي هيل ميتال، 6 درجات، 173×113×173 سم - ابيض اسود,RAN-M3NFFYR,1.0,1400.0,1400.0,70.0,1330.0,KCH200,الجيزة,Cash On Delivery
2006143772,2026-08-01 00:40:28,Aug 01,raneen,raneen,Mobile Phones,موبايل سمارت ريدمي، A7، شريحتين اتصال، 64 جيجابايت، 3 جيجابايت رام، شبكة الجيل الرابع - بنفسجي,EL1152370PPR,1.0,5999.0,5999.0,0.0,5999.0,,الجيزة,valU
2006143784,2026-08-01 00:45:09,Aug 01,MP,fabricdesign,Curtain,ستارة قطيفة تركى، قطعتين، 240×140 سم - بيج,YMFD526BEG,2.0,888.0,1776.0,0.0,1776.0,,الأسكندرية,Cash On Delivery
2006143799,2026-08-01 00:48:05,Aug 01,raneen,raneen,Drinkware,مج بورسلين جروب تايجر، 450 مل - ابيض اسود,HO1146294WI4,1.0,73.0,73.0,3.65,69.35,KCH200,الجيزة,Cash On Delivery
2006143799,2026-08-01 00:48:05,Aug 01,raneen,raneen,Drinkware,طقم اكوب زجاج باشابتشي، 3 قطع، 500 مل - شفاف,HO1115810CLR,1.0,100.0,100.0,5.0,95.0,KCH200,الجيزة,Cash On Delivery
2006143811,2026-08-01 00:49:03,Aug 01,MP,faroukstore,Car Care,مفتاح عجلة مقابس متعددة للسيارات من الصلبة بالسيلفر - بندقية الربط - الفاروق-جروب,RAN-83ZYDUH,1.0,252.0,252.0,0.0,252.0,,القاهرة,Cash On Delivery
2006143817,2026-08-01 00:49:32,Aug 01,MP,naitghwooging,Center Table,ترابيزة وسط خشب أم دي اف اسبانى، 100X50X40 سم - بيج خشبى,naitghwooging-O315,1.0,1839.0,1839.0,0.0,1839.0,,الجيزة,Cash On Delivery
2006143820,2026-08-01 00:49:33,Aug 01,MP,kayanfurniture,Shoe Rack,جزامة خشب ام دي اف، 4 رفوف، 105x100x35 سم - ابيض بيج,SHMP10510035WNB,1.0,6839.0,6839.0,0.0,6839.0,,البحيرة,Credit/Debit Card
2006143826,2026-08-01 00:50:08,Aug 01,MP,tibatrading,Baby Gears,شنطة حفاضات متعددة الوظائف 3 في 1 مع مسند لتغيير الحفاضات ظهر للحفاضات سرير اطفال للسفر أحمر من دوتش ون,RAN-SNG47SF,1.0,649.0,649.0,0.0,649.0,,القاهرة,Cash On Delivery
2006143838,2026-08-01 00:52:05,Aug 01,raneen,raneen,Bed Sheets,طقم ملاية سرير لازورد، 3 قطع، 170×240 سم - تركواز ابيض,TX1015868ME6,1.0,149.0,149.0,0.0,149.0,,الدقهلية,Cash On Delivery
2006143838,2026-08-01 00:52:05,Aug 01,raneen,raneen,Home Decor,بنبونيره زجاج بالقاعدة سيتي جلاس، 800 مللي - شفاف,HO1094655CLR,1.0,100.0,100.0,0.0,100.0,,الدقهلية,Cash On Delivery
4000158625,2026-08-01 00:52:32,Aug 01,raneen,raneen,Shoe Rack,"Chipboard Shoe Rack, 3 Shelves, 2 Doors, 29×60×86 cm",HO1119887BNB,1.0,1199.0,1199.0,0.0,1199.0,,القاهرة,Cash On Delivery
2006143847,2026-08-01 00:52:41,Aug 01,raneen,raneen,Water Dispenser,مبرد مياه بثلاجة جاك، بارد و ساخن، 2 حنفية، NGWD-2225R - اسود,EL1119825BLK,1.0,4829.0,4829.0,0.0,4829.0,,Giza,Cash On Delivery
2006143847,2026-08-01 00:52:41,Aug 01,MP,qualitytrading,Refrigerators &amp; Freezers,ثلاجة مينى بار ديفروست سيلتال، 4.5 قدم، 1 باب، FB15 - فضى,QTFB15SLV,1.0,7550.0,7550.0,0.0,7550.0,,Giza,Cash On Delivery
2006143847,2026-08-01 00:52:41,Aug 01,raneen,raneen,Fans,مروحة ستاند جلاكسى فريش، 16 بوصة، 3 ريشة، 3 سرعات - ازرق,EL1059662BLU,5.0,1460.0,7300.0,0.0,7300.0,,Giza,Cash On Delivery
4000158628,2026-08-01 00:52:46,Aug 01,raneen,raneen,Shoe Rack,"Chipboard Shoe Rack, 3 Shelves, 2 Doors, 29×60×86 cm",HO1119887BNB,1.0,1199.0,1199.0,0.0,1199.0,,القاهرة,Cash On Delivery
4000158628,2026-08-01 00:52:46,Aug 01,raneen,raneen,Center Table,"Chipboard Wood Living Room Table, 80×45×45 cm - Beige Brown",HO1124252BG1,1.0,799.0,799.0,0.0,799.0,,القاهرة,Cash On Delivery
4000158628,2026-08-01 00:52:46,Aug 01,MP,craftfurniture,TV Table,"Wooden MDF TV Table,120×40×30 cm - Brown",1111-craftfurniture,1.0,1669.0,1669.0,0.0,1669.0,,القاهرة,Cash On Delivery
4000158628,2026-08-01 00:52:46,Aug 01,raneen,raneen,Water Dispenser,"ATA Water Dispenser, 3 Taps, Hot &amp; Cold - White",EL1116791WI1,1.0,4580.0,4580.0,0.0,4580.0,,القاهرة,Cash On Delivery
2006143850,2026-08-01 00:53:01,Aug 01,raneen,raneen,Air Coolers,مبرد هواء جاك، 250 وات، 90 لتر، NGAC290L - اسود,EL1099905BLK,2.0,4149.0,8298.0,0.0,8298.0,,الجيزة,valU
2006143853,2026-08-01 00:53:21,Aug 01,raneen,raneen,Insect Killer,صاعق ناموس كهربائي ستاتيك، 2200 وات، 60 سم، 2 لمبه، شبكة، IK662023 - اسود,EL1116749BLK,1.0,714.0,714.0,0.0,714.0,,الدقهلية,Credit/Debit Card
2006143859,2026-08-01 00:53:58,Aug 01,MP,attallah,Built in,شفاط بلت ان فريش، 90 سم، 2 موتور، Classic 90-ST - فضي,ROFA500015907ATT,1.0,5498.0,5498.0,0.0,5498.0,,Giza,Cash On Delivery
2005887940,2026-08-01 00:54:40,Aug 01,MP,rofaeeltrade,Mixers &amp; Blenders,خلاط كهربائى زادا، 1800 وات، مع مطحنة 600 مللي، دورق 2 لتر، ZFM-180 - متعدد الالوان,ZFM-180,1.0,3510.0,3510.0,0.0,3510.0,,Alexandria,Free
2006143865,2026-08-01 00:55:26,Aug 01,raneen,raneen,Cookware,حلة زجاج حراري بالغطاء، 1.8 لتر - شفاف,HO1146475CLR,1.0,139.0,139.0,0.0,139.0,,القاهرة,Cash On Delivery
2006143865,2026-08-01 00:55:26,Aug 01,raneen,raneen,Dinnerware,طقم اطباق زجاج، 6 قطع، 15 سم - شفاف,HO1145984CL1,1.0,95.0,95.0,0.0,95.0,,القاهرة,Cash On Delivery
2006143868,2026-08-01 00:55:27,Aug 01,raneen,raneen,Pillows,خدادية فايبر طبية المأمون، 50×70 سم - ابيض,TX1082074WIT,2.0,319.0,638.0,0.0,638.0,,Giza,Cash On Delivery
2006143868,2026-08-01 00:55:27,Aug 01,raneen,raneen,Pillows,مخدة سوفتي المأمون، 49×160 سم - ابيض,TX1082072WIT,1.0,729.0,729.0,0.0,729.0,,Giza,Cash On Delivery
2006143871,2026-08-01 00:57:00,Aug 01,raneen,raneen,Storage,طقم علب ثلاجة بلاستيك الوطنية، 3 قطع - كحلي,HO1145064GY1,1.0,198.0,198.0,9.9,188.1,kCH200,القاهرة,Cash On Delivery
2006143871,2026-08-01 00:57:00,Aug 01,MP,ikea,Serveware,صينية تقديم ايكيا، بلاستيك، 29x37 سم - رمادي,ZFZFDBNR5PQ6,1.0,180.0,180.0,9.0,171.0,kCH200,القاهرة,Cash On Delivery
2006143871,2026-08-01 00:57:00,Aug 01,raneen,raneen,Serveware,طقم صواني تقديم خشب مستطيلة السعودي، قطعتين، قاعده زجاج، بالاضافه اللي كوستر,HO1108717BC0,1.0,399.0,399.0,19.95,379.05,kCH200,القاهرة,Cash On Delivery
2006143871,2026-08-01 00:57:00,Aug 01,raneen,raneen,Serveware,طقم صينية تقديم بلاستيك مستطيل الهدي، 3 قطع,HO1132539MO8,1.0,115.0,115.0,5.75,109.25,kCH200,القاهرة,Cash On Delivery
2006143871,2026-08-01 00:57:00,Aug 01,raneen,raneen,Drinkware,كوب بلاستيك بريما، 350 مل - شفاف,HO1124259CLR,2.0,10.0,20.0,1.0,19.0,kCH200,القاهرة,Cash On Delivery
2006143871,2026-08-01 00:57:00,Aug 01,raneen,raneen,Dinnerware,طقم عشاء أركوبال أماراتى لومينارك، 24 قطعة - ابيض,HO1088626WIT,1.0,1049.0,1049.0,52.45,996.55,kCH200,القاهرة,Cash On Delivery
2006143892,2026-08-01 00:58:05,Aug 01,raneen,raneen,Kids Bags,شنطة ظهر وتر برووف كيشوا، 2 سوسته، 40×23 سم - كحلي,HO1137337NV1,1.0,349.0,349.0,0.0,349.0,,الجيزة,Cash On Delivery
2006143895,2026-08-01 00:58:15,Aug 01,MP,egyptlaptop,Printers,طابعة لاسلكية سمارت تانك 581 اتش بي، الكل في واحد، 4A8D4A - اسود,4A8D4A,1.0,6149.0,6149.0,0.0,6149.0,,الغربية,Cash On Delivery
2006143898,2026-08-01 00:58:38,Aug 01,MP,tibatrading,Cleaning Tools &amp; Supplies,مساحة 2 في 1 ذاتية العصر للتنظيف الرطب والجاف قابلة للدوران بزاوية 360 درجة لتنظيف أرضيات المنزل والحمام والمكتب والأماكن الخارجية من دي دي ان ار (لون أخضر),RAN-3SYCQH4,1.0,139.0,139.0,0.0,139.0,F10,القليوبية,Cash On Delivery
2006143898,2026-08-01 00:58:38,Aug 01,MP,dukanalaa,Beauty &amp; Body Care,إزالة الشعر بالشمع 3 في 1 - جهاز عناية شخصية - 250 غرام,RAN-NRQSDZE,1.0,285.0,285.0,0.0,285.0,F10,القليوبية,Cash On Delivery
2006143898,2026-08-01 00:58:38,Aug 01,MP,asouaaq,Hair Care,فرشاة ومجفف شعر كهربائي 3 في 1 بقوة 1200 واط - تجفيف، تسويق، وتصفيف الشعر!,RAN-DUQJ4B5,1.0,450.0,450.0,0.0,450.0,F10,القليوبية,Cash On Delivery
2006143898,2026-08-01 00:58:38,Aug 01,raneen,raneen,Shoes,شبشب سلايد جلد للرجال كارلوس,SH1132022B41,1.0,109.0,109.0,5.45,103.55,F10,القليوبية,Cash On Delivery
2006143898,2026-08-01 00:58:38,Aug 01,MP,alaasasmarketplace,Shoes,شبشب فرو للنساء - احمر,furered38-37,1.0,123.84,123.84,6.19,117.65,F10,القليوبية,Cash On Delivery
2006143898,2026-08-01 00:58:38,Aug 01,MP,asouaaq,Beauty &amp; Body Care,اداة ازالة الرؤوس السوداء والبثور من 5 قطع، ابر ازالة حب الشباب مصنوعة من الصلب عالي الجودة,RAN-KWSARS3,1.0,75.0,75.0,0.0,75.0,F10,القليوبية,Cash On Delivery
2006143898,2026-08-01 00:58:38,Aug 01,raneen,raneen,Shoes,شبشب فليب فلوب جلد للرجال اس واي ار,SH1073321N41,1.0,225.0,225.0,11.25,213.75,F10,القليوبية,Cash On Delivery
2006143919,2026-08-01 01:03:21,Aug 01,raneen,raneen,Dinnerware,طقم عشاء بلاستيك الوطنية، 47 قطعة - رمادي,HO1145044GY1,1.0,1199.0,1199.0,59.95,1139.05,KCH200,الجيزة,Credit/Debit Card
2006143931,2026-08-01 01:05:26,Aug 01,MP,tibatrading,Drinkware,طقم شاي زجاجي مع براد شاي و4 أكواب، أواني زجاجية مقاومة للحرارة، شفاف,RAN-Z5MUUDE,1.0,169.0,169.0,0.0,169.0,,القاهرة,Cash On Delivery
2006143931,2026-08-01 01:05:26,Aug 01,raneen,raneen,Cleaning Tools &amp; Supplies,باسكت قمامة بلاستيك بغطاء متحرك الهدى، 20 لتر - رمادي اسود,HO1145752OL1,1.0,100.0,100.0,0.0,100.0,,القاهرة,Cash On Delivery
2006143931,2026-08-01 01:05:26,Aug 01,raneen,raneen,Fans,مروحة ستاند جاك، 18 بوصة، 3 ريش، 3 سرعات، NGSF18EG2 - ابيض اخضر,EL1059945WNG,1.0,1029.0,1029.0,0.0,1029.0,,القاهرة,Cash On Delivery
2006143934,2026-08-01 01:05:55,Aug 01,MP,attallah,Fans,مروحة ستاند تيفال، 16 بوصة، ريموت كنترول، VG4130EE - اسود,EL1092209BLK-attallah,1.0,2862.0,2862.0,0.0,2862.0,,الجيزة,Cash On Delivery
2006143955,2026-08-01 01:07:28,Aug 01,raneen,raneen,Cookware,قلايه ستانلس ستيل عبود، 18 سم - فضي,HO1069286SLV,2.0,750.0,1500.0,75.0,1425.0,kch200,الأقصر,Cash On Delivery
2006143964,2026-08-01 01:08:18,Aug 01,MP,goldena,Air Coolers,مبرد هواء فريش بوينج، 80 لتر، 3 سرعات، Fa-M80 - أبيض أسود,500017446,1.0,5498.0,5498.0,0.0,5498.0,,القليوبية,Cash On Delivery
2006143967,2026-08-01 01:08:23,Aug 01,raneen,raneen,Fans,مروحة حائط شبح فريش، 18 بوصة، 3 سرعات - متعدد الالوان,EL1049881BLK,1.0,1729.0,1729.0,0.0,1729.0,,الجيزة,Cash On Delivery
2006143970,2026-08-01 01:09:06,Aug 01,MP,ocean,Water Dispenser,مبرد مياه كولدير، بارد دافئ، تحميل علوي، 3.2 لتر، 69 وات، KWD CB - رمادي,1871-ocean,1.0,6400.0,6400.0,0.0,6400.0,,القليوبية,El-Ahly Installments
2006143970,2026-08-01 01:09:06,Aug 01,raneen,raneen,Washers &amp; Dryer,غسالة أوتوماتيك بيرلاماكس زانوسي، 8 كجم، تحميل امامى، 1200 لفة، ZWF8240BS5 - اسود,EL1134558BLK,1.0,17999.0,17999.0,0.0,17999.0,,القليوبية,El-Ahly Installments
2006143979,2026-08-01 01:12:46,Aug 01,MP,abdelaziz,Hair Care,مكواه فرد الشعر و اللحية في جي ار ، 180 درجة مئوية ، V-585 - اسود,abdelaziz-V-585,1.0,825.0,825.0,0.0,825.0,,الجيزة,Cash On Delivery
2006143988,2026-08-01 01:14:14,Aug 01,raneen,raneen,Cookware,طقم حلل ستانلس ستيل سمارت زينوكس، 10 قطع - فضي,HO1148366SLV,1.0,2999.0,2999.0,149.95,2849.05,kch200,الأسكندرية,Cash On Delivery
2006143994,2026-08-01 01:14:34,Aug 01,MP,attallah,Built in,شفاط بلت ان فريش، 90 سم، 2 موتور، Classic 90-ST - فضي,ROFA500015907ATT,1.0,5498.0,5498.0,0.0,5498.0,,الجيزة,Cash On Delivery
2006143997,2026-08-01 01:15:16,Aug 01,MP,tibatrading,Storage &amp; Organization,أكياس تخزين الملابس محكمة الإغلاق ومتينة للغاية، مناسبة لتخزين ملايات السرير والألحفة والملابس، يمكن تفريغها من الهواء، المقاس: 80 سم × 1.1 م,RAN-7RVPQ52,1.0,349.0,349.0,0.0,349.0,,القاهرة,Cash On Delivery
2006144006,2026-08-01 01:16:39,Aug 01,raneen,raneen,Home &amp; Balcony Essentials,ترابيزة بلاستيك مستطيله قابله للطى سفير، 80×70×54 سم - بني,HO1131014BRN,1.0,399.0,399.0,0.0,399.0,,القاهرة,Cash On Delivery
2006144006,2026-08-01 01:16:39,Aug 01,raneen,raneen,Home &amp; Balcony Essentials,كرسى بلاستيك قابل للطى سفير، 34×40×87 سم - بني,HO1131016BRN,2.0,249.0,498.0,0.0,498.0,,القاهرة,Cash On Delivery
2006144018,2026-08-01 01:19:06,Aug 01,raneen,raneen,Water Dispenser,مبرد مياه بثلاجة جاك، بارد و ساخن، 2 حنفية، NGWD-2225R - اسود,EL1119825BLK,1.0,4829.0,4829.0,0.0,4829.0,,الجيزة,valU
2006144024,2026-08-01 01:19:22,Aug 01,raneen,raneen,Cookware,طقم حلل جرانيت كازان، 9 قطع - اسود,HO1111413BLK,1.0,5499.0,5499.0,200.0,5299.0,kch200,قنا,Cash On Delivery
2006144021,2026-08-01 01:19:23,Aug 01,raneen,raneen,Mattress,مرتبة سرير سوست متصلة سامبا الدورا، طول 195 سم، ارتفاع 23 سم,TX1069836WI2,1.0,3225.0,3225.0,161.25,3063.75,TeX200,القاهرة,Credit/Debit Card
4000158634,2026-08-01 01:19:28,Aug 01,MP,attallah,Air Coolers,"Fresh Turbo Air Cooler, 40 Liter - Black",AICO40LBNG-attallah,1.0,4066.0,4066.0,0.0,4066.0,,Cairo,Credit/Debit Card
2006144027,2026-08-01 01:19:30,Aug 01,MP,whitetechnologyy,Air Conditioner,تكييف سبليت فريش ، 1.5 حصان، بارد فقط، ايليت انفرتر، EIFW12C/IW-R32 - ابيض,EL1151045WIT-Whitetecnology,1.0,21499.0,21499.0,0.0,21499.0,,Cairo,Cash On Delivery
4000158637,2026-08-01 01:21:30,Aug 01,MP,mobileplus,Mobile Phones,"Samsung Galaxy A05S Smart Mobile, Dual Sim, 128 Gb, 4 Gb Ram, 4G LTE - Black",a05s4128black,1.0,8900.0,8900.0,0.0,8900.0,,Giza,Credit/Debit Card
2006144039,2026-08-01 01:22:35,Aug 01,raneen,raneen,Mobile Phones,موبايل سامسونج جلاكسى A16، شبكة الجيل الرابع، 128 جيجا بايت، 4 جيجا بايت رام - اسود,EL1122777BLK,1.0,7699.0,7699.0,0.0,7699.0,,الجيزة,Cash On Delivery
2006144042,2026-08-01 01:22:45,Aug 01,raneen,raneen,Washers &amp; Dryer,غسالة ملابس انفرتر توشيبا، تحميل علوي، 13 كيلو، AW-DUK1300KUPEG - فضي داكن,EL1126740DSL,1.0,17099.0,17099.0,0.0,17099.0,,الأسكندرية,Cash On Delivery
2006144048,2026-08-01 01:23:55,Aug 01,raneen,raneen,Keyboard &amp; Mouse,ماوس لاسلكي اتش بي، W10 - اسود,EL1127659BLK,1.0,129.0,129.0,0.0,129.0,,الجيزة,Cash On Delivery
2006144066,2026-08-01 01:27:16,Aug 01,raneen,raneen,Refrigerators &amp; Freezers,ديب فريزر افقي فريش، 165 لتر، اكسترا ديفروست، FDF220 - فضي,EL1116303SLV,1.0,9999.0,9999.0,0.0,9999.0,,القليوبية,valU
2006144066,2026-08-01 01:27:16,Aug 01,raneen,raneen,Air Conditioner,تكييف سبليت شارب، 1.5 حصان، بارد فقط، AH-A12ZSE - ابيض,ELKiT1730WIT,1.0,23999.0,23999.0,0.0,23999.0,,القليوبية,valU
2006144078,2026-08-01 01:28:53,Aug 01,raneen,raneen,Fans,مروحة سقف ايه تى ايه، 56 بوصة، 5 سرعات، 3 ريش، DS56-6-2L - ابيض,EL1018826WIT,1.0,1029.0,1029.0,0.0,1029.0,,القليوبية,Cash On Delivery
2006144081,2026-08-01 01:28:57,Aug 01,MP,ammerkatosh,Air Conditioner,تكييف محمول فريش، 2200 وات، بارد فقط، فلتر للاتربة، PAC9K-PbWB - أبيض,EL1131059WIT-ammerkatosh,1.0,12698.0,12698.0,0.0,12698.0,,القاهرة,Bank Misr Installments
2006144087,2026-08-01 01:29:25,Aug 01,MP,jokylights,Lighting Hanging,نجفة كريستال ستانلس ستيل جوكى، 25 سم - ذهبي,joky388-A,3.0,1239.0,3717.0,0.0,3717.0,,القاهرة,valU
2006144093,2026-08-01 01:29:51,Aug 01,MP,attallah,Fans,مروحة ستاند اي هوم، 18 بوصة، 5 ريش، KI-2000b - اسود,KI-2000b-attallah,1.0,875.0,875.0,0.0,875.0,,القاهرة,Cash On Delivery
2006144099,2026-08-01 01:31:39,Aug 01,MP,linesleep,Mats,سجادة مطبخ قماش دوتس لاين سليب، 100x200 سم - متعدد الالوان,LineSleep-6223006394496-mc,1.0,650.0,650.0,32.5,617.5,TEX200,الجيزة,Credit/Debit Card
2006144102,2026-08-01 01:32:05,Aug 01,raneen,raneen,Pajamas &amp; Sleepwear,بيجامة ليكرا للسيدات، مقاس موحد، قطعتين,FS1130712WI1,1.0,155.0,155.0,0.0,155.0,,Cairo,Cash On Delivery
2006144102,2026-08-01 01:32:05,Aug 01,raneen,raneen,Pajamas &amp; Sleepwear,بيجامة ليكرا للسيدات سيزر، قطعتين، مقاس 3XL,FS1145106LB1,1.0,129.0,129.0,0.0,129.0,,Cairo,Cash On Delivery
2006144102,2026-08-01 01:32:05,Aug 01,raneen,raneen,Pajamas &amp; Sleepwear,طقم بيجامة ليكرا للسيدات سيزر، قطعتين، مقاس XL - ابيض احمر,FS1145096WI1,1.0,129.0,129.0,0.0,129.0,,Cairo,Cash On Delivery
2006144102,2026-08-01 01:32:05,Aug 01,MP,carina,Pajamas &amp; Sleepwear,توب بيجامة بتصميم قميص بنقشة ذاتية,55756-41-4XL,1.0,675.0,675.0,0.0,675.0,,Cairo,Cash On Delivery
2006144102,2026-08-01 01:32:05,Aug 01,MP,caesar,Pajamas &amp; Sleepwear,بيجاما نسائية قطعتين مع ياقة وأربطة على الأمام بألوان متعددة,23732-multiclouur-3XL,2.0,297.0,594.0,0.0,594.0,,Cairo,Cash On Delivery
2006144102,2026-08-01 01:32:05,Aug 01,MP,caesar,Pajamas &amp; Sleepwear,مجموعة بيجاما نسائية قطعتين ناعمة مع أربطة فيونكة - بنفسجي,23801-Purple-3xL,1.0,288.0,288.0,0.0,288.0,,Cairo,Cash On Delivery
2006144108,2026-08-01 01:32:20,Aug 01,raneen,raneen,Drinkware,طقم اكواب عصير زجاج، 6 قطع، 260 مل - شفاف,HO1084283CLR,1.0,60.0,60.0,3.0,57.0,KCH200,القاهرة,valU
2006144108,2026-08-01 01:32:20,Aug 01,raneen,raneen,Serveware,صينية تقديم استانلس مستديرة عبده ستيل، 50 سم - فضي,HO1102024SL1,1.0,100.0,100.0,5.0,95.0,KCH200,القاهرة,valU
2006144108,2026-08-01 01:32:20,Aug 01,raneen,raneen,Cookware,طقم طاجن فخار، 6 قطع - بني,HO1109701BRN,1.0,100.0,100.0,5.0,95.0,KCH200,القاهرة,valU
2006144108,2026-08-01 01:32:20,Aug 01,raneen,raneen,Cleaning Tools &amp; Supplies,ملح غسالات الاطباق فينيكس، 1300 جرام - ابيض,HO1116221WIT,1.0,75.0,75.0,3.75,71.25,KCH200,القاهرة,valU
2006144108,2026-08-01 01:32:20,Aug 01,raneen,raneen,Drinkware,طقم عصير زجاج، 7 قطع - شفاف,HO1118240CL1,1.0,100.0,100.0,5.0,95.0,KCH200,القاهرة,valU
2006144108,2026-08-01 01:32:20,Aug 01,raneen,raneen,Cookware,قلاية صاج شكل جرانيت فالمر، يد بكاليت، 18 سم - اسود خشبي,HO1111990BK1,1.0,169.0,169.0,8.45,160.55,KCH200,القاهرة,valU
2006144108,2026-08-01 01:32:20,Aug 01,raneen,raneen,Cookware,صينية بسكويت الومنيوم مستطيلة ماجيك، 30 سم - فضي,HO1115370SLV,2.0,100.0,200.0,10.0,190.0,KCH200,القاهرة,valU
2006144108,2026-08-01 01:32:20,Aug 01,raneen,raneen,Cookware,صينية بسكويت الومنيوم مستطيلة ماجيك، 40 سم - فضي,HO1129643SLV,2.0,200.0,400.0,20.0,380.0,KCH200,القاهرة,valU
2006144108,2026-08-01 01:32:20,Aug 01,raneen,raneen,Drinkware,طقم كاسات عصير زجاج، 6 قطع، 350 مل - شفاف,HO1076520CLR,1.0,109.0,109.0,5.45,103.55,KCH200,القاهرة,valU
2006144108,2026-08-01 01:32:20,Aug 01,raneen,raneen,Drinkware,طقم كاسات عصير كايرو جلاسس، 6 قطع، 17 سم - شفاف,HO1095857CLR,3.0,60.0,180.0,9.0,171.0,KCH200,القاهرة,valU
2006144129,2026-08-01 01:36:37,Aug 01,raneen,raneen,Shoe Rack,جزامة خشب شيبورد، 60×89×32 سم، 3 ارفف، 2 دلفة,HO1117857BG1,1.0,1199.0,1199.0,0.0,1199.0,,Cairo,Cash On Delivery
2005857397,2026-08-01 01:37:06,Aug 01,raneen,raneen,TV Stand &amp; Accessories,سلك دش جوست سوبر، 50 متر، 4 كيه الترا اتش دي، (MODEL:50) - اسود,EL1127837BLK,1.0,199.0,199.0,0.0,199.0,,الأسكندرية,Free
2006144132,2026-08-01 01:37:23,Aug 01,MP,dukanalaa,Electronics Audio,راديو اف ام جولون، RX-607AC - اسود,EL1090316BLK-CONF-dukanalaa,1.0,310.0,310.0,0.0,310.0,,Qalyubia,Cash On Delivery
2006144156,2026-08-01 01:43:06,Aug 01,MP,wonderair,Air Conditioner,تكييف سبليت ديجيتال بلازما فري اير، 1.5 حصان، بارد فقط، FR-12CR - ابيض,MGFreeAir1WIT1-CONF-wonderair,1.0,17130.0,17130.0,0.0,17130.0,,البحيرة,Cash On Delivery
2006144159,2026-08-01 01:43:28,Aug 01,raneen,raneen,Dinnerware,طقم عشاء أركوبال اماراتي لومينارك، 26 قطعة - ابيض,HO1124768WI1,1.0,1249.0,1249.0,62.45,1186.55,KCH200,القاهرة,Cash On Delivery
2006144159,2026-08-01 01:43:28,Aug 01,raneen,raneen,Drinkware,طقم مج شاي زجاج، 6 قطع، 280 مل - شفاف,HO1127069CLR,1.0,100.0,100.0,5.0,95.0,KCH200,القاهرة,Cash On Delivery
2006144159,2026-08-01 01:43:28,Aug 01,raneen,raneen,Cutlery &amp; Flatware Set,طقم شوك طعام ستانلس ستيل توب وان، 6 قطع، 19 سم - فضي,HO1100564SLV,1.0,110.0,110.0,5.5,104.5,KCH200,القاهرة,Cash On Delivery
2006144159,2026-08-01 01:43:28,Aug 01,raneen,raneen,Drinkware,طقم اكواب اكواتك، 18 قطعة - شفاف,HO1093911CLR,1.0,200.0,200.0,10.0,190.0,KCH200,القاهرة,Cash On Delivery
2006144159,2026-08-01 01:43:28,Aug 01,raneen,raneen,Cutlery &amp; Flatware Set,طقم معلقة للطعام اليكس ميتال، 6 قطع - فضي,HO1024180SLV,1.0,116.0,116.0,5.8,110.2,KCH200,القاهرة,Cash On Delivery
2006144159,2026-08-01 01:43:28,Aug 01,raneen,raneen,Irons,مكواة بخار كينوود، 2000 وات، 250 مللي، STP46.000WP- بنفسجي,EL1120419PPR,1.0,1130.0,1130.0,0.0,1130.0,KCH200,القاهرة,Cash On Delivery
2006144162,2026-08-01 01:44:07,Aug 01,MP,abdelaziz,Shaving &amp; Grooming,ماكينه حلاقه فى جى ار متعددة الاستخدام للرجال، 600 مللي أمبير/ساعة، V-108 - أزرق أسود,V-108,1.0,749.0,749.0,0.0,749.0,,القليوبية,El-Ahly Installments
2006144165,2026-08-01 01:44:11,Aug 01,raneen,raneen,Women Bags,شنطة ظهر قماش مدرسية للبنات ستار، 4 سوستة، 18 بوصة، بالاضافة الي مقلمة - متعدد الالوان,HO1150337MC2,2.0,249.0,498.0,0.0,498.0,,قنا,Cash On Delivery
2006144171,2026-08-01 01:45:49,Aug 01,MP,magicair,Air Conditioner,تكييف سبليت ال جي، هيرو، 1.5 حصان، بارد فقط، انفرتر بلازما، تبريد سريع بتقنية العاكس، S4-NQ12RZACA - ابيض,S4-Q12RZACA,1.0,24169.0,24169.0,0.0,24169.0,,الغربية,El-Ahly Installments
2006144174,2026-08-01 01:46:13,Aug 01,raneen,raneen,Storage,تربو مطبخ معدن مستدير مصر الكبري، 5 دور، 75×28 سم - اسود,HO1113182BLK,1.0,799.0,799.0,39.95,759.05,KCH200,الفيوم,Paymob Wallet
2006144177,2026-08-01 01:46:46,Aug 01,MP,elasraia,Side Table,ترابيزة جانبية مستطيلة، 60×35×45 سم - ذهبي,AMSt3GLD,1.0,1295.0,1295.0,0.0,1295.0,,القاهرة,Cash On Delivery
2006144192,2026-08-01 01:49:40,Aug 01,raneen,raneen,Air Conditioner,تكييف ارتيفاي يونيون اير، 1.5 حصان، بارد فقط، إنفرتر، بلازما، INV-ARTI012CY50XFR-SG-SER - ابيض,ELKIT1895WIT,1.0,18999.0,18999.0,0.0,18999.0,,المنيا,Cash On Delivery
2006144201,2026-08-01 01:50:23,Aug 01,MP,elitefurniture,Office Chairs,كرسي مكتب ثابت معدن، 80×53×38 سم - اسود,elitefurniture-13,1.0,589.0,589.0,0.0,589.0,,Giza,Cash On Delivery
2006144210,2026-08-01 01:51:35,Aug 01,MP,globalelectronic,Cookers,بوتاجاز جلوبال الكترونكس، 4 شعلة، 55×55 سم، سطح ستانلس، اشعال ذاتى، شوايه - اسود ذهبي,GLO55-08,1.0,4525.0,4525.0,0.0,4525.0,,القاهرة,Aman
2006144222,2026-08-01 01:53:11,Aug 01,raneen,raneen,Mobile Phones,موبايل سامسونج جلاكسى A16، شبكة الجيل الرابع، 128 جيجا بايت، 4 جيجا بايت رام - اسود,EL1122777BLK,1.0,7699.0,7699.0,0.0,7699.0,,الجيزة,Cash On Delivery
2006144225,2026-08-01 01:54:40,Aug 01,raneen,raneen,Bed Sheets,طقم ملاية لازورد، 4 قطع، 215×235 سم - متعدد الالوان,TX1022398MT6,1.0,199.0,199.0,9.95,189.05,TEX200,القاهرة,Cash On Delivery
2006144225,2026-08-01 01:54:40,Aug 01,raneen,raneen,Bed Sheets,طقم ملاية سرير المروة، 4 قطع، 215×235 سم، 750 جرام - متعدد الالوان,TX1142743MO9,1.0,199.0,199.0,9.95,189.05,TEX200,القاهرة,Cash On Delivery
2006144225,2026-08-01 01:54:40,Aug 01,raneen,raneen,Bed Sheets,طقم ملاية لازورد، 4 قطع، 215×235 سم - متعدد الالوان,TX1022398MT4,1.0,199.0,199.0,9.95,189.05,TEX200,القاهرة,Cash On Delivery
2006144228,2026-08-01 01:56:05,Aug 01,MP,lightcart,Kitchenware,مجموعة برطمانات توابل زجاجية بغطاء من الخيزران - عبوات مربعة محكمة الإغلاق سعة 200 مل,RAN-R3S8P57,1.0,129.0,129.0,0.0,129.0,,الأسكندرية,Cash On Delivery
2006144243,2026-08-01 02:00:49,Aug 01,MP,talhastore,Luggage,شنطة دافل رياضية مقاومة للماء هوبيفا - أحمر,B0C68T4V4D,1.0,420.0,420.0,0.0,420.0,,القاهرة,Cash On Delivery
2006144246,2026-08-01 02:01:41,Aug 01,MP,tibatrading,Clothes Hangers,رف ملابس معدني متعدد الأغراض شديد التحمل مع رفين سفليين لتعليق المعطف والجاكيت والأحذية من لوكزر (لون أبيض/مقاس 1.48 م× 1.10 م× 33 سم، مزدوج),RAN-WBFSD6V,1.0,549.0,549.0,45.39,503.61,OFF500,القاهرة,Cash On Delivery
2006144246,2026-08-01 02:01:41,Aug 01,MP,woodenfurniture,TV Table,مجموعه ترابيزات غرفه معيشه مع جزامه ، ام دي اف ، متعدد الالوان,41635-41635,1.0,5499.0,5499.0,454.61,5044.39,OFF500,القاهرة,Cash On Delivery
2006144270,2026-08-01 02:05:21,Aug 01,raneen,raneen,Towels,بشكير بحر قطن مطبوع، 90×170 سم، 800 جرام تقريبا - متعدد الالوان,TX1084710MQ2,1.0,299.0,299.0,0.0,299.0,,القاهرة,Cash On Delivery
2006144270,2026-08-01 02:05:21,Aug 01,raneen,raneen,Towels,بشكير بحر قطن مطبوع، 90×170 سم، 800 جرام تقريبا - ازرق اصفر,TX1084710MP0,1.0,299.0,299.0,0.0,299.0,,القاهرة,Cash On Delivery
2006144285,2026-08-01 02:10:10,Aug 01,MP,attallah,Iron Tables,ترابيزة مكواة بورد معدن جوهار - رمادي,MZITABLE3DGY-CONF-attallah,1.0,1780.0,1780.0,89.0,1691.0,KCH200,القاهرة,Aman
2006144288,2026-08-01 02:10:14,Aug 01,MP,katoshappliances,Cookers,بوتوجاز غاز تكنوفاير، 4 شعلة، 55×55 سم، TF-70 CG - اسود فضي,2159,1.0,4399.0,4399.0,0.0,4399.0,,الجيزة,Cash On Delivery
2006144300,2026-08-01 02:13:29,Aug 01,raneen,raneen,Fans,مروحة حائط ايه تى ايه، 16 بوصة، 3 سرعات، 5 ريشة، B1605 - ابيض احمر,EL1018812WNR,1.0,669.0,669.0,0.0,669.0,,القليوبية,Cash On Delivery
2006144306,2026-08-01 02:15:02,Aug 01,MP,moblianamodel,Beds,سرير كينج خشب موسكى قماش كتان كويا، 120×160×200 سم - رمادي,MOBMAD4,1.0,4499.0,4499.0,0.0,4499.0,,الجيزة,Cash On Delivery
2006144312,2026-08-01 02:15:35,Aug 01,raneen,raneen,Air Conditioner,تكييف هواء متنقل فريش، 1.25 حصان، بارد فقط، 1050 وات، ريموت كنترول، 500021743 - ابيض,EL1148555WIT,1.0,12999.0,12999.0,0.0,12999.0,,الجيزة,Premium Card
2006144324,2026-08-01 02:19:44,Aug 01,raneen,raneen,Air Conditioner,تكييف ارتيفاي يونيون اير، 1.5 حصان، بارد فقط، إنفرتر، بلازما، INV-ARTI012CY50XFR-SG-SER - ابيض,ELKIT1895WIT,1.0,18999.0,18999.0,0.0,18999.0,,الغربية,Cash On Delivery
4000158640,2026-08-01 02:20:00,Aug 01,raneen,raneen,AirPods,"Itel T31 Tws Airpods, Noise Canceling, Type-C Port - White",EL1118748WIT,1.0,699.0,699.0,0.0,699.0,,القليوبية,Cash On Delivery
2006144339,2026-08-01 02:23:40,Aug 01,MP,lazord,Cookware,طقم أواني طهي لازورد ، 7 قطع ، تيفال - احمرداكن,16533,1.0,995.0,995.0,0.0,995.0,,سوهاج,Cash On Delivery
4000158643,2026-08-01 02:23:41,Aug 01,MP,walidcosmetics,Makeup,Essence Pretty in Nude Eyeshadow Palette - Long-Lasting Wear,RAN-D38H4P7,1.0,351.0,351.0,0.0,351.0,,Giza,Cash On Delivery
2006144357,2026-08-01 02:27:59,Aug 01,raneen,raneen,Pajamas &amp; Sleepwear,طقم بيجامة ليكرا للسيدات سيزر، قطعتين، مقاس XL - ابيض احمر,FS1145096WI1,1.0,129.0,129.0,6.45,122.55,F10,القاهرة,Cash On Delivery
2006144357,2026-08-01 02:27:59,Aug 01,raneen,raneen,Pajamas &amp; Sleepwear,بيجامة ليكرا للسيدات، مقاس موحد، قطعتين,FS1130712WI3,1.0,155.0,155.0,7.75,147.25,F10,القاهرة,Cash On Delivery
2006144357,2026-08-01 02:27:59,Aug 01,MP,carina,Pajamas &amp; Sleepwear,توب بيجامة بتصميم قميص بنقشة ذاتية,55756-41-4XL,1.0,675.0,675.0,33.75,641.25,F10,القاهرة,Cash On Delivery
2006144357,2026-08-01 02:27:59,Aug 01,MP,caesar,Pajamas &amp; Sleepwear,بيجاما نسائية قطعتين مع ياقة وأربطة على الأمام بألوان متعددة,23732-multiclouur-3XL,2.0,297.0,594.0,29.7,564.3,F10,القاهرة,Cash On Delivery
2006144357,2026-08-01 02:27:59,Aug 01,MP,caesar,Pajamas &amp; Sleepwear,مجموعة بيجاما نسائية قطعتين ناعمة مع أربطة فيونكة - بنفسجي,23801-Purple-3xL,1.0,288.0,288.0,14.4,273.6,F10,القاهرة,Cash On Delivery
2006144357,2026-08-01 02:27:59,Aug 01,raneen,raneen,Pajamas &amp; Sleepwear,بيجامة ليكرا للسيدات سيزر، قطعتين، مقاس 3XL,FS1145106LB1,1.0,129.0,129.0,6.45,122.55,F10,القاهرة,Cash On Delivery
2006144363,2026-08-01 02:28:26,Aug 01,raneen,raneen,Fans,مروحة سقف ايه تى ايه، 56 بوصة، 5 سرعات، 3 ريش، DS56-6-2L - ابيض,EL1018826WIT,1.0,1029.0,1029.0,0.0,1029.0,,السويس,Cash On Delivery
2006144372,2026-08-01 02:30:48,Aug 01,raneen,raneen,Washers &amp; Dryer,غسالة ملابس تحميل علوى ماجيك اوتو، 4 كجم، SW-4000، ابيض تركواز,EL1062885WI1,1.0,1929.0,1929.0,0.0,1929.0,,الجيزة,Cash On Delivery
2006144384,2026-08-01 02:34:00,Aug 01,raneen,raneen,Fans,مروحة اير ماكس تاتش الزنوكى، 18 بوصه، 3×1، ريموت كنترول، 40456w - ابيض,EL1147812WIT,2.0,1839.0,3678.0,0.0,3678.0,,الأسكندرية,valU
2006144390,2026-08-01 02:35:42,Aug 01,raneen,raneen,Cookers,بوتاجاز كول ماكس زانوسي ، 4 شعلة، 60×60 سم ، ZCG64396XB - فضى,EL1130616SLV,1.0,12599.0,12599.0,0.0,12599.0,,القليوبية,Aman
2006144393,2026-08-01 02:35:47,Aug 01,raneen,raneen,Mobile Phones,موبايل سامسونج جالاكسى A16، جيجا بايت 128، 4  جيجا رام- رمادي,EL1122778GRY,1.0,7699.0,7699.0,0.0,7699.0,,القاهرة,Cash On Delivery
2006144411,2026-08-01 02:38:43,Aug 01,raneen,raneen,Fans,مروحة حائط شبح فريش، 18 بوصة، 3 سرعات - متعدد الالوان,EL1049881BLK,2.0,1729.0,3458.0,0.0,3458.0,,الأسماعيلية,valU
2006144417,2026-08-01 02:42:01,Aug 01,MP,woodrate,Shoe Rack,جزامة خشبية ام دي اف، 90x120x35 سم - بني ابيض,MP1011,1.0,2799.0,2799.0,0.0,2799.0,,الأسكندرية,Premium Card
2006144420,2026-08-01 02:42:05,Aug 01,MP,tevasosa,Irons,مكواة بخار تورنيدو، 2200 وات، قاعدة سيراميك ، TST-2200 - ازرق,TEVB09231RS5X,1.0,1825.0,1825.0,0.0,1825.0,,القاهرة,Aman
2006144420,2026-08-01 02:42:05,Aug 01,MP,katoshappliances,Irons,مكواة بخار تورنيدو ، 2400 وات ، قاعدة سيراميك ، سعة 300 مل، TST-2400NC - بنفسجى اسود,5215,1.0,1874.0,1874.0,0.0,1874.0,,القاهرة,Aman
2006144426,2026-08-01 02:45:12,Aug 01,raneen,raneen,Drinkware,طقم كاسات زجاج كلوديا، 18 قطعة - شفاف,HO1067470CLR,1.0,200.0,200.0,10.0,190.0,KCH200,الأسكندرية,Cash On Delivery
2006144426,2026-08-01 02:45:12,Aug 01,raneen,raneen,Cookware,طقم طاجن زجاج حراري تركي بورجام، 5 قطع - شفاف,HO1097904CLR,1.0,599.0,599.0,29.95,569.05,KCH200,الأسكندرية,Cash On Delivery
2006144426,2026-08-01 02:45:12,Aug 01,raneen,raneen,Cutlery &amp; Flatware Set,طقم ادوات مائده ستانلس ستيل ارشيا، 87 قطعه - فضي,HO1118791ST1,1.0,999.0,999.0,49.95,949.05,KCH200,الأسكندرية,Cash On Delivery
2006144429,2026-08-01 02:45:27,Aug 01,MP,blackmirror,Men&#039;s Accessories,حافظة بطاقات ائتمان جلدية فاتفا، 18 بطاقة - أسود,PL-T4DE-8XMP,2.0,200.0,400.0,0.0,400.0,,القاهرة,Cash On Delivery
2006144441,2026-08-01 02:47:38,Aug 01,raneen,raneen,Washers &amp; Dryer,غسالة ملابس انفرتر توشيبا، تحميل علوي، 13 كيلو، AW-DUK1300KUPEG - فضي داكن,EL1126740DSL,1.0,17099.0,17099.0,0.0,17099.0,,الأسكندرية,Cash On Delivery
2006144444,2026-08-01 02:48:15,Aug 01,raneen,raneen,Mattress,مرتبة روك بوكيت الدورا، سوست منفصلة، 120×195 سم، بارتفاع 26 سم - ابيض,TX1110559WI1,1.0,4549.0,4549.0,0.0,4549.0,,الجيزة,El-Ahly Installments
2006144450,2026-08-01 02:48:28,Aug 01,raneen,raneen,Air Conditioner,تكييف هواء متنقل فريش، 1.25 حصان، بارد فقط، 1050 وات، ريموت كنترول، 500021743 - ابيض,EL1148555WIT,1.0,12999.0,12999.0,0.0,12999.0,,الغربية,Credit/Debit Card
2006144456,2026-08-01 02:51:52,Aug 01,raneen,raneen,Dinnerware,طبق الومنيوم مستدير شيف كوك، 20 سم - فضي,HO1145762SLV,5.0,85.0,425.0,0.0,425.0,,الجيزة,Cash On Delivery
2006144462,2026-08-01 02:53:14,Aug 01,raneen,raneen,Kitchenware,طقم توزيع سيليكون، 11 قطعة، يد خشب، 30 سم، 600 جرام تقريبا، بالاضافة الي ستاند - بينك خشبي,HO1138214PK1,1.0,299.0,299.0,0.0,299.0,,القاهرة,Cash On Delivery
2006144462,2026-08-01 02:53:14,Aug 01,MP,molanafortraining,Kitchenware,طقم برطمان بورسلين 3 قطع بحامل خشب بومبيه 500 ملل - لون أبيض,RAN-JCDRTCE,1.0,699.0,699.0,0.0,699.0,,القاهرة,Cash On Delivery
2006144468,2026-08-01 02:56:51,Aug 01,MP,moblianamodel,Sofa,كنبة مودرن خشب زان، بوف، قماش قطيفه، 3 مقاعد، 4 خدادية، 240x80x85 سم - بيج,MOBMA301,1.0,11999.0,11999.0,352.95,11646.05,OFF500,الشرقية,Cash On Delivery
2006144468,2026-08-01 02:56:51,Aug 01,MP,inhomestore,TV Table,طقم ترابيزة تلفزيون مع ترابيزة وسط، خشب ام دي اف - بني ابيض,MHMPat16ih,1.0,4999.0,4999.0,147.05,4851.95,OFF500,الشرقية,Cash On Delivery
2006144474,2026-08-01 02:57:52,Aug 01,raneen,raneen,Sofa,كنبة سرير سحارة خشب كونتر تنجيد قطيفة الدورا، 215×80×85 سم، 2 كوشن - كافيه,HO1140502CAF,1.0,6299.0,6299.0,500.0,5799.0,OFF500,الأسكندرية,Cash On Delivery
2006144480,2026-08-01 02:58:57,Aug 01,raneen,raneen,Fans,مروحة حائط رومانتيك فريش، 18 بوصة، 3 سرعات، 70 وات، WGR-18 - ابيض اسود,EL1049879BNW,1.0,2024.0,2024.0,0.0,2024.0,,الأسكندرية,Aman
2006144486,2026-08-01 02:59:47,Aug 01,raneen,raneen,Cutlery &amp; Flatware Set,طقم ادوات مائده ستانلس ستيل ارشا، 87 قطعه - فضي,HO1118788SV0,1.0,999.0,999.0,49.95,949.05,kch200,المنيا,Cash On Delivery
2006144486,2026-08-01 02:59:47,Aug 01,raneen,raneen,Dinnerware,طقم عشاء زجاج ريو جلاس، 18 قطعة - شفاف,HO1072659CL2,2.0,200.0,400.0,20.0,380.0,kch200,المنيا,Cash On Delivery
2006144486,2026-08-01 02:59:47,Aug 01,raneen,raneen,Drinkware,طقم عصير زجاج، 7 قطع - شفاف,HO1118240CL1,2.0,100.0,200.0,10.0,190.0,kch200,المنيا,Cash On Delivery
2006144486,2026-08-01 02:59:47,Aug 01,raneen,raneen,Drinkware,طقم اكواب اكواتك، 18 قطعة - شفاف,HO1093911CLR,2.0,200.0,400.0,20.0,380.0,kch200,المنيا,Cash On Delivery
2006144486,2026-08-01 02:59:47,Aug 01,raneen,raneen,Drinkware,مج بخلاط بيركس بيمو كوك، غطاء خشبي، 400 مل، USB - شفاف خشبي,HO1147720CL1,2.0,100.0,200.0,10.0,190.0,kch200,المنيا,Cash On Delivery
2006144486,2026-08-01 02:59:47,Aug 01,raneen,raneen,Mobile Phones,موبايل سامسونج جالاكسى A16، جيجا بايت 128، 4  جيجا رام- رمادي,EL1122778GRY,1.0,7699.0,7699.0,0.0,7699.0,kch200,المنيا,Cash On Delivery
2006144489,2026-08-01 02:59:55,Aug 01,raneen,raneen,Fans,مروحة ستاند جاك، 30 بوصة 3 ريشة، NGSF-012 - اسود,EL1103267BLK,1.0,3899.0,3899.0,0.0,3899.0,,القاهرة,valU
2006144495,2026-08-01 03:00:44,Aug 01,raneen,raneen,Cookware,طقم حلل ستانلس ستيل سمارت زينوكس، 10 قطع - فضي,HO1148366SLV,1.0,2999.0,2999.0,149.95,2849.05,KCH200,القاهرة,Cash On Delivery
2006144501,2026-08-01 03:01:40,Aug 01,MP,alrhma,Beauty &amp; Body Care,ماكينة إزالة شعر الوجه للنساء، 2 في 1، قابلة لإعادة الشحن - متعدد الألوان,B0BTX3LMBT,1.0,175.0,175.0,0.0,175.0,,القاهرة,Cash On Delivery
2006144513,2026-08-01 03:12:08,Aug 01,raneen,raneen,Mattress,مرتبه قماش سلفر هابيتات، سوست متصله، 120×195 سم، بارتفاع 20 سم - ابيض بيج,TX1147120WIT,1.0,3599.0,3599.0,179.95,3419.05,TEX200,الجيزة,Credit/Debit Card
2006144519,2026-08-01 03:16:44,Aug 01,raneen,raneen,Drinkware,طقم اكواب بلاستيك الصفوة، 3 قطع، 300 مل - ابيض,HO1148731WIT,1.0,85.0,85.0,0.0,85.0,,البحر الأحمر,Cash On Delivery
2006144519,2026-08-01 03:16:44,Aug 01,raneen,raneen,Ladders &amp; Clothes Dryer,منشر غسيل بلاستيك الوطنية، 107×173×54 سم - رمادي,HO1094224GRY,1.0,899.0,899.0,0.0,899.0,,البحر الأحمر,Cash On Delivery
2006144519,2026-08-01 03:16:44,Aug 01,raneen,raneen,Cleaning Tools &amp; Supplies,سبت غسيل الهلال والنجمة، 34×42 سم - بيج,HO1072544BEG,1.0,221.0,221.0,0.0,221.0,,البحر الأحمر,Cash On Delivery
2006144519,2026-08-01 03:16:44,Aug 01,raneen,raneen,Dinnerware,طقم اطباق اركوبال داني هوم، 24 قطعة - ابيض,HO1145712WIT,1.0,999.0,999.0,0.0,999.0,,البحر الأحمر,Cash On Delivery
2006144519,2026-08-01 03:16:44,Aug 01,raneen,raneen,Drinkware,طقم اكواب زجاج باشابتشى، 6 قطع، 500 سى سى - شفاف,HO1033392CLR,1.0,239.0,239.0,0.0,239.0,,البحر الأحمر,Cash On Delivery
2006144519,2026-08-01 03:16:44,Aug 01,raneen,raneen,Storage,طقم علب ثلاجة بلاستيك الهدي، 6 قطع - متعدد الالوان,HO1111809TR1,1.0,87.0,87.0,0.0,87.0,,البحر الأحمر,Cash On Delivery
2006144522,2026-08-01 03:17:59,Aug 01,raneen,raneen,Drinkware,طقم مج قهوة زجاج بالأطباق جلاكسي جلاس، 12 قطعة، 70 مل - شفاف,HO1130168CL1,1.0,100.0,100.0,0.0,100.0,,الجيزة,Cash On Delivery
2006144522,2026-08-01 03:17:59,Aug 01,raneen,raneen,Cookware,طقم كنك قهوه المونيوم عبود، 3 قطع - فضى,HO1085925SLV,1.0,304.0,304.0,0.0,304.0,,الجيزة,Cash On Delivery
2006144522,2026-08-01 03:17:59,Aug 01,raneen,raneen,Cleaning Tools &amp; Supplies,طقم باسكت قمامة بلاستيك الهدى، 3 قطع - رمادي داكن زيتوني,HO1137693OL1,2.0,225.0,450.0,0.0,450.0,,الجيزة,Cash On Delivery
2006144522,2026-08-01 03:17:59,Aug 01,raneen,raneen,Cookware,طقم كسروله المونيوم شيف كوك، 3 قطع، يد ستانلس ستيل - فضي,HO1115369SLV,2.0,229.0,458.0,0.0,458.0,,الجيزة,Cash On Delivery
2006144522,2026-08-01 03:17:59,Aug 01,raneen,raneen,Cleaning Tools &amp; Supplies,باسكت قمامة بلاستيك بغطاء متحرك الهدى، 20 لتر - رمادي اسود,HO1145752OL1,2.0,100.0,200.0,0.0,200.0,,الجيزة,Cash On Delivery
2006144522,2026-08-01 03:17:59,Aug 01,raneen,raneen,Storage,تروللي بلاستيك مستطيل الهدى، 5 دور، 105×44×30 سم - اسود رمادي,HO1141592BK1,2.0,225.0,450.0,0.0,450.0,,الجيزة,Cash On Delivery
2006144531,2026-08-01 03:21:33,Aug 01,MP,tibatrading,Kitchenware,منظم أطباق زاوية من 3 طبقات، حامل أطباق معدني أسود، رف تخزين لطاولة المطبخ,RAN-7Y2Y3HX,1.0,149.0,149.0,7.45,141.55,KCH200,Ismailia,Cash On Delivery
4000158658,2026-08-01 03:23:15,Aug 01,MP,dukanalaa,Dental Care,"Cordless Portable Water Flosser, Rechargeable, 3 Modes, Pink",RAN-H7DGXUG,1.0,685.0,685.0,0.0,685.0,,Cairo,Cash On Delivery
2006144537,2026-08-01 03:23:25,Aug 01,raneen,raneen,Televisions,"ATA تلفزيون 43 بوصة,LED ,FHD, ATA43F0N - أسود",EL1068463BLK,1.0,8499.0,8499.0,0.0,8499.0,,الجيزة,valU
2006144540,2026-08-01 03:23:36,Aug 01,raneen,raneen,Cleaning Tools &amp; Supplies,باسكت قمامة مطبخ بلاستيك ليث، 27 سم - اسود,HO1141600BLK,1.0,55.0,55.0,0.0,55.0,,الجيزة,Cash On Delivery
2006144540,2026-08-01 03:23:36,Aug 01,raneen,raneen,Kitchenware,شيالة تحمير استانلس ستيل، 14 سم - فضي,HO1077602SLV,1.0,73.0,73.0,0.0,73.0,,الجيزة,Cash On Delivery
2006144540,2026-08-01 03:23:36,Aug 01,raneen,raneen,Cleaning Tools &amp; Supplies,باسكت قمامة الهلال والنجمة، 30 لتر - بيج,HO1005961BEG,1.0,299.0,299.0,0.0,299.0,,الجيزة,Cash On Delivery
2006144543,2026-08-01 03:24:16,Aug 01,raneen,raneen,Bed Sheets,طقم ملاية سرير المروة، 4 قطع، 215×235 سم، 750 جرام - متعدد الالوان,TX1142743MO9,1.0,199.0,199.0,9.95,189.05,TEX200,القاهرة,Cash On Delivery
2006144543,2026-08-01 03:24:16,Aug 01,raneen,raneen,Bed Sheets,طقم ملاية لازورد، 4 قطع، 215×235 سم - متعدد الالوان,TX1022398MT4,1.0,199.0,199.0,9.95,189.05,TEX200,القاهرة,Cash On Delivery
2006144543,2026-08-01 03:24:16,Aug 01,raneen,raneen,Bed Sheets,طقم ملاية لازورد، 4 قطع، 215×235 سم - متعدد الالوان,TX1022398MT6,1.0,199.0,199.0,9.95,189.05,TEX200,القاهرة,Cash On Delivery
2006144561,2026-08-01 03:34:12,Aug 01,raneen,raneen,Baby Gears,شنطة ظهر لمستلزمات البيبي جبردين غاريبو باج، 16 بوصة، 2 سوستة,HO1134745BK1,1.0,200.0,200.0,10.0,190.0,FLY200,دمياط,Cash On Delivery
2006144564,2026-08-01 03:34:17,Aug 01,MP,rofaeeltrade,Washers &amp; Dryer,غسالة ملابس فريش، ديجيتال فوق اوتوماتيك، تحميل علوي، 6 كجم، FTM-6S - فضى,FTM-6S-rofaeeltrade,1.0,6997.0,6997.0,0.0,6997.0,,القاهرة,Cash On Delivery
2006144570,2026-08-01 03:36:36,Aug 01,MP,goldena,Air Coolers,مبرد هواء تربو فريش، 25 لتر FA-T25M - اسود,500015619,1.0,3144.0,3144.0,0.0,3144.0,TEX200,الجيزة,Cash On Delivery
2006144570,2026-08-01 03:36:36,Aug 01,raneen,raneen,Curtain,ستارة شانليا سادة بحلقات مخمل، 130×250 سم، 945 جرام تقريبا - رمادي (قطعة واحدة),TX1141987GRY,1.0,285.0,285.0,14.25,270.75,TEX200,الجيزة,Cash On Delivery
2006144570,2026-08-01 03:36:36,Aug 01,raneen,raneen,Center Table,ترابيزة وسط خشب ام دي اف اسبانى، ، 50×100×43 سم، رف فاصل- بنى بيج,HO1099519BR1,1.0,2199.0,2199.0,0.0,2199.0,TEX200,الجيزة,Cash On Delivery
2006144570,2026-08-01 03:36:36,Aug 01,MP,rofaeeltrade,Cookers,بوتاجاز غاز بيكو، 5 شعلة، 90 سم، مروحة تبريد، شاشة تاتش، حوامل زهر، امان كامل، Bggr 11225 Gb - اسود,EL1130236BLK-rofaeeltrade,1.0,19999.0,19999.0,0.0,19999.0,TEX200,الجيزة,Cash On Delivery
2006144573,2026-08-01 03:37:28,Aug 01,MP,signoola,Towels,فوطة سيجنولا، ٣ قطع، قطن، 60×40 سم - رمادي,B0DCZFBTHK,1.0,279.0,279.0,13.95,265.05,TEX200,المنوفية,Cash On Delivery
2006144612,2026-08-01 03:45:11,Aug 01,raneen,raneen,Cleaning Tools &amp; Supplies,باسكت قمامه بلاستيك مربع بالغطاء سفير، 2 عجله، 90 لتر - اسود,HO1131000BLK,1.0,399.0,399.0,19.95,379.05,KCH200,الجيزة,Cash On Delivery
2006144624,2026-08-01 03:48:32,Aug 01,raneen,raneen,Fans,مروحة بوكس فريش ، 12 بوصة ، 3 سرعات - ابيض,EL1049874GRY,1.0,966.0,966.0,0.0,966.0,,الأسكندرية,valU
2006144636,2026-08-01 03:55:59,Aug 01,raneen,raneen,Home &amp; Balcony Essentials,كرسي بلاستيك فيردي الوطنية، 56.5×53 سم، ارتفاع 84 سم - بيج,HO1127103BEG,2.0,825.0,1650.0,239.2,1410.8,off500,الغربية,Aman
2006144636,2026-08-01 03:55:59,Aug 01,MP,lightsquare,Lighting Hanging,مجموعة نجفة ليد مودرن، قطعتين، 220 فولت، أضاءة ليد، 60×60 سم، مع جهاز تحكم عن بعد - ذهبى,RL-CH-L-010-Bundle-Lightsquare,1.0,1799.0,1799.0,260.8,1538.2,off500,الغربية,Aman
2006144660,2026-08-01 04:02:24,Aug 01,MP,katoshappliances,Cookers,بوتاجاز غاز تكنو فاير، 5 شعلة، 80x60 سم، TF-15-B - اسود فضي,4828,1.0,6499.0,6499.0,0.0,6499.0,,القاهرة,Cash On Delivery
2006144681,2026-08-01 04:10:30,Aug 01,raneen,raneen,Bed Sheets,طقم ملاية اطفال لازورد، 3 قطع، 170×240 سم - متعدد الالوان,TX1048853GN2,1.0,149.0,149.0,7.45,141.55,Tex200,الأسكندرية,Cash On Delivery
2006144681,2026-08-01 04:10:30,Aug 01,raneen,raneen,Bed Sheets,طقم ملاية اطفال لازورد، 3 قطع، 170×240 سم - تركواز,TX1048853TR7,1.0,149.0,149.0,7.45,141.55,Tex200,الأسكندرية,Cash On Delivery
2006144681,2026-08-01 04:10:30,Aug 01,raneen,raneen,Bed Sheets,طقم ملاية اطفال لازورد، 3 قطع، 170×240 سم - ابيض احمر,TX1048853MT2,2.0,149.0,298.0,14.9,283.1,Tex200,الأسكندرية,Cash On Delivery
2006144681,2026-08-01 04:10:30,Aug 01,raneen,raneen,Bed Sheets,طقم ملاية اطفال لازورد، 3 قطع، 170×240 سم - متعدد الالوان,TX1048853BU3,2.0,149.0,298.0,14.9,283.1,Tex200,الأسكندرية,Cash On Delivery
2006144681,2026-08-01 04:10:30,Aug 01,raneen,raneen,Bed Sheets,طقم ملاية اطفال لازورد، 3 قطع، 170×240 سم - تركواز,TX1048853TR8,2.0,149.0,298.0,14.9,283.1,Tex200,الأسكندرية,Cash On Delivery
2006144687,2026-08-01 04:11:10,Aug 01,raneen,raneen,AirPods,ايربودز لاسلكية هوكو ، بلوتوث ، EQ24 - اسود,EL1148304BLK,1.0,599.0,599.0,0.0,599.0,,الغربية,Cash On Delivery
2006144696,2026-08-01 04:14:48,Aug 01,raneen,raneen,Air Conditioner,تكييف هواء متنقل فريش، 1.25 حصان، بارد فقط، 1050 وات، ريموت كنترول، 500021743 - ابيض,EL1148555WIT,1.0,12999.0,12999.0,0.0,12999.0,,الجيزة,Cash On Delivery
2006144705,2026-08-01 04:20:41,Aug 01,raneen,raneen,Irons,مكواه بخار ملابس سوكاني، هاند، 1500وات، 260 مل، SK-11048 - اسود فضي,EL1144274BNG,1.0,1300.0,1300.0,0.0,1300.0,,القاهرة,Cash On Delivery
2006144705,2026-08-01 04:20:41,Aug 01,MP,radiotalaat,Fryers,قلاية كهربائية بدون زيت فريش، 7 لتر، 1800 وات، AFF-1800B - اسود,189314,1.0,4388.0,4388.0,0.0,4388.0,,القاهرة,Cash On Delivery
2006144711,2026-08-01 04:22:08,Aug 01,MP,brightair,Air Conditioner,"تكييف سبلت ميديا ميشن, 1.5 حصان, بارد فقط, 53MSMB1T-12CR - ابيض",AC53MSMB1T-12CRWIT-brightair,1.0,20790.0,20790.0,0.0,20790.0,,الجيزة,Aman
2006144729,2026-08-01 04:38:30,Aug 01,raneen,raneen,Bed Sheets,طقم ملاية مايكروفايبر، 4 قطع، 225×240 سم، 1050 جرام - متعدد الالوان,TX1125298MZ8,1.0,299.0,299.0,14.95,284.05,TEX200,الجيزة,Cash On Delivery
2006144729,2026-08-01 04:38:30,Aug 01,raneen,raneen,Bed Sheets,طقم ملاية سرير، 5 قطع، 220×240 سم - اسود ذهبي,TX1048610BK1,1.0,300.0,300.0,15.0,285.0,TEX200,الجيزة,Cash On Delivery
2006144729,2026-08-01 04:38:30,Aug 01,raneen,raneen,Bed Sheets,طقم ملاية اطفال لازورد، 3 قطع، 170×240 سم - تركواز,TX1048853TR8,2.0,149.0,298.0,14.9,283.1,TEX200,الجيزة,Cash On Delivery
2006144729,2026-08-01 04:38:30,Aug 01,raneen,raneen,Bed Sheets,طقم ملاية لازورد، 4 قطع، 215×235 سم - متعدد الالوان,TX1022398ME8,1.0,199.0,199.0,9.95,189.05,TEX200,الجيزة,Cash On Delivery
2006144729,2026-08-01 04:38:30,Aug 01,raneen,raneen,Storage,طقم علب ثلاجة بلاستيك الهدي، 14 قطعة - متعدد الالوان,HO1111641MC6,2.0,100.0,200.0,0.0,200.0,TEX200,الجيزة,Cash On Delivery
2006144735,2026-08-01 04:43:48,Aug 01,MP,woodenfurniture,Center Table,ترابيزة وسط مودرن خشب MDF، 45x50x95 سم - بني,nct24-wooden,1.0,1099.0,1099.0,0.0,1099.0,,أسيوط,Cash On Delivery
2006144738,2026-08-01 04:45:07,Aug 01,MP,craftfurniture,TV Table,ترابيزة تلفاز خشب شيب بورد، 140×40×30 - ابيض,MZTVTABLE6WIT-craftfurniture,1.0,1199.0,1199.0,0.0,1199.0,,القاهرة,Cash On Delivery
2006144747,2026-08-01 04:50:12,Aug 01,MP,vooc,Smart Watches,ساعة سمارت اورايمو، 6 ار، مقاومة للماء، شاشة اتش دي، 1.39 بوصة، OSW-823 - فضي,oraimo-smart-watch-6r-osw-823-silver,1.0,1499.0,1499.0,0.0,1499.0,,القاهرة,Cash On Delivery
2006144747,2026-08-01 04:50:12,Aug 01,MP,dukanalaa,Shaving &amp; Grooming,ماكينة حلاقة شعر كيمي، 800 ملي امبير، 4 امشاط، BZ-T99 - ذهبي,8004T99BZ,1.0,325.0,325.0,0.0,325.0,,القاهرة,Cash On Delivery
2006144750,2026-08-01 04:53:33,Aug 01,MP,dukanalaa,Coffee Makers,مضرب حليب كهربائي يدوي USB قابل للشحن بثلاث سرعات وثلاث رؤوس خلاط من الفولاذ المقاوم للصدأ للقهوة البوليت بروف، اللاتيه، الماتشا، الكابتشينو,RAN-DUYXD5Y,1.0,185.0,185.0,0.0,185.0,,الجيزة,Cash On Delivery
2006144753,2026-08-01 04:53:58,Aug 01,MP,attallah,Burner,بوتاجاز مسطح كهربائى سوكاني، 1000 وات، 1 عين، Sk-5109 - اسود,B0BWN14XN1BLK,1.0,499.0,499.0,0.0,499.0,,الأسكندرية,Cash On Delivery
2006144753,2026-08-01 04:53:58,Aug 01,raneen,raneen,Mobile Phones,موبايل سامسونج جلاكسى A16، شبكة الجيل الرابع، 128 جيجا بايت، 4 جيجا بايت رام - اسود,EL1122777BLK,1.0,7699.0,7699.0,0.0,7699.0,,الأسكندرية,Cash On Delivery
2006144759,2026-08-01 04:55:18,Aug 01,MP,alaasasmarketplace,Underwear’s,طقم بوكسر قطن دايس للرجال، 3 قطع - متعدد الألوان,AM-608-2027-564-alaasasmarketplace,1.0,264.0,264.0,0.0,264.0,,القليوبية,Cash On Delivery
2006144759,2026-08-01 04:55:18,Aug 01,raneen,raneen,Mattress,مرتبة تطرية فايبر السلطان، 160×195 سم، ارتفاع 8 سم,TX1070634PR1,1.0,799.0,799.0,0.0,799.0,,القليوبية,Cash On Delivery
2006144759,2026-08-01 04:55:18,Aug 01,MP,lifepharmacy,Beauty &amp; Body Care,ماكينة إزالة الشعر سيلك ابيل 3 من براون، تزيل حتى الشعر القصير من الجذور وتأتي مع 20 ملقط مايكروجريب، تعمل بسلك ومزودة بضوء ذكي مستمر، موديل Se 3-202,RAN-B2BNXER,1.0,2490.0,2490.0,0.0,2490.0,,القليوبية,Cash On Delivery
2006144759,2026-08-01 04:55:18,Aug 01,raneen,raneen,Kettles,"غلاية كهربائية فريش, 2200 وات, 1.7 لتر, EPK17051P - اسود",EL1083786BLK,1.0,844.0,844.0,0.0,844.0,,القليوبية,Cash On Delivery
2006144783,2026-08-01 05:04:27,Aug 01,raneen,raneen,Cookware,طقم حلل ستانلس ستيل سمارت زينوكس، 10 قطع - فضي,HO1148366SLV,1.0,2999.0,2999.0,149.95,2849.05,KCH200,الأسكندرية,Cash On Delivery
2006144801,2026-08-01 05:10:52,Aug 01,raneen,raneen,Bedding,لحاف فايبر، 230×200 سم، 2 كجم - متعدد الالوان,TX1052717GR1,1.0,349.0,349.0,0.0,349.0,,Cairo,Cash On Delivery
2006144801,2026-08-01 05:10:52,Aug 01,raneen,raneen,Kettles,غلاية مياه كهربائية سوناي، 2200 وات، 1.7 لتر، MAR-3000 - اسود,EL1112971BLK,1.0,614.0,614.0,0.0,614.0,,Cairo,Cash On Delivery
2006144801,2026-08-01 05:10:52,Aug 01,MP,ocean,Mixers &amp; Blenders,هاند بلندر سوكاني، 800 وات، SK-1714-5 - اسود,2790-ocean,1.0,1310.0,1310.0,0.0,1310.0,,Cairo,Cash On Delivery
2006144801,2026-08-01 05:10:52,Aug 01,raneen,raneen,Mixers &amp; Blenders,كبة تقطيع الخضروات و اللحوم سوكاني، 3 لتر، 800 وات، SK-7027 - اسود فضي,EL1109073BNS,1.0,1264.0,1264.0,0.0,1264.0,,Cairo,Cash On Delivery
2006144831,2026-08-01 05:19:04,Aug 01,raneen,raneen,Bed Sheets,طقم ملاية سرير، 3 قطع، 240×170 سم، 650 جرام - متعدد الالوان,TX1140094MT6,1.0,149.0,149.0,0.0,149.0,,دمياط,Cash On Delivery
2006144831,2026-08-01 05:19:04,Aug 01,raneen,raneen,Bed Sheets,طقم ملاية اطفال لازورد، 3 قطع، 170×240 سم - متعدد الالوان,TX1048853BU3,1.0,149.0,149.0,0.0,149.0,,دمياط,Cash On Delivery
2006144831,2026-08-01 05:19:04,Aug 01,raneen,raneen,Bed Sheets,طقم ملاية اطفال لازورد، 3 قطع، 170×240 سم - ازرق فاتح,TX1048853BU2,1.0,149.0,149.0,0.0,149.0,,دمياط,Cash On Delivery
2006144831,2026-08-01 05:19:04,Aug 01,raneen,raneen,Bedding,طقم لحاف اطفال مايكروفايبر لازورد، قطعتين، 230×170 سم، 4600 جرام تقريبا - بنفسجي,TX1122843PR1,1.0,1099.0,1099.0,0.0,1099.0,,دمياط,Cash On Delivery
2006144831,2026-08-01 05:19:04,Aug 01,raneen,raneen,Bed Sheets,طقم ملاية اطفال لازورد، 3 قطع، 170×240 سم - تركواز,TX1048853TR7,1.0,149.0,149.0,0.0,149.0,,دمياط,Cash On Delivery
2006144831,2026-08-01 05:19:04,Aug 01,raneen,raneen,Bed Sheets,طقم ملاية اطفال لازورد، 3 قطع، 170×240 سم - متعدد الالوان,TX1048853GN2,1.0,149.0,149.0,0.0,149.0,,دمياط,Cash On Delivery
2006144831,2026-08-01 05:19:04,Aug 01,raneen,raneen,Bed Sheets,طقم ملاية اطفال لازورد، 3 قطع، 170×240 سم - ابيض احمر,TX1048853MT2,1.0,149.0,149.0,0.0,149.0,,دمياط,Cash On Delivery
2006144840,2026-08-01 05:26:51,Aug 01,raneen,raneen,Center Table,ترابيزة وسط خشب ام دي اف اسبانى، ، 60×102×40 سم، رف جانبي + 1 عين سفلي - بنى,HO1099516DBR,1.0,2599.0,2599.0,0.0,2599.0,,أسيوط,Cash On Delivery
2006144849,2026-08-01 05:36:10,Aug 01,MP,naitghwooging,Center Table,ترابيزة وسط خشب أم دي اف اسبانى، 100X50X40 سم - بيج خشبى,naitghwooging-O315,1.0,1839.0,1839.0,0.0,1839.0,,الجيزة,Cash On Delivery
2006144852,2026-08-01 05:37:39,Aug 01,MP,tekra,Chargers,شاحن سريع 120 وات لشاومي، تيربو شحن هايبتشارج مع كابل USB C 1م 6A لشاومي 15، 14، 13، 12، 13T، 12T، 12S، Redmi Note 12، 11 Pro+، POCO F4، K70، K60،,RAN-86YXU6J,9.0,259.0,2331.0,0.0,2331.0,,بني سويف,Cash On Delivery
2006144858,2026-08-01 05:43:36,Aug 01,MP,attallah,Air Coolers,مبرد هواء فريش، 72 لتر، FA-M60 - ابيض رمادي فاتح,EL1069767WNG-attallah,1.0,4599.0,4599.0,0.0,4599.0,,القاهرة,Cash On Delivery
2006144861,2026-08-01 05:50:48,Aug 01,MP,nanosamy,Storage,صندوق غداء حراري من الفولاذ المقاوم للصدأ - سعة 2800 ملليتر,RAN-73EQGC2,1.0,350.0,350.0,0.0,350.0,,القاهرة,Cash On Delivery
2006144861,2026-08-01 05:50:48,Aug 01,MP,lightcart,Storage,علب طعام زجاجية بأغطية مانعة للتسريب ، 3 مقاسات - بينك,EIB-56945-LIGHT-CARD-6968,1.0,475.0,475.0,0.0,475.0,,القاهرة,Cash On Delivery
2006144861,2026-08-01 05:50:48,Aug 01,MP,molanafortraining,Storage,طقم برطمانات زجاجية بغطاء كرة من الفلين ، 3 قطع - شفاف,EIB-56980-7003-molanafortraining,1.0,555.0,555.0,0.0,555.0,,القاهرة,Cash On Delivery
2006144861,2026-08-01 05:50:48,Aug 01,MP,homepro,Kitchenware,لوح تقطيع خشبي هوم برو، 25×40 سم - بيج,a221,1.0,609.0,609.0,0.0,609.0,,القاهرة,Cash On Delivery
2006144861,2026-08-01 05:50:48,Aug 01,MP,lightcart,Storage,برطمان تخزين طعام زجاجي بقفل كليب ، 1 لتر - شفاف,EIB-56978-LIGHT-CARD-7001,1.0,213.0,213.0,0.0,213.0,,القاهرة,Cash On Delivery
2006144861,2026-08-01 05:50:48,Aug 01,MP,lawazem,Storage,لانش بوكس كهربائي لتسخين الطعام، 1.05 لتر - متعدد الالوان,LWAZ212,1.0,379.0,379.0,0.0,379.0,,القاهرة,Cash On Delivery
2006144867,2026-08-01 05:52:08,Aug 01,MP,prestigemattress,Mattress,مرتبة بسوستة متصلة سليب، 195×120×25 سم - ابيض رمادي,ESN25120WIT,1.0,2985.0,2985.0,149.25,2835.75,TEX200,القاهرة,Cash On Delivery
2006144870,2026-08-01 05:57:52,Aug 01,raneen,raneen,Kitchen Accessories,طقم شماعات خشب حورس، 3 قطع، 24×42 سم - خشبي,HO1140345BSC,4.0,128.0,512.0,0.0,512.0,,الغربية,Cash On Delivery
2006144888,2026-08-01 06:14:58,Aug 01,MP,anja,Sportswear,تي شيرت نص كم بوليستر للبنات - متعدد الألوان,TSV-0071-G05-R,1.0,288.0,288.0,0.0,288.0,,القاهرة,Cash On Delivery
2006144888,2026-08-01 06:14:58,Aug 01,MP,anja,Sportswear,تي شيرت نص كم بوليستر للبنات - متعدد الألوان,TSV-0071-G06-R,2.0,288.0,576.0,0.0,576.0,,القاهرة,Cash On Delivery
2006144894,2026-08-01 06:22:06,Aug 01,MP,whitetechnologyy,Air Conditioner,تكييف سبليت فري اير بلازما، 1.5 حصان، بارد فقط، FRS-12CR – ابيض,FRS-12CR,1.0,16999.0,16999.0,0.0,16999.0,,الجيزة,Cash On Delivery
2006144897,2026-08-01 06:26:16,Aug 01,raneen,raneen,Fans,مروحة ستاند الشبح فريش، 18 بوصة، 3 سرعات - احمر,EL1049885BLK,1.0,1939.0,1939.0,0.0,1939.0,,الشرقية,Cash On Delivery
2006144900,2026-08-01 06:26:26,Aug 01,raneen,raneen,Shoes,حذاء سهل الارتداء جكار للسيدات، EU 40 - هافان,SH1149155HF0,1.0,415.0,415.0,0.0,415.0,kch200,البحيرة,valU
2006144900,2026-08-01 06:26:26,Aug 01,raneen,raneen,Storage,طقم علب ثلاجة بلاستيك الوطنية، 18 قطعة - بنفسجي شفاف,HO1115372PPR,1.0,399.0,399.0,19.95,379.05,kch200,البحيرة,valU
2006144900,2026-08-01 06:26:26,Aug 01,raneen,raneen,Pajamas &amp; Sleepwear,طقم بيجامة ليكرا للسيدات سيزر، قطعتين,FS1145093WI1,1.0,179.0,179.0,0.0,179.0,kch200,البحيرة,valU
2006144903,2026-08-01 06:28:11,Aug 01,MP,radiotalaat,Refrigerators &amp; Freezers,ثلاجة نوفروست شارب، 450 لتر، 2 باب، SJ-58C(ST) - فضي,1471,1.0,34799.0,34799.0,0.0,34799.0,,القاهرة,Cash On Delivery
2006144918,2026-08-01 06:33:39,Aug 01,MP,attallah,Refrigerators &amp; Freezers,ثلاجة سوبر جامبو ديفروست ايديال، 11 قدم، باب واحد، ‎- ابيض,KA01000000TTT,1.0,11268.0,11268.0,0.0,11268.0,,القاهرة,Credit/Debit Card
2006144945,2026-08-01 06:54:59,Aug 01,raneen,raneen,Fans,مروحة ستاند رويال، 18 بوصة، 5 ريشة، 3 سرعات، BF1840 - اسود احمر,EL1126988RNB,1.0,870.0,870.0,0.0,870.0,,الجيزة,Credit/Debit Card
2006144945,2026-08-01 06:54:59,Aug 01,raneen,raneen,Home &amp; Balcony Essentials,كرسي بلاستيك قابل للطي تراست بلاست، 40×80×36 سم - رمادي,HO1112460GY1,1.0,200.0,200.0,0.0,200.0,,الجيزة,Credit/Debit Card
2006144945,2026-08-01 06:54:59,Aug 01,MP,rofaeeltrade,Home &amp; Balcony Essentials,كرسي بلاستيك، 57×49×57×44 - تركواز,MZCHAIR14TRQ,1.0,248.0,248.0,0.0,248.0,,الجيزة,Credit/Debit Card
2006144951,2026-08-01 06:56:47,Aug 01,raneen,raneen,AirPods,سماعة أذن لاسلكية اوى، بميكروفون، تعمل باللمس،  T36 TWS,EL1092273WIT,1.0,275.0,275.0,0.0,275.0,,الأسماعيلية,Cash On Delivery
2006144963,2026-08-01 07:05:18,Aug 01,raneen,raneen,Drinkware,طقم اكواب اكواتك، 18 قطعة - شفاف,HO1093911CLR,1.0,200.0,200.0,0.0,200.0,f10,الأسكندرية,Cash On Delivery
2006144963,2026-08-01 07:05:18,Aug 01,raneen,raneen,Underwear’s,طقم بوكسرات ليكرا ساده للرجال دايس، 3 قطع,TX1110149MC1,1.0,285.0,285.0,14.25,270.75,f10,الأسكندرية,Cash On Delivery
2006144969,2026-08-01 07:08:41,Aug 01,MP,rafae3dotcom,Irons,مكواة جافة بقوة 1200 واط مع تحكم في درجة الحرارة - لون أبيض,RAN-BEU8BJV,1.0,489.0,489.0,0.0,489.0,,القاهرة,Cash On Delivery
2006144972,2026-08-01 07:09:30,Aug 01,MP,jphome,Storage,منظم تخزين بلاستيك مثقوب تربو بأربع طبقات مستديرة - أسود,JP1213456508,1.0,490.0,490.0,24.5,465.5,KCH200,الأسكندرية,Cash On Delivery
2006144975,2026-08-01 07:09:50,Aug 01,MP,dukanalaa,Connectors,قاطع طاقة زيرو 4 مخرج مزدوج 10 أمبير 5 متر - أسود,RAN-KNPB53Z,1.0,175.0,175.0,0.0,175.0,,القاهرة,Cash On Delivery
2006144975,2026-08-01 07:09:50,Aug 01,MP,alarabycenter,Fans,مروحة حائط ايه تى ايه، 5 ريشة، 18 بوصة، 3 سرعات، 18B01P5 - ابيض ازرق,EL1018816WB1-alarabycenter,2.0,905.04,1810.08,0.0,1810.08,,القاهرة,Cash On Delivery
2006144978,2026-08-01 07:10:37,Aug 01,raneen,raneen,Refrigerators &amp; Freezers,ديب فريزر افقي سويس برو ، 350 لتر ، دي فروست، SPE-CF350S - فضي,EL1145381SLV,1.0,10299.0,10299.0,0.0,10299.0,,الغربية,Cash On Delivery
2006144978,2026-08-01 07:10:37,Aug 01,raneen,raneen,Air Conditioner,تكييف سبليت فريش، 1.25 حصان، بارد، تربو، FUFW09CO-X1 - ابيض,EL1143260WIT,1.0,16999.0,16999.0,0.0,16999.0,,الغربية,Cash On Delivery
2006144990,2026-08-01 07:12:22,Aug 01,MP,attallah,Air Coolers,مبرد هواء فريش، 72 لتر، FA-M60 - ابيض رمادي فاتح,EL1069767WNG-attallah,1.0,4599.0,4599.0,0.0,4599.0,,الشرقية,Cash On Delivery
2006144999,2026-08-01 07:14:10,Aug 01,raneen,raneen,Microwaves &amp; Ovens,فرن كهربائي تاتش الزنوكى، 1500 وات، 36 لتر، 40616 - اسود,EL1065095BLK,1.0,2849.0,2849.0,0.0,2849.0,,الأسكندرية,Cash On Delivery
2006145014,2026-08-01 07:28:23,Aug 01,raneen,raneen,Air Conditioner,تكييف ارتيفاي يونيون اير، 1.5 حصان، بارد فقط، إنفرتر، بلازما، INV-ARTI012CY50XFR-SG-SER - ابيض,ELKIT1895WIT,1.0,18999.0,18999.0,0.0,18999.0,,القاهرة,Credit/Debit Card
2006145017,2026-08-01 07:29:12,Aug 01,MP,tibatrading,Ladders &amp; Clothes Dryer,منشر غسيل قابل للطي مصنوع من معدن متين بتصميم الأجنحة مناسب للاستخدام الداخلي والخارجي,RAN-UGHVV7B,1.0,619.0,619.0,0.0,619.0,OFF500,القاهرة,Cash On Delivery
2006145017,2026-08-01 07:29:12,Aug 01,MP,elasraia,Console Table,ترابيزة كونسول ستيل، 120x40x90 سم - شفاف ذهبي,ISTAlEasriaConsole22CG,1.0,3517.0,3517.0,500.0,3017.0,OFF500,القاهرة,Cash On Delivery
2006145020,2026-08-01 07:31:33,Aug 01,raneen,raneen,Shoes,حذاء سهل الارتداء شبك×جلد للرجال، 45 EU - كحلي,SH1149088NV5,1.0,225.0,225.0,11.25,213.75,f10,الساحل الشمالي,Paymob Wallet
2006145029,2026-08-01 07:45:01,Aug 01,MP,orkastore,Clothes Hangers,استاند ملابس معدني ، 110x50x150 سم ، أبيض,9563165341358,1.0,1315.0,1315.0,0.0,1315.0,,القاهرة,Cash On Delivery
2006145032,2026-08-01 07:46:28,Aug 01,MP,elprofessor,TV Stand &amp; Accessories,حامل تلفاز معدن ثابت ، 50 بوصة - أسود,AK13BLK,1.0,275.0,275.0,0.0,275.0,,Qalyubia,Cash On Delivery
2006145032,2026-08-01 07:46:28,Aug 01,raneen,raneen,Televisions,تلفزيون سمارت ATA، ٥٠ بوصة، 4K ،UHD، بدون إطار، ATA50UOS-L - اسود,EL1134335BLK,1.0,14499.0,14499.0,0.0,14499.0,,Qalyubia,Cash On Delivery
2006145038,2026-08-01 07:46:33,Aug 01,MP,goldena,Fans,مروحة ستاند تيفال، 16 بوصة، ريموت كنترول، VG4130EE - اسود,290550037,1.0,2863.0,2863.0,0.0,2863.0,,الدقهلية,Cash On Delivery
2006145047,2026-08-01 07:53:01,Aug 01,raneen,raneen,Towels,بشكير بحر قطن، 90×170 سم، 800 جرام,TX1084710ME8,1.0,299.0,299.0,0.0,299.0,KCH200,البحيرة,Cash On Delivery
2006145047,2026-08-01 07:53:01,Aug 01,raneen,raneen,Towels,بشكير بحر قطن مطبوع، 90×170 سم، 800 جرام تقريبا - اسود رمادي,TX1084710MP7,1.0,299.0,299.0,0.0,299.0,KCH200,البحيرة,Cash On Delivery
2006145047,2026-08-01 07:53:01,Aug 01,raneen,raneen,Drinkware,دورق بلاستيك مع 5 اكواب ايليت، 2 لتر - شفاف,HO1097598CLR,1.0,180.0,180.0,6.02,173.98,KCH200,البحيرة,Cash On Delivery
2006145047,2026-08-01 07:53:01,Aug 01,raneen,raneen,Dinnerware,طقم عشاء بورسلين تلا لوتس، 62 قطعة - اوف وايت ذهبي,HO1102641MC1,1.0,5499.0,5499.0,183.98,5315.02,KCH200,البحيرة,Cash On Delivery
2006145047,2026-08-01 07:53:01,Aug 01,raneen,raneen,Drinkware,طقم شوب زجاج باشاباتشي، 6 قطع، 310 مل - بينك,HO1117298PNK,1.0,299.0,299.0,10.01,288.99,KCH200,البحيرة,Cash On Delivery
2006145050,2026-08-01 07:55:30,Aug 01,raneen,raneen,Fans,مروحة حائط ايه تى ايه، 16 بوصة، 3 سرعات، 5 ريشة، B1605 - ابيض احمر,EL1018812WNR,1.0,669.0,669.0,0.0,669.0,,القاهرة,Cash On Delivery
2006145053,2026-08-01 07:56:23,Aug 01,MP,nourshopping,Luggage,شنطه سفر يد نور شوبينج ، 26بوصه ، فايبر,56-Nourshopping,1.0,1416.0,1416.0,70.8,1345.2,FLY200,القاهرة,valU
2006145056,2026-08-01 08:00:25,Aug 01,raneen,raneen,Air Conditioner,تكييف سبليت فريش، 1.25 حصان، بارد، تربو، FUFW09CO-X1 - ابيض,EL1143260WIT,1.0,16999.0,16999.0,0.0,16999.0,,دمياط,Cash On Delivery
2006145077,2026-08-01 08:16:46,Aug 01,MP,woodenfurniture,TV Table,مجموعه ترابيزات غرفه معيشه مع جزامه ، ام دي اف ، متعدد الالوان,41635-41635,1.0,5499.0,5499.0,500.0,4999.0,OFF500,القليوبية,Credit/Debit Card
2006145080,2026-08-01 08:17:36,Aug 01,raneen,raneen,Washers &amp; Dryer,غسالة ملابس وايت بوينت، 8.5 كجم، تحميل علوي، ديجيتال، WPTL85DGBA - رمادى فاتح,EL1148971LGY,1.0,8499.0,8499.0,0.0,8499.0,,دمياط,Cash On Delivery
2006145083,2026-08-01 08:18:07,Aug 01,MP,norlight,Lighting Hanging,نجفه مودرن ليد، 45سم ، ابيض و اصفر وورم - ابيض,19-norlight,1.0,1259.0,1259.0,0.0,1259.0,,الغربية,valU
2006145083,2026-08-01 08:18:07,Aug 01,MP,jokylights,Lighting Hanging,نجفة كريستال ستانلس ستيل جوكى، 25 سم - ذهبي,joky211-B,1.0,1239.0,1239.0,0.0,1239.0,,الغربية,valU
2006145101,2026-08-01 08:42:58,Aug 01,MP,futurefurniture,Beds,سرير خشب كونتر و زان، 195×120×120 سم، مقاس مفرد - رمادى مع مرتبة بسوستة متصلة، 195×120×25 سم (هدية) - ابيض,SOLA100MCL-futurefurniture,1.0,5999.0,5999.0,500.0,5499.0,OFF500,الشرقية,Cash On Delivery
2006145104,2026-08-01 08:47:39,Aug 01,MP,radiotalaat,Tablets,تابلت شاومي ريدمي، 11 بوصة، 256 جيجابايت، 8 جيجا رام، Pad SE - رمادي جرافيتي,190535,1.0,11579.0,11579.0,0.0,11579.0,,Alexandria,Cash On Delivery
4000158679,2026-08-01 08:47:44,Aug 01,MP,dukanalaa,Beauty &amp; Body Care,Derma Stamp Microneedling Pen Adjustable 0-3 Mm With 140 Titanium Needles For Hair &amp; Beard Care Face &amp; Scalp Routine For Men &amp; Women,RAN-9FXDP6Z,1.0,250.0,250.0,0.0,250.0,,Cairo,Cash On Delivery
2006145113,2026-08-01 08:51:36,Aug 01,raneen,raneen,Fans,مروحة حائط ايه تى ايه، 16 بوصة، 3 سرعات، 5 ريشة، B1605 - ابيض احمر,EL1018812WNR,1.0,669.0,669.0,0.0,669.0,,الشرقية,Cash On Delivery
2006145122,2026-08-01 08:57:35,Aug 01,raneen,raneen,Storage,تروللي راتان بالغطاء، 3 دور، شاسية خشب، 70×45×37 سم - خشبي بيج,HO1101753LB2,1.0,523.0,523.0,0.0,523.0,,القاهرة,Cash On Delivery
2006145131,2026-08-01 08:59:31,Aug 01,raneen,raneen,Bedding,لحاف فايبر، 230×200 سم، 2 كجم - روز,TX1052717RO3,1.0,349.0,349.0,17.45,331.55,tex200,الأسكندرية,Cash On Delivery
2006145131,2026-08-01 08:59:31,Aug 01,raneen,raneen,Bedding,لحاف فايبر، 230×200 سم، 2 كجم - اصفر ازرق,TX1052717MS5,1.0,349.0,349.0,17.45,331.55,tex200,الأسكندرية,Cash On Delivery
2006145131,2026-08-01 08:59:31,Aug 01,raneen,raneen,Bedding,لحاف فايبر، 230×200 سم، 2 كجم - ابيض رمادي,TX1052717MW8,1.0,349.0,349.0,17.45,331.55,tex200,الأسكندرية,Cash On Delivery
2006145131,2026-08-01 08:59:31,Aug 01,raneen,raneen,Bedding,لحاف فايبر، 230×200 سم، 2 كجم - متعدد الالوان,TX1052717MZ0,1.0,349.0,349.0,17.45,331.55,tex200,الأسكندرية,Cash On Delivery
2006145131,2026-08-01 08:59:31,Aug 01,raneen,raneen,Bedding,لحاف فايبر، 230×200 سم، 2 كجم - متعدد الالوان,TX1052717MS6,1.0,349.0,349.0,17.45,331.55,tex200,الأسكندرية,Cash On Delivery
2006145131,2026-08-01 08:59:31,Aug 01,raneen,raneen,Bedding,لحاف فايبر، 230×200 سم، 2 كجم تقريبا - بنفسجي,TX1052717PPR,1.0,349.0,349.0,17.45,331.55,tex200,الأسكندرية,Cash On Delivery
2006145131,2026-08-01 08:59:31,Aug 01,raneen,raneen,Bedding,لحاف فايبر، 230×200 سم، 2 كجم - فوشيا ازرق,TX1052717MW9,1.0,349.0,349.0,17.45,331.55,tex200,الأسكندرية,Cash On Delivery
2006145131,2026-08-01 08:59:31,Aug 01,raneen,raneen,Bedding,لحاف فايبر، 230×200 سم، 2 كجم - متعدد الالوان,TX1052717MH0,1.0,349.0,349.0,17.45,331.55,tex200,الأسكندرية,Cash On Delivery
2006145134,2026-08-01 09:00:04,Aug 01,MP,abdelaziz,Shaving &amp; Grooming,ماكينه حلاقه فى جى ار متعددة الاستخدام للرجال، 1200 مللي أمبير/ساعة، V-103 - ذهبى,V-103,1.0,1249.0,1249.0,0.0,1249.0,,أسيوط,Cash On Delivery
2006145152,2026-08-01 09:11:08,Aug 01,raneen,raneen,Drinkware,كوب عصير زجاج، 350 مل - شفاف,HO1129656CLR,1.0,27.0,27.0,1.35,25.65,KCH200,الشرقية,Credit/Debit Card
2006145155,2026-08-01 09:11:16,Aug 01,MP,craftfurniture,TV Table,ترابيزة تليفزيون خشبية، 140x40x30 سم - بني,TVCAT51-craftfurniture,1.0,2669.0,2669.0,0.0,2669.0,,الجيزة,Cash On Delivery
2006145158,2026-08-01 09:13:21,Aug 01,raneen,raneen,Home &amp; Balcony Essentials,ترابيزة بلاستيك راتان، 40×40×40 سم، 2.2 كجم - بني,HO1109796BRN,1.0,164.0,164.0,0.0,164.0,,القاهرة,El-Ahly Installments
2006145158,2026-08-01 09:13:21,Aug 01,raneen,raneen,Wardrobe,دولاب خشب شيب بورد، 2 دلفة، 5 رفوف، شماعة ملابس، 80×40×192 سم - بيج خشبي,HO1135527BG1,1.0,3499.0,3499.0,0.0,3499.0,,القاهرة,El-Ahly Installments
2006145158,2026-08-01 09:13:21,Aug 01,raneen,raneen,Shoe Rack,جزامة خشب شيب بورد، 3 رف، 2 درفة، 29×60×86 سم,HO1119887BNB,1.0,1199.0,1199.0,0.0,1199.0,,القاهرة,El-Ahly Installments
2006145158,2026-08-01 09:13:21,Aug 01,MP,elsayaadmirror,Mirror,مراية مودرن بأضاءة ليد، زجاج، شكل دائري، 60×60سم - شفاف,SAY-M7-50,1.0,900.0,900.0,0.0,900.0,,القاهرة,El-Ahly Installments
2006145158,2026-08-01 09:13:21,Aug 01,raneen,raneen,Home &amp; Balcony Essentials,كرسي بلاستيك سفير، 52×57×76 سم - بيج,HO1131010BEG,4.0,299.0,1196.0,0.0,1196.0,,القاهرة,El-Ahly Installments
2006145158,2026-08-01 09:13:21,Aug 01,raneen,raneen,Mattress,مرتبة سرير رافا الدورا دبل نت، 160×195 سم، ارتفاع 30 سم، سوست منفصلة - ابيض,TX1130492WI1,1.0,7279.0,7279.0,0.0,7279.0,,القاهرة,El-Ahly Installments
2006145167,2026-08-01 09:19:33,Aug 01,raneen,raneen,Dinnerware,طقم عشاء أركوبال أماراتى لومينارك، 24 قطعة - ابيض,HO1088626WIT,1.0,1049.0,1049.0,52.45,996.55,KCH200,الغربية,Cash On Delivery
2006145173,2026-08-01 09:22:22,Aug 01,raneen,raneen,Mobile Audio,سماعة أذن حول الرقبة فيفو، لاسلكية، L11 - أسود,EL1096217BLK,1.0,199.0,199.0,0.0,199.0,,دمياط,Cash On Delivery
2006145197,2026-08-01 09:30:51,Aug 01,MP,steelsore,Center Table,طقم ترابيزات وسط شكل دائري ستيل، قطعتين، سطح خشب - اسود,AMst57MCL,1.0,1999.0,1999.0,0.0,1999.0,,القاهرة,Cash On Delivery
2006145200,2026-08-01 09:31:12,Aug 01,MP,tibatrading,Clothes Hangers,رف ملابس قائم بذاته بقضيب مزدوج، متعدد الوظائف لغرفة النوم، يضم رف للأحذية وتصميم معدني بسيط لتعليق الملابس من لوفمي، أسود,RAN-68AF25V,2.0,549.0,1098.0,0.0,1098.0,,الجيزة,Cash On Delivery
4000158682,2026-08-01 09:32:04,Aug 01,MP,berghoff,Cookware,"Berghoff Carbon Steel Cookies Tray, Ovenproof - Grey",3990004,1.0,516.0,516.0,0.0,516.0,,Cairo,Cash On Delivery
2006145206,2026-08-01 09:32:13,Aug 01,raneen,raneen,Refrigerators &amp; Freezers,ديب فريزر افقي جولد ستون، 310 لتر، CF310L - رمادي,EL1127741GRY,1.0,9899.0,9899.0,0.0,9899.0,,الأقصر,Cash On Delivery
2006145215,2026-08-01 09:33:27,Aug 01,raneen,raneen,Cookers,بوتجاز مودينا كتالكت ستانلس ستيل فريش، 5 شعلة، 60×90 سم - فضي,EL1109811SLV,1.0,21479.0,21479.0,0.0,21479.0,,الجيزة,Cash On Delivery
2006145218,2026-08-01 09:34:11,Aug 01,raneen,raneen,Water Heaters,سخان كهرباء اريستون روبيس ، سعة 55 لتر ، RUBIS55VEG - ابيض,EL1139441WIT,1.0,3799.0,3799.0,0.0,3799.0,,القليوبية,Cash On Delivery
2006145227,2026-08-01 09:44:03,Aug 01,MP,snooze,Bed Sheets,ملاية فندقية سنوز قماش سياحي مخلوط سترايبد، 220×240 سم - ابيض,SNOOZ-6223015817706,1.0,439.0,439.0,0.0,439.0,,القاهرة,Credit/Debit Card
4000158688,2026-08-01 09:47:39,Aug 01,MP,radiotalaat,Fans,"Tornado TWF-16 Wall Fan, 16 inch 3 speeds - Black",EL1071299BLK-conf-radiotalaat,1.0,2537.0,2537.0,0.0,2537.0,,Giza,El-Ahly Installments
2006145233,2026-08-01 09:49:59,Aug 01,raneen,raneen,Luggage,شنطة سفر ترولي سيليكون سوناتا، 20 بوصة، 6 سوستة، قفل رقمى - اخضر فاتح,HO1151998LGR,1.0,699.0,699.0,34.95,664.05,Fly200,القاهرة,QNB Installments
2006145233,2026-08-01 09:49:59,Aug 01,raneen,raneen,Luggage,شنطة سفر ترولي سيليكون سوناتا، 28 بوصة، 6 سوستة، قفل رقمى - روز,HO1151991ROS,1.0,1799.0,1799.0,89.95,1709.05,Fly200,القاهرة,QNB Installments
2006145239,2026-08-01 09:57:53,Aug 01,MP,elmanzalawy,Water Heaters,سخان غاز فريش كريستال زجاج ، 6 لتر، مزود بالادبتر، غاز طبيعي ، بدون مدخنة - اسود,EL1097780BLKELM,1.0,4820.0,4820.0,0.0,4820.0,,Qena,Cash On Delivery
2006145245,2026-08-01 10:00:31,Aug 01,MP,herman,Bean Bags,كرسى جاكور ، 60 × 70 × 75 سم ، وتربروف ,50-blue-herman,2.0,1310.0,2620.0,286.65,2333.35,OFF500,الجيزة,Cash On Delivery
2006145245,2026-08-01 10:00:31,Aug 01,MP,comfyrelaxation,Bean Bags,بين باج قماش مقاوم للماء، 105×85 سم - فوشيا,YMCRRPVC6FUC,1.0,1950.0,1950.0,213.35,1736.65,OFF500,الجيزة,Cash On Delivery
2006145260,2026-08-01 10:09:02,Aug 01,raneen,raneen,Dishwasher,غسالة اطباق ديجيتال ميديا، 14 فرد، سمارت واي فاي، MDWEF1433D(B)-WI-EG - اسود,EL1126745BLK,1.0,22199.0,22199.0,0.0,22199.0,,الشرقية,valU
2006145260,2026-08-01 10:09:02,Aug 01,raneen,raneen,Mixers &amp; Blenders,مجموعة هاند بلندر مالتي كويك 5 براون، متعدد الاستخدامات، 1000 وات، MQ55254MBK - أسود فضي,EL1142839BNS,1.0,4970.0,4970.0,0.0,4970.0,,الشرقية,valU
2006145260,2026-08-01 10:09:02,Aug 01,raneen,raneen,Water Dispenser,مبرد مياه بثلاجة جاك، بارد و ساخن، 2 حنفية، NGWD-2225R - اسود,EL1119825BLK,1.0,4829.0,4829.0,0.0,4829.0,,الشرقية,valU
2006145263,2026-08-01 10:09:06,Aug 01,raneen,raneen,Shoes,حذاء فلات جكار للسيدات بريبندا,SH1105356G21,1.0,229.0,229.0,11.45,217.55,F10,الجيزة,Cash On Delivery
2006145266,2026-08-01 10:11:39,Aug 01,raneen,raneen,Shoe Rack,جزامة خشب ام دي اف العلا جروب، 3 درج قلاب، 60×24×100 سم,HO1111311BNW,1.0,2699.0,2699.0,421.98,2277.02,off500,القليوبية,Cash On Delivery
2006145266,2026-08-01 10:11:39,Aug 01,MP,fendihome,Side Table,طاولة جانبية مثلثة حديثة من فنديهوم - طاولة تحفة خشبية بأرجل من الزان بطول 35 سم | مقاس صغير للسرير والأريكة ووضع النباتات | سطح إم دي إف ميلامين بتش,RAN-XD9KRXH,1.0,499.0,499.0,78.02,420.98,off500,القليوبية,Cash On Delivery
2006145269,2026-08-01 10:14:03,Aug 01,MP,ammerkatosh,Refrigerators &amp; Freezers,ثلاجة نوفروست توشيبا، 535 لتر، 2 باب، تقنية تقنية Origin Inverter، فريزر بالاعلى، GR-RT702WE-PMN(06) - رمادي,MHMPGR-RT702WE-PMN(06)-ammerkatosh,1.0,40999.0,40999.0,0.0,40999.0,,القاهرة,Cash On Delivery
2006145272,2026-08-01 10:14:07,Aug 01,MP,goldena,Fans,مروحة حائط ايه تى ايه، 18 بوصة، 3 سرعات، 18 B01P5 - ابيض ازرق,87131002400,1.0,859.0,859.0,0.0,859.0,,Alexandria,Cash On Delivery
2006145281,2026-08-01 10:20:25,Aug 01,MP,ehabgroup,Mobile Phones,موبايل اوبو رينو 15 F ثنائي الشريحة ، 256 جيجا، 12 جيجا بايت رام، شبكة الجيل الخامس - ازرق,6932169394741,1.0,25555.0,25555.0,0.0,25555.0,,الغربية,Cash On Delivery
2006145284,2026-08-01 10:21:01,Aug 01,MP,elswedymobile,Mobile Phones,موبايل ريلمي C71 ، شريحتين اتصال ، 128 جيجا، رام 6 جيجا,oppoC71-128-6-GRN-elswedymobile,1.0,8849.0,8849.0,0.0,8849.0,,الجيزة,Cash On Delivery
2006145287,2026-08-01 10:24:44,Aug 01,raneen,raneen,Mixers &amp; Blenders,مضرب بيض تاتش الزنوكى، 600 وات، 5 سرعات، 40552N - اسود,EL1125723BK1,1.0,860.0,860.0,0.0,860.0,,القاهرة,valU
2006145296,2026-08-01 10:30:19,Aug 01,MP,dukanabdelaziz,Suction Fan,شفاط زجاجي فريش، 37 وات، 20 سم، 500004529 - ابيض,MHMP500004529WHT-dukanabdelaziz,1.0,795.0,795.0,0.0,795.0,,Giza,Cash On Delivery
2006145308,2026-08-01 10:31:15,Aug 01,MP,egyptionscoutshop,Drinkware,كوب عازل ستانلس ستيل - أسود,5T-Q079-SA4H-egyptionscoutshop,1.0,249.0,249.0,0.0,249.0,,القاهرة,Aman
2006145308,2026-08-01 10:31:15,Aug 01,MP,tabouk,Personal Care,كيس ماء ساخن مطاطي من ليتل فيش، 2000 مل - ازرق,RAN-HMFZ293,1.0,165.0,165.0,0.0,165.0,,القاهرة,Aman
2006145308,2026-08-01 10:31:15,Aug 01,MP,alrhma,Personal Care,جوارب سيليكون للقدم، قطعتين - بيج,B08R5DGWC8BRNAlrhma,1.0,80.0,80.0,0.0,80.0,,القاهرة,Aman
2006145308,2026-08-01 10:31:15,Aug 01,raneen,raneen,Storage,علبة تخزين لوك اند فريش، 1225 مل - شفاف,HO1066133CLR,1.0,85.0,85.0,0.0,85.0,,القاهرة,Aman
2006145308,2026-08-01 10:31:15,Aug 01,raneen,raneen,Cleaning Tools &amp; Supplies,جردل مسح 2 عين بالغطاء بلاستيك سمارت حجازي بلاست، مزود بماسحة باركية، 2 غيار، 22×19×37 سم - بيج رمادي,HO1114685BG1,1.0,200.0,200.0,0.0,200.0,,القاهرة,Aman
2006145308,2026-08-01 10:31:15,Aug 01,raneen,raneen,Cookware,دبل جريل جرانيت بيد بكالايت الفا، 36 سم - نحاسي,HO1147352COP,1.0,999.0,999.0,0.0,999.0,,القاهرة,Aman
2006145311,2026-08-01 10:31:45,Aug 01,MP,dukanalaa,Hair Care,مكواة شعر تورنيدو، 6 مستويات، 980 درجة حرارة - اسود,980TornBLK,1.0,1123.0,1123.0,0.0,1123.0,,القاهرة,Cash On Delivery
2006145320,2026-08-01 10:34:31,Aug 01,MP,futurefurniture,Beds,سرير خشب زان، مقاس كينج، 200×160×120 سم - رمادي، مع مرتبة سوست متصله، 200×160سم، ارتفاع 30 سم هدية,FFcv99GRY-Matrs,1.0,7999.0,7999.0,500.0,7499.0,off500,الساحل الشمالي,valU
2006145332,2026-08-01 10:36:17,Aug 01,raneen,raneen,Microwaves &amp; Ovens,"ميكروويف جاك, 1200 وات, 20 لتر, NGM-2002 - اسود",EL1019401BLK,1.0,3333.0,3333.0,0.0,3333.0,,القاهرة,Cash On Delivery
2006145335,2026-08-01 10:39:35,Aug 01,MP,lightsquare,Lighting Hanging,مصباح سقف أسود عصري من الألومنيوم - نجفة شوب RB1002-1D,RAN-6FXAGEH,1.0,225.0,225.0,22.5,202.5,LIT200,الأسماعيلية,Cash On Delivery
2006145341,2026-08-01 10:42:11,Aug 01,MP,amara,Mixers &amp; Blenders,هاند بلندر ميانتا، 1000 وات، HB11938A - اسود فضي,HB11938A-amara,1.0,1299.0,1299.0,0.0,1299.0,,القاهرة,Credit/Debit Card
2006145356,2026-08-01 10:45:26,Aug 01,raneen,raneen,Air Conditioner,تكييف سبليت ارتيفاي يونيون إير ، 2 حصان، بارد فقط، إنفرتر، بلازما، فريون R32، INV-ARTI015CY - ابيض,ELKIT1902WIT,1.0,22799.0,22799.0,0.0,22799.0,,القاهرة,Cash On Delivery
2006145365,2026-08-01 10:47:32,Aug 01,raneen,raneen,Office Chairs,كرسي مكتب معدن وسط ظهر شبك، هيدروليك، مسند فيبر، 5 عجلات، 50×50×110 سم - اسود,HO1139739BLK,1.0,1399.0,1399.0,162.0,1237.0,OFF500,الجيزة,valU
2006145365,2026-08-01 10:47:32,Aug 01,MP,hadymix,Desks,مكتب خشب ام دى اف، 100×80×50 سم - بيج,1130-hady,1.0,2919.0,2919.0,338.0,2581.0,OFF500,الجيزة,valU
2006145368,2026-08-01 10:48:17,Aug 01,MP,elprofessor,TV Stand &amp; Accessories,حامل تلفاز معدن ثابت ، 40-70 بوصة - اسود,AK5BLK,1.0,450.0,450.0,0.0,450.0,,الجيزة,Cash On Delivery
2006145368,2026-08-01 10:48:17,Aug 01,MP,hamlez,Bed Sheets,ملاءة سرير فاخرة مع أستك، قطن 100%، لون موف، عمق 30 سم، مقاس 160 سم، مع 2 كيس وسادة 50×70 سم، 3 قطع، مناسبة للمراتب السميكة,RAN-73SMUU4,1.0,405.0,405.0,0.0,405.0,,الجيزة,Cash On Delivery
2006145368,2026-08-01 10:48:17,Aug 01,MP,homecomfort,Air Conditioner,تكييف سبليت كاريير، 1.5 حصان بارد فقط، 53KHCT12N-708 - ابيض,EL1059990WIT-homecomfort,2.0,23225.0,46450.0,0.0,46450.0,,الجيزة,Cash On Delivery
2006145368,2026-08-01 10:48:17,Aug 01,MP,mam,Water Heaters,سخان مياه غاز فريش، 10 لتر - اسود,EL1087019BLK-mam,1.0,6999.0,6999.0,0.0,6999.0,,الجيزة,Cash On Delivery
2006145368,2026-08-01 10:48:17,Aug 01,raneen,raneen,Bed Sheets,طقم ملاية اطفال لازورد، 3 قطع، 170×240 سم - متعدد الالوان,TX1048853BU3,1.0,159.0,159.0,0.0,159.0,,الجيزة,Cash On Delivery
2006145368,2026-08-01 10:48:17,Aug 01,MP,attallah,Fans,مروحة ستاند تيفال، 16 بوصة، ريموت كنترول، VG4130EE - اسود,EL1092209BLK-attallah,1.0,2862.0,2862.0,0.0,2862.0,,الجيزة,Cash On Delivery
2006145368,2026-08-01 10:48:17,Aug 01,MP,goldena,Refrigerators &amp; Freezers,ثلاجة نوفروست بيكو، 4 ابواب، سعة 565 لتر، GNE134626BH - اسود,7299447932,1.0,83118.0,83118.0,0.0,83118.0,,الجيزة,Cash On Delivery
2006145368,2026-08-01 10:48:17,Aug 01,MP,katoshappliances,Televisions,تلفزيون سمارت تورنيدو، 70 بوصة، 4K ،DLED، مزود برسيفر داخلي، 70US1500E - اسود,3814,1.0,30799.0,30799.0,0.0,30799.0,,الجيزة,Cash On Delivery
4000158700,2026-08-01 10:52:47,Aug 01,MP,dukanabdelaziz,Water Dispenser,"Fresh Water Dispenser, 2 Taps, Cold/Low, FW17VFB2 - Black",51137-dukanabdelaziz,1.0,5980.0,5980.0,0.0,5980.0,,Giza,Credit/Debit Card
2006145377,2026-08-01 10:54:17,Aug 01,MP,alahramappliances,Cookers,بوتاجاز الاهرام، سطح ستانلس ستيل، 4 شعلة، 50×50 سم - فضى اسود,alahram-steel-50x50,1.0,3599.0,3599.0,0.0,3599.0,,Alexandria,Cash On Delivery
2006145383,2026-08-01 10:55:59,Aug 01,raneen,raneen,Cookware,طقم كسروله الومنيوم الزنوكي، قطعتين - فضي,HO1120456SLV,1.0,499.0,499.0,24.95,474.05,KCH200,الجيزة,Credit/Debit Card
2006145386,2026-08-01 10:56:50,Aug 01,MP,alhamdwater,Power &amp; Hand Tools,مضخة مياه ماكس وان، بقدرة 1 حصان، ايطالى - اسود,5hdd50MN1223,1.0,4300.0,4300.0,0.0,4300.0,,الغربية,Cash On Delivery
2006145389,2026-08-01 10:57:39,Aug 01,MP,caesar,Pajamas &amp; Sleepwear,طقم قطن للأولاد من سيزار - تيشيرت وشورت - طباعة الثعلب,20810-Multicolour-8,1.0,269.1,269.1,0.0,269.1,,الأسكندرية,Cash On Delivery
2006145389,2026-08-01 10:57:39,Aug 01,MP,caesar,Pajamas &amp; Sleepwear,بيجاما قطنية للبنات من سيزار مع تي شيرت وشورت,20977-multicolour-10,1.0,269.1,269.1,0.0,269.1,,الأسكندرية,Cash On Delivery
2006145389,2026-08-01 10:57:39,Aug 01,MP,caesar,Pajamas &amp; Sleepwear,بيجامه بناتي قطن بتصميم مخطط,21231-multicolour-12,1.0,305.0,305.0,0.0,305.0,,الأسكندرية,Cash On Delivery
2006145389,2026-08-01 10:57:39,Aug 01,MP,caesar,Pajamas &amp; Sleepwear,بيجامه بناتي قطن بتصميم مخطط,21231-multicolour-8,1.0,305.0,305.0,0.0,305.0,,الأسكندرية,Cash On Delivery
2006145389,2026-08-01 10:57:39,Aug 01,MP,caesar,Pajamas &amp; Sleepwear,طقم بيجاما قطني للبنات مع تيشيرت وشورت من سيزار,20871-multicolour-8,1.0,269.1,269.1,0.0,269.1,,الأسكندرية,Cash On Delivery
2006145392,2026-08-01 10:57:54,Aug 01,raneen,raneen,AirPods,ايربودز لاسلكية هوكو ، بلوتوث ، EQ24 - اسود,EL1148304BLK,1.0,599.0,599.0,0.0,599.0,,المنوفية,Cash On Delivery
2006145395,2026-08-01 10:58:37,Aug 01,raneen,raneen,Cookware,طقم حلل جرانيت ويف ماستر، 11 قطعة - روز,HO1095454ROS,1.0,3999.0,3999.0,0.0,3999.0,,الدقهلية,Cash On Delivery
2006145398,2026-08-01 11:00:46,Aug 01,raneen,raneen,Microwaves &amp; Ovens,"ميكروويف جاك, 1200 وات, 20 لتر, NGM-2002 - اسود",EL1019401BLK,1.0,3333.0,3333.0,0.0,3333.0,,البحر الأحمر,Cash On Delivery
2006145407,2026-08-01 11:01:46,Aug 01,raneen,raneen,Kitchenware,لوحة تقطيع خشب ام دي اف جروب تايجر، 28×38 سم - خشبي,HO1138321BSC,1.0,50.0,50.0,0.0,50.0,,القاهرة,Cash On Delivery
2006145413,2026-08-01 11:04:46,Aug 01,raneen,raneen,Keyboard &amp; Mouse,كيبورد جاما، سلكي، انجليزي عربي، يو اس بي، K-18 - اسود,EL1137849BLK,1.0,189.0,189.0,0.0,189.0,,الجيزة,Cash On Delivery
2006145413,2026-08-01 11:04:46,Aug 01,MP,egyptlaptop,Keyboard &amp; Mouse,ماوس لاسلكي ريدراجون، 2400 نقطة في البوصة، BM-2638 - احمر,BM-2638-RED,1.0,399.0,399.0,0.0,399.0,,الجيزة,Cash On Delivery
2006145416,2026-08-01 11:05:14,Aug 01,MP,ehabgroup,Mobile Phones,موبايل اوبو رينو 15 F ثنائي الشريحة ، 256 جيجا، 12 جيجا بايت رام، شبكة الجيل الخامس - ازرق,6932169394741,1.0,25555.0,25555.0,0.0,25555.0,,الغربية,Cash On Delivery
2006145422,2026-08-01 11:06:04,Aug 01,MP,mobileplus,Mobile Phones,موبايل سمارت انفنكس هوت 60 برو بلس، 256 جيجابايت، 8 جيجابايت رام، شبكة الجيل الرابع - فضى,EL1138499SLV-mobileplus,1.0,12400.0,12400.0,0.0,12400.0,,الأسماعيلية,El-Ahly Installments
2006145428,2026-08-01 11:08:48,Aug 01,raneen,raneen,Fryers,قلاية بدون زيت فريش، 7 لتر، 1800 وات، FAF-M1800B - اسود فضي,EL1120385SLV,1.0,4140.0,4140.0,0.0,4140.0,,الأسكندرية,Cash On Delivery
2006145428,2026-08-01 11:08:48,Aug 01,raneen,raneen,Microwaves &amp; Ovens,ميكروويف فريش، 28 لتر، 900 وات، FMW-28MC-BW - اسود,EL1120392BLK,1.0,5240.0,5240.0,0.0,5240.0,,الأسكندرية,Cash On Delivery
2006145431,2026-08-01 11:09:35,Aug 01,raneen,raneen,Drinkware,طقم فنجان شاي بلينك ماكس، 6 قطع، 190 مل - شفاف,HO1052497CLR,1.0,282.0,282.0,14.1,267.9,KCH200,الأسكندرية,Cash On Delivery
2006145431,2026-08-01 11:09:35,Aug 01,raneen,raneen,Cookware,براد ستانلس ستيل هاوس رولاند، شكل خشبي، يد بكالايت و غطاء صفارة، 3 لتر - اسود خشبي,HO1138333BK1,1.0,799.0,799.0,39.95,759.05,KCH200,الأسكندرية,Cash On Delivery
2006145431,2026-08-01 11:09:35,Aug 01,MP,molanafortraining,Cookware,براد فولاذ مقاوم للصدأ بمقبض خشبي، تصميم عصري بلمسة طبيعية، مزيج من الأناقة والعملية مع البراد المقاوم للصدأ,RAN-HHBR46Y,1.0,891.0,891.0,44.55,846.45,KCH200,الأسكندرية,Cash On Delivery
2006145434,2026-08-01 11:09:58,Aug 01,MP,evotech,PlayStation &amp; Accessories,صندوق ألعاب بتصميم كلاسيكي ومحمول بفيديو 8k ومحرك ألعاب بـ 64 جيجابايت لايت 4k وعصا تحكم لـ 10000 لعبة (ألعاب فيديو),Game-Stick,1.0,998.95,998.95,0.0,998.95,,القاهرة,Aman
2006145449,2026-08-01 11:18:12,Aug 01,raneen,raneen,Home &amp; Balcony Essentials,جزامة قماش العالمية، 7 ارفف، 125×30×60 سم,HO1043922DBU,1.0,200.0,200.0,0.0,200.0,,القاهرة,Cash On Delivery
2006145455,2026-08-01 11:22:48,Aug 01,raneen,raneen,Fans,مروحة بوكس فريش ، 12 بوصة ، 3 سرعات - ابيض,EL1049874GRY,1.0,966.0,966.0,0.0,966.0,,الجيزة,Cash On Delivery
2006145461,2026-08-01 11:25:09,Aug 01,MP,lightsquare,Lighting Hanging,مصباح سقف أسود عصري من الألومنيوم - نجفة شوب RB1002-1D,RAN-6FXAGEH,1.0,225.0,225.0,22.5,202.5,LIT200,الأسماعيلية,Cash On Delivery
2006145467,2026-08-01 11:28:14,Aug 01,MP,linesleep,Carpets,سجادة طويلة قطيفة مانعة الانزلاق، 100×200 سم - متعدد الالوان,selecthomecarpets8-linesleep,1.0,535.0,535.0,0.0,535.0,off500,السويس,Cash On Delivery
2006145467,2026-08-01 11:28:14,Aug 01,MP,futurefurniture,Beds,سرير خشب زان، مقاس كينج، 200×160×120 سم - رمادي، مع مرتبة سوست متصله، 200×160سم، ارتفاع 30 سم هدية,FFcv99GRY-Matrs,1.0,7999.0,7999.0,500.0,7499.0,off500,السويس,Cash On Delivery
2006145473,2026-08-01 11:28:46,Aug 01,raneen,raneen,Towels,بشكير بحر قطن مطبوع، 90×170 سم، 800 جرام تقريبا - متعدد الالوان,TX1084710MX0,1.0,299.0,299.0,14.95,284.05,Tex200,القاهرة,Credit/Debit Card
2006145473,2026-08-01 11:28:46,Aug 01,raneen,raneen,Towels,بشكير بحر قطن مطبوع، 90×170 سم، 800 جرام تقريبا - ازرق كحلي,TX1084710MX7,1.0,299.0,299.0,14.95,284.05,Tex200,القاهرة,Credit/Debit Card
2006145482,2026-08-01 11:31:14,Aug 01,MP,aldora,Mattress,مرتبة سرير سوست متصلة رومبا الدورا، طول 195 سم، ارتفاع 25 سم,ALDOMATT29MCL,1.0,4526.0,4526.0,200.0,4326.0,TEX200,Cairo,Cash On Delivery
2006145485,2026-08-01 11:31:32,Aug 01,raneen,raneen,Mobile Accessories,جراب حمايه موبايل جلد قابل للطي اتش دي دي، متوافق مع ايفون 14 بلس,EL1110424DGM,1.0,19.0,19.0,0.0,19.0,,القاهرة,Cash On Delivery
2006145485,2026-08-01 11:31:32,Aug 01,raneen,raneen,Mobile Accessories,جراب حمايه موبايل جلد قابل للطي اتش دي دي، متوافق مع ايفون 14 بلس,EL1110424BKM,1.0,19.0,19.0,0.0,19.0,,القاهرة,Cash On Delivery
2006145485,2026-08-01 11:31:32,Aug 01,raneen,raneen,Mobile Accessories,جراب حمايه موبايل جلد قابل للطي اتش دي دي، متوافق مع ايفون 14 برو,EL1110424BRP,2.0,19.0,38.0,0.0,38.0,,القاهرة,Cash On Delivery
2006145488,2026-08-01 11:31:36,Aug 01,raneen,raneen,Fans,مروحة بوكس فريش ، 12 بوصة ، 3 سرعات - ابيض,EL1049874GRY,1.0,966.0,966.0,0.0,966.0,,الجيزة,Cash On Delivery
2006145491,2026-08-01 11:32:02,Aug 01,raneen,raneen,Keyboard &amp; Mouse,كيبورد لا سلكي جاما، عربي انجليزي، مع ماوس لاسلكي، بطارية قابلة لأعادة الشحن، K-525 - اسود,EL1142826BLK,1.0,432.0,432.0,0.0,432.0,,الدقهلية,Cash On Delivery
2006145494,2026-08-01 11:32:55,Aug 01,raneen,raneen,Refrigerators &amp; Freezers,ثلاجة ديفروست باساب، 339 لتر، 2 باب، FG390 - فضي,EL1095822SLV,1.0,13699.0,13699.0,0.0,13699.0,,الشرقية,El-Ahly Installments
2006145497,2026-08-01 11:33:59,Aug 01,raneen,raneen,Water Heaters,سخان مياه هيرو لايت أوليمبك، 50 لتر، 945105408 - ابيض,EL1123366WIT,1.0,3669.0,3669.0,0.0,3669.0,,الأقصر,Cash On Delivery
2006145512,2026-08-01 11:34:52,Aug 01,raneen,raneen,Water Heaters,سخان مياه هيرو لايت أوليمبك، 50 لتر، 945105408 - ابيض,EL1123366WIT,1.0,3669.0,3669.0,0.0,3669.0,,الأقصر,Cash On Delivery
2006145515,2026-08-01 11:34:55,Aug 01,raneen,raneen,Washers &amp; Dryer,غسالة ملابس وايت بوينت، 8.5 كجم، تحميل علوي، ديجيتال، WPTL85DGBA - رمادى فاتح,EL1148971LGY,1.0,8499.0,8499.0,0.0,8499.0,,الجيزة,Cash On Delivery
2006145518,2026-08-01 11:35:07,Aug 01,raneen,raneen,Fryers,قلاية بدون زيت فيليبس، تقنية رابيد اير ، 4.1 لتر، 1550 وات، HD9243/90 - اسود,EL1120418BLK,1.0,5729.0,5729.0,0.0,5729.0,,الشرقية,Cash On Delivery
2006145527,2026-08-01 11:37:08,Aug 01,raneen,raneen,Air Coolers,مبرد هواء فريش ، 80 لتر ، FA - M80 - ابيض,EL1116287WIT,1.0,5549.0,5549.0,0.0,5549.0,,الجيزة,valU
2006145527,2026-08-01 11:37:08,Aug 01,raneen,raneen,Air Coolers,مبرد هواء ايه تى ايه، 30 لتر، 75 وات، AC-30N - ابيض رمادي,EL1129170WNG,1.0,2899.0,2899.0,0.0,2899.0,,الجيزة,valU
2006145530,2026-08-01 11:37:33,Aug 01,raneen,raneen,Iron Tables,ترابيزة مكواة لورا - ابيض,HO1038361GRY,1.0,699.0,699.0,0.0,699.0,,الجيزة,Cash On Delivery
2006145533,2026-08-01 11:38:23,Aug 01,raneen,raneen,Kitchen Accessories,شماعة ملابس معدن نزهة، 6 هوك، 50 سم - نحاسي,HO1116055COP,1.0,133.0,133.0,0.0,133.0,,Giza,Cash On Delivery
2006145533,2026-08-01 11:38:23,Aug 01,MP,ocean,Cleaning Tools &amp; Supplies,ماكينة ازالة الوبر من الاقمشة سوكاني، SK-881 - ازرق فاتح ابيض,1144-ocean,1.0,219.0,219.0,0.0,219.0,,Giza,Cash On Delivery
2006145533,2026-08-01 11:38:23,Aug 01,raneen,raneen,Cleaning Tools &amp; Supplies,يد خشب رينامورا، 120 سم - بنى,HO1063225BSC,1.0,77.0,77.0,0.0,77.0,,Giza,Cash On Delivery
2006145533,2026-08-01 11:38:23,Aug 01,MP,tibatrading,Cleaning Tools &amp; Supplies,ممسحة أرضية متعددة الاستخدامات، 360 درجة - اخضر,TIBA.KIT.229TUR,1.0,139.0,139.0,0.0,139.0,,Giza,Cash On Delivery
2006145539,2026-08-01 11:41:08,Aug 01,raneen,raneen,Fans,مروحة ستاند جلاكسى فريش، 16 بوصة، 3 ريشة، 3 سرعات - ازرق,EL1059662BLU,1.0,1460.0,1460.0,0.0,1460.0,,الجيزة,Cash On Delivery
2006145539,2026-08-01 11:41:08,Aug 01,raneen,raneen,Water Filters Accessories,عبوة شمع لفلتر مياه تانك، 3 مراحل ، 4 شمعات - متعدد الالوان,HO1043823MC1,5.0,195.0,975.0,0.0,975.0,,الجيزة,Cash On Delivery
2006145542,2026-08-01 11:42:43,Aug 01,raneen,raneen,Towels,بشكير بحر قطن مطبوع، 90×170 سم، 800 جرام تقريبا - ازرق كحلي,TX1084710MX7,1.0,299.0,299.0,14.95,284.05,Tex200,القاهرة,Credit/Debit Card
2006145554,2026-08-01 11:50:11,Aug 01,raneen,raneen,Kitchenware,شبكة تبريد المخبوزات معدن نيوفلام، 37×51 سم - اسود,HO1107756BLK,1.0,499.0,499.0,0.0,499.0,,القاهرة,Credit/Debit Card
2006145566,2026-08-01 11:55:19,Aug 01,raneen,raneen,Packaging,ملصق تأمين منتجات بلاستيك رنين، 100 قطعة - احمر,HO1113118RED,1.0,99.0,99.0,0.0,99.0,,القاهرة,Cash On Delivery
2006145566,2026-08-01 11:55:19,Aug 01,raneen,raneen,Packaging,طقم اكياس فلاير بلاستيك مطبوع، 50 قطعة، 50×55 سم - رمادي احمر,HO1126653GRY,1.0,329.0,329.0,0.0,329.0,,القاهرة,Cash On Delivery
2006145566,2026-08-01 11:55:19,Aug 01,raneen,raneen,Packaging,طقم اكياس فلاير بلاستيك مطبوع، 50 قطعة، 35×40 سم - رمادي احمر,HO1126652GRY,1.0,179.0,179.0,0.0,179.0,,القاهرة,Cash On Delivery
2006145569,2026-08-01 11:55:26,Aug 01,raneen,raneen,Air Conditioner,تكييف سبليت كاريير، اكس كول، 2.25 حصان، بارد ساخن، 53QHEFT18N8 - ابيض,EL1147498WIT,1.0,37999.0,37999.0,0.0,37999.0,,البحر الأحمر,Cash On Delivery
2006145572,2026-08-01 11:55:41,Aug 01,raneen,raneen,Kids Bags,شنطة ظهر مدرسية 3D ميكروفايبر للاولاد، 3 سوستة، 17 بوصة، بالاضافة الي مقلمة - متعدد الالوان,HO1150459MC6,1.0,399.0,399.0,0.0,399.0,,البحيرة,Premium Card
2006145572,2026-08-01 11:55:41,Aug 01,MP,shoppingonline,Laptop Accessories,شنطة ظهر للابتوب للسفر فانداري مقاومة للماء، 15.6 بوصة ,B0915X3DVW,1.0,365.75,365.75,0.0,365.75,,البحيرة,Premium Card
2006145578,2026-08-01 11:57:31,Aug 01,MP,unclesamlighting,Home Decor,اناء زرع بلاستيك ، 6 قطع - ابيض اخضر,9-unclesamlighting,1.0,338.0,338.0,0.0,338.0,,القاهرة,Cash On Delivery
2006145578,2026-08-01 11:57:31,Aug 01,MP,nourstore,Home Decor,حوض نبات صناعي أبيض 30 سم بمادة الأكريليك,RAN-QVEKQ4T,1.0,280.0,280.0,0.0,280.0,,القاهرة,Cash On Delivery
2006145578,2026-08-01 11:57:31,Aug 01,MP,wallmaster,Watches &amp; Alarms,ساعة حائط، خشب أم دي أف، 305×80×80×0.5 - اسود,MZAG305BLK,1.0,659.0,659.0,0.0,659.0,,القاهرة,Cash On Delivery
2006145578,2026-08-01 11:57:31,Aug 01,raneen,raneen,Cookers,بوتجاز الاهرام، ستانلس ستيل، 4 شعلة، شواية، 50×50 سم - فضى اسود,EL1109463SLV,1.0,4349.0,4349.0,0.0,4349.0,,القاهرة,Cash On Delivery
4000158706,2026-08-01 12:01:00,Aug 01,MP,shahrazad,Pillows,"Fiber Cushion, 4 Pieces, 50x50cm - White",B0923573HC,3.0,360.0,1080.0,0.0,1080.0,,Qalyubia,Cash On Delivery
2006145587,2026-08-01 12:01:58,Aug 01,raneen,raneen,Dishwasher,غسالة أطباق بيكو، 14 فرد، 5 برامج، 60 سم، نظافة مكثفة، BDFN15420B - أسود,EL1098393BLK,1.0,18729.0,18729.0,0.0,18729.0,,الأسكندرية,valU
2006145596,2026-08-01 12:03:21,Aug 01,raneen,raneen,Bed Sheets,طقم ملاية اطفال لازورد، 3 قطع، 170×240 سم - متعدد الالوان,TX1048853BU3,5.0,159.0,795.0,0.0,795.0,,القاهرة,Cash On Delivery
2006145605,2026-08-01 12:03:54,Aug 01,MP,aurafurniture,Dining Rooms,غرفة طعام خشب زان أحمر، 5 قطع ، قطيفه - خشبي,ZM30WOD-aurafurniture,1.0,13700.0,13700.0,500.0,13200.0,OFF500,الجيزة,Cash On Delivery
2006145608,2026-08-01 12:04:21,Aug 01,raneen,raneen,Televisions,تلفزيون سمارت هايسينس، 50 بوصة، 4K UHD، LED ، 50A6N - اسود,EL1144874BLK,1.0,13999.0,13999.0,0.0,13999.0,,الجيزة,valU
2006145626,2026-08-01 12:06:28,Aug 01,MP,ammerkatosh,Water Heaters,سخان مياه كهرباء ريلاكس فريش، 50 لتر - ابيض,500008902-ammerkatosh,1.0,3274.0,3274.0,0.0,3274.0,,الجيزة,Cash On Delivery
2006145644,2026-08-01 12:09:53,Aug 01,raneen,raneen,Luggage,شنطة سفر ترولي سيليكون، 24 بوصة، 5 سوستة، قفل رقمى - رمادي,HO1149627GRY,1.0,1599.0,1599.0,79.95,1519.05,FLY200,القليوبية,valU
2006145650,2026-08-01 12:13:12,Aug 01,raneen,raneen,Air Conditioner,تكييف سبليت ميديا، اكستريم برو، 1.5 حصان، بارد فقط، M1SEFT-12CRN8F-Q8 R32(MOSEFT-12CN8-X2Q8) - ابيض,EL1147502WIT,1.0,21899.0,21899.0,0.0,21899.0,,الجيزة,valU
2006145659,2026-08-01 12:15:11,Aug 01,raneen,raneen,Storage,طقم لانش بوكس بلاستيك ام ديزاين، 2.1 لتر، 5 قطع - احمر تركواز,HO1119523FNT,1.0,399.0,399.0,19.95,379.05,KCH200,القاهرة,Cash On Delivery
2006145662,2026-08-01 12:15:52,Aug 01,raneen,raneen,Action Toys,لعبة بابلز بلاستيك للاطفال، شكل شمسية، 3 قطع - متعدد الالوان,TY1150368MC1,1.0,30.0,30.0,0.0,30.0,,الجيزة,Cash On Delivery
2006145665,2026-08-01 12:16:29,Aug 01,MP,talhastore,Men&#039;s Bags,شنطة كتف مضادة للسرقة مع شحن USB سيزفيل - أسود,B0BLZ5K4K4,1.0,300.0,300.0,15.0,285.0,F10,القاهرة,Cash On Delivery
2006145689,2026-08-01 12:19:42,Aug 01,MP,rofaeeltrade,Dishwasher,غسالة اطباق فريش، 13 فرد، 60 سم، DWSS13SLA - فضي,DWSS13SLA,1.0,16694.0,16694.0,0.0,16694.0,,سوهاج,Cash On Delivery
2006145692,2026-08-01 12:19:46,Aug 01,raneen,raneen,Washers &amp; Dryer,غسالة ملابس توشيبا فول اوتوماتيك، 8 كجم، 1400 لفة، موتور انفرتر، شاشة ديجيتال، واي فاي، بخار، TW-BK90GF4EG-MK - رمادي غامق,EL1104805DGY,1.0,18909.0,18909.0,0.0,18909.0,,القليوبية,Cash On Delivery
2006145692,2026-08-01 12:19:46,Aug 01,raneen,raneen,Cookers,بوتاجاز بلازا فريش، 5 شعلة، 60×90 سم، غاز، سطح ستانلس، مروحة، نصف امان - اسود,EL1110535BLK,1.0,12699.0,12699.0,0.0,12699.0,,القليوبية,Cash On Delivery
2006145698,2026-08-01 12:22:13,Aug 01,MP,abdelaziz,Shaving &amp; Grooming,ماكينه حلاقه فى جى ار متعددة الاستخدام للرجال، v-977+377 - أحمر,V-977+377,1.0,3450.0,3450.0,0.0,3450.0,,الجيزة,Premium Card
2006145701,2026-08-01 12:22:46,Aug 01,MP,ammerkatosh,Fans,مروحة ستاند صناعية فريش، 26 بوصة، 3 سرعات، 3 ريشة، 500004498 - اسود,500004498-ammerkatosh,3.0,4589.0,13767.0,0.0,13767.0,,القاهرة,Cash On Delivery
2006145707,2026-08-01 12:25:35,Aug 01,raneen,raneen,Smart Watches,ساعة سمارت اس بي 9 الترا ماكس كونيكت مي، 49 مم، شاشة 2.01 بوصة، شاحن لاسلكي - فضي,EL1128884MC1,1.0,375.0,375.0,0.0,375.0,,كفر الشيخ,Cash On Delivery
2006145716,2026-08-01 12:26:25,Aug 01,raneen,raneen,Center Table,ترابيزة وسط خشب ام دي اف اسبانى، ، 60×102×40 سم، رف جانبي + 1 عين سفلي - بنى,HO1099516DBR,1.0,2599.0,2599.0,0.0,2599.0,,أسيوط,Cash On Delivery
2006145719,2026-08-01 12:26:56,Aug 01,raneen,raneen,Cookware,طقم كنك الومنيوم شيف كوك، 3 قطع - فضي,HO1139470SLV,2.0,200.0,400.0,20.0,380.0,KCH200,بني سويف,Cash On Delivery
2006145719,2026-08-01 12:26:56,Aug 01,raneen,raneen,Dinnerware,طقم عدلية المونيوم ماجيستك، 4 قطع - فضي,HO1111767SLV,1.0,200.0,200.0,10.0,190.0,KCH200,بني سويف,Cash On Delivery
2006145719,2026-08-01 12:26:56,Aug 01,raneen,raneen,Cookware,طقم قلاية الومنيوم ماجيك، قطعتين - فضي,HO1145773SLV,2.0,200.0,400.0,20.0,380.0,KCH200,بني سويف,Cash On Delivery
2006145719,2026-08-01 12:26:56,Aug 01,raneen,raneen,Cookware,طقم صينية بسبوسة الومنيوم ماجيك، 3 قطع - فضي,HO1148567SLV,1.0,200.0,200.0,10.0,190.0,KCH200,بني سويف,Cash On Delivery
2006145719,2026-08-01 12:26:56,Aug 01,raneen,raneen,Serveware,طقم صواني تقديم معدن مستديره شيف كوك، 3 قطع - فضي,HO1145862SLV,3.0,100.0,300.0,15.0,285.0,KCH200,بني سويف,Cash On Delivery
2006145719,2026-08-01 12:26:56,Aug 01,raneen,raneen,Mixers &amp; Blenders,خلاط كهربائي رويال، 1.5 لتر، 2 مطحنة، 400 وات، BL450/W - ابيض,EL1114987WIT,1.0,570.0,570.0,0.0,570.0,KCH200,بني سويف,Cash On Delivery
2006145728,2026-08-01 12:28:58,Aug 01,raneen,raneen,Air Coolers,مبرد هواء سوناي، ديجيتال، 60 لتر، 3 سرعات، ريموت كنترول، MAR-60DG - ابيض رمادي,EL1146956WNG,1.0,5659.0,5659.0,0.0,5659.0,,الدقهلية,Cash On Delivery
2006145734,2026-08-01 12:30:02,Aug 01,MP,trueline,Air Coolers,مبرد هواء فريش، 210 وات، 80 لتر، FA-M80W - ابيض,EL1091828GRY-trueline,1.0,5500.0,5500.0,0.0,5500.0,,الجيزة,Cash On Delivery
2006145743,2026-08-01 12:31:32,Aug 01,raneen,raneen,Kettles,غلاية كهربائية بيركس سوكاني، 2.5 لتر، 1500 وات، SK-09077 - فضي اسود,EL1149477BNS,1.0,769.0,769.0,0.0,769.0,,القاهرة,Cash On Delivery
2006145746,2026-08-01 12:32:14,Aug 01,raneen,raneen,Bedding,بطانية قطيفة طبقتين اصلان، 240×220 سم، 6 كجم - متعدد الالوان,TX1084636BR9,1.0,1699.0,1699.0,84.95,1614.05,TEX200,بني سويف,Cash On Delivery
2006145755,2026-08-01 12:35:01,Aug 01,MP,shoppingonline,Men&#039;s Bags,شنطة كتف جلد صناعي بسعة كبيرة، صغيرة - أسود,B0CXG6844S,1.0,300.2,300.2,15.01,285.19,FLY200,Al Daqahliya,Cash On Delivery
2006145785,2026-08-01 12:38:46,Aug 01,MP,hometech2024,Kitchen Scale,ميزان مطبخ، حمولة حتى 10 كجم، SF-400 - ابيض,hometech2024sf-400,1.0,189.99,189.99,9.5,180.49,KCH200,سوهاج,Cash On Delivery
2006145788,2026-08-01 12:39:10,Aug 01,raneen,raneen,AirPods,ايربودز هونر تشويس اكتيف، بلوتوث، x7e - ابيض,EL1144794WIT,1.0,399.0,399.0,0.0,399.0,,الغربية,Cash On Delivery
2006145791,2026-08-01 12:40:32,Aug 01,raneen,raneen,Washers &amp; Dryer,غساله اتوماتيك زانوسي ، تحميل امامى ، 9 كيلو ، موتور انفرتر ، 914909478 - اسود,EL1143056BND,1.0,21999.0,21999.0,0.0,21999.0,,Giza,Cash On Delivery
2006145794,2026-08-01 12:41:09,Aug 01,raneen,raneen,Mobile Phones,موبايل سامسونج جلاكسى A16، شبكة الجيل الرابع، 128 جيجا بايت، 4 جيجا بايت رام - اسود,EL1122777BLK,1.0,7599.0,7599.0,0.0,7599.0,,الأسكندرية,Cash On Delivery
2006145797,2026-08-01 12:41:30,Aug 01,MP,hadymix,Shoe Rack,جزامة خشب شيب بورد، 2 درفة، 30x60x90 سم - بني,Hadymix-11011,1.0,999.0,999.0,0.0,999.0,,القاهرة,Cash On Delivery
2006145797,2026-08-01 12:41:30,Aug 01,raneen,raneen,Cleaning Tools &amp; Supplies,مقشة ارضيات شعيرات ناعمة بلاستيك يورك، يد معدن، 110 سم - اخضر اسود,HO1126703GR1,1.0,232.0,232.0,0.0,232.0,,القاهرة,Cash On Delivery
2006145797,2026-08-01 12:41:30,Aug 01,MP,jphome,Cleaning Tools &amp; Supplies,حامل مقشة بلاستيك متعدد الوظائف - أبيض,JP1213456585,1.0,238.0,238.0,0.0,238.0,,القاهرة,Cash On Delivery
2006145797,2026-08-01 12:41:30,Aug 01,raneen,raneen,Cleaning Tools &amp; Supplies,مساحة ارضيات بلاستيك بيد معدن نابولي برو الهلال و النجمة، 125×40 سم - اسود احمر,HO1118126BNR,1.0,223.0,223.0,0.0,223.0,,القاهرة,Cash On Delivery
2006145797,2026-08-01 12:41:30,Aug 01,raneen,raneen,Bowl,بولة صغيرة مسك - بنفسجي,HO1012871PPR,1.0,61.0,61.0,0.0,61.0,,القاهرة,Cash On Delivery
2006145818,2026-08-01 12:47:16,Aug 01,MP,lightcart,Cleaning Tools &amp; Supplies,&quot;ماستربيس تواليت: عطر ومنظف 3 في 1 برائحة استثنائية، متعدد الألوان,RAN-2238UEE,3.0,99.0,297.0,14.85,282.15,KCH200,الجيزة,Cash On Delivery
2006145818,2026-08-01 12:47:16,Aug 01,raneen,raneen,Cleaning Tools &amp; Supplies,طقم فرشاه بالجاروف بلاستيك، قطعتين، 25×35 سم - شفاف,HO1146421CLR,1.0,95.0,95.0,4.75,90.25,KCH200,الجيزة,Cash On Delivery
2006145818,2026-08-01 12:47:16,Aug 01,raneen,raneen,Cleaning Tools &amp; Supplies,فوطة مطبخ قطن، 30×50 سم، 85 جرام تقريبا - متعدد الالوان,TX1021941MA0,1.0,15.0,15.0,0.75,14.25,KCH200,الجيزة,Cash On Delivery
2006145818,2026-08-01 12:47:16,Aug 01,raneen,raneen,Cleaning Tools &amp; Supplies,طقم فوطة مطبخ قماش، 2 وجه، 3 قطع، 24 سم - متعدد الالوان,TX1128939MC1,1.0,37.0,37.0,1.85,35.15,KCH200,الجيزة,Cash On Delivery
2006145818,2026-08-01 12:47:16,Aug 01,raneen,raneen,Cleaning Tools &amp; Supplies,طقم فوطة مطبخ قماش، 2 وجه، 3 قطع، 20×20 سم - متعدد الالوان,HO1128940MC1,1.0,25.0,25.0,1.25,23.75,KCH200,الجيزة,Cash On Delivery
2006145818,2026-08-01 12:47:16,Aug 01,raneen,raneen,Cleaning Tools &amp; Supplies,طقم اسفنجة تنظيف اواني تايم كلين، 3 قطع، 7×15 سم -رمادي,HO1106970GRY,1.0,68.0,68.0,3.4,64.6,KCH200,الجيزة,Cash On Delivery
2006145818,2026-08-01 12:47:16,Aug 01,MP,dukanalaa,Hair Care,فرشاة شعر كهربائية سوكاني، 45 وات، SK-1009 - اسود,EL1109134BLK-dukanalaa,1.0,322.0,322.0,0.0,322.0,KCH200,الجيزة,Cash On Delivery
2006145818,2026-08-01 12:47:16,Aug 01,raneen,raneen,Cleaning Tools &amp; Supplies,طقم اسفنجة تنظيف اواني تايم كلين، 3 قطع، 7×14 سم -متعدد الالوان,HO1106969MC1,1.0,60.0,60.0,3.0,57.0,KCH200,الجيزة,Cash On Delivery
2006145818,2026-08-01 12:47:16,Aug 01,raneen,raneen,Cleaning Tools &amp; Supplies,طقم ادوات تنظيف ماستر وان، 3 قطع - متعدد الالوان,HO1077627SV1,1.0,16.0,16.0,0.8,15.2,KCH200,الجيزة,Cash On Delivery
2006145818,2026-08-01 12:47:16,Aug 01,MP,lightcart,Cleaning Tools &amp; Supplies,فرشة تنظيف أرضية 2 في 1 من بلاستيك ومعدن - متعدد الألوان,EIB-56750-LIGHT-CARD-6773,1.0,116.0,116.0,5.8,110.2,KCH200,الجيزة,Cash On Delivery
2006145818,2026-08-01 12:47:16,Aug 01,raneen,raneen,Cleaning Tools &amp; Supplies,طقم اسفنج مواعين  كروازى، قطعنين - متعدد الالوان,HO1025799MC1,1.0,50.0,50.0,2.5,47.5,KCH200,الجيزة,Cash On Delivery
2006145818,2026-08-01 12:47:16,Aug 01,MP,pharmacyly,Soap &amp; Shower Gel,شاور جل بجوز الهند هيفين، 1لتر,MLSHOWER-1002,1.0,106.0,106.0,0.0,106.0,KCH200,الجيزة,Cash On Delivery
2006145818,2026-08-01 12:47:16,Aug 01,MP,asouaaq,Skin Care,قفازات جل مرطبة لتنعيم البشرة المتشققة - 2 زوج، قناع يد سبا من القطن,RAN-4VPNCCW,1.0,125.0,125.0,0.0,125.0,KCH200,الجيزة,Cash On Delivery
2006145818,2026-08-01 12:47:16,Aug 01,raneen,raneen,Cleaning Tools &amp; Supplies,باسكت قمامة بلاستيك بغطاء ضاغط الوطنية، 23×23×30 سم - اوف وايت,HO1145050OF1,1.0,247.0,247.0,12.35,234.65,KCH200,الجيزة,Cash On Delivery
2006145818,2026-08-01 12:47:16,Aug 01,raneen,raneen,Kitchenware,مصفاه فاكهة بلاستيك الهدي، 22×7 سم - اخضر,HO1095199GRN,1.0,60.0,60.0,3.0,57.0,KCH200,الجيزة,Cash On Delivery
2006145818,2026-08-01 12:47:16,Aug 01,raneen,raneen,Cleaning Tools &amp; Supplies,عبوة جوانتى بلاستيك ويزي، 50 قطعة، مقاس L - شفاف,HO1122038GR1,1.0,171.0,171.0,8.55,162.45,KCH200,الجيزة,Cash On Delivery
2006145818,2026-08-01 12:47:16,Aug 01,raneen,raneen,Bathroom Accessories,مضخه صابون بلاستيك بحامل اسفنج وينر بلاست، 16.5×15.5×7.5 سم - ابيض,HO1144011WIT,1.0,77.0,77.0,3.85,73.15,KCH200,الجيزة,Cash On Delivery
2006145818,2026-08-01 12:47:16,Aug 01,raneen,raneen,Bathroom Accessories,مضخه صابون بلاستيك لمسة بلاست، مع حامل اسفينج، 13.5×10×24 سم - ابيض ازرق,HO1123830WNB,1.0,90.0,90.0,4.5,85.5,KCH200,الجيزة,Cash On Delivery
2006145818,2026-08-01 12:47:16,Aug 01,MP,tetrachem,Soap &amp; Shower Gel,صابون مطهر ستيريماكس، 1 لتر,6224008777137,1.0,69.0,69.0,0.0,69.0,KCH200,الجيزة,Cash On Delivery
2006145821,2026-08-01 12:48:14,Aug 01,MP,linesleep,Mattress,مرتبة تطرية فايبر لاين سليب، 195×120 سم - بيج,MTRS37195X120BG,1.0,620.0,620.0,0.0,620.0,,القاهرة,valU
2006145821,2026-08-01 12:48:14,Aug 01,raneen,raneen,Storage,ستاند منزلى متحرك، 3 دور، 70×54×15.5 سم - ابيض,HO1070312WHT,1.0,139.0,139.0,0.0,139.0,,القاهرة,valU
2006145821,2026-08-01 12:48:14,Aug 01,MP,alaasasmarketplace,Underwear’s,طقم بوكسر و فانلة قطن للرجال دايس، 3 قطع - متعدد الالوان,Qa-24,1.0,603.84,603.84,0.0,603.84,,القاهرة,valU
2006145821,2026-08-01 12:48:14,Aug 01,raneen,raneen,Storage,طقم علب بقوليات بلاستيك، 6 قطع - رمادي داكن,HO1147695DGY,1.0,100.0,100.0,0.0,100.0,,القاهرة,valU
2006145821,2026-08-01 12:48:14,Aug 01,raneen,raneen,Ladders &amp; Clothes Dryer,منشر غسيل بلاستيك الوطنية، 107×173×54 سم - رمادي,HO1094224GRY,1.0,899.0,899.0,0.0,899.0,,القاهرة,valU
2006145821,2026-08-01 12:48:14,Aug 01,raneen,raneen,Kitchenware,طقم برطمانات توابل زجاج، بغطاء بلاستيك، 15 قطعة، 120 مل - شفاف,HO1131831CNB,1.0,299.0,299.0,0.0,299.0,,القاهرة,valU
2006145821,2026-08-01 12:48:14,Aug 01,MP,alaasasmarketplace,Underwear’s,طقم ملابس داخلية قطن للرجال قطونيل، قطعتين - اسود رمادي,Qa-126,1.0,449.0,449.0,0.0,449.0,,القاهرة,valU
2006145821,2026-08-01 12:48:14,Aug 01,raneen,raneen,Home &amp; Balcony Essentials,ترابيزه مستديرة بلاستيك كساب بلس، 75 سم - اسود,HO1090919BK1,1.0,399.0,399.0,0.0,399.0,,القاهرة,valU
2006145821,2026-08-01 12:48:14,Aug 01,raneen,raneen,Home &amp; Balcony Essentials,كرسي بلاستيك، 50×80×55 سم - اسود,HO1107947BLK,1.0,200.0,200.0,0.0,200.0,,القاهرة,valU
2006145821,2026-08-01 12:48:14,Aug 01,raneen,raneen,Bed Sheets,طقم ملاية سرير لازورد، 3 قطع، 170×240 سم - ازرق ابيض,TX1015868ME7,1.0,159.0,159.0,0.0,159.0,,القاهرة,valU
2006145821,2026-08-01 12:48:14,Aug 01,raneen,raneen,Home &amp; Balcony Essentials,جزامة بلاستيك العالمية، غطاء قماش، 9 رف، 160×60×30 سم - كحلي,HO1116023NVY,1.0,450.0,450.0,0.0,450.0,,القاهرة,valU
2006145821,2026-08-01 12:48:14,Aug 01,raneen,raneen,Bed Sheets,طقم ملاية سرير لازورد، 3 قطع، 170×240 سم - تركواز ابيض,TX1015868ME6,1.0,159.0,159.0,0.0,159.0,,القاهرة,valU
2006145821,2026-08-01 12:48:14,Aug 01,raneen,raneen,Bed Sheets,طقم ملاية سرير لازورد، 3 قطع، 170×240 سم - متعدد الالوان,TX1015868ME5,1.0,159.0,159.0,0.0,159.0,,القاهرة,valU
2006145821,2026-08-01 12:48:14,Aug 01,raneen,raneen,Storage,استاند منزلي بلاستيك العالمية، 3 دور، 4 عجلة، 75×18×75 سم - رمادي,HO1135617LGY,1.0,115.0,115.0,0.0,115.0,,القاهرة,valU
2006145821,2026-08-01 12:48:14,Aug 01,raneen,raneen,Storage,شانون بلاستيك الوطنية، 47×37×110 سم، 5 درج - بيج ابيض,HO1067161MC6,1.0,999.0,999.0,0.0,999.0,,القاهرة,valU
2006145821,2026-08-01 12:48:14,Aug 01,raneen,raneen,Storage,طقم علب تخزين بقوليات بلاستيك حجازي بلاست، 5 قطع، 1.9 لتر، بالاضافة الي 5 قطع معيار، 180 مل - بينك تركواز,HO1107557MC1,1.0,100.0,100.0,0.0,100.0,,القاهرة,valU
2006145821,2026-08-01 12:48:14,Aug 01,raneen,raneen,Coffee Makers,غلاية قهوة سوكاني، 600 وات، 800 مل، SK-09045 - اسود,EL1149481BLK,1.0,402.0,402.0,0.0,402.0,,القاهرة,valU
2006145821,2026-08-01 12:48:14,Aug 01,raneen,raneen,Home &amp; Balcony Essentials,كرسي بلاستيك سفير، 55×60×80 سم - رمادي,HO1131006GRY,1.0,325.0,325.0,0.0,325.0,,القاهرة,valU
2006145821,2026-08-01 12:48:14,Aug 01,raneen,raneen,Kitchenware,مصفاة اطباق وملاعق بلاستيك وينر بلاست، قطعتين، 48×33 سم - بني بيج,HO1101377BEG,1.0,294.0,294.0,0.0,294.0,,القاهرة,valU
2006145821,2026-08-01 12:48:14,Aug 01,raneen,raneen,Home &amp; Balcony Essentials,كرسي بلاستيك سفير، 52×57×76 سم - بيج,HO1131010BEG,1.0,299.0,299.0,0.0,299.0,,القاهرة,valU
2006145821,2026-08-01 12:48:14,Aug 01,MP,agyad,Kitchen Accessories,&quot;غطاء تاربولين مقاوم للماء لغسالات الأوتوماتيك - الحمولة (14/15/16) كجم -ماركة عامة- رقم المنتج: Y8-MYX7-Z1LN&quot;,RAN-F27VGWP,1.0,399.98,399.98,0.0,399.98,,القاهرة,valU
2006145821,2026-08-01 12:48:14,Aug 01,raneen,raneen,Home &amp; Balcony Essentials,ترابيزة بلاستيك مربعة سفير، برف سفلي، 60×65 سم - بني,HO1137090BR1,1.0,299.0,299.0,0.0,299.0,,القاهرة,valU
2006145821,2026-08-01 12:48:14,Aug 01,raneen,raneen,Home &amp; Balcony Essentials,ترابيزة بلاستيك مربعة سفير، برف سفلي، 60×65 سم - رمادي,HO1137090GRY,1.0,299.0,299.0,0.0,299.0,,القاهرة,valU
2006145821,2026-08-01 12:48:14,Aug 01,raneen,raneen,Kitchenware,طقم برطمان توابل اكريليك، غطاء خشب، 8 قطع، 250 مل، 2 استاند اكريليك، 8 معلقة بلاستيك هدية - شفاف خشبي,HO1125144CLR,1.0,299.0,299.0,0.0,299.0,,القاهرة,valU
2006145821,2026-08-01 12:48:14,Aug 01,raneen,raneen,Cookware,طقم صواني بيتزا تروفال الزنوكي، 3 قطع - احمر داكن,HO1007346DRD,1.0,599.0,599.0,0.0,599.0,,القاهرة,valU
2006145821,2026-08-01 12:48:14,Aug 01,MP,linesleep,Mattress,مرتبة تطرية لتخفيف الام الظهر، حشو فايبر، 120 x 195 سم، 800 جرام- رمادي,1911ee-linesleep,1.0,620.0,620.0,0.0,620.0,,القاهرة,valU
2006145827,2026-08-01 12:49:00,Aug 01,raneen,raneen,Fans,مروحة ستاند الشبح فريش، 18 بوصة، 3 سرعات - احمر,EL1049885BLK,1.0,1939.0,1939.0,0.0,1939.0,,الجيزة,Credit/Debit Card
2006145833,2026-08-01 12:50:56,Aug 01,raneen,raneen,Towels,بشكير بحر قطن مطبوع، 90×170 سم، 800 جرام تقريبا - رمادي اسود,TX1084710MO5,1.0,299.0,299.0,14.95,284.05,TEX200,القاهرة,Credit/Debit Card
2006145839,2026-08-01 12:52:36,Aug 01,raneen,raneen,Mobile Phones,موبايل سامسونج جلاكسى A16، شبكة الجيل الرابع، 128 جيجا بايت، 4 جيجا بايت رام - اسود,EL1122777BLK,1.0,7599.0,7599.0,0.0,7599.0,,كفر الشيخ,Cash On Delivery
2006145842,2026-08-01 12:54:01,Aug 01,raneen,raneen,Carpets,سجادة أطفال فوم مضغوط وجهين، 190×150 سم - متعدد الالوان,TX1144439MC4,1.0,299.0,299.0,0.0,299.0,,القاهرة,Cash On Delivery
2006145842,2026-08-01 12:54:01,Aug 01,MP,linesleep,Carpets,سجادة طويلة قطيفة مانعة الانزلاق، 100×200 سم - متعدد الالوان,selecthomecarpets4-linesleep,1.0,535.0,535.0,0.0,535.0,,القاهرة,Cash On Delivery
2006145842,2026-08-01 12:54:01,Aug 01,MP,linesleep,Carpets,حافظة سجاد مستطيلة قطيفة، 160×250 سم - متعدد الالوان,selecthomecarpets15-linesleep,1.0,760.0,760.0,0.0,760.0,,القاهرة,Cash On Delivery
2006145860,2026-08-01 12:58:08,Aug 01,MP,amara,Irons,مكواه بخار محموله ميانتا ، 270 مل ، 1650 وات ، GS42809A - ذهبي,GS42809A-amara,1.0,2199.0,2199.0,0.0,2199.0,,القاهرة,Cash On Delivery
2006145869,2026-08-01 13:02:26,Aug 01,raneen,raneen,Mixers &amp; Blenders,خلاط كهربائي رويال، 1.5 لتر، 2 مطحنة، 400 وات، BL450/W - ابيض,EL1114987WIT,1.0,570.0,570.0,0.0,570.0,,القاهرة,Souhoola
2006145872,2026-08-01 13:05:12,Aug 01,raneen,raneen,Bed Sheets,طقم ملاية سرير لازورد، 3 قطع، 170×240 سم - ابيض برتقالي,TX1015868MZ7,1.0,159.0,159.0,0.0,159.0,,الجيزة,Cash On Delivery
4000158730,2026-08-01 13:09:14,Aug 01,MP,amae,Perfumes,Kayali Lovefest Burning Cherry Eau de Parfum | 48 - 100ml,KAY-LBC-48-100ML,1.0,449.0,449.0,0.0,449.0,,Giza,Cash On Delivery
2006145890,2026-08-01 13:09:59,Aug 01,MP,dukanalaa,Shaving &amp; Grooming,"ماكينة حلاقة فيجي ار، شفرتين, شحن سريع، 500 مللي أمبير، VGR V-360 - اسود",v-360,1.0,750.0,750.0,0.0,750.0,,الشرقية,Aman
2006145893,2026-08-01 13:10:06,Aug 01,raneen,raneen,Dinnerware,طقم عشاء أركوبال اماراتي لومينارك، 26 قطعة - ابيض,HO1124768WI1,1.0,1249.0,1249.0,62.45,1186.55,KCH200,القاهرة,Cash On Delivery
2006145896,2026-08-01 13:10:36,Aug 01,raneen,raneen,Curtain,ستارة شانيليا مخمل، 135×250 سم، 990 جرام تقريبا - رمادي (قطعة واحدة),TX1136244GRY,3.0,315.0,945.0,0.0,945.0,kch200,الجيزة,Cash On Delivery
2006145896,2026-08-01 13:10:36,Aug 01,raneen,raneen,Pillows,كيس مخدة قطن نايس هوم، 120×50 سم - رمادي,TX1096290GRY,4.0,89.0,356.0,0.0,356.0,kch200,الجيزة,Cash On Delivery
2006145896,2026-08-01 13:10:36,Aug 01,raneen,raneen,Pillows,كيس مخدة نايس هوم، 120×50 سم,HO1042173BIG,2.0,89.0,178.0,0.0,178.0,kch200,الجيزة,Cash On Delivery
2006145896,2026-08-01 13:10:36,Aug 01,raneen,raneen,Kitchenware,طقم توزيع خشب بمصفاة مستديرة فالمر، 5 قطع - خشبي,HO1107616BSC,1.0,65.0,65.0,3.25,61.75,kch200,الجيزة,Cash On Delivery
2006145896,2026-08-01 13:10:36,Aug 01,raneen,raneen,Cookware,طقم حلل ستانلس ستيل سمارت زينوكس، 10 قطع - فضي,HO1148366SLV,1.0,2999.0,2999.0,149.95,2849.05,kch200,الجيزة,Cash On Delivery
2006145899,2026-08-01 13:10:57,Aug 01,raneen,raneen,Fans,مروحة حائط شبح فريش، 18 بوصة، 3 سرعات - متعدد الالوان,EL1049881BLK,1.0,1729.0,1729.0,0.0,1729.0,,الجيزة,Cash On Delivery
2006145908,2026-08-01 13:12:39,Aug 01,raneen,raneen,Kids Bags,شنطة مدرسية وتر برووف للبنات ثري أم، 16 بوصة، 3 سوستة,HO1137012MC2,1.0,699.0,699.0,0.0,699.0,,الأسكندرية,Cash On Delivery
2006145908,2026-08-01 13:12:39,Aug 01,raneen,raneen,Drinkware,زمزمية مياة 2×1 بلاستيك، 570 مل - روز بينك,HO1147951RS1,1.0,172.0,172.0,0.0,172.0,,الأسكندرية,Cash On Delivery
2006145908,2026-08-01 13:12:39,Aug 01,raneen,raneen,Drinkware,زمزمية مياة 2×1 بلاستيك، 570 مل - موف ابيض,HO1147951MV1,1.0,172.0,172.0,0.0,172.0,,الأسكندرية,Cash On Delivery
2006145914,2026-08-01 13:13:11,Aug 01,MP,attallah,Fans,مروحة ستاند الشبح فريش، 18 بوصة، 3 سرعات، بريموت كنترول - احمر,EL1049886BLK-attalah,1.0,2233.0,2233.0,0.0,2233.0,,Cairo,Cash On Delivery
2006145923,2026-08-01 13:14:22,Aug 01,raneen,raneen,Dinnerware,طقم عشاء أركوبال أماراتى لومينارك، 24 قطعة - ابيض,HO1088626WIT,1.0,1049.0,1049.0,0.0,1049.0,,المنيا,Cash On Delivery
2006145926,2026-08-01 13:14:25,Aug 01,raneen,raneen,Pajamas &amp; Sleepwear,كاش مايوة ليكرا للسيدات، مقاس موحد,FS1129482WI1,1.0,209.0,209.0,0.0,209.0,,الغربية,Cash On Delivery
2006145935,2026-08-01 13:16:55,Aug 01,raneen,raneen,Air Conditioner,تكييف سبليت فريش، 1.25 حصان، بارد، تربو، FUFW09CO-X1 - ابيض,EL1143260WIT,1.0,16999.0,16999.0,0.0,16999.0,,السويس,Cash On Delivery
2006145947,2026-08-01 13:18:48,Aug 01,raneen,raneen,Water Heaters,سخان مياه كهربائي اريستون، 50 لتر، RUBIS50VEG - ابيض,EL1129298WIT,1.0,3739.0,3739.0,0.0,3739.0,,الجيزة,Premium Card
2006145953,2026-08-01 13:19:27,Aug 01,raneen,raneen,Mobile Phones,موبايل سامسونج جلاكسى A16، شبكة الجيل الرابع، 128 جيجا بايت، 4 جيجا بايت رام - اسود,EL1122777BLK,1.0,7599.0,7599.0,0.0,7599.0,,الأسكندرية,Cash On Delivery
2006145962,2026-08-01 13:20:32,Aug 01,raneen,raneen,Air Conditioner,تكييف ارتيفاي يونيون اير، 1.5 حصان، بارد فقط، إنفرتر، بلازما، INV-ARTI012CY50XFR-SG-SER - ابيض,ELKIT1895WIT,1.0,18999.0,18999.0,0.0,18999.0,,الغربية,Cash On Delivery
2006145965,2026-08-01 13:21:04,Aug 01,raneen,raneen,Luggage,شنطة سفر ترولي قماش ثري أم، 24 بوصة، 4 عجلات، 4 سوست - بنفسجي,HO1144782PPR,1.0,1399.0,1399.0,69.95,1329.05,FLY200,المنيا,Cash On Delivery
2006145968,2026-08-01 13:21:33,Aug 01,raneen,raneen,Dinnerware,طقم عشاء أركوبال اماراتي لومينارك، 26 قطعة - ابيض,HO1124768WI1,1.0,1249.0,1249.0,62.45,1186.55,KCH200,القليوبية,Cash On Delivery
2006145968,2026-08-01 13:21:33,Aug 01,raneen,raneen,Knife &amp; Cutters,طقم سكينة ستيك ستانلس ستيل بيد بلاستيك ترامونتينا، قطعتين، 5 بوصة - اسود فضي,HO1144582BNS,1.0,125.0,125.0,6.25,118.75,KCH200,القليوبية,Cash On Delivery
2006145968,2026-08-01 13:21:33,Aug 01,raneen,raneen,Kitchen Accessories,طقم شماعه طرح اكريليك ليث بلاست، 6 حلقات، 6 قطع، 22 سم - ابيض,HO1141596WIT,1.0,100.0,100.0,5.0,95.0,KCH200,القليوبية,Cash On Delivery
2006145971,2026-08-01 13:23:02,Aug 01,raneen,raneen,Shoes,حذاء سهل الارتداء تريكو جكار للسيدات بريبندا,SH1148578HF2,1.0,199.0,199.0,9.95,189.05,F10,الجيزة,Cash On Delivery
2006145983,2026-08-01 13:27:31,Aug 01,MP,hamzastore,Security &amp; Surveillance Systems,كاميرا مراقبة واي فاي سكاي ورث ، 3 ميجابيكسل، LC2202 – أبيض,Z2C5019A9BD0D5056B1D0Z,1.0,936.0,936.0,0.0,936.0,,الجيزة,Cash On Delivery
2006145989,2026-08-01 13:29:31,Aug 01,raneen,raneen,Cleaning Tools &amp; Supplies,مقشة ارضيات شعيرات ناعمة بلاستيك يورك، يد معدن، 110 سم - اخضر اسود,HO1126703GR2,1.0,232.0,232.0,0.0,232.0,,القاهرة,Cash On Delivery
2006145989,2026-08-01 13:29:31,Aug 01,raneen,raneen,Cleaning Tools &amp; Supplies,مساحة ارضيات بلاستيك بيد معدن نابولي برو الهلال و النجمة، 125×40 سم - اسود احمر,HO1118126BNR,1.0,223.0,223.0,0.0,223.0,,القاهرة,Cash On Delivery
2006145989,2026-08-01 13:29:31,Aug 01,raneen,raneen,Bowl,بولة صغيرة مسك - بنفسجي,HO1012871PPR,1.0,61.0,61.0,0.0,61.0,,القاهرة,Cash On Delivery
2006145989,2026-08-01 13:29:31,Aug 01,MP,hadymix,Shoe Rack,جزامة خشب شيب بورد، 2 درفة، 30x60x90 سم - بني,Hadymix-11011,1.0,999.0,999.0,0.0,999.0,,القاهرة,Cash On Delivery
2006145998,2026-08-01 13:33:23,Aug 01,MP,citytools,Power &amp; Hand Tools,مكواة لحام كهربائية إنجكو، 70 وات، مع درجة حرارة قابلة للتعديل، Si01606 - اسود اصفر,Si01606,1.0,279.0,279.0,0.0,279.0,,الجيزة,Cash On Delivery
2006146004,2026-08-01 13:33:31,Aug 01,raneen,raneen,Fans,مروحة ستاند الشبح فريش، 18 بوصة، 3 سرعات - احمر,EL1049885BLK,1.0,1939.0,1939.0,0.0,1939.0,,القاهرة,Cash On Delivery
2006146004,2026-08-01 13:33:31,Aug 01,raneen,raneen,Kitchenware,مصفاه ستانلس ستيل سلك مزدوج روكي، 25 سم - فضي,HO1048632SLV,1.0,117.0,117.0,0.0,117.0,,القاهرة,Cash On Delivery
2006146004,2026-08-01 13:33:31,Aug 01,MP,lazord,Cookware,قلاية كريب جرانيت لازورد، 30 سم - اسود,6224010564473,1.0,416.0,416.0,0.0,416.0,,القاهرة,Cash On Delivery
2006146007,2026-08-01 13:33:52,Aug 01,raneen,raneen,Sandwich Waffle Makers,ساندوتش ميكر فريش ، 3 فى1 ، 750 وات ، ستانليس ستيل ، Sandwich Maker 750W- فضى اسود,EL1139018SNB,1.0,1650.0,1650.0,0.0,1650.0,,الجيزة,valU
2006146010,2026-08-01 13:34:21,Aug 01,raneen,raneen,Home &amp; Balcony Essentials,جزامة قماش العالمية، 9 أدوار، 160×30×60 سم - نبيتي,HO1043921DRD,1.0,320.0,320.0,0.0,320.0,,أسوان,Cash On Delivery
2006146010,2026-08-01 13:34:21,Aug 01,MP,asouaaq,Hair Care,فرشاة شعر من الخيزران الطبيعي للتفكيك مع مساج ومشط خشبي منع تكوين الكهرباء الساكنة,MP-2O-BJ84-U151,1.0,89.0,89.0,0.0,89.0,,أسوان,Cash On Delivery
2006146025,2026-08-01 13:35:29,Aug 01,raneen,raneen,Cookware,طقم حلل جرانيت نيوكلاين، 10 قطع - بني,HO1145615BRN,1.0,3799.0,3799.0,189.95,3609.05,KCH200,القاهرة,Cash On Delivery
4000158736,2026-08-01 13:36:05,Aug 01,raneen,raneen,Mobile Phones,"Samsung Galaxy A16 Mobile, 128 GB, 4GB RAM- Grey",EL1122778GRY,1.0,7699.0,7699.0,0.0,7699.0,,القاهرة,Cash On Delivery
2006146046,2026-08-01 13:39:25,Aug 01,MP,tal2aa,Personal Care,بادي ميست للجسم ماي داي من كنوز الشام ، 250 مل,RAN-4XBSYAR,1.0,155.0,155.0,0.0,155.0,,القاهرة,Credit/Debit Card
2006146070,2026-08-01 13:41:04,Aug 01,raneen,raneen,Office Chairs,كرسي مكتب معدن ظهر شبك، مسند تنجيد، 100×50×48 سم - اسود,HO1139734BLK,2.0,1499.0,2998.0,88.19,2909.81,off500,الدقهلية,valU
2006146070,2026-08-01 13:41:04,Aug 01,raneen,raneen,Sofa,ركنة جوليت خشب موسكي قماش كتان، 3 قطع، كنبة 2 مقعد، شازلونج، بف، 4 خدادية - رمادي داكن,HO1123752GYL,1.0,13999.0,13999.0,411.81,13587.19,off500,الدقهلية,valU
2006146082,2026-08-01 13:42:22,Aug 01,MP,dukanabdelaziz,Air Coolers,مبرد هواء فريش، 72 لتر، FA-M60 - ابيض رمادي فاتح,EL1069767WNG-dukanabdelaziz,1.0,4552.0,4552.0,0.0,4552.0,,Cairo,Cash On Delivery
2006146088,2026-08-01 13:43:26,Aug 01,MP,attallah,Microwaves &amp; Ovens,ميكرويف فريش، 25 لتر، 850 وات، ديجيتال، FMW-25KC-SW - فضي اسود,EL1139025SLV-attallah,1.0,5655.0,5655.0,0.0,5655.0,,Cairo,Cash On Delivery
2006146094,2026-08-01 13:45:00,Aug 01,raneen,raneen,Drinkware,طقم كاسات زجاج جلاس هوم، 6 قطع، 180 مل - شفاف,HO1136427CLR,1.0,162.0,162.0,0.0,162.0,,الساحل الشمالي,Cash On Delivery
2006146097,2026-08-01 13:45:39,Aug 01,MP,radwantools,Power &amp; Hand Tools,غساله ضغط انجكو ، 20 فولت ، لاسلكي ، CPWLI20362 - اسود اصفر,CPWLI20362,1.0,2499.0,2499.0,0.0,2499.0,,القاهرة,Cash On Delivery
2006146112,2026-08-01 13:50:48,Aug 01,raneen,raneen,Curtain,ستارة تل مطرزة بحلقات ناجح تكس، 135×250 سم، 280 جرام تقريبا - (قطعة واحدة),TX1131181GL1,4.0,285.0,1140.0,57.0,1083.0,tex200,الجيزة,Paymob Wallet
2006146115,2026-08-01 13:50:50,Aug 01,MP,fantastickidstoys,Baby Care,مقعد للمرحاض بسلم للتدريب علي استخدام المرحاض للاطفال - متعدد الالوان ,3000030,1.0,590.0,590.0,0.0,590.0,,السويس,Credit/Debit Card
2006146121,2026-08-01 13:51:52,Aug 01,MP,elswalhy,Washers &amp; Dryer,غسالة ملابس اوتوماتيك توشيبا، تحميل علوي، 11 كجمم، Aw-Uk1100Hupeg(Sk) - فضي,AW-UK1100HUPEG(SK)-elswalhy,1.0,15248.0,15248.0,0.0,15248.0,,القاهرة,Credit/Debit Card
2006146148,2026-08-01 13:53:15,Aug 01,raneen,raneen,Chairs Cover,كفر كرسى سفرة قطيفة ليكرا توركان، 2.25×50 سم,TX1097662BG1,6.0,75.0,450.0,0.0,450.0,,القاهرة,Cash On Delivery
2006146172,2026-08-01 13:56:25,Aug 01,raneen,raneen,Mobile Phones,موبايل سامسونج جلاكسى A16، شبكة الجيل الرابع، 128 جيجا بايت، 4 جيجا بايت رام - اسود,EL1122777BLK,2.0,7599.0,15198.0,0.0,15198.0,,بني سويف,Cash On Delivery
2006146184,2026-08-01 13:59:03,Aug 01,raneen,raneen,Bedding,طقم لحاف فرو بظهر فرو فينيسيا، 3 قطع، 220×240 سم، 5700 جرام,TX1140595LMV,1.0,1249.0,1249.0,0.0,1249.0,,القاهرة,Cash On Delivery
2006146184,2026-08-01 13:59:03,Aug 01,MP,fabricdesign,Bedding,طقم غطاء لحاف فرو، 4 قطع، 200×200 سم - اسود,MRFD1094BLK,1.0,1888.0,1888.0,0.0,1888.0,,القاهرة,Cash On Delivery
2006146187,2026-08-01 13:59:04,Aug 01,MP,mostawdaa,Mirror,مرايا حمام ليد، مستطيلة، 60x80 سم - ابيض,MST-328,1.0,1099.0,1099.0,0.0,1099.0,,بور سعيد,Cash On Delivery
2006146190,2026-08-01 13:59:16,Aug 01,raneen,raneen,Luggage,شنطة سفر ترولي سيليكون بلاك هورس، 26 بوصة، 4 عجلات، 5 سوستة، قفل رقمى - بترولي,HO1148371PTR,1.0,999.0,999.0,49.95,949.05,FLY200,القليوبية,El-Ahly Installments
2006146205,2026-08-01 14:01:02,Aug 01,raneen,raneen,Side Table,ترابيزة جانبية معدن مستديرة بقاعدة منفصلة، 50×47 سم,HO1139924BLK,1.0,448.0,448.0,0.0,448.0,,القاهرة,Cash On Delivery
2006146205,2026-08-01 14:01:02,Aug 01,MP,rofaeeltrade,Home &amp; Balcony Essentials,ترابيزة خارجية، شكل دائري، 65×70×70 سم - اسود,ROF126,1.0,399.0,399.0,0.0,399.0,,القاهرة,Cash On Delivery
2006146208,2026-08-01 14:01:08,Aug 01,MP,alarabycenter,Fans,مروحة سقف ايه تى ايه، 56 بوصة، 5 سرعات، 3 ريشه - ابيض,EL1018826WI1-alarabycenter,1.0,1299.99,1299.99,0.0,1299.99,,الجيزة,Cash On Delivery
2006146220,2026-08-01 14:04:09,Aug 01,raneen,raneen,Serveware,طقم صينية تقديم بلاستيك مستطيل الهدى، 3 قطع - متعدد الالوان,HO1132539MA8,1.0,100.0,100.0,0.0,100.0,,القاهرة,El-Ahly Installments
2006146220,2026-08-01 14:04:09,Aug 01,raneen,raneen,Coffee Makers,محضر قهوة زجاج حراري×ستانلس ستيل، 350 مل - اسود,HO1086593BK1,1.0,166.0,166.0,0.0,166.0,,القاهرة,El-Ahly Installments
2006146220,2026-08-01 14:04:09,Aug 01,MP,tibatrading,Bathroom Accessories,ارفف حائط عائمة عصرية، اسود، مجموعة من 3 قطع، تخزين ديكور لغرفة المعيشة والحمام,RAN-RWUFN3G,1.0,289.0,289.0,0.0,289.0,,القاهرة,El-Ahly Installments
2006146220,2026-08-01 14:04:09,Aug 01,raneen,raneen,Dinnerware,طقم عشاء بلاستيك الوطنية، 47 قطعة - روز,HO1145044RS1,1.0,1199.0,1199.0,0.0,1199.0,,القاهرة,El-Ahly Installments
2006146223,2026-08-01 14:04:52,Aug 01,raneen,raneen,Air Coolers,مبرد هواء سوناي، 40 لتر، 3 سرعات، MAR-40PN - أبيض,EL1137578GRY,1.0,4179.0,4179.0,0.0,4179.0,,البحر الأحمر,Cash On Delivery
4000158745,2026-08-01 14:05:20,Aug 01,raneen,raneen,Pressure Cooker,"Zinox Stainless Steel Pressure Cooker, 12 Liter - Silver Black",HO1090770BLK,1.0,1999.0,1999.0,99.95,1899.05,KCH200,الغربية,Credit/Debit Card
2006146229,2026-08-01 14:05:39,Aug 01,MP,talhastore,Men&#039;s Bags,شنطة كتف مضادة للسرقة مع شحن USB سيزفيل - أسود,B0BLZ5K4K4,1.0,300.0,300.0,15.0,285.0,F10,القاهرة,Cash On Delivery
4000158751,2026-08-01 14:09:54,Aug 01,MP,abdelaziz,Shaving &amp; Grooming,VGR v-992 Multi-Purpose Use Shaving Machine For Men - Black,V-992,1.0,1899.0,1899.0,0.0,1899.0,,Cairo,Cash On Delivery
2006146262,2026-08-01 14:11:42,Aug 01,MP,woodrate,Desks,مكتب مودرن خشب ام دي اف، مع ارفف جانبية متعددة الاستخدام، 78x100x50 سم - ابيض خشبي,MP1028,1.0,2417.0,2417.0,0.0,2417.0,,Kafr El-Sheikh,Cash On Delivery
2006146265,2026-08-01 14:12:31,Aug 01,raneen,raneen,Washers &amp; Dryer,غسالة ملابس توشيبا، تحميل علوى 11 كيلو، AW-UK1100HUPEG - فضى,EL1091301SLV,1.0,15029.0,15029.0,0.0,15029.0,,أسوان,Cash On Delivery
2006146268,2026-08-01 14:12:39,Aug 01,raneen,raneen,Mattress,مرتبه جاكار جولد هابيتات، سوست متصله، 120×195 سم، بارتفاع 23 سم - ابيض,TX1145256WIT,1.0,3999.0,3999.0,199.95,3799.05,TEX200,المنوفية,Souhoola
2006146274,2026-08-01 14:14:27,Aug 01,MP,dukanalaa,Shaving &amp; Grooming,ماكينه حلاقه احترافيه كيمي ، 4 في 1 ، Km-6630 - اسود,7-dukanalla-black,1.0,440.0,440.0,0.0,440.0,,الساحل الشمالي,Cash On Delivery
2006146277,2026-08-01 14:14:31,Aug 01,raneen,raneen,Storage,طقم علب ثلاجة بلاستيك مستطيله الوطنية، 6 قطع - شفاف بنفسجي,HO1115375CL1,1.0,170.0,170.0,8.5,161.5,Kch200,الجيزة,Cash On Delivery
2006146277,2026-08-01 14:14:31,Aug 01,raneen,raneen,Cookware,طقم حلل تيفلون تروفال، 20 قطعة - احمر,HO1106794RED,1.0,2999.0,2999.0,149.95,2849.05,Kch200,الجيزة,Cash On Delivery
2006146277,2026-08-01 14:14:31,Aug 01,MP,lightcart,Kitchenware,مصفاة غسيل الأرز وعاء تنظيف الخضروات والحبوب والفواكه والمكرونة,RAN-T48ASQS,1.0,169.0,169.0,8.45,160.55,Kch200,الجيزة,Cash On Delivery
2006146286,2026-08-01 14:15:24,Aug 01,raneen,raneen,Air Conditioner,تكييف سبليت ارتيفاي يونيون إير ، 2 حصان، بارد فقط، إنفرتر، بلازما، فريون R32، INV-ARTI015CY - ابيض,ELKIT1902WIT,1.0,22799.0,22799.0,0.0,22799.0,,البحر الأحمر,Cash On Delivery
2006146289,2026-08-01 14:15:39,Aug 01,raneen,raneen,Mattress,مرتبه جاكار جولد هابيتات، سوست متصله، 120×195 سم، بارتفاع 23 سم - ابيض,TX1145256WIT,1.0,3999.0,3999.0,199.95,3799.05,TEX200,المنوفية,Souhoola
2006146304,2026-08-01 14:17:10,Aug 01,raneen,raneen,Mattress,مرتبة سيلفر سليبي، سوست متصلة، 120×195 سم، ارتفاع 24 سم - ابيض,TX1113472WIT,1.0,3999.0,3999.0,167.78,3831.22,Tex200,القاهرة,El-Ahly Installments
2006146304,2026-08-01 14:17:10,Aug 01,MP,snooze,Pillows,وسادة طويلة مايكروفايبر سنوز، 40×120 سم - أبيض,SNOOZE-6223015811964,1.0,388.0,388.0,16.28,371.72,Tex200,القاهرة,El-Ahly Installments
2006146304,2026-08-01 14:17:10,Aug 01,MP,aldora,Mattress,واقي مرتبة، مقاوم للماء، طول 200 سم - ابيض,ALDOPROOF04WIT,1.0,380.0,380.0,15.95,364.05,Tex200,القاهرة,El-Ahly Installments
2006146307,2026-08-01 14:17:38,Aug 01,raneen,raneen,Men&#039;s Bags,شنطة ظهر مدرسية للاولاد ستار، 3 سوستة، 18 بوصة، بالاضافة الي مقلمة - اسود اخضر,HO1150334BK1,1.0,250.0,250.0,0.0,250.0,,Sohag,Cash On Delivery
2006146307,2026-08-01 14:17:38,Aug 01,raneen,raneen,Men&#039;s Bags,شنطة ظهر مدرسية للاولاد ستار، 3 سوستة، 18 بوصة، بالاضافة الي مقلمة - متعدد الالوان,HO1150334DR1,1.0,250.0,250.0,0.0,250.0,,Sohag,Cash On Delivery
2006146307,2026-08-01 14:17:38,Aug 01,raneen,raneen,Storage,طقم لانش بوكس بلاستيك وزجاجه مياه ماكس بلاست، 2 عين، 1 لتر,HO1136536MC5,2.0,82.0,164.0,0.0,164.0,,Sohag,Cash On Delivery
2006146313,2026-08-01 14:19:12,Aug 01,raneen,raneen,Shoes,شبشب كلوج بلاستيك للاولاد كارلوس,SH1139342GB3,1.0,79.0,79.0,3.95,75.05,F10,الأسكندرية,valU
2006146313,2026-08-01 14:19:12,Aug 01,MP,vooc,Chargers,شاحن حائط أنكر، يو اس بي تايب سي، A2149P21 - أبيض,anker-powerport-III-20w-cube,1.0,425.0,425.0,0.0,425.0,F10,الأسكندرية,valU
2006146313,2026-08-01 14:19:12,Aug 01,MP,elzoz,Mobile Cable,كابل أنكر، يو اس بى سى الى يو اس بى سي، A81F5P21 - ابيض,Elzozkabel ccwat,1.0,320.0,320.0,0.0,320.0,F10,الأسكندرية,valU
2006146328,2026-08-01 14:20:22,Aug 01,MP,alsorgy,AirPods,سماعة ايربودز برو لاسلكية ، خاصية إلغاء الضوضاء - ابيض,654132165-alsorgy,1.0,299.0,299.0,0.0,299.0,,الجيزة,Cash On Delivery
2006146334,2026-08-01 14:21:28,Aug 01,MP,electrobazaar,Grinders,مطحنة توابل، 300 وات، ستانلس ستيل، 8 سلاح طحن، NM-8800 - فضي,NM-8800-electrobazaar,1.0,522.0,522.0,0.0,522.0,,الجيزة,Cash On Delivery
2006146334,2026-08-01 14:21:28,Aug 01,MP,attallah,Refrigerators &amp; Freezers,ثلاجة سوبر جامبو ديفروست ايديال، 11 قدم، باب واحد، ‎- ابيض,KA01000000TTT,1.0,11268.0,11268.0,0.0,11268.0,,الجيزة,Cash On Delivery
2006146343,2026-08-01 14:23:23,Aug 01,raneen,raneen,Mobile Phones,موبايل ريدمي نوت 15، 8 جيجابايت رام، 256 جيجابايت، شبكة الجيل الخامس - أسود,EL1144091BLK,1.0,15799.0,15799.0,0.0,15799.0,,المنيا,Cash On Delivery
2006146352,2026-08-01 14:26:02,Aug 01,MP,coktailstore,Baby Feeding,مضخة ثدي كهربائية محمولة، مضخة ثدي سيبامي بدون استخدام اليدين مع 3 أوضاع و9 مستويات، مضخة ثدي لاسلكية صامتة وبدون ألم مثالية للأمهات المبتكرات (عبوة واحدة),RAN-GCYNFNV,1.0,925.0,925.0,0.0,925.0,,القليوبية,Cash On Delivery
2006146358,2026-08-01 14:28:05,Aug 01,MP,dukanalaa,Irons,مكواة بخار محمولة سوكاني، 1500 وات، 300 مللي، SK-3067 - ابيض,MFSK3067,1.0,2100.0,2100.0,0.0,2100.0,,القاهرة,Cash On Delivery
2006146361,2026-08-01 14:28:39,Aug 01,raneen,raneen,Fans,مروحة ستاند جاك، 30 بوصة 3 ريشة، NGSF-012 - اسود,EL1103267BLK,1.0,3899.0,3899.0,0.0,3899.0,,الدقهلية,Cash On Delivery
2006146364,2026-08-01 14:28:50,Aug 01,MP,goldena,Fans,مروحة ستاند تى جى مزودة بريموت، 18 بوصة، 5 ريشة، 3 سرعات، TG22R - اسود,1232037,1.0,1211.32,1211.32,0.0,1211.32,,القاهرة,Cash On Delivery
2006146364,2026-08-01 14:28:50,Aug 01,MP,grohy,Fans,مروحة ستاند جروهي، 18 بوصة، 5 ريشة، 3 سرعات، ريموت كنترول، USS-18026-R - ابيض ازرق,USS-18026-R,1.0,1049.0,1049.0,0.0,1049.0,,القاهرة,Cash On Delivery
2006146364,2026-08-01 14:28:50,Aug 01,MP,mam,Refrigerators &amp; Freezers,ثلاجه ديفروست يونيون اير ، 350 لتر ، 2 باب ، فريزر بالاعلي ، RD-350VVA-DSH - رمادي,RD350VVDHGHUSTO-mam,1.0,12999.0,12999.0,0.0,12999.0,,القاهرة,Cash On Delivery
2006146364,2026-08-01 14:28:50,Aug 01,raneen,raneen,Cookers,بوتاجاز غاز فريش فورنو، 4 شعلات، 55x55 سم، 17266 - اسود فضي,EL1109809SNB,1.0,7449.0,7449.0,0.0,7449.0,,القاهرة,Cash On Delivery
2006146370,2026-08-01 14:29:44,Aug 01,raneen,raneen,Drinkware,طقم شوب زجاج اكواتك، 3 قطع، 280 مل - شفاف,HO1137586CLR,4.0,85.0,340.0,0.0,340.0,,القاهرة,Cash On Delivery
2006146370,2026-08-01 14:29:44,Aug 01,raneen,raneen,Home &amp; Balcony Essentials,ترابيزة بلاستيك مستطيلة، 87×60 سم - بيج,HO1090920BEG,2.0,349.0,698.0,0.0,698.0,,القاهرة,Cash On Delivery
2006146382,2026-08-01 14:31:08,Aug 01,raneen,raneen,Microwaves &amp; Ovens,"ميكروويف جاك, 1200 وات, 20 لتر, NGM-2002 - اسود",EL1019401BLK,1.0,3333.0,3333.0,0.0,3333.0,,Cairo,Cash On Delivery
2006146385,2026-08-01 14:32:03,Aug 01,MP,hometech2024,Fans,مروحة حائط اكاي، 18 بوصة، 5 شفرات، ‎AK-18WA - اسود ابيض,hometech2024FS40/1659,2.0,875.0,1750.0,0.0,1750.0,,Cairo,Cash On Delivery
2006146385,2026-08-01 14:32:03,Aug 01,raneen,raneen,Irons,مكواه بخار ملابس سوكاني، هاند، 1500وات، 260 مل، SK-11048 - اسود فضي,EL1144274BNG,1.0,1300.0,1300.0,0.0,1300.0,,Cairo,Cash On Delivery
2006146385,2026-08-01 14:32:03,Aug 01,raneen,raneen,Cookers,بوتاجاز كول كاست زانوسي، 4 شعلة، 60×60 سم، بالمروحة، أمان كامل، ZCG61296XB 943006575 - فضي اسود,EL1148087SLV,1.0,11689.0,11689.0,0.0,11689.0,,Cairo,Cash On Delivery
2006146391,2026-08-01 14:32:59,Aug 01,raneen,raneen,Dishwasher,غسالة أطباق بيكو، 60 سم، 14 فرد، 5 برنامج، BDFN15420S - فضي,EL1097221SLV,1.0,18749.0,18749.0,0.0,18749.0,,الجيزة,valU
2006146394,2026-08-01 14:34:05,Aug 01,raneen,raneen,Kitchenware,معلقه خشب، 30 سم - خشبي,HO1150689BSC,1.0,95.0,95.0,0.0,95.0,,الجيزة,Aman
2006146394,2026-08-01 14:34:05,Aug 01,raneen,raneen,Cookware,طقم قلاية تيمبو تيفال، 3 قطع - احمر داكن,HO1090529DRD,1.0,1549.0,1549.0,0.0,1549.0,,الجيزة,Aman
2006146394,2026-08-01 14:34:05,Aug 01,raneen,raneen,Storage,طقم علب لحفظ الطعام بلاستيك ، 8 قطع - شفاف,HO1110449CLR,1.0,299.0,299.0,0.0,299.0,,الجيزة,Aman
2006146394,2026-08-01 14:34:05,Aug 01,raneen,raneen,Drinkware,زجاجة مياة زجاج بالغطاء، 1.5 لتر - شفاف,HO1144207CLR,2.0,100.0,200.0,0.0,200.0,,الجيزة,Aman
2006146394,2026-08-01 14:34:05,Aug 01,MP,alliance,Kitchenware,مقشرة الخضراوات الستانلس ستيل ، ‎25 x 18 x 3 سم - فضي,TAM-008,1.0,105.0,105.0,0.0,105.0,,الجيزة,Aman
2006146394,2026-08-01 14:34:05,Aug 01,raneen,raneen,Cookware,قلاية عميقة الومنيوم، يد ستانلس ستيل، 26 سم - فضي,HO1136324SLV,1.0,162.0,162.0,0.0,162.0,,الجيزة,Aman
2006146394,2026-08-01 14:34:05,Aug 01,MP,homepro,Kitchenware,مبشرة بلاستيكية يدوية من هوم برو، 9×12×3 سم - بنفسجي,11-18-20-5166,1.0,119.0,119.0,0.0,119.0,,الجيزة,Aman
2006146394,2026-08-01 14:34:05,Aug 01,raneen,raneen,Kitchenware,عصارة برتقال وليمون ماكس بلاست، 6×12 سم، 2 رأس - رمادي داكن,HO1003565DGY,1.0,60.0,60.0,0.0,60.0,,الجيزة,Aman
2006146400,2026-08-01 14:35:03,Aug 01,MP,attallah,Washers &amp; Dryer,غسالة ملابس فريش ، تحميل علوي ، 6 كيلو ، FTM-6S - رمادي,FTM-6S-attallah-1,1.0,6990.0,6990.0,0.0,6990.0,,الجيزة,Souhoola
2006146412,2026-08-01 14:36:16,Aug 01,raneen,raneen,Tops and T-shirts,تي شيرت بولو نص كم قطن للرجال ليفيل اب,FS1130219DR1,1.0,239.0,239.0,0.0,239.0,,القاهرة,Cash On Delivery
2006146415,2026-08-01 14:38:00,Aug 01,MP,shoppingonline,Men&#039;s Bags,شنطة كتف ليذاريو جلد صناعي، صغيرة,B083LC79V4,1.0,258.4,258.4,0.0,258.4,,الشرقية,Premium Card
2006146415,2026-08-01 14:38:00,Aug 01,raneen,raneen,Mixers &amp; Blenders,مضرب يدوي ميانتا، 5 سرعات، 500 وات، HM13729A - أسود,EL1136207BLK,1.0,1455.0,1455.0,0.0,1455.0,,الشرقية,Premium Card
2006146418,2026-08-01 14:40:03,Aug 01,raneen,raneen,Cleaning Tools &amp; Supplies,يد زان لوكس، 120 سم - خشبي,HO1006029BSC,1.0,60.0,60.0,0.0,60.0,,القاهرة,Cash On Delivery
2006146418,2026-08-01 14:40:03,Aug 01,raneen,raneen,Cleaning Tools &amp; Supplies,فرشاة تنظيف ارضيات بلاستيك دبليو بي ام، مقاس 28 سم - فوشيا رمادي,HO1143981PNG,1.0,69.0,69.0,0.0,69.0,,القاهرة,Cash On Delivery
2006146418,2026-08-01 14:40:03,Aug 01,MP,alsorgy,Mobile Phones,هاتف محمول 105 من نوكيا، بشريحتين اتصال، 4 ميجابايت، 4 ميجابايت رام، شبكة الجيل الثاني - اسود,188654-alsorgy,1.0,498.99,498.99,0.0,498.99,,القاهرة,Cash On Delivery
2006146418,2026-08-01 14:40:03,Aug 01,raneen,raneen,Home &amp; Balcony Essentials,ترابيزة بلاستيك مربعة، 79×79×71 سم - اسود,HO1097264BLK,1.0,499.0,499.0,0.0,499.0,,القاهرة,Cash On Delivery
2006146418,2026-08-01 14:40:03,Aug 01,MP,egyptionscoutshop,Table Lighting,كشاف محمول ال اي دي، قابل لاعادة الشحن، 3 في 1، بمنفذ يو اس بي - اسود ازرق,B07WDTZYDXEGY,1.0,299.0,299.0,0.0,299.0,,القاهرة,Cash On Delivery
2006146418,2026-08-01 14:40:03,Aug 01,raneen,raneen,Home &amp; Balcony Essentials,كرسي بلاستيك، 50×80×55 سم - اسود,HO1107947BLK,4.0,200.0,800.0,0.0,800.0,,القاهرة,Cash On Delivery
2006146424,2026-08-01 14:40:19,Aug 01,raneen,raneen,Tanks,كولمان بالفلتر تانك، 20 لتر - ازرق,HO1003942BLU,1.0,695.0,695.0,34.75,660.25,KCH200,الأسكندرية,Cash On Delivery
2006146424,2026-08-01 14:40:19,Aug 01,raneen,raneen,Cookware,لبانة بالغطاء الومنيوم شيف كوك، 16 سم - فضي,HO1109913SLV,2.0,200.0,400.0,20.0,380.0,KCH200,الأسكندرية,Cash On Delivery
2006146427,2026-08-01 14:41:18,Aug 01,raneen,raneen,Home &amp; Balcony Essentials,كرسى معدن مبطن جلد، 80×40×40 سم - اسود احمر,HO1058723BNR,1.0,659.0,659.0,0.0,659.0,,المنوفية,Credit/Debit Card
2006146433,2026-08-01 14:41:39,Aug 01,raneen,raneen,Washers &amp; Dryer,غسالة فوق اوتوماتيك فريش، 12 كجم، FTM-12SL - رمادي اسود,EL1130393SLV,1.0,13799.0,13799.0,0.0,13799.0,,البحيرة,Cash On Delivery
2006146436,2026-08-01 14:41:47,Aug 01,raneen,raneen,Bedding,بطانية قطيفة طبقتين اصلان، 240×220 سم، 6 كجم تقريبا,TX1084636MC3,1.0,1699.0,1699.0,0.0,1699.0,,بني سويف,Cash On Delivery
2006146439,2026-08-01 14:42:20,Aug 01,MP,goldena,Fryers,قلاية بفرن بدون زيت فريش، 20 لتر، 1500 وات، FAO-1500 - اسود,500017936,1.0,3436.0,3436.0,0.0,3436.0,,الجيزة,Cash On Delivery
2006146439,2026-08-01 14:42:20,Aug 01,raneen,raneen,Mixers &amp; Blenders,كبة تقطيع الخضروات و اللحوم سوكاني، 3 لتر، 800 وات، SK-7027 - اسود فضي,EL1109073BNS,1.0,1264.0,1264.0,0.0,1264.0,,الجيزة,Cash On Delivery
2006146457,2026-08-01 14:44:18,Aug 01,raneen,raneen,Mobile Phones,موبايل سامسونج جلاكسى A16، شبكة الجيل الرابع، 128 جيجا بايت، 4 جيجا بايت رام - اسود,EL1122777BLK,4.0,7599.0,30396.0,0.0,30396.0,,الشرقية,Cash On Delivery
2006146463,2026-08-01 14:44:51,Aug 01,raneen,raneen,Mixers &amp; Blenders,كبة سوكانى 5.5 لتر، 1000 وات، سلاح استانلس، SK-7077N - فضى,EL1135221SNB,1.0,1534.0,1534.0,0.0,1534.0,,الجيزة,Cash On Delivery
2006146466,2026-08-01 14:45:15,Aug 01,raneen,raneen,Dental Care,اعواد اسنان خشب، 300 قطعة - خشبي,HO1076862BSC,1.0,17.0,17.0,0.0,17.0,KCH200,الأسكندرية,Credit/Debit Card
2006146466,2026-08-01 14:45:15,Aug 01,MP,lightcart,Cleaning Tools &amp; Supplies,سبت غسيل قابل للفتح والطي، مناسب كسلة تخزين، بسعة 38 لتر,RAN-RPP9AQK,2.0,569.0,1138.0,56.9,1081.1,KCH200,الأسكندرية,Credit/Debit Card
2006146469,2026-08-01 14:45:20,Aug 01,raneen,raneen,Luggage,شنطة هاند باج سيليكون سوناتا، 13 بوصه، 1 سوستة - روز,HO1152037ROS,1.0,200.0,200.0,10.0,190.0,fly200,الأسكندرية,Credit/Debit Card
2006146478,2026-08-01 14:46:13,Aug 01,raneen,raneen,Cookware,طقم طاجن بورسلين مستطيل، 3 قطع - ابيض بينك,HO1146111WI1,1.0,1199.0,1199.0,59.95,1139.05,kch200,القاهرة,Cash On Delivery
2006146481,2026-08-01 14:46:24,Aug 01,MP,dukanalaa,Dental Care,رذاذ الفم اللاسلكي المحمول 380 مل مضاد للماء IPX7 مع 4 رؤوس رش,RAN-PXN9R5K,1.0,845.0,845.0,0.0,845.0,,الجيزة,Credit/Debit Card
2006146484,2026-08-01 14:47:39,Aug 01,raneen,raneen,Mixers &amp; Blenders,خلاط كهربائي رويال، 1.5 لتر، 2 مطحنة، 400 وات، BL450/W - ابيض,EL1114987WIT,1.0,570.0,570.0,0.0,570.0,,بني سويف,Cash On Delivery
2006146502,2026-08-01 14:51:16,Aug 01,raneen,raneen,Dinnerware,طقم عشاء اركوبال لوفوشيا، 42 قطعة - متعدد الالوان,HO1136628BNW,1.0,999.0,999.0,49.95,949.05,KCH200,Al Beheira,Cash On Delivery
2006146502,2026-08-01 14:51:16,Aug 01,raneen,raneen,Drinkware,طقم كاسات زجاج بوهيما، 6 قطع، 195 مل - شفاف ذهبي,HO1149071CLR,1.0,249.0,249.0,12.45,236.55,KCH200,Al Beheira,Cash On Delivery
2006146511,2026-08-01 14:52:35,Aug 01,raneen,raneen,Mobile Phones,موبايل سامسونج جلاكسى A16، شبكة الجيل الرابع، 128 جيجا بايت، 4 جيجا بايت رام - اسود,EL1122777BLK,2.0,7599.0,15198.0,0.0,15198.0,,الجيزة,Credit/Debit Card
2006146517,2026-08-01 14:53:49,Aug 01,raneen,raneen,Air Conditioner,تكييف سبليت ميديا، اكستريم برو، 1.5 حصان، بارد فقط، M1SEFT-12CRN8F-Q8 R32(MOSEFT-12CN8-X2Q8) - ابيض,EL1147502WIT,1.0,21899.0,21899.0,0.0,21899.0,,الجيزة,El-Ahly Installments
2006146532,2026-08-01 14:56:03,Aug 01,raneen,raneen,Dinnerware,طقم عشاء أركوبال اماراتي لومينارك، 26 قطعة - ابيض,HO1124768WI1,1.0,1249.0,1249.0,62.45,1186.55,KCH200,الجيزة,Cash On Delivery
2006146535,2026-08-01 14:56:26,Aug 01,raneen,raneen,Air Conditioner,تكييف سبليت كاريير، اكس كول، 1.5 حصان، بارد ساخن، 53QHEFT12N8 - ابيض,EL1147497WIT,1.0,26149.0,26149.0,0.0,26149.0,,البحيرة,Credit/Debit Card
2006146544,2026-08-01 14:58:26,Aug 01,MP,futurefurniture,Beds,سرير خشب زان ، 120 × 160 × 200 سم - بيج,FU086-futurefurniture,1.0,12509.0,12509.0,500.0,12009.0,OFF500,Cairo,Cash On Delivery
2006146556,2026-08-01 15:00:20,Aug 01,raneen,raneen,Refrigerators &amp; Freezers,ثلاجة انفرتر ديجيتال شارب، 558 لتر، فريزر سفلي، SJ-PV73K-DST - فضي,EL1114512SLV,1.0,57499.0,57499.0,0.0,57499.0,,الأسكندرية,Cash On Delivery
2006146559,2026-08-01 15:00:57,Aug 01,MP,greentouch,Water Filters,فلتر مياه جرين تاتش، 7 مرحلة، 40×40 سم - ابيض+ باكدج 6 شمعات,GT1WIT-9634000050010,1.0,3999.0,3999.0,0.0,3999.0,,الشرقية,Credit/Debit Card
2006146559,2026-08-01 15:00:57,Aug 01,MP,elmotahida,Office Chairs,كرسي مكتب، 110×45×60 سم - بنفسجي,FOX334PUP,1.0,2300.0,2300.0,0.0,2300.0,,الشرقية,Credit/Debit Card
2006146559,2026-08-01 15:00:57,Aug 01,MP,aldora,Mattress,مرتبة سرير سوست متصلة رومبا الدورا، طول 190 سم، ارتفاع 25 سم,ALDOMATT16MCL,1.0,3879.0,3879.0,0.0,3879.0,,الشرقية,Credit/Debit Card
2006146559,2026-08-01 15:00:57,Aug 01,MP,aldora,Mattress,مرتبة سرير سوست متصلة رومبا الدورا، طول 190 سم، ارتفاع 25 سم,ALDOMATT19MCL,1.0,4849.0,4849.0,0.0,4849.0,,الشرقية,Credit/Debit Card
2006146562,2026-08-01 15:01:37,Aug 01,raneen,raneen,Electronics Audio,سماعة بلوتوث جاما، محمولة، مزدوجة، 3 بوصة، 1200 مللي امبير، تايب سي، GT-323 - اسود,EL1145733BK1,1.0,399.0,399.0,0.0,399.0,,القليوبية,Cash On Delivery
2006146574,2026-08-01 15:02:15,Aug 01,raneen,raneen,Televisions,تليفزيون سوكاني، 32 بوصة، LED ،FHD، دبل جلاس، sk-22032 - اسود,EL1149992BLK,1.0,4799.0,4799.0,0.0,4799.0,,القاهرة,Premium Card
2006146577,2026-08-01 15:02:22,Aug 01,raneen,raneen,Water Dispenser,مبرد مياه بثلاجة جاك، بارد و ساخن، 2 حنفية، NGWD-2225R - اسود,EL1119825BLK,1.0,4829.0,4829.0,0.0,4829.0,,Al Sharqia,Cash On Delivery
2006146580,2026-08-01 15:03:00,Aug 01,MP,testa,Shoes,حذاء سنيكر مبطن بتقنية الكلاود فوم للرجال تيستا تورو,x8.w- 44,1.0,369.0,369.0,0.0,369.0,,كفر الشيخ,Cash On Delivery
2006146586,2026-08-01 15:04:38,Aug 01,raneen,raneen,Fans,مروحة ستاند الشبح فريش، 18 بوصة، 3 سرعات - احمر,EL1049885BLK,2.0,1939.0,3878.0,0.0,3878.0,,القاهرة,Premium Card
2006146592,2026-08-01 15:05:13,Aug 01,MP,rofaeeltrade,Home &amp; Balcony Essentials,كرسي بلاستيك، 87×53×87×50 - اخضر,MZCHAIR24GRN,10.0,307.0,3070.0,0.0,3070.0,,القاهرة,Souhoola
2006146598,2026-08-01 15:05:24,Aug 01,MP,sawfatoys,Activities &amp; Books,لعبة دومينوز خشبية بالأرقام العربية الصفوة، بيج - R19-1-F,R19-1-2,1.0,110.0,110.0,0.0,110.0,,Giza,Cash On Delivery
2006146598,2026-08-01 15:05:24,Aug 01,MP,sawfatoys,Activities &amp; Books,أشكال دومينا الصفوة خشب للأطفال - متعدد الألوان,R19-1-1,1.0,110.0,110.0,0.0,110.0,,Giza,Cash On Delivery
2006146598,2026-08-01 15:05:24,Aug 01,MP,sawfatoys,Activities &amp; Books,أشكال أرقام انجليزية دومينا الصفوة خشب للأطفال - متعدد الألوان,R19-1-9,1.0,110.0,110.0,0.0,110.0,,Giza,Cash On Delivery
2006146598,2026-08-01 15:05:24,Aug 01,MP,sawfatoys,Activities &amp; Books,دومينوز خشبية بالحروف العربية الصفوة، بيج - R19-1-G,R19-1-0,1.0,110.0,110.0,0.0,110.0,,Giza,Cash On Delivery
2006146601,2026-08-01 15:05:57,Aug 01,raneen,raneen,Air Conditioner,تكييف سبليت ميديا، اكستريم برو، 1.5 حصان، بارد فقط، M1SEFT-12CRN8F-Q8 R32(MOSEFT-12CN8-X2Q8) - ابيض,EL1147502WIT,1.0,21899.0,21899.0,0.0,21899.0,,الأسكندرية,Cash On Delivery
2006146604,2026-08-01 15:06:19,Aug 01,raneen,raneen,Washers &amp; Dryer,غسالة ملابس وايت بوينت، 8.5 كجم، تحميل علوي، ديجيتال، WPTL85DGBA - رمادى فاتح,EL1148971LGY,1.0,8499.0,8499.0,0.0,8499.0,,أسيوط,Credit/Debit Card
2006146607,2026-08-01 15:07:01,Aug 01,MP,attallah,Washers &amp; Dryer,غسالة تحميل علوي فريش، 4 كيلو جرام ، FWS400ND - ابيض,ISTFWS400ND37-conf-attallah,1.0,2334.0,2334.0,0.0,2334.0,,القاهرة,Cash On Delivery
2006146616,2026-08-01 15:09:48,Aug 01,raneen,raneen,Air Conditioner,تكييف سبليت ارتيفاي يونيون إير ، 2 حصان، بارد فقط، إنفرتر، بلازما، فريون R32، INV-ARTI015CY - ابيض,ELKIT1902WIT,1.0,22799.0,22799.0,0.0,22799.0,,الدقهلية,Cash On Delivery
2006146619,2026-08-01 15:10:03,Aug 01,raneen,raneen,Kitchen Machine &amp; Kneading Machines,عجان كهربائى فريش، 1900 وات، 8 لتر، FSM-1900-BG - بيج,EL1141459BEG,1.0,6169.0,6169.0,0.0,6169.0,,القاهرة,valU
2006146619,2026-08-01 15:10:03,Aug 01,raneen,raneen,Kitchenware,معيار زجاج حراري بيركس، بغطاء، 1 لتر - شفاف,HO1089236RED,1.0,899.0,899.0,0.0,899.0,,القاهرة,valU
2006146622,2026-08-01 15:10:31,Aug 01,MP,elredatrade,Fans,مروحة ستاند ايه تى ايه، 18 بوصة، 5 ريشة، 4 سرعات، A-C61P5 - ابيض ذهبي,EL1018821WNG-elredatrade,1.0,1045.0,1045.0,0.0,1045.0,,المنيا,Paymob Wallet
2006146622,2026-08-01 15:10:31,Aug 01,raneen,raneen,Irons,مكواة بخار سوكاني، 2400 وات، قاعدة سيراميك، 300 مل، SK-11055 - ازرق فاتح,EL1144272LBL,1.0,946.0,946.0,0.0,946.0,,المنيا,Paymob Wallet
2006146634,2026-08-01 15:12:03,Aug 01,MP,radiotalaat,Water Filters,فلتر مياه مايكرو كلير باناسونيك، 12000 لتر، Tk-Cs200 - ابيض,193791,1.0,2888.0,2888.0,0.0,2888.0,,القاهرة,Cash On Delivery
2006146634,2026-08-01 15:12:03,Aug 01,MP,mostawdaa,Mirror,مرايا حمام مودرن بأضاءة ليد، زجاج، شكل دائري، 60×60 سم,MS60LEDSY,1.0,749.0,749.0,0.0,749.0,,القاهرة,Cash On Delivery
2006146637,2026-08-01 15:12:39,Aug 01,raneen,raneen,Home &amp; Balcony Essentials,ترابيزة بلاستيك مربعة سفير، برف سفلي، 60×65 سم - رمادي,HO1137090GRY,1.0,299.0,299.0,0.0,299.0,tex200,القليوبية,Credit/Debit Card
2006146637,2026-08-01 15:12:39,Aug 01,MP,molanafortraining,Home &amp; Balcony Essentials,صندوق تخزين مستحضرات تجميل مكتبي متعدد الوظائف - رمادي,RAN-CND2R28,1.0,220.0,220.0,0.0,220.0,tex200,القليوبية,Credit/Debit Card
2006146637,2026-08-01 15:12:39,Aug 01,raneen,raneen,Storage,استاند منزلي بلاستيك العالمية، 5 دور، 4 عجلة، 120×45×18 سم - رمادي فاتح,HO1135616LGY,1.0,200.0,200.0,0.0,200.0,tex200,القليوبية,Credit/Debit Card
2006146637,2026-08-01 15:12:39,Aug 01,raneen,raneen,Drinkware,مج شاي فخار، 255 مل - بني,HO1118872BR1,6.0,14.0,84.0,0.0,84.0,tex200,القليوبية,Credit/Debit Card
2006146637,2026-08-01 15:12:39,Aug 01,MP,aeroegy,Chairs Cover,كفر كنبة بتصميم متداخل انترلوك، مقاس كبير جامبو، 3 مقعد- كافيه,aeroegy-1003,1.0,650.0,650.0,32.5,617.5,tex200,القليوبية,Credit/Debit Card
2006146637,2026-08-01 15:12:39,Aug 01,raneen,raneen,Drinkware,طقم زجاج فيرست وان، 24 قطعه - شفاف,HO1115388CLR,1.0,225.0,225.0,0.0,225.0,tex200,القليوبية,Credit/Debit Card
2006146637,2026-08-01 15:12:39,Aug 01,raneen,raneen,Bed Sheets,طقم ملاية مايكروفايبر، 4 قطع، 225×240 سم، 1050 جرام - نحاسي,TX1125298BR1,1.0,299.0,299.0,14.95,284.05,tex200,القليوبية,Credit/Debit Card
2006146637,2026-08-01 15:12:39,Aug 01,raneen,raneen,Bed Sheets,طقم ملاية مايكروفايبر، 4 قطع، 225×240 سم، 1050 جرام - متعدد الالوان,TX1125298LG6,1.0,299.0,299.0,14.95,284.05,tex200,القليوبية,Credit/Debit Card
2006146637,2026-08-01 15:12:39,Aug 01,raneen,raneen,Cleaning Tools &amp; Supplies,طبق غسيل بلاستيك، قابل للطى، 38 لتر - ابيض رمادي,HO1125130WNG,1.0,299.0,299.0,0.0,299.0,tex200,القليوبية,Credit/Debit Card
2006146637,2026-08-01 15:12:39,Aug 01,raneen,raneen,Bed Sheets,طقم ملاية مايكروفايبر، 4 قطع، 225×240 سم، 1050 جرام - رمادي,TX1125298LG4,1.0,299.0,299.0,14.95,284.05,tex200,القليوبية,Credit/Debit Card
2006146637,2026-08-01 15:12:39,Aug 01,raneen,raneen,Drinkware,طقم كاسات زجاج كلوديا، 18 قطعة - شفاف,HO1067470CLR,1.0,200.0,200.0,0.0,200.0,tex200,القليوبية,Credit/Debit Card
2006146637,2026-08-01 15:12:39,Aug 01,raneen,raneen,Bed Sheets,طقم ملاية مايكروفايبر، 4 قطع، 225×240 سم، 1050 جرام - رمادي,TX1125298DG3,1.0,299.0,299.0,14.95,284.05,tex200,القليوبية,Credit/Debit Card
2006146637,2026-08-01 15:12:39,Aug 01,MP,safktna,Kitchen Accessories,ولاعة مطبخ سبارك - فضي,2739983-safktna,1.0,95.0,95.0,0.0,95.0,tex200,القليوبية,Credit/Debit Card
2006146637,2026-08-01 15:12:39,Aug 01,raneen,raneen,Bed Sheets,طقم ملاية مايكروفايبر، 4 قطع، 225×240 سم، 1050 جرام - متعدد الالوان,TX1125298GR5,1.0,299.0,299.0,14.95,284.05,tex200,القليوبية,Credit/Debit Card
2006146637,2026-08-01 15:12:39,Aug 01,raneen,raneen,Home &amp; Balcony Essentials,ترابيزة بلاستيك مستديره سفير، 60×60×65 سم - اسود,HO1131015BLK,2.0,299.0,598.0,0.0,598.0,tex200,القليوبية,Credit/Debit Card
2006146637,2026-08-01 15:12:39,Aug 01,raneen,raneen,Home &amp; Balcony Essentials,ترابيزة بلاستيك مربعة سفير، برف سفلي، 60×65 سم - بني,HO1137090BR1,2.0,299.0,598.0,0.0,598.0,tex200,القليوبية,Credit/Debit Card
2006146637,2026-08-01 15:12:39,Aug 01,raneen,raneen,Bed Sheets,طقم ملاية مايكروفايبر، 4 قطع، 225×240 سم، 1050 جرام - بيج,TX1125298CF1,1.0,299.0,299.0,14.95,284.05,tex200,القليوبية,Credit/Debit Card
2006146637,2026-08-01 15:12:39,Aug 01,raneen,raneen,Home &amp; Balcony Essentials,كرسي بلاستيك، 50×80×55 سم - اسود,HO1107947BLK,2.0,200.0,400.0,0.0,400.0,tex200,القليوبية,Credit/Debit Card
2006146637,2026-08-01 15:12:39,Aug 01,raneen,raneen,Bed Sheets,طقم ملاية مايكروفايبر، 4 قطع، 225×240 سم، 1050 جرام - بيج,TX1125298LB4,1.0,299.0,299.0,14.95,284.05,tex200,القليوبية,Credit/Debit Card
2006146637,2026-08-01 15:12:39,Aug 01,raneen,raneen,Bed Sheets,طقم ملاية مايكروفايبر، 4 قطع، 225×240 سم، 1050 جرام - متعدد الالوان,TX1125298LB6,1.0,299.0,299.0,14.95,284.05,tex200,القليوبية,Credit/Debit Card
2006146637,2026-08-01 15:12:39,Aug 01,raneen,raneen,Bed Sheets,طقم ملاية مايكروفايبر، 4 قطع، 225×240 سم، 1050 جرام - متعدد الالوان,TX1125298LG2,1.0,299.0,299.0,14.95,284.05,tex200,القليوبية,Credit/Debit Card
2006146637,2026-08-01 15:12:39,Aug 01,raneen,raneen,Bed Sheets,طقم ملاية مايكروفايبر، 4 قطع، 225×240 سم، 1050 جرام - رمادي داكن,TX1125298DG2,1.0,299.0,299.0,14.95,284.05,tex200,القليوبية,Credit/Debit Card
2006146637,2026-08-01 15:12:39,Aug 01,raneen,raneen,Bed Sheets,طقم ملاية مايكروفايبر، 4 قطع، 225×240 سم، 1050 جرام - متعدد الالوان,TX1125298LB3,1.0,299.0,299.0,14.95,284.05,tex200,القليوبية,Credit/Debit Card
2006146637,2026-08-01 15:12:39,Aug 01,MP,alrhma,Skin Care,مجموعة اداة ازالة الرؤوس السوداء والبثور - روز جولد,B087P7N5MYPNKAlrhma,1.0,80.0,80.0,0.0,80.0,tex200,القليوبية,Credit/Debit Card
2006146640,2026-08-01 15:13:43,Aug 01,MP,sunnystores,Power Banks,باور بانك ماتريكس، MK10، شحن سريع، 12 وات، سعة 10000 مللي امبير - اسود,MXMK10B,1.0,399.0,399.0,0.0,399.0,,القاهرة,Credit/Debit Card
2006146652,2026-08-01 15:15:36,Aug 01,MP,attallah,Mixers &amp; Blenders,خلاط كهربائى سوكاني، متعدد المهام، 6000 وات، 2.5 لتر، SK-999 - اسود فضى,HA0261-attallah,1.0,2336.0,2336.0,0.0,2336.0,,القليوبية,Credit/Debit Card
2006146658,2026-08-01 15:15:45,Aug 01,MP,sonioo,Mixers &amp; Blenders,خلاط كهربائى كينوود، 500 وات، 2 لتر، BLP15.360BK - اسود,13121620010-sonioo,1.0,2149.0,2149.0,0.0,2149.0,,Giza,Cash On Delivery
2006146658,2026-08-01 15:15:45,Aug 01,MP,dukanabdelaziz,Water Dispenser,مبرد مياه تورنيدو، 3 حنفية - WDM-H40ADE-BK - اسود,EL1076538BLK-conf-dukanabdelaziz,1.0,9850.0,9850.0,0.0,9850.0,,Giza,Cash On Delivery
2006146679,2026-08-01 15:19:01,Aug 01,raneen,raneen,Cookware,طقم طاجن زجاج حراري فرنساوي بايركس، 3 قطع - شفاف,HO1000595CLR,1.0,1599.0,1599.0,0.0,1599.0,,البحر الأحمر,Cash On Delivery
2006146679,2026-08-01 15:19:01,Aug 01,MP,nourshopping,Luggage,طقم شنط سفر نور شوبينج ، 4 قطع ، فايبر,73-Nourshopping,1.0,4016.0,4016.0,0.0,4016.0,,البحر الأحمر,Cash On Delivery
2006146676,2026-08-01 15:19:01,Aug 01,raneen,raneen,Shoes,حذاء رياضي تريكو للسيدات,SH1149243GY0,1.0,125.0,125.0,0.0,125.0,KCH200,Alexandria,Cash On Delivery
2006146676,2026-08-01 15:19:01,Aug 01,raneen,raneen,Shoes,حذاء رياضي تريكو للسيدات,SH1149243BK0,1.0,125.0,125.0,0.0,125.0,KCH200,Alexandria,Cash On Delivery
2006146676,2026-08-01 15:19:01,Aug 01,raneen,raneen,Plastic &amp; Paper Products,رول مفرش سفرة الصفوة، 15 مفرش، 130×180 سم - شفاف,HO1111887WNR,1.0,80.0,80.0,4.0,76.0,KCH200,Alexandria,Cash On Delivery
2006146676,2026-08-01 15:19:01,Aug 01,raneen,raneen,Dinnerware,طقم اطباق زجاج مستديرة، 6 قطع، 20 سم - شفاف,HO1082258CL2,1.0,75.0,75.0,3.75,71.25,KCH200,Alexandria,Cash On Delivery
2006146676,2026-08-01 15:19:01,Aug 01,raneen,raneen,Cookware,صينية فرن تيفلون تروفال، 30 سم - احمر,HO1007318RED,1.0,454.0,454.0,22.7,431.3,KCH200,Alexandria,Cash On Delivery
2006146676,2026-08-01 15:19:01,Aug 01,raneen,raneen,Cookware,طقم حلل جرانيت نيوكلاين، 9 قطع - بنفسجي,HO1145614MV1,1.0,2999.0,2999.0,149.95,2849.05,KCH200,Alexandria,Cash On Delivery
2006146682,2026-08-01 15:19:03,Aug 01,MP,berghoff,Kitchenware,ملقاط طعام بيرج هوف ستانلس ستيل، 33 سم - فضى اسود,1100010,1.0,348.0,348.0,17.4,330.6,KCH200,Alexandria,Free
2006146682,2026-08-01 15:19:03,Aug 01,MP,berghoff,Kitchenware,مجموعة تقطيع ستانلس ستيل بيرج هوف، قبضة ناعمة - متعدد الالوان,3950020,1.0,860.0,860.0,43.0,817.0,KCH200,Alexandria,Free
2006146688,2026-08-01 15:19:29,Aug 01,raneen,raneen,Kids Bags,شنطة ظهر مدرسية وتر برووف ثري أم، 19 بوصة، 3 سوستة، بالاضافة الي مقلمة صغيرة - اسود,HO1150833BK2,1.0,699.0,699.0,0.0,699.0,,القاهرة,valU
2006146688,2026-08-01 15:19:29,Aug 01,raneen,raneen,Watches &amp; Alarms,ساعة حائط مستديرة، 46 سم,HO1090652BR1,1.0,115.0,115.0,0.0,115.0,,القاهرة,valU
2006146688,2026-08-01 15:19:29,Aug 01,raneen,raneen,Watches &amp; Alarms,ساعة حائط بلاستيك مستديرة، 45 سم - ذهبي اسود,HO1138583GL2,1.0,699.0,699.0,0.0,699.0,,القاهرة,valU
2006146688,2026-08-01 15:19:29,Aug 01,raneen,raneen,Kids Bags,شنطة ظهر مدرسية وتر برووف ثري أم، 19 بوصة، 3 سوستة، بالاضافة الي مقلمة صغيرة - كشمير اسود,HO1150833KS1,1.0,699.0,699.0,0.0,699.0,,القاهرة,valU
4000158754,2026-08-01 15:19:49,Aug 01,MP,tal2aa,Perfumes,"Mirada Eau de Parfum Stardom Deal for Men, 100ml",3008439,1.0,364.0,364.0,0.0,364.0,,الجيزة,Cash On Delivery
2006146697,2026-08-01 15:20:10,Aug 01,MP,lightcart,Kitchen Rooms,رف تخزين WAMIT بسلة شبكية، وحدة رفوف بسعة كبيرة، رف معدني مستقل، تركيب سهل للمطبخ والمخزن، أسود (4 طبقات),RAN-XJGQ6GT,1.0,2419.0,2419.0,0.0,2419.0,,القاهرة,valU
2006146697,2026-08-01 15:20:10,Aug 01,raneen,raneen,Fans,مروحة حائط جيت ماكس تاتش الزنوكى، 3 سرعات، 18 بوصة، 40165 - اسود,EL1145409BLK,1.0,1410.0,1410.0,0.0,1410.0,,القاهرة,valU
2006146697,2026-08-01 15:20:10,Aug 01,MP,tekra,Chargers,شاحن USB C بقوة 120 واط مع كابل 2 في 1 (Type-C و Lightning)، محول جداري سريع متوافق مع iPhone 16/15/14/13 Pro Max، Samsung S25/S24 Ultra، iPad والأجهزة اللوحية (مقبس EU),RAN-VJCDWKC,1.0,369.0,369.0,0.0,369.0,,القاهرة,valU
2006146697,2026-08-01 15:20:10,Aug 01,raneen,raneen,Fans,مروحة حائط جيت برو تاتش الزنوكى، 16 بوصة، ريموت كنترول، 40161B - اسود,EL1147118BLK,1.0,1470.0,1470.0,0.0,1470.0,,القاهرة,valU
4000158757,2026-08-01 15:21:10,Aug 01,MP,radiotalaat,Shaving &amp; Grooming,VGR v-117 Multi-Purpose Use Shaving Machine For Men - Green Black,196647,1.0,991.0,991.0,0.0,991.0,,Cairo,Cash On Delivery
2006146706,2026-08-01 15:21:20,Aug 01,raneen,raneen,Mobile Phones,موبايل سامسونج جالاكسى A16، جيجا بايت 128، 4  جيجا رام- رمادي,EL1122778GRY,2.0,7699.0,15398.0,0.0,15398.0,,القاهرة,valU
2006146709,2026-08-01 15:21:26,Aug 01,MP,attallah,Fans,مروحة ستاند بريموت كنترول فريش، 20 بوصة، 3 سرعات، أسود أحمر غامق,EL1079393BLK-attallah,1.0,3099.0,3099.0,0.0,3099.0,,القاهرة,El-Ahly Installments
2006146712,2026-08-01 15:21:47,Aug 01,MP,akaeegypt,Coffee Makers,ماكينة تحضير قهوة كوكيتا، 4 اكواب - اسود,akaeegy-745110348245-BLK,1.0,1250.0,1250.0,0.0,1250.0,,الجيزة,Cash On Delivery
2006146718,2026-08-01 15:22:09,Aug 01,MP,greentouch,Water Filters,فلتر مياه جرين تاتش، 7 مرحلة، 40×40 سم - ابيض,GT1WIT,1.0,3999.0,3999.0,0.0,3999.0,,القاهرة,Cash On Delivery
2006146718,2026-08-01 15:22:09,Aug 01,MP,attallah,Refrigerators &amp; Freezers,ديب فريزر افقي دبيليو الاسكا، ديفروست، 200 لتر - فضي,ISTCH200-attallah,1.0,12484.0,12484.0,0.0,12484.0,,القاهرة,Cash On Delivery
2006146718,2026-08-01 15:22:09,Aug 01,raneen,raneen,Fans,مروحة حائط ايه تى ايه، 16 بوصة، 3 سرعات، 5 ريشة، B1605 - ابيض احمر,EL1018812WNR,2.0,669.0,1338.0,0.0,1338.0,,القاهرة,Cash On Delivery
2006146721,2026-08-01 15:22:18,Aug 01,raneen,raneen,Cleaning Tools &amp; Supplies,طقم فوط قماش مطبخ، 5 قطع، 30×30 سم - متعدد الالوان,HO1138902MC1,1.0,46.0,46.0,0.0,46.0,,الشرقية,Cash On Delivery
2006146721,2026-08-01 15:22:18,Aug 01,MP,lawazem,Car Care,فوهة مسدس مياه، ضغط عالي، لغسيل السيارات - اسود,B0C4B1SRR2,1.0,255.0,255.0,0.0,255.0,,الشرقية,Cash On Delivery
2006146721,2026-08-01 15:22:18,Aug 01,MP,hometech2024,Kitchen Scale,ميزان مطبخ، حمولة حتى 10 كجم، SF-400 - ابيض,hometech2024sf-400,1.0,189.99,189.99,0.0,189.99,,الشرقية,Cash On Delivery
2006146721,2026-08-01 15:22:18,Aug 01,MP,coktailstore,Cleaning Tools &amp; Supplies,فرشاة غسيل الأطباق مع موزع صابون لتنظيف الأواني والحوض,RAN-9WVWAUJ,1.0,110.0,110.0,0.0,110.0,,الشرقية,Cash On Delivery
2006146721,2026-08-01 15:22:18,Aug 01,raneen,raneen,Cleaning Tools &amp; Supplies,طبق غسل خضراوات بالمصفاه بلاستيك ماكس بلاست، 25×35 سم - رمادي داكن ابيض,HO1110501GW2,1.0,93.0,93.0,0.0,93.0,,الشرقية,Cash On Delivery
2006146721,2026-08-01 15:22:18,Aug 01,raneen,raneen,Cleaning Tools &amp; Supplies,طقم أدوات تنظيف، 8 قطع - ازرق فاتح فضي,HO1131956SNL,1.0,71.0,71.0,0.0,71.0,,الشرقية,Cash On Delivery
2006146721,2026-08-01 15:22:18,Aug 01,MP,nanosamy,Cleaning Tools &amp; Supplies,ممسحة باركيه برش الماء، مناسبة لجميع أنواع الأرضيات، سهلة الاستخدام، لون أبيض,RAN-9F4RJTH,1.0,370.0,370.0,0.0,370.0,,الشرقية,Cash On Delivery
2006146724,2026-08-01 15:22:23,Aug 01,raneen,raneen,Tanks,كولمان بالفلتر، 45 لتر - ازرق,HO1003941BLU,1.0,1199.0,1199.0,0.0,1199.0,,أسوان,valU
2006146742,2026-08-01 15:24:21,Aug 01,raneen,raneen,Irons,مكواه ملابس بخار فريش، قاعدة تيفلون، 2200 وات - تركواز ابيض,EL1062920LBL,1.0,1249.0,1249.0,0.0,1249.0,,الأسكندرية,Cash On Delivery
2006146751,2026-08-01 15:26:45,Aug 01,raneen,raneen,Bed Sheets,طقم ملاية سرير لازورد، 3 قطع، 170×240 سم - تركواز ابيض,TX1015868ME6,3.0,159.0,477.0,23.85,453.15,tex200,القليوبية,Premium Card
2006146754,2026-08-01 15:27:02,Aug 01,MP,attallah,Microwaves &amp; Ovens,فرن كهربائي اكاي ، 55 لتر، 2200 وات ، - اسودAk-of55L,9000-10-da-attallah,1.0,2050.0,2050.0,0.0,2050.0,,أسيوط,Cash On Delivery
2006146760,2026-08-01 15:27:52,Aug 01,raneen,raneen,Cookware,طقم حلل تيفال تيمبو، 11 قطعة - احمر داكن,HO1144237RD1,1.0,5999.0,5999.0,200.0,5799.0,KCH200,Giza,Cash On Delivery
2006146766,2026-08-01 15:28:16,Aug 01,raneen,raneen,Fans,مروحه حائط رويال، 18 بوصة، 3 سرعات، 5 ريشه، BF1812 - اسود,EL1058948BLK,1.0,733.0,733.0,0.0,733.0,,الجيزة,Cash On Delivery
2006146784,2026-08-01 15:30:43,Aug 01,raneen,raneen,Bed Sheets,طقم ملاية سرير اطفال مايكروفايبر، 6 قطع، 200×240 سم، 2185 جرام - رمادي,TX1151156GRY,1.0,619.0,619.0,30.95,588.05,TEX200,المنيا,Cash On Delivery
2006146784,2026-08-01 15:30:43,Aug 01,raneen,raneen,Bedding,بطانية قطيفة طبقتين مورانو، 220×240 سم، 5500 جرام - روز,TX1124751RS1,1.0,1999.0,1999.0,99.95,1899.05,TEX200,المنيا,Cash On Delivery
2006146784,2026-08-01 15:30:43,Aug 01,MP,jphome,Bedding,كوفرته بيكا صيفي قطن سرير كبير ساده ، 230* 240 ، قطعة واحدة - رمادى,JP1213456617,1.0,685.0,685.0,34.25,650.75,TEX200,المنيا,Cash On Delivery
2006146787,2026-08-01 15:30:46,Aug 01,MP,dukanalaa,Shaving &amp; Grooming,ماكينة حلاقة شعر كيمي، 800 ملي امبير، 4 امشاط، KM-T99 - ذهبي,EL1119816GLD-dukanalla,1.0,210.0,210.0,0.0,210.0,,القاهرة,Free
2006146793,2026-08-01 15:31:31,Aug 01,MP,futureappliances,Air Conditioner,تكييف كاريير اكس كول، 2.25 حصان، بارد فقط، تكنولوجيا الانفرتر، 42KHEFT18DN8-708F - ابيض,42KHEFT18DN8-708F,1.0,41430.0,41430.0,0.0,41430.0,,Qalyubia,Cash On Delivery
2006146796,2026-08-01 15:32:02,Aug 01,raneen,raneen,Mobile Phones,موبايل سامسونج جالاكسى A16، جيجا بايت 128، 4  جيجا رام- رمادي,EL1122778GRY,1.0,7699.0,7699.0,0.0,7699.0,,الأسكندرية,Cash On Delivery
2006146799,2026-08-01 15:32:05,Aug 01,raneen,raneen,Kids Bags,شنطة مدرسية وتر بروف للاطفال، 17 بوصة، 4 سوستة,HO1137394MC2,1.0,399.0,399.0,0.0,399.0,,الجيزة,Cash On Delivery
2006146805,2026-08-01 15:33:08,Aug 01,MP,goldena,Fans,مروحة ستاند شبح فريش، 20 بوصة، 3 ريشة، GSFP - اسود,500005312,1.0,2467.0,2467.0,0.0,2467.0,,القاهرة,El-Ahly Installments
2006146808,2026-08-01 15:33:33,Aug 01,MP,radioelzaim,Mobile Phones,موبايل سمارت شاومي ريدمي 15C ، رام 8 جيجا ، 256 جيجا بايت ، شبكة الجيل الرابع - ازرق,Xiaomi-15c-256-grn-radioelzaim,1.0,9200.0,9200.0,0.0,9200.0,,المنوفية,Bank Misr Installments
2006146811,2026-08-01 15:34:35,Aug 01,raneen,raneen,Grill,شواية كهربائية تورنيدو، 1500 وات، TCS-1500 - أسود,EL1076542SLV,1.0,4349.0,4349.0,0.0,4349.0,,الجيزة,Cash On Delivery
2006146817,2026-08-01 15:35:48,Aug 01,MP,tal2aa,Perfumes,عطر بلو بلانك فلور بيور بلاك للرجال، او دو بارفان، 100 مل,RAN-B3HMK3R,1.0,230.0,230.0,0.0,230.0,,Cairo,Cash On Delivery
2006146823,2026-08-01 15:38:08,Aug 01,raneen,raneen,Water Dispenser,مبرد مياه جاك، 3 حنفيه، بارد / ساخن / فاتر، بالثلاجة، 670 وات، 16 لتر، NGWD-C331R - اسود,EL1142796BLK,1.0,5069.0,5069.0,0.0,5069.0,,كفر الشيخ,valU
2006146829,2026-08-01 15:39:23,Aug 01,MP,signlighting,Lighting Hanging,دلاية سقف مودرن ثلاثية، 80x50x20 سم - اسود,sign73chandilier,1.0,850.0,850.0,0.0,850.0,,الأسماعيلية,Cash On Delivery
2006146829,2026-08-01 15:39:23,Aug 01,MP,nagfashop,Lighting Hanging,نجفة مودرن معدن، 30×30×100 سم - أسود,NSK1027Black,1.0,299.0,299.0,0.0,299.0,,الأسماعيلية,Cash On Delivery
2006146829,2026-08-01 15:39:23,Aug 01,MP,norlight,Lighting Hanging,نجفة سقف مودرن، مقاس 70×30 - اسود,Modern03,3.0,299.0,897.0,0.0,897.0,,الأسماعيلية,Cash On Delivery
2006146829,2026-08-01 15:39:23,Aug 01,MP,norlight,Lighting Hanging,نجفة سقف مودرن، مقاس 60×50 - اسود,Modern06,1.0,299.0,299.0,0.0,299.0,,الأسماعيلية,Cash On Delivery
2006146829,2026-08-01 15:39:23,Aug 01,MP,edgelighting,Wall Lamp Lights,أبليك حائطي، 1 لمبة - اسود,c166BLK,2.0,179.0,358.0,0.0,358.0,,الأسماعيلية,Cash On Delivery
2006146829,2026-08-01 15:39:23,Aug 01,MP,bes,Lighting Hanging,نجفة معدنية مطلية بطبقة تحميها من الصدأ و التآكل، 70×70×30 سم - اسود,H-BES-3005,1.0,799.0,799.0,0.0,799.0,,الأسماعيلية,Cash On Delivery
2006146829,2026-08-01 15:39:23,Aug 01,MP,bes,Lighting Hanging,نجفة معدنية مطلية بطبقة تحميها من الصدأ و التآكل، 60×60×45 سم - اسود,H-BES-3036,1.0,999.0,999.0,0.0,999.0,,الأسماعيلية,Cash On Delivery
2006146829,2026-08-01 15:39:23,Aug 01,MP,signlighting,Wall Lamp Lights,ابليك حائطي، 25x10x10 سم - اسود,sign35Wlight,2.0,275.0,550.0,0.0,550.0,,الأسماعيلية,Cash On Delivery
2006146829,2026-08-01 15:39:23,Aug 01,MP,bes,Lighting Hanging,نجفة معدنية مطلية بطبقة تحميها من الصدأ و التآكل، 70×70×30 سم - اسود,H-BES-3006,1.0,679.0,679.0,0.0,679.0,,الأسماعيلية,Cash On Delivery
2006146829,2026-08-01 15:39:23,Aug 01,MP,edgelighting,Lighting Hanging,نجفة سقف، 3 لمبات، 40×50 سم - اسود,C156BLK,1.0,579.0,579.0,0.0,579.0,,الأسماعيلية,Cash On Delivery
2006146829,2026-08-01 15:39:23,Aug 01,MP,norlight,Lighting Hanging,دلاية MMC1019 علي شكل مكعبات مناسبة لغرف الأطفال وغرف المعيشة وجميع المساحات من نجفة شوب اي - متعددة الألوان,RAN-CWBDMVY,1.0,679.0,679.0,0.0,679.0,,الأسماعيلية,Cash On Delivery
2006146832,2026-08-01 15:39:24,Aug 01,raneen,raneen,Water Heaters,سخان غاز اوليمبيك، 10 لتر، بمدخنة - ابيض,EL1102986WIT,5.0,5849.0,29245.0,0.0,29245.0,,القاهرة,Cash On Delivery
2006146841,2026-08-01 15:40:09,Aug 01,raneen,raneen,Cookware,طقم حلل تيفال تيمبو، 11 قطعة - احمر داكن,HO1144237RD1,2.0,5999.0,11998.0,200.0,11798.0,KCH200,القاهرة,Cash On Delivery
4000158763,2026-08-01 15:40:38,Aug 01,raneen,raneen,Office Chairs,"Metal Office Chair High-Back Mesh , Hydraulic, with Fiber Armrests, 5 Wheels, 120×45×50 cm - Black",HO1139738BLK,1.0,1599.0,1599.0,222.21,1376.79,off500,Ismailia,Credit/Debit Card
4000158763,2026-08-01 15:40:38,Aug 01,raneen,raneen,Office Chairs,"Metal Office Chair Medium Back Mesh , Hydraulic, with upholstery Armrests, 5 Wheels, 125×50×48 cm - Black",HO1139732BLK,1.0,1999.0,1999.0,277.79,1721.21,off500,Ismailia,Credit/Debit Card
2006146847,2026-08-01 15:42:18,Aug 01,raneen,raneen,Cookware,طقم حلل جرانيت نيوكلاين، 10 قطع - بنفسجي,HO1145615MV1,1.0,3499.0,3499.0,174.95,3324.05,KCH200,الجيزة,Cash On Delivery
2006146871,2026-08-01 15:44:10,Aug 01,raneen,raneen,Cookers,بوتجاز الاهرام، ستانلس ستيل، 4 شعلة، شواية، 50×50 سم - فضى اسود,EL1109463SLV,1.0,4349.0,4349.0,0.0,4349.0,,الشرقية,Cash On Delivery
2006146871,2026-08-01 15:44:10,Aug 01,raneen,raneen,Fans,مروحة ستاند صانى فريش، 16 بوصة بيانو، 3 سرعات - احمر داكن,EL1129185DRD,1.0,1369.0,1369.0,0.0,1369.0,,الشرقية,Cash On Delivery
2006146874,2026-08-01 15:44:54,Aug 01,raneen,raneen,Shoes,حذاء رياضي جلد للأولاد أسيا,SH1134515KS5,1.0,225.0,225.0,0.0,225.0,,الجيزة,Cash On Delivery
2006146877,2026-08-01 15:45:08,Aug 01,MP,tibatrading,Laptop &amp; Computer Tables,ترابيزة لاب توب مع سير حامل للموبايل وحامل اكواب - لون اسود,RAN-2AWJAY3,1.0,209.0,209.0,0.0,209.0,,البحر الأحمر,Paymob Wallet
2006146877,2026-08-01 15:45:08,Aug 01,MP,radiotalaat,Hair Care,مجفف الشعر سوكاني SK-14007 بقوة 2000 واط,194197,1.0,770.0,770.0,0.0,770.0,,البحر الأحمر,Paymob Wallet
2006146880,2026-08-01 15:45:25,Aug 01,raneen,raneen,Receivers,ريسيفر عالي الدقة ميني أسترا، 6000 قناة، فل أتش دي، 1080، G3HD - موف,EL1146753MOV,1.0,799.0,799.0,0.0,799.0,,القليوبية,Credit/Debit Card
2006146883,2026-08-01 15:45:29,Aug 01,raneen,raneen,Dinnerware,طقم عشاء أركوبال أماراتى لومينارك، 24 قطعة - ابيض,HO1088626WIT,1.0,1049.0,1049.0,52.45,996.55,kch200,الشرقية,Cash On Delivery
2006146886,2026-08-01 15:46:05,Aug 01,raneen,raneen,Washers &amp; Dryer,غسالة ملابس اتوماتيك فريش، تحميل علوي، 7 كيلو جرام، 500013520 - فضي,EL1130478SLV,1.0,8649.0,8649.0,0.0,8649.0,,القاهرة,Credit/Debit Card
2006146898,2026-08-01 15:48:02,Aug 01,raneen,raneen,Air Conditioner,تكييف سبليت شارب، 1.5 حصان، بارد فقط، AH-A12ZSE - ابيض,ELKiT1730WIT,1.0,23999.0,23999.0,0.0,23999.0,,الأسكندرية,Cash On Delivery
2006146901,2026-08-01 15:48:33,Aug 01,raneen,raneen,Fans,مروحة ستاند صانى فريش، 16 بوصة بيانو، 3 سرعات - احمر داكن,EL1129185DRD,1.0,1369.0,1369.0,0.0,1369.0,,الجيزة,Cash On Delivery
2006146913,2026-08-01 15:50:25,Aug 01,MP,elbetar,Dishwasher,غسالة أطباق ديجيتال وايت بوينت، 14فرد، 8 برامج، WPD148HDB - أسود,EL1108779BLK-conf-elbetar,1.0,19479.0,19479.0,0.0,19479.0,,القاهرة,Bank Misr Installments
2006146922,2026-08-01 15:51:02,Aug 01,raneen,raneen,Storage,استاند منزلي بلاستيك العالمية، 5 دور، 4 عجلة، 120×45×18 سم - رمادي فاتح,HO1135616LGY,1.0,200.0,200.0,10.0,190.0,KCH200,القاهرة,Credit/Debit Card
2006146931,2026-08-01 15:51:46,Aug 01,raneen,raneen,Washers &amp; Dryer,غسالة ملابس انفرتر توشيبا، تحميل علوي، 13 كيلو، AW-DUK1300KUPEG - فضي داكن,EL1126740DSL,1.0,17099.0,17099.0,0.0,17099.0,,الأقصر,Cash On Delivery
2006146934,2026-08-01 15:52:24,Aug 01,raneen,raneen,Fans,مروحة ستاند بريموت فريش، 16 بوصة، 3 سرعات - أبيض,EL1049884GRY,3.0,1755.0,5265.0,0.0,5265.0,,الجيزة,Paymob Wallet
2006146934,2026-08-01 15:52:24,Aug 01,raneen,raneen,Washers &amp; Dryer,غساله اتوماتيك زانوسي ، تحميل امامى ، 9 كيلو ، موتور انفرتر ، 914909478 - اسود,EL1143056BND,1.0,21999.0,21999.0,0.0,21999.0,,الجيزة,Paymob Wallet
2006146937,2026-08-01 15:54:10,Aug 01,MP,linesleep,Bedding,لحاف سرير شتوي من المايكروفايبر، لحاف فايبر بديل للريش، لحاف، 180×220 سم- كحلي,quilt182SH-linesleep,1.0,655.0,655.0,0.0,655.0,,الجيزة,valU
2006146937,2026-08-01 15:54:10,Aug 01,MP,alsafafurniture,Bedding,بطانية فرو جاكارد مزدوجة الوجه بنية 220x240 سم 4 كجم 2 طبقة تصميم إسباني,RAN-BVBV554,1.0,1900.0,1900.0,0.0,1900.0,,الجيزة,valU
2006146937,2026-08-01 15:54:10,Aug 01,MP,molanafortraining,Ladders &amp; Clothes Dryer,منشر غسيل هومي صن اير معدن 16 متر ضدا الصدا الوان متعددة,RAN-UW27ZV6,1.0,1599.0,1599.0,0.0,1599.0,,الجيزة,valU
2006146937,2026-08-01 15:54:10,Aug 01,raneen,raneen,Cleaning Tools &amp; Supplies,منشر حمام ستانلس ستيل رينامورا، 21×32 سم - ازرق فاتح,HO1104647LB1,1.0,366.0,366.0,0.0,366.0,,الجيزة,valU
2006146937,2026-08-01 15:54:10,Aug 01,MP,ocean,Ladders &amp; Clothes Dryer,سلم معدن هايل، 6 درجات - ابيض اسود,RAN-ZE6AGUP,1.0,1400.0,1400.0,0.0,1400.0,,الجيزة,valU
2006146937,2026-08-01 15:54:10,Aug 01,raneen,raneen,Grill,شواية كهربائية تاتش الزنوكى، 2000 وات، 40905 - اسود,EL1020642BNR,1.0,964.0,964.0,0.0,964.0,,الجيزة,valU
2006146937,2026-08-01 15:54:10,Aug 01,raneen,raneen,Fans,مروحة حائط سوناي، 60 وات، 3 سرعات، 16 بوصة، MAR – 1611 - اسود,EL1103372BLK,2.0,1060.0,2120.0,0.0,2120.0,,الجيزة,valU
2006146937,2026-08-01 15:54:10,Aug 01,raneen,raneen,Bedding,بطانية قطيفة طبقتين مورانو، 240×220 سم، 6800 جرام، موديل ميراج - بيج,TX1106421BG3,1.0,2249.0,2249.0,0.0,2249.0,,الجيزة,valU
2006146937,2026-08-01 15:54:10,Aug 01,MP,attallah,Iron Tables,ترابيزة مكواة بورد خشب جوهار - رمادي,MZITABLE2DGY-atta,1.0,1350.0,1350.0,0.0,1350.0,,الجيزة,valU
2006146937,2026-08-01 15:54:10,Aug 01,MP,snooze,Bedding,بطانيه خفيفه فرو سنوز، 180×220 سم، قطعة واحدة,MP-6223015814101,2.0,555.0,1110.0,0.0,1110.0,,الجيزة,valU
2006146940,2026-08-01 15:54:42,Aug 01,raneen,raneen,Home &amp; Balcony Essentials,جزامة بلاستيك بأرجل، 4 رف، 70×31×49 سم - بني بيج,HO1145864BR1,1.0,200.0,200.0,0.0,200.0,,الجيزة,Credit/Debit Card
2006146955,2026-08-01 15:56:29,Aug 01,raneen,raneen,Fans,مروحة ستاند الشبح فريش، 18 بوصة، 3 سرعات - احمر,EL1049885BLK,1.0,1939.0,1939.0,0.0,1939.0,,القاهرة,Cash On Delivery
2006146958,2026-08-01 15:57:14,Aug 01,MP,woodenfurniture,Center Table,ترابيزة وسط مودرن خشب ام دي اف، 45×45×80 سم - بيج وابيض,WOODF266,1.0,1099.0,1099.0,0.0,1099.0,,الجيزة,Credit/Debit Card
2006146961,2026-08-01 15:57:22,Aug 01,MP,goodsportgroup,Sports Equipment,جيني ترامبولين مع شبكة امان 6 قدم,RAN-JGJB8WS,1.0,6494.0,6494.0,0.0,6494.0,,القاهرة,Cash On Delivery
2006146964,2026-08-01 15:57:37,Aug 01,MP,tibatrading,Home Decor,جهاز عرض ضوء ليلي النجوم والقمر مع دوران 360° وألوان,RAN-S2URVUB,1.0,159.0,159.0,0.0,159.0,,القاهرة,Cash On Delivery
2006146967,2026-08-01 15:58:19,Aug 01,MP,attallah,Air Coolers,مبرد هواء فريش، 72 لتر، FA-M60 - ابيض رمادي فاتح,EL1069767WNG-attallah,1.0,4599.0,4599.0,0.0,4599.0,,القليوبية,QNB Installments
2006146970,2026-08-01 15:58:31,Aug 01,raneen,raneen,Smart Watches,ساعة سمارت لايت 6 اورايمو، 300 مللي أمبير ، مقاومة للماء ، OSW-809 - اسود,EL1150373BLK,1.0,649.0,649.0,0.0,649.0,,البحيرة,Cash On Delivery
2006146976,2026-08-01 15:58:57,Aug 01,raneen,raneen,Pillows,خدادية فايبر سوفت المأمون، 50×70 سم - ابيض,TX1015166WIT,1.0,299.0,299.0,9.65,289.35,TEX200,القاهرة,valU
2006146976,2026-08-01 15:58:57,Aug 01,raneen,raneen,Mattress,مرتبه دبل نت رست بلس هابيتات، سوست منفصله، 120×195 سم، بارتفاع 27 سم - ابيض,TX1147126WIT,1.0,5899.0,5899.0,190.35,5708.65,TEX200,القاهرة,valU
2006146982,2026-08-01 16:01:14,Aug 01,MP,vooc,Mobile Audio,سماعة بلوتوث اورايمو، oeb-311 - ذهبي,oeb-311-vooc,1.0,900.0,900.0,0.0,900.0,,الجيزة,Cash On Delivery
4000158766,2026-08-01 16:02:48,Aug 01,raneen,raneen,Mobile Phones,"Samsung Galaxy A16 Smart phone, 128 GB, 4 GB RAM - Black",EL1122777BLK,1.0,7599.0,7599.0,0.0,7599.0,,الأسماعيلية,Cash On Delivery
2006146991,2026-08-01 16:03:05,Aug 01,MP,electricshop,Refrigerators &amp; Freezers,ثلاجة نوفروست تورنيدو، 385 لتر، 2 باب، RF-480T-Dst - فضي داكن,EL1114506SLV-electricshop,1.0,24999.0,24999.0,0.0,24999.0,,سوهاج,Cash On Delivery
2006146997,2026-08-01 16:03:40,Aug 01,raneen,raneen,Water Heaters,سخان غاز اريستون، 10 لتر - ابيض,EL1136647WIT,1.0,5599.0,5599.0,0.0,5599.0,,القاهرة,valU
2005952077,2026-08-01 16:04:07,Aug 01,raneen,raneen,Hair Care,مكواة شعر سوكانى، ديجيتال، 50 وات، HS-950A - ابيض,EL1122043OF1,1.0,665.0,665.0,0.0,665.0,,القاهرة,Bank Misr Installments
2005952077,2026-08-01 16:04:07,Aug 01,raneen,raneen,Mixers &amp; Blenders,خلاط كهربائي رويال، 1.5 لتر، 2 مطحنة، 400 وات، BL450/W - ابيض,EL1114987WIT,1.0,570.0,570.0,0.0,570.0,,القاهرة,Bank Misr Installments
2005952077,2026-08-01 16:04:07,Aug 01,raneen,raneen,Fans,مروحة بوكس سوناي، 14 بوصة، 70 وات، 3 سرعات، MAR-3014WT - ابيض,EL1103363WNG,1.0,1212.0,1212.0,0.0,1212.0,,القاهرة,Bank Misr Installments
2006147000,2026-08-01 16:04:10,Aug 01,raneen,raneen,Kitchenware,مطبقية ستانلس ستيل اتوم ستيل، 3 أدوار، 60×60×24 سم - فضي,HO1085242SLV,1.0,510.0,510.0,25.5,484.5,KCH200,الجيزة,Cash On Delivery
2006147003,2026-08-01 16:04:19,Aug 01,raneen,raneen,Air Conditioner,تكييف سبليت فريش، 1.25 حصان، بارد، تربو، FUFW09CO-X1 - ابيض,EL1143260WIT,1.0,16649.0,16649.0,0.0,16649.0,,القليوبية,Free
2006147027,2026-08-01 16:07:58,Aug 01,MP,alarabycenter,Fans,مروحة حائط ايه تى ايه، 5 ريشة، 18 بوصة، 3 سرعات، 18B01P5 - ابيض ازرق,EL1018816WB1-alarabycenter,1.0,905.04,905.04,0.0,905.04,,الجيزة,Cash On Delivery
2006147030,2026-08-01 16:08:05,Aug 01,raneen,raneen,Fans,مروحة حائط ايه تى ايه، 16 بوصة، 3 سرعات، 5 ريشة، B1605 - ابيض احمر,EL1018812WNR,2.0,669.0,1338.0,0.0,1338.0,,القليوبية,QNB Installments
2006147033,2026-08-01 16:08:33,Aug 01,raneen,raneen,Fans,مروحة ستاند تاتش الزنوكى، 18 بوصة، 40120 - اسود احمر,EL1092771BNR,1.0,1612.0,1612.0,0.0,1612.0,,Ismailia,Cash On Delivery
2006147036,2026-08-01 16:08:49,Aug 01,MP,radwantools,Power &amp; Hand Tools,قفل باب معدني فضي من Somafix - 60 ملم متين لأمان المنزل,RAN-GRR8HMT,1.0,150.0,150.0,0.0,150.0,,القاهرة,Premium Card
2006147036,2026-08-01 16:08:49,Aug 01,raneen,raneen,Water Heaters,سخان مياه كهربائي ريلاكس فريش، 50 لتر - أبيض,EL1055234WHT,2.0,3099.0,6198.0,0.0,6198.0,,القاهرة,Premium Card
2006147039,2026-08-01 16:10:01,Aug 01,raneen,raneen,Kids Bags,شنطة مدرسية وتر بروف للبنات، 17 بوصة، 4 سوستة - كشمير موف,HO1137394MC3,1.0,349.0,349.0,0.0,349.0,,البحيرة,Cash On Delivery
2006147051,2026-08-01 16:11:07,Aug 01,raneen,raneen,Televisions,تلفزيون سمارت ايه تى ايه، 43 بوصة، FHD، LED، ATA43FLS - اسود,EL1068464BLK,1.0,9699.0,9699.0,0.0,9699.0,,القاهرة,Credit/Debit Card
2006147054,2026-08-01 16:11:18,Aug 01,raneen,raneen,Water Heaters,سخان مياه كهربائي فريش ريلاكس، 80 لتر، Relax-80 - ابيض,EL1091381WIT,1.0,3799.0,3799.0,0.0,3799.0,,الجيزة,Cash On Delivery
2006147054,2026-08-01 16:11:18,Aug 01,raneen,raneen,Refrigerators &amp; Freezers,ديب فريزر افقى يونيون اير، 145 لتر، ديجيتال، جسم داخلى من الالومنيوم، UC-200BBA-DH - اسود,EL1147882BLK,1.0,8749.0,8749.0,0.0,8749.0,,الجيزة,Cash On Delivery
2006147048,2026-08-01 16:11:36,Aug 01,raneen,raneen,Water Dispenser,مبرد مياة مكتبي جاك، 630 وات، بارد / ساخن، 2 حنفية، NGWD-2225T - اسود رمادي,EL1119824SLV,1.0,3935.0,3935.0,0.0,3935.0,,القاهرة,El-Ahly Installments
2006147075,2026-08-01 16:14:34,Aug 01,MP,woodenfurniture,Center Table,ترابيزة وسط مودرن خشب ام دي اف، 45×45×80 سم - بيج وابيض,WOODF266,1.0,1099.0,1099.0,0.0,1099.0,,الشرقية,Cash On Delivery
2006147087,2026-08-01 16:16:13,Aug 01,raneen,raneen,Smart Watches,ساعة سمارت اس بي 9 الترا ماكس كونيكت مي، 49 مم، شاشة 2.01 بوصة، شاحن لاسلكي - فضي,EL1128884MC1,1.0,375.0,375.0,0.0,375.0,,الغربية,Cash On Delivery
2006147093,2026-08-01 16:16:42,Aug 01,raneen,raneen,Bedding,طقم لحاف اطفال المأمون، 3 قطع,TX1015169WI2,1.0,1749.0,1749.0,87.45,1661.55,TEX200,كفر الشيخ,Cash On Delivery
2006147093,2026-08-01 16:16:42,Aug 01,MP,linesleep,Bedding,لحاف وجهين فايبر لاين سليب، 240×220 سم - احمر رمادي غامق,QLT17240X220RDDGRY,1.0,655.0,655.0,32.75,622.25,TEX200,كفر الشيخ,Cash On Delivery
2006147096,2026-08-01 16:17:28,Aug 01,raneen,raneen,Mobile Phones,موبايل سامسونج جالاكسى A16، جيجا بايت 128، 4  جيجا رام- رمادي,EL1122778GRY,2.0,7699.0,15398.0,0.0,15398.0,,الجيزة,Premium Card
4000158769,2026-08-01 16:17:53,Aug 01,raneen,raneen,Kitchen Accessories,"Plastic Clothespins Set, 12 Pieces, 7 cm - Multicolor",HO1138811MC1,1.0,66.0,66.0,0.0,66.0,,أسيوط,Cash On Delivery
4000158769,2026-08-01 16:17:53,Aug 01,raneen,raneen,Kitchen Accessories,"Clothes Hanger Set For Kids, 6 Pieces, 28 cm - Light Blue",HO1079410LBL,4.0,40.0,160.0,0.0,160.0,,أسيوط,Cash On Delivery
4000158769,2026-08-01 16:17:53,Aug 01,raneen,raneen,Home Decor,"Stone Crystal Glass Vase, 20 cm - Clear",HO1137227CLR,2.0,50.0,100.0,0.0,100.0,,أسيوط,Cash On Delivery
4000158769,2026-08-01 16:17:53,Aug 01,raneen,raneen,Dinnerware,"Luminarc Arcopal Dinner Set, 26 Pieces - White",HO1124768WI1,1.0,1249.0,1249.0,0.0,1249.0,,أسيوط,Cash On Delivery
4000158778,2026-08-01 16:19:26,Aug 01,raneen,raneen,Fans,"ATA S1801 Stand Fan, 18 Inch, 3 Blades, 3 Speeds - Black",EL1018813BLK,1.0,849.0,849.0,0.0,849.0,,القاهرة,Cash On Delivery
2006147105,2026-08-01 16:20:55,Aug 01,MP,tibatrading,Kitchenware,منظم رف توابل من طبقتين، سلك معدني اسود، تخزين على سطح الطاولة، تنظيم المطبخ,RAN-9Y7D6VN,1.0,329.0,329.0,0.0,329.0,TEX200,الجيزة,Cash On Delivery
2006147105,2026-08-01 16:20:55,Aug 01,MP,lightcart,Kitchenware,حصيرة تجفيف صحون مايكروفايبر ناعمة - رمادي,EIB-56846-LIGHT-CARD-6869,1.0,105.98,105.98,0.0,105.98,TEX200,الجيزة,Cash On Delivery
2006147105,2026-08-01 16:20:55,Aug 01,raneen,raneen,Kitchenware,مصفاة سلك ستانلس ستيل روكى، 12 سم - فضى,HO1048615SLV,1.0,46.0,46.0,0.0,46.0,TEX200,الجيزة,Cash On Delivery
2006147105,2026-08-01 16:20:55,Aug 01,MP,cartelafabrics,Curtain,ستارة بوليستر، 140×260 سم - بيج,AMBLBeige140260BEG,1.0,490.0,490.0,24.5,465.5,TEX200,الجيزة,Cash On Delivery
2006147105,2026-08-01 16:20:55,Aug 01,raneen,raneen,Kitchenware,مطبقية بلاستيك بالطبق، 30.50×44×37 سم، 2 دور - اسود,HO1111810BNB,1.0,100.0,100.0,0.0,100.0,TEX200,الجيزة,Cash On Delivery
2006147117,2026-08-01 16:21:51,Aug 01,MP,antikawoodfurniture,TV Table,ترابيزة تلفاز، خشب أم دي أف اسباني 2 ضلفه قلاب واربعه ارفف ، 40×160×30 سم - ابيض,YMA100WIT,1.0,1899.0,1899.0,0.0,1899.0,,أسيوط,Cash On Delivery
2006147129,2026-08-01 16:23:47,Aug 01,raneen,raneen,Drinkware,طقم شوب عصير زجاج بلينك ماكس، 3 قطع، 350 مل - شفاف,HO1071302CLR,1.0,200.0,200.0,10.0,190.0,KCH200,الدقهلية,Cash On Delivery
2006147129,2026-08-01 16:23:47,Aug 01,raneen,raneen,Cleaning Tools &amp; Supplies,باسكت قمامة بلاستيك بغطاء تاتش حجازي، 7 لتر- ابيض بيج,HO1147789WIT,2.0,139.0,278.0,13.9,264.1,KCH200,الدقهلية,Cash On Delivery
2006147129,2026-08-01 16:23:47,Aug 01,raneen,raneen,Serveware,صينية  تقديم شكل بيضاوي خشب سرسوع اليت، 34×14 سم - بني,HO1096714BRN,2.0,200.0,400.0,20.0,380.0,KCH200,الدقهلية,Cash On Delivery
2006147129,2026-08-01 16:23:47,Aug 01,raneen,raneen,Drinkware,طقم شوب زجاج باشاباتشي، 6 قطع، 400 مل - شفاف,HO1117307MOV,1.0,349.0,349.0,17.45,331.55,KCH200,الدقهلية,Cash On Delivery
2006147129,2026-08-01 16:23:47,Aug 01,raneen,raneen,Knife &amp; Cutters,طقم سكاكين ستانلس ستيل باس، 7 قطع، بالاضافة الي ستاند - فضي,HO1053817SL8,1.0,1099.0,1099.0,54.95,1044.05,KCH200,الدقهلية,Cash On Delivery
2006147129,2026-08-01 16:23:47,Aug 01,raneen,raneen,Kitchenware,مضرب نسكافية سوكاني، مع ماكينة صنع الرغوة،  SK-201A - اسود,EL1085129BLK,1.0,330.0,330.0,16.5,313.5,KCH200,الدقهلية,Cash On Delivery
2006147138,2026-08-01 16:24:16,Aug 01,raneen,raneen,Fans,مروحة ستاند الشبح فريش، 18 بوصة، 3 سرعات - احمر,EL1049885BLK,1.0,1939.0,1939.0,0.0,1939.0,,القاهرة,valU
2006147141,2026-08-01 16:24:18,Aug 01,raneen,raneen,Air Coolers,مبرد هواء فريش، 210 وات، 60 لتر، FA-M60 - ابيض رمادي فاتح,EL1069767WNG,1.0,4785.0,4785.0,0.0,4785.0,,الجيزة,Cash On Delivery
2006147147,2026-08-01 16:24:34,Aug 01,MP,homecomfort,Air Conditioner,تكييف سبلت ميديا، 1.5 حصان، بارد فقط، MSCT-12CRN-Q8 - ابيض,AC53MSMB1T-12CRWITconf-homecomfort,1.0,20475.0,20475.0,0.0,20475.0,,الأسكندرية,Credit/Debit Card
2006147147,2026-08-01 16:24:34,Aug 01,raneen,raneen,Fryers,قلاية هوائية فيليبس، 1700 وات، 6.2 لتر، شاشة ديجيتال، سلسلة 2000 ، NA230/00 - اسود,EL1129789BLK,1.0,8099.0,8099.0,0.0,8099.0,,الأسكندرية,Credit/Debit Card
2006147156,2026-08-01 16:25:11,Aug 01,MP,ammerkatosh,Irons,مكواة ملابس بخار فريش، 2200 وات - ابيض ازرق,FREELC7075-AMMERKATOSH,1.0,1297.0,1297.0,0.0,1297.0,,القاهرة,Cash On Delivery
2006147162,2026-08-01 16:25:51,Aug 01,raneen,raneen,Fans,مروحة بوكس تاتش الزنوكى، 16 بوصة، 3 سرعات، 40202 - ابيض,EL1033276WIT,1.0,1260.0,1260.0,0.0,1260.0,,القاهرة,Credit/Debit Card
2006147162,2026-08-01 16:25:51,Aug 01,MP,egyptionscoutshop,Watches &amp; Alarms,منبة ديجيتال، بشاشة كبيرة، مفتاح اضاءة - ابيض,B08Y8ZB4T9EGY,1.0,399.0,399.0,0.0,399.0,,القاهرة,Credit/Debit Card
2006147171,2026-08-01 16:27:14,Aug 01,raneen,raneen,Home &amp; Balcony Essentials,جزامة بلاستيك العالمية، غطاء قماش، 5 رف، 90×60×30 سم - كحلي,HO1116021NVY,1.0,225.0,225.0,11.25,213.75,KCH200,Cairo,Cash On Delivery
2006147174,2026-08-01 16:27:29,Aug 01,raneen,raneen,Underwear’s,بوكسر قطن للرجال قطونيل، مقاس 5,FS1111728PTR,1.0,75.0,75.0,0.0,75.0,,الجيزة,Cash On Delivery
2006147174,2026-08-01 16:27:29,Aug 01,MP,alaasasmarketplace,Underwear’s,مجموعة ملابس داخلية للرجال دايس، قماش، 6 قطع، XXL - متعدد الالوان,S6-6-1338,1.0,546.24,546.24,0.0,546.24,,الجيزة,Cash On Delivery
2006147183,2026-08-01 16:29:04,Aug 01,raneen,raneen,Laptop &amp; Computer Tables,ترابيزة لاب توب خشب العالمية، ارجل معدن، قابلة للطى، 60×40×28 سم - بيج,HO1083579BB4,1.0,159.0,159.0,0.0,159.0,,الغربية,Cash On Delivery
2006147189,2026-08-01 16:30:15,Aug 01,MP,aldora,Mattress,مرتبة سرير كونترا الدورا، طول 200 سم، ارتفاع 27 سم,DORA622123104298824,1.0,3561.0,3561.0,58.83,3502.17,TEX200,القاهرة,Aman
2006147189,2026-08-01 16:30:15,Aug 01,MP,aldora,Mattress,مرتبة سرير كونترا الدورا، طول 200 سم، ارتفاع 27 سم,DORA622123104295723,1.0,3204.0,3204.0,52.93,3151.07,TEX200,القاهرة,Aman
2006147189,2026-08-01 16:30:15,Aug 01,MP,dukanabdelaziz,Kettles,"غلاية كهربائية فريش, 2200 وات, 1.7 لتر, EPK17051P - اسود",EL1083786BLK-conf-dukanabdelaziz,1.0,895.0,895.0,0.0,895.0,TEX200,القاهرة,Aman
2006147189,2026-08-01 16:30:15,Aug 01,MP,aldora,Mattress,مرتبة سرير كونترا الدورا، طول 200 سم، ارتفاع 27 سم,DORA622123104313829,1.0,5341.0,5341.0,88.23,5252.77,TEX200,القاهرة,Aman
2006147198,2026-08-01 16:30:53,Aug 01,raneen,raneen,AirPods,ايربودز هونر تشويس اكتيف، بلوتوث، x7e - ابيض,EL1144794WIT,1.0,399.0,399.0,0.0,399.0,,دمياط,Cash On Delivery
4000158784,2026-08-01 16:32:12,Aug 01,raneen,raneen,Air Conditioner,"Fresh SIFW20C/IP-SIFW20C/O-X2 Split Air Conditioner, X Smart Inverter Plasma, 2.25 HP, Cool - White",EL1144112WIT,1.0,36999.0,36999.0,0.0,36999.0,,الغربية,valU
2006147210,2026-08-01 16:32:21,Aug 01,MP,attallah,Water Heaters,سخان مياه كهربائي فينوس فريش، 50 لتر - أبيض,EL1044567WIT-conf-attallah,1.0,3331.0,3331.0,0.0,3331.0,,الجيزة,Cash On Delivery
2006147219,2026-08-01 16:34:11,Aug 01,raneen,raneen,Air Conditioner,تكييف سبليت ميديا، اكستريم برو، 1.5 حصان، بارد فقط، M1SEFT-12CRN8F-Q8 R32(MOSEFT-12CN8-X2Q8) - ابيض,EL1147502WIT,1.0,21899.0,21899.0,0.0,21899.0,,الشرقية,valU
2006147222,2026-08-01 16:34:23,Aug 01,raneen,raneen,Cookers,بوتاجاز غاز من رويال ، 4 شعلة، 60X60 سم، R-2010279 - فضي,EL1050248SLV,1.0,7499.0,7499.0,0.0,7499.0,,الأسماعيلية,valU
2006147225,2026-08-01 16:35:29,Aug 01,raneen,raneen,Smart Watches,ساعة سمارت اس بي 9 الترا ماكس كونيكت مي، 49 مم، شاشة 2.01 بوصة، شاحن لاسلكي - فضي,EL1128884MC1,1.0,375.0,375.0,0.0,375.0,,القليوبية,Credit/Debit Card
2006147231,2026-08-01 16:36:57,Aug 01,MP,aurafurniture,Dining Rooms,غرفة طعام خشب زان أحمر، 7 قطع ، قطيفه - بني بيج,ZM21BRW-aurafurniture,1.0,29899.0,29899.0,435.05,29463.95,OFF500,القاهرة,Cash On Delivery
2006147231,2026-08-01 16:36:57,Aug 01,MP,woodrate,Commode &amp; Drawer Units,وحده ادراج ام دي اف، 70x120x40سم - ابيض,1115-woodrate,1.0,3665.0,3665.0,53.32,3611.68,OFF500,القاهرة,Cash On Delivery
2006147231,2026-08-01 16:36:57,Aug 01,MP,elitefurniture,Clothes Hangers,شماعة ملابس معدن، 8 هوك، 137×30 - اسود,elitefurniture-21,1.0,799.0,799.0,11.63,787.37,OFF500,القاهرة,Cash On Delivery
2006147234,2026-08-01 16:37:09,Aug 01,raneen,raneen,Irons,مكواة بخار جراند ماكس تاتش الزنوكى، 2600 وات، 40445 - اسود تركواز,EL1130401BNT,1.0,1549.0,1549.0,0.0,1549.0,,القليوبية,Aman
2006147237,2026-08-01 16:37:31,Aug 01,raneen,raneen,Fans,مروحة بوكس فريش ، 12 بوصة ، 3 سرعات - ابيض,EL1049874GRY,1.0,966.0,966.0,0.0,966.0,,البحيرة,Cash On Delivery
2006147237,2026-08-01 16:37:31,Aug 01,raneen,raneen,Fans,ATA مروحة ستاند، 18 بوصة، 3 سرعات، 3 ريشة، S1801 - اسود,EL1018813BLK,1.0,849.0,849.0,0.0,849.0,,البحيرة,Cash On Delivery
2006147237,2026-08-01 16:37:31,Aug 01,raneen,raneen,Washers &amp; Dryer,غسالة ملابس هاف اوتوماتيك حوضين ماندو اوتو، 7 كيلو، تحميل علوي، TW7000 - ابيض رمادي,EL1149497WIT,1.0,4449.0,4449.0,0.0,4449.0,,البحيرة,Cash On Delivery
2006147237,2026-08-01 16:37:31,Aug 01,MP,alahramappliances,Cookers,بوتاجاز الاهرام، سطح ستانلس ستيل، 4 شعلة، 50×50 سم - فضى اسود,alahram-steel-50x50,1.0,3599.0,3599.0,0.0,3599.0,,البحيرة,Cash On Delivery
2006147237,2026-08-01 16:37:31,Aug 01,MP,newair,Refrigerators &amp; Freezers,ديب فريزر رأسى سيلتال، 6 درج ، VF2029 - فضى,NEI500628,1.0,12299.0,12299.0,0.0,12299.0,,البحيرة,Cash On Delivery
2006147237,2026-08-01 16:37:31,Aug 01,raneen,raneen,Carpets,سجادة صلاة قطيفة النساجون الشرقيون، 110×61 سم - متعدد الالوان,TX1098616BK8,1.0,139.0,139.0,0.0,139.0,,البحيرة,Cash On Delivery
2006147237,2026-08-01 16:37:31,Aug 01,raneen,raneen,Kitchenware,طقم برطمانات توابل اكريليك بغطاء بلاستيك العبد، غطاء بلاستيك، 6 قطع، 80 مل، بالاضافة الي ستاند - شفاف اسود,HO1141968MC1,2.0,100.0,200.0,0.0,200.0,,البحيرة,Cash On Delivery
2006147237,2026-08-01 16:37:31,Aug 01,MP,hometech2024,Microwaves &amp; Ovens,فرن كهربائي مع شواية اكاي، 2200 وات، 45 لتر، ak-45- اسود,ak-45,1.0,1696.0,1696.0,0.0,1696.0,,البحيرة,Cash On Delivery
2006147237,2026-08-01 16:37:31,Aug 01,raneen,raneen,Drinkware,ترمس بلاستيك دريم، قلب زجاج، 900 مل,HO1102632WNG,1.0,270.0,270.0,0.0,270.0,,البحيرة,Cash On Delivery
2006147237,2026-08-01 16:37:31,Aug 01,raneen,raneen,Drinkware,ترمس رحلات دريم، 900 مل - اسود,HO1102633KS1,1.0,270.0,270.0,0.0,270.0,,البحيرة,Cash On Delivery
2006147237,2026-08-01 16:37:31,Aug 01,raneen,raneen,Drinkware,طقم عصير زجاج بالدورق جلاكسي جلاس، 7 قطع - شفاف,HO1091288CR8,1.0,200.0,200.0,0.0,200.0,,البحيرة,Cash On Delivery
2006147237,2026-08-01 16:37:31,Aug 01,raneen,raneen,Home &amp; Balcony Essentials,ترابيزة بلاستيك مستديره سفير، 60×60×65 سم - اسود,HO1131015BLK,1.0,299.0,299.0,0.0,299.0,,البحيرة,Cash On Delivery
2006147237,2026-08-01 16:37:31,Aug 01,raneen,raneen,Tanks,كولمان تانك، 6 لتر - ازرق ابيض,HO1003944BLU,1.0,295.0,295.0,0.0,295.0,,البحيرة,Cash On Delivery
2006147237,2026-08-01 16:37:31,Aug 01,MP,grandmakaa,Mixers &amp; Blenders,خلاط البيض والعجين بـ 7 سرعات وقوة 260 وات,RAN-SAJ3NXJ,1.0,249.0,249.0,0.0,249.0,,البحيرة,Cash On Delivery
2006147237,2026-08-01 16:37:31,Aug 01,raneen,raneen,Mixers &amp; Blenders,خلاط كهربائي رويال، 1.5 لتر، 2 مطحنة، 400 وات، BL450/W - ابيض,EL1114987WIT,1.0,570.0,570.0,0.0,570.0,,البحيرة,Cash On Delivery
2006147237,2026-08-01 16:37:31,Aug 01,raneen,raneen,Suction Fan,شفاط حائط رويال، 25 سم، بشبكة، اتجاهين، RH25 - ابيض,EL1114989WIT,1.0,519.0,519.0,0.0,519.0,,البحيرة,Cash On Delivery
2006147246,2026-08-01 16:38:35,Aug 01,MP,ammerkatosh,Air Coolers,مبرد هواء بوينج فريش، 80 لتر، FA-BO80M - ابيض,EL1103234DGY-ammerkatosh,1.0,5764.0,5764.0,0.0,5764.0,,البحيرة,Cash On Delivery
2006147252,2026-08-01 16:40:37,Aug 01,MP,attallah,Fans,مروحة حائط فريش، 16 بوصة، 3 سرعات - رمادي,EL1049878CLR-conf-attallah,1.0,1699.0,1699.0,0.0,1699.0,,القاهرة,Cash On Delivery
2006147255,2026-08-01 16:41:53,Aug 01,raneen,raneen,Cookware,طقم طاجن بورجام زجاج حرارى تركى  بيضاوى مقاس (1.55لتر-3.2لتر)، قطعتين،- شفاف,HO1012435CLR,1.0,349.0,349.0,17.45,331.55,KCH200,القاهرة,Cash On Delivery
2006147255,2026-08-01 16:41:53,Aug 01,MP,tibatrading,Ladders &amp; Clothes Dryer,منشر غسيل قابل للطي مصنوع من معدن متين بتصميم الأجنحة مناسب للاستخدام الداخلي والخارجي,RAN-UGHVV7B,1.0,619.0,619.0,30.95,588.05,KCH200,القاهرة,Cash On Delivery
2006147255,2026-08-01 16:41:53,Aug 01,raneen,raneen,Cutlery &amp; Flatware Set,طقم ملاعق عشاء ستانلس ستيل توب وان، 6 قطع، 18 سم - فضي ذهبي,HO1125973SL1,1.0,130.0,130.0,6.5,123.5,KCH200,القاهرة,Cash On Delivery
2006147255,2026-08-01 16:41:53,Aug 01,raneen,raneen,Kitchen Accessories,شماعه باب معدن، 14 هوك، 42.7×4.5 سم، 355 جرام - ذهبي,HO1146499GLD,3.0,129.0,387.0,19.35,367.65,KCH200,القاهرة,Cash On Delivery
2006147258,2026-08-01 16:42:53,Aug 01,raneen,raneen,Kitchenware,ماسك تحمير خشب بامبو، 30 سم - خشبي,HO1138796BSC,1.0,40.0,40.0,0.96,39.04,kch200,الأسكندرية,valU
2006147258,2026-08-01 16:42:53,Aug 01,raneen,raneen,Dinnerware,طقم عشاء بورسلين لوتس، 24 قطعة - ابيض بيج,HO1111256MC1,1.0,2799.0,2799.0,66.8,2732.2,kch200,الأسكندرية,valU
2006147258,2026-08-01 16:42:53,Aug 01,raneen,raneen,Bowl,سلطانية ستانلس ستيل عبود، 15 سم - فضى,HO1069296SLV,1.0,60.0,60.0,1.43,58.57,kch200,الأسكندرية,valU
2006147258,2026-08-01 16:42:53,Aug 01,raneen,raneen,Bowl,سلطانية زجاج حراري بايركس، 1.1 لتر، 15 سم - شفاف,HO1000417CLR,1.0,305.0,305.0,7.28,297.72,kch200,الأسكندرية,valU
2006147258,2026-08-01 16:42:53,Aug 01,MP,dukanalaa,Kitchenware,طقم فوط 5 قطع ميكروفايبر، 30×30 سم - متعدد الالوان,mftsp30-alla,1.0,114.0,114.0,2.72,111.28,kch200,الأسكندرية,valU
2006147258,2026-08-01 16:42:53,Aug 01,raneen,raneen,Knife &amp; Cutters,طقم سكاكين ستانلس ستيل باس، 7 قطع - فضي,HO1053817SL4,1.0,1099.0,1099.0,26.23,1072.77,kch200,الأسكندرية,valU
2006147258,2026-08-01 16:42:53,Aug 01,raneen,raneen,Kitchen Accessories,سلة مشابك بلاستيك بيد اليت، 30×20 سم - اسود,HO1097601BLK,1.0,95.0,95.0,2.26,92.74,kch200,الأسكندرية,valU
2006147258,2026-08-01 16:42:53,Aug 01,raneen,raneen,Cookware,قلاية المونيوم عميقة بيد ستانلس ستيل الاهرام، 26 سم - فضي,HO1109780SLV,1.0,640.0,640.0,15.28,624.72,kch200,الأسكندرية,valU
2006147258,2026-08-01 16:42:53,Aug 01,raneen,raneen,Kitchenware,طقم زجاجة زيت وخل زجاج، قطعتين، 250 مل - شفاف,HO1125133CLR,1.0,80.0,80.0,1.91,78.09,kch200,الأسكندرية,valU
2006147258,2026-08-01 16:42:53,Aug 01,raneen,raneen,Kettles,غلاية مياة كهربائية سوناي بيك ، ٢٢٠٠ وات ، 1.7 لتر ، زجاج ، MAR-3755W - اسود,EL1137575BLK,1.0,717.0,717.0,0.0,717.0,kch200,الأسكندرية,valU
2006147258,2026-08-01 16:42:53,Aug 01,MP,lightcart,Kitchenware,أكواب معيارية من الفولاذ المقاوم للصدأ ذهبي، 5 قطع بمقابض خشبية,RAN-G77RSUF,1.0,479.0,479.0,11.43,467.57,kch200,الأسكندرية,valU
2006147258,2026-08-01 16:42:53,Aug 01,MP,safktna,Kitchenware,ورق غير لاصق لقلاية الهواء، 7.9 بوصة، 100 قطعة - أبيض,4745131-safktna,1.0,150.0,150.0,3.58,146.42,kch200,الأسكندرية,valU
2006147258,2026-08-01 16:42:53,Aug 01,MP,tibatrading,Mats,سجادة سيليكون عالية الامتصاص وسريعة الجفاف (2 قطعة) للحمام والأرضيات صغير، متعدد الألوان,RAN-ZCP6S75,1.0,189.0,189.0,0.0,189.0,kch200,الأسكندرية,valU
2006147258,2026-08-01 16:42:53,Aug 01,MP,molanafortraining,Kitchenware,طقم ملاعق خشب طبيعي 4 قطع (شوكة + ملعقة + مققصمة + سباتولا) - خشب عالي الجودة,RAN-JU96R6V,1.0,445.0,445.0,10.62,434.38,kch200,الأسكندرية,valU
2006147258,2026-08-01 16:42:53,Aug 01,MP,lightcart,Storage,طقم علب بقوليات من أكريليك وسيليكون ، 12 قطع ، 250 مل - شفاف,EIB-56952-LIGHT-CARD-6975,1.0,388.0,388.0,9.26,378.74,kch200,الأسكندرية,valU
2006147258,2026-08-01 16:42:53,Aug 01,MP,bero,Laptop Accessories,حامل لاب توب قابل للطئ ، مقاس 8-18 بوصة ، B-204 - فضي,6222053928030,1.0,230.0,230.0,0.0,230.0,kch200,الأسكندرية,valU
2006147258,2026-08-01 16:42:53,Aug 01,MP,jphome,Cookware,طقم صواني كيك، 3 قطع - اسود,JPHOMEREREBK,1.0,443.0,443.0,10.58,432.42,kch200,الأسكندرية,valU
2006147258,2026-08-01 16:42:53,Aug 01,raneen,raneen,Serveware,طقم صينية تقديم خشب بامبو جروب تايجر، 3 قطع - خشبي,HO1138947BSC,1.0,499.0,499.0,11.91,487.09,kch200,الأسكندرية,valU
2006147258,2026-08-01 16:42:53,Aug 01,MP,coktailstore,Kitchen Accessories,رف خطافات حائط اكريليك شفاف، 5 خطافات ,RAN-8EKVDZ9,2.0,150.0,300.0,7.16,292.84,kch200,الأسكندرية,valU
2006147258,2026-08-01 16:42:53,Aug 01,raneen,raneen,Kitchen Scale,ميزان مطبخ ديجيتال محمول ستانلس ستيل، 10 كجم، ابيض فضي,HO1146920WI1,1.0,299.0,299.0,7.13,291.87,kch200,الأسكندرية,valU
2006147258,2026-08-01 16:42:53,Aug 01,MP,tibatrading,Kitchenware,طقم توابل 4 قطع جينريك، أكريليك، مع رف - شفاف,TIBA.KIT.230CLR,1.0,145.0,145.0,3.46,141.54,kch200,الأسكندرية,valU
2006147267,2026-08-01 16:46:29,Aug 01,raneen,raneen,Serveware,صينية عشاء ميلامين مستديرة الشريف، 65 سم - بينك ابيض,HO1116683RS1,1.0,297.0,297.0,0.0,297.0,,القاهرة,Cash On Delivery
2006147270,2026-08-01 16:46:45,Aug 01,raneen,raneen,Drinkware,زجاجه مياه رياضية بلاستيك تانك، 550 مل,HO1130927BLU,1.0,129.0,129.0,0.0,129.0,,الشرقية,Cash On Delivery
2006147270,2026-08-01 16:46:45,Aug 01,raneen,raneen,Drinkware,طقم زجاجه مياه بلاستيك تانك، قطعتين، 650 مل,HO1136384PNG,1.0,349.0,349.0,0.0,349.0,,الشرقية,Cash On Delivery
2006147270,2026-08-01 16:46:45,Aug 01,raneen,raneen,Water Filters,فلتر تانك برو، ديجيتال، 6 وظائف تنقية، بالاضافة الي عبوة شمع هدية، 3×1 - ابيض,HO1121846WIT,1.0,2489.0,2489.0,0.0,2489.0,,الشرقية,Cash On Delivery
2006147279,2026-08-01 16:47:20,Aug 01,raneen,raneen,Air Conditioner,تكييف سبليت ميديا، اكستريم برو، 1.5 حصان، بارد فقط، M1SEFT-12CRN8F-Q8 R32(MOSEFT-12CN8-X2Q8) - ابيض,EL1147502WIT,1.0,21899.0,21899.0,0.0,21899.0,,القاهرة,Cash On Delivery
2006147288,2026-08-01 16:48:13,Aug 01,raneen,raneen,Kids Bags,شنطة ظهر حضانة قماش للاطفال، 2 سوستة، 14 بوصة، بالاضافة الي مقلمة - ازرق اسود,HO1150462MC8,1.0,249.0,249.0,0.0,249.0,,القاهرة,Cash On Delivery
2006147288,2026-08-01 16:48:13,Aug 01,raneen,raneen,Kids Bags,شنطة ظهر حضانة قماش للاطفال، 2 سوستة، 14 بوصة، بالاضافة الي مقلمة - اسود احمر,HO1150462MC3,1.0,249.0,249.0,0.0,249.0,,القاهرة,Cash On Delivery
2006147288,2026-08-01 16:48:13,Aug 01,raneen,raneen,Kids Bags,شنطة ظهر مدرسية 3D ميكروفايبر للبنات، 3 سوستة، 17 بوصة، بالاضافة الي مقلمة - متعدد الالوان,HO1150459MC4,1.0,399.0,399.0,0.0,399.0,,القاهرة,Cash On Delivery
2006147291,2026-08-01 16:48:17,Aug 01,raneen,raneen,Carpets,مشاية بولي بروبلين الووى النساجون الشرقيون، 150×80 سم - ابيض,TX1144214WI8,1.0,299.0,299.0,0.0,299.0,,الجيزة,Cash On Delivery
2006147291,2026-08-01 16:48:17,Aug 01,raneen,raneen,Office Chairs,كرسي مكتب معدن وسط ظهر شبك، هيدروليك، مسند فيبر، 5 عجلات، 50×50×110 سم - اسود,HO1139739BLK,1.0,1399.0,1399.0,0.0,1399.0,,الجيزة,Cash On Delivery
2006147300,2026-08-01 16:48:57,Aug 01,MP,shoppingonline,Laptop Accessories,شنطة ظهر للابتوب للسفر بمنفذ شحن USB، 17 بوصة - أسود,B0BN72SQ7M,1.0,228.0,228.0,0.0,228.0,,القاهرة,Cash On Delivery
2006147315,2026-08-01 16:51:17,Aug 01,raneen,raneen,Fans,مروحة ستاند صانى فريش، 16 بوصة بيانو، 3 سرعات - احمر داكن,EL1129185DRD,1.0,1369.0,1369.0,0.0,1369.0,,القاهرة,Cash On Delivery
2006147324,2026-08-01 16:52:05,Aug 01,MP,mobileplus,Mobile Phones,موبايل سمارت رينو 14 اوبو، مساحة تخزين 256 جيجا، 12 جيجا رام، شبكة الجيل الخامس - ابيض,EL1135868WIT-mobileplus,1.0,30250.0,30250.0,0.0,30250.0,,الجيزة,Bank Misr Installments
2006147327,2026-08-01 16:52:30,Aug 01,raneen,raneen,Plastic &amp; Paper Products,رول مفرش سفرة الصفوة، 30 مفرش، 90×110 سم - شفاف,HO1111886CL1,1.0,85.0,85.0,4.25,80.75,KCH200,القاهرة,Cash On Delivery
2006147327,2026-08-01 16:52:30,Aug 01,MP,bladnatools,Connectors,محول كهربائي اي لوك - ابيض,bladnatools-119,1.0,91.0,91.0,0.0,91.0,KCH200,القاهرة,Cash On Delivery
2006147327,2026-08-01 16:52:30,Aug 01,raneen,raneen,Cleaning Tools &amp; Supplies,باسكت قمامه بلاستيك مربع بالغطاء سفير، 2 عجله، 90 لتر - اسود,HO1131000BLK,1.0,399.0,399.0,19.95,379.05,KCH200,القاهرة,Cash On Delivery
2006147327,2026-08-01 16:52:30,Aug 01,raneen,raneen,Cleaning Tools &amp; Supplies,علبة مسحوق بلاستيك وينر بلاست، بغطاء ويد، 7 لتر - زيتوني,HO1112437OLV,1.0,98.0,98.0,4.9,93.1,KCH200,القاهرة,Cash On Delivery
2006147339,2026-08-01 16:55:33,Aug 01,MP,ehabgroup,Mobile Phones,موبايل اوبو رينو 15 F ثنائي الشريحة ، 256 جيجا، 12 جيجا بايت رام، شبكة الجيل الخامس - ازرق,6932169394741,1.0,25555.0,25555.0,0.0,25555.0,,كفر الشيخ,Cash On Delivery
2006147342,2026-08-01 16:55:43,Aug 01,MP,lifecare,Kitchen Accessories,خطافات حائط لاصقة قوية من لابوتا - 20 قطعة من الفولاذ المقاوم للصدأ، حمولة تصل إلى 10 كجم - شفاف,RAN-5JEBGSR,1.0,99.0,99.0,0.0,99.0,LIT200,القاهرة,Bank Misr Installments
2006147342,2026-08-01 16:55:43,Aug 01,MP,tibatrading,Ladders &amp; Clothes Dryer,منشر غسيل قابل للطي مصنوع من معدن متين بتصميم الأجنحة مناسب للاستخدام الداخلي والخارجي,RAN-UGHVV7B,1.0,619.0,619.0,0.0,619.0,LIT200,القاهرة,Bank Misr Installments
2006147342,2026-08-01 16:55:43,Aug 01,MP,nagfashop,Lighting Hanging,دلايه سقف الألومنيوم، 3 لمبة، 35×60 سم - ذهبي,3MG1204,2.0,749.0,1498.0,135.75,1362.25,LIT200,القاهرة,Bank Misr Installments
2006147342,2026-08-01 16:55:43,Aug 01,raneen,raneen,Curtain,ستارة كتان بالحلقات رائف، 260×135 سم، 1115 جرام تقريبا - (قطعة واحدة),TX1132086LGR,1.0,899.0,899.0,0.0,899.0,LIT200,القاهرة,Bank Misr Installments
2006147342,2026-08-01 16:55:43,Aug 01,MP,aeroegy,Curtain,ستارة قطيفة عازلة للحرارة، 150×250 سم - تركواز,aeroegy-5001,1.0,460.0,460.0,0.0,460.0,LIT200,القاهرة,Bank Misr Installments
2006147342,2026-08-01 16:55:43,Aug 01,MP,edgelighting,Lighting Hanging,نجفة سقف مودرن دهان الكتروستاتيك، 3 لمبات، 80x45 سم - متعدد الالوان,MFb27,1.0,709.0,709.0,64.25,644.75,LIT200,القاهرة,Bank Misr Installments
2006147354,2026-08-01 16:57:01,Aug 01,raneen,raneen,Smart Watches,ساعة سمارت اس بي 9 الترا ماكس كونيكت مي، 49 مم، شاشة 2.01 بوصة، شاحن لاسلكي - فضي,EL1128884MC1,1.0,375.0,375.0,0.0,375.0,,الأسماعيلية,Cash On Delivery
2006147360,2026-08-01 16:58:52,Aug 01,MP,attallah,Washers &amp; Dryer,غسالة ملابس فريش دويتو، حوضين، 5 كجم، Duetto - ابيض,DUETTOWHI-CONF-attallah,1.0,5139.0,5139.0,0.0,5139.0,,القاهرة,Cash On Delivery
2006147369,2026-08-01 17:01:50,Aug 01,MP,elandalos,Air Conditioner,تكييف سبلت هاير، سمارت ايكو انفرتر، 1.5 حصان، بارد فقط، HSU-12KCRIC - ابيض,HSU-12KCSID-magicair-elandalos,1.0,20981.0,20981.0,0.0,20981.0,,الجيزة,Cash On Delivery
2006147378,2026-08-01 17:03:34,Aug 01,raneen,raneen,Cookware,طقم صينية فرن جرانيت الفا، 3 قطع - بنفسجي,HO1147354PR1,1.0,1599.0,1599.0,0.0,1599.0,,الجيزة,Cash On Delivery
2006147384,2026-08-01 17:04:07,Aug 01,MP,tetrachem,Soap &amp; Shower Gel,شاور جل متعدد الروائح بريليانت تاتش، 1 لتر، 4 عبوات,6224008777076-4P,1.0,266.0,266.0,0.0,266.0,,البحيرة,Cash On Delivery
2006147384,2026-08-01 17:04:07,Aug 01,MP,mostawdaa,Mirror,مرايا حمام مودرن بأضاءة ليد، زجاج، شكل دائري، 60×60 سم,MS60LEDSY,1.0,749.0,749.0,0.0,749.0,,البحيرة,Cash On Delivery
2006147393,2026-08-01 17:05:47,Aug 01,raneen,raneen,Fans,مروحة ستاند الشبح فريش، 18 بوصة، 3 سرعات - احمر,EL1049885BLK,1.0,1939.0,1939.0,0.0,1939.0,,القاهرة,Cash On Delivery
2006147414,2026-08-01 17:07:35,Aug 01,MP,ammerkatosh,Mixers &amp; Blenders,هاند بلندر مع الملحقات ميديا تك، 700 وات- MT-HB14 - اسود,EL1068228BLK-ammerkatosh,1.0,1879.0,1879.0,0.0,1879.0,,الجيزة,Cash On Delivery
2006147414,2026-08-01 17:07:35,Aug 01,raneen,raneen,Dinnerware,طقم عشاء أركوبال اماراتي لومينارك، 26 قطعة - ابيض,HO1124768WI1,1.0,1249.0,1249.0,0.0,1249.0,,الجيزة,Cash On Delivery
4000158787,2026-08-01 17:09:09,Aug 01,MP,abdelaziz,Shaving &amp; Grooming,VGR v-992 Multi-Purpose Use Shaving Machine For Men - Black,V-992,1.0,1899.0,1899.0,0.0,1899.0,,القاهرة,Cash On Delivery
2006147423,2026-08-01 17:09:11,Aug 01,MP,tibatrading,Kitchenware,حامل أجهزة قابل للتمديد يتحمل الوزن مع حركة مستقرة - رمادي,TIBA.KIT.480,1.0,242.0,242.0,0.0,242.0,,الجيزة,Cash On Delivery
2006147432,2026-08-01 17:09:56,Aug 01,MP,jokylights,Lighting Hanging,نجفة ستيل دهان الكتروستاتيك جوكى، 60×25 سم - ذهبي لامع,joky379,2.0,769.0,1538.0,120.35,1417.65,LIT200,القاهرة,Cash On Delivery
2006147432,2026-08-01 17:09:56,Aug 01,MP,edgelighting,Lighting Hanging,نجفة سقف، 3 لمبات، 50×30 سم - ذهبي,C220GLD,2.0,509.0,1018.0,79.65,938.35,LIT200,القاهرة,Cash On Delivery
2006147435,2026-08-01 17:10:05,Aug 01,raneen,raneen,Fans,مروحة ستاند زادا،18 بوصة،3 سرعات، ZSF182 - اسود,EL1046741BLK,1.0,999.0,999.0,0.0,999.0,,القاهرة,Cash On Delivery
2006147438,2026-08-01 17:10:17,Aug 01,raneen,raneen,Air Coolers,مبرد هواء سوناي، 40 لتر، 3 سرعات، MAR-40PN - أبيض,EL1137578GRY,1.0,4179.0,4179.0,0.0,4179.0,,Giza,Cash On Delivery
2006147444,2026-08-01 17:11:15,Aug 01,MP,akaeegypt,Coffee Makers,ماكينة تحضير قهوة كوكيتا، 4 اكواب - اسود,akaeegy-745110348245-BLK,1.0,1250.0,1250.0,0.0,1250.0,,القاهرة,Cash On Delivery
2006147444,2026-08-01 17:11:15,Aug 01,raneen,raneen,Mixers &amp; Blenders,مضرب بيض تاتش الزنوكى، 600 وات، 5 سرعات، 40552N - اسود,EL1125723BK1,1.0,860.0,860.0,0.0,860.0,,القاهرة,Cash On Delivery
2006147444,2026-08-01 17:11:15,Aug 01,raneen,raneen,Kitchenware,حامل مناديل رول مطبخ خشب زان وود هوم، مقاس 15×30 سم - خشبي,HO1145952BSC,1.0,212.0,212.0,0.0,212.0,,القاهرة,Cash On Delivery
2006147444,2026-08-01 17:11:15,Aug 01,MP,smbfortrade,Cookware,حلة تيفال كلاسيك بريستيج، قطعة بالغطاء، 18 سم - احمر,PR21542,1.0,1110.0,1110.0,0.0,1110.0,,القاهرة,Cash On Delivery
2006147444,2026-08-01 17:11:15,Aug 01,MP,amara,Mixers &amp; Blenders,هاند بلندر ميانتا ، 1000 وات ، HB111338A - اسود فضي,EL1131913BNS -amara,1.0,1399.0,1399.0,0.0,1399.0,,القاهرة,Cash On Delivery
2006147447,2026-08-01 17:12:12,Aug 01,MP,unclesamlighting,Home Decor,اناء زرع بلاستيك ، 3 قطع - ابيض اخضر,7-unclesamlighting,1.0,182.0,182.0,0.0,182.0,,القاهرة,Cash On Delivery
2006147450,2026-08-01 17:12:33,Aug 01,raneen,raneen,Air Conditioner,تكييف سبليت ميديا، اكستريم برو، 1.5 حصان، بارد فقط، M1SEFT-12CRN8F-Q8 R32(MOSEFT-12CN8-X2Q8) - ابيض,EL1147502WIT,1.0,21899.0,21899.0,0.0,21899.0,,الجيزة,Aman
2006147456,2026-08-01 17:13:25,Aug 01,raneen,raneen,Washers &amp; Dryer,غسالة ملابس انفرتر توشيبا، تحميل علوي، 13 كيلو، AW-DUK1300KUPEG - فضي داكن,EL1126740DSL,1.0,17099.0,17099.0,0.0,17099.0,,الجيزة,Premium Card
2006147459,2026-08-01 17:13:25,Aug 01,MP,katoshappliances,Washers &amp; Dryer,غساله فوق اتوماتيك تورنيدو ، تحميل علوي ، 12 كجم ، 1200 لفة / الدقيقه ، TMH-HS12CP(WK) - أبيض أسود,4733,1.0,9549.0,9549.0,0.0,9549.0,,القاهرة,Cash On Delivery
2006147465,2026-08-01 17:13:41,Aug 01,raneen,raneen,Microwaves &amp; Ovens,ميكروويف فريش، 28 لتر، 900 وات، FMW-28MC-BW - اسود,EL1120392BLK,1.0,5240.0,5240.0,0.0,5240.0,,الجيزة,Aman
2006147468,2026-08-01 17:14:22,Aug 01,raneen,raneen,Cookware,طقم حلل ستانلس ستيل سمارت زينوكس، 10 قطع - فضي,HO1148366SLV,1.0,2999.0,2999.0,0.0,2999.0,,البحر الأحمر,Cash On Delivery
2006147468,2026-08-01 17:14:22,Aug 01,MP,akaeegypt,Fans,مروحة استاند كوكيتا، 18 بوصة ، 3 سرعات - اسود,ST-001P,1.0,849.0,849.0,0.0,849.0,,البحر الأحمر,Cash On Delivery
2006147471,2026-08-01 17:14:23,Aug 01,raneen,raneen,Water Heaters,سخان غاز اريستون، 10 لتر، مزود بمدخنه، SPEED EVO 10 NG - ابيض,EL1136211WIT,1.0,5999.0,5999.0,0.0,5999.0,,Cairo,Cash On Delivery
2006147474,2026-08-01 17:14:27,Aug 01,raneen,raneen,Refrigerators &amp; Freezers,ديب فريزر راسى نوفروست يونيون اير، 6 درج، بالأضافة الى رف علوي، 355 لتر، ديجيتال، UFN-355LBLBHA-DXSM - اسود,EL1147707BLK,1.0,21699.0,21699.0,0.0,21699.0,,القاهرة,valU
2006147489,2026-08-01 17:17:11,Aug 01,MP,mobileplus,Mobile Phones,موبايل سمارت سامسونج جلاكسي S26 Ultra، ذاكرة تخزين داخلية 256 جيجابايت، رام 12 جيجابايت، شبكة الجيل الخامس - بنفسجي كوبالت,samsungs26ultra12256cobaltviolet,1.0,73700.0,73700.0,0.0,73700.0,,القاهرة,Cash On Delivery
2006147492,2026-08-01 17:17:41,Aug 01,raneen,raneen,Bathroom Accessories,صبانه بلاستيك×اكريليك مستطيله، 14×8 سم - روز,HO1146451RS1,1.0,34.0,34.0,1.7,32.3,KCH200,القاهرة,Cash On Delivery
2006147492,2026-08-01 17:17:41,Aug 01,raneen,raneen,Cookware,لبانة بالغطاء الومنيوم شيف كوك، 16 سم - فضي,HO1109913SLV,1.0,200.0,200.0,10.0,190.0,KCH200,القاهرة,Cash On Delivery
2006147492,2026-08-01 17:17:41,Aug 01,raneen,raneen,Cleaning Tools &amp; Supplies,جردل مسح بالعصارة الهلال و النجمة الفضية، 26×29 سم، مع غيار قطن - اخضر,HO1006011LGR,1.0,221.0,221.0,11.05,209.95,KCH200,القاهرة,Cash On Delivery
2006147492,2026-08-01 17:17:41,Aug 01,raneen,raneen,Mats,دواسة باب قطيفة بظهر دوتس، 50×70 سم، 350 جرام تقريبا - اخضر داكن بيج,TX1130194MG0,1.0,55.0,55.0,0.0,55.0,KCH200,القاهرة,Cash On Delivery
2006147492,2026-08-01 17:17:41,Aug 01,raneen,raneen,Kitchen Accessories,شماعة باب معدن، 10 هوك، 29 سم - ذهبي,HO1146501GLD,1.0,100.0,100.0,5.0,95.0,KCH200,القاهرة,Cash On Delivery
2006147492,2026-08-01 17:17:41,Aug 01,raneen,raneen,Plastic &amp; Paper Products,رول اكياس قمامة بلاستيك أيليت، 1/2 كيلو، 90×120 سم - رمادي داكن,HO1111876DGY,1.0,85.0,85.0,4.25,80.75,KCH200,القاهرة,Cash On Delivery
2006147492,2026-08-01 17:17:41,Aug 01,raneen,raneen,Kitchenware,قالب ثلج بلاستيك بالغطاء دنيا، 22 سم - ابيض تركواز,HO1132926TR1,1.0,85.0,85.0,4.25,80.75,KCH200,القاهرة,Cash On Delivery
2006147492,2026-08-01 17:17:41,Aug 01,MP,alliance,Kitchenware,ماسك طعام بمقبض ستانلس ستيل تايجر جروب،30x30x36 سم - متعدد الالوان,Mita_74,1.0,86.0,86.0,4.3,81.7,KCH200,القاهرة,Cash On Delivery
2006147492,2026-08-01 17:17:41,Aug 01,MP,tibatrading,Kitchenware,قطاعة خضروات يدوية 16 في 1 متعددة الوظائف من لوكسكوف، مكعبات تقطيع خضروات مع 7 شفرات مختلفة للثوم والملفوف والجزر والبطاطس والطماطم,RAN-H4KWWRW,1.0,249.0,249.0,12.45,236.55,KCH200,القاهرة,Cash On Delivery
4000158790,2026-08-01 17:17:47,Aug 01,raneen,raneen,Dishwasher,"Beko BDFN26520XQ Digital Dishwasher, 15 Person, 6 Programs, 60 cm, LED Display - Silver",EL1098392SLV,1.0,25699.0,25699.0,0.0,25699.0,,الجيزة,valU
2006147504,2026-08-01 17:18:35,Aug 01,MP,futurefurniture,Sofa,كنبة خشب زان حرف L، قماش كتان كويا، 300×200×75 سم - رمادي,SONSTLAHP300-futurefurniture,1.0,11499.0,11499.0,500.0,10999.0,OFF500,Cairo,Cash On Delivery
2006147507,2026-08-01 17:19:02,Aug 01,raneen,raneen,Serveware,صينية تقديم ميلامين زهراء المهندس، 25×15 سم - ازرق اخضر,HO1052747MC7,1.0,84.0,84.0,4.2,79.8,KCH200,القاهرة,Souhoola
2006147507,2026-08-01 17:19:02,Aug 01,raneen,raneen,Drinkware,كوب بلاستيك أكسا، 500 مل - رمادي فاتح,HO1105644LGY,1.0,26.0,26.0,1.3,24.7,KCH200,القاهرة,Souhoola
2006147507,2026-08-01 17:19:02,Aug 01,raneen,raneen,Kitchenware,ماسك طعام روكى - فضي,HO1048646SLV,1.0,94.0,94.0,4.7,89.3,KCH200,القاهرة,Souhoola
2006147507,2026-08-01 17:19:02,Aug 01,raneen,raneen,Cleaning Tools &amp; Supplies,جردل مسح 2 عين بالغطاء بلاستيك سمارت حجازي بلاست، مزود بماسحة باركية، 2 غيار، 22×19×37 سم - بيج رمادي,HO1114685BG1,1.0,200.0,200.0,10.0,190.0,KCH200,القاهرة,Souhoola
2006147507,2026-08-01 17:19:02,Aug 01,raneen,raneen,Dinnerware,طقم عشاء اركوبال جراند، 24 قطعة - ابيض بيج,HO1140980MC0,1.0,499.0,499.0,24.95,474.05,KCH200,القاهرة,Souhoola
2006147510,2026-08-01 17:19:16,Aug 01,raneen,raneen,Mixers &amp; Blenders,كبه لوما بيلا ستانلس ستيل، 3 لتر، 800 وات، سرعتان، LB-56009 - فضى,EL1123013SLV,1.0,970.0,970.0,0.0,970.0,,المنوفية,Cash On Delivery
2006147510,2026-08-01 17:19:16,Aug 01,MP,amara,Mixers &amp; Blenders,خلاط كهربائي ميانتا، 1.75 لتر، 2 مطحنة، 700 وات، BL1291G - اسود، بالاضافة الي طقم علب ثلاجة بلاستيك هدية، 3 قطع - شفاف ازرق فاتح,EL1142772BLK-amara,1.0,1399.0,1399.0,0.0,1399.0,,المنوفية,Cash On Delivery
2006147510,2026-08-01 17:19:16,Aug 01,MP,citytools,Power &amp; Hand Tools,طقم مفك انجكو، 4 قطع، يد كاوتش، HKSD0428 - اسود اصفر,HKSD0428-Citytools,1.0,156.0,156.0,0.0,156.0,,المنوفية,Cash On Delivery
4000158796,2026-08-01 17:19:24,Aug 01,raneen,raneen,Cleaning Tools &amp; Supplies,"Elite Plastic Trash Bin, 24 liters - Grey",HO1107167GRY,1.0,448.0,448.0,0.0,448.0,,المنيا,Cash On Delivery
4000158796,2026-08-01 17:19:24,Aug 01,raneen,raneen,Cleaning Tools &amp; Supplies,"Plastic Sater Sprayer, 380 ml - Purple",HO1080196MOV,1.0,35.0,35.0,0.0,35.0,,المنيا,Cash On Delivery
4000158796,2026-08-01 17:19:24,Aug 01,raneen,raneen,Cleaning Tools &amp; Supplies,"Plastic Sater Sprayer, 380 ml - Blue",HO1080196BLU,1.0,35.0,35.0,0.0,35.0,,المنيا,Cash On Delivery
4000158796,2026-08-01 17:19:24,Aug 01,raneen,raneen,Cleaning Tools &amp; Supplies,Rienamora بلاستيك Toilet Brush - Grey,HO1052983GRY,1.0,166.0,166.0,0.0,166.0,,المنيا,Cash On Delivery
4000158796,2026-08-01 17:19:24,Aug 01,raneen,raneen,Cleaning Tools &amp; Supplies,"M-Design Trash Bin, Small size - Black",HO1043505BLK,1.0,262.0,262.0,0.0,262.0,,المنيا,Cash On Delivery
4000158796,2026-08-01 17:19:24,Aug 01,raneen,raneen,Cleaning Tools &amp; Supplies,"Plastic Trash Bin, 20×20×25 cm - Grey",HO1145047GY2,1.0,108.0,108.0,0.0,108.0,,المنيا,Cash On Delivery
4000158796,2026-08-01 17:19:24,Aug 01,raneen,raneen,Cleaning Tools &amp; Supplies,"Plastic Trash Bin, 30×23×23 cm - Grey",HO1145048GY1,2.0,147.0,294.0,0.0,294.0,,المنيا,Cash On Delivery
4000158805,2026-08-01 17:21:26,Aug 01,MP,tibatrading,Cleaning Tools &amp; Supplies,"Braided Rattan Basket Set, 3 Pieces - Beige",TIBA.HOM.153,1.0,438.0,438.0,21.9,416.1,KCH200,القاهرة,Cash On Delivery
4000158805,2026-08-01 17:21:26,Aug 01,raneen,raneen,Storage &amp; Organization,"Fabric clothes organizer, 37×32×32 cm - Beige",HO1150696BEG,6.0,120.0,720.0,36.0,684.0,KCH200,القاهرة,Cash On Delivery
2006147528,2026-08-01 17:22:19,Aug 01,MP,elkabeer,Insect Killer,صاعق كهربائي للحشرات والبعوض فرست1، 2 لمبة، FW-103 - اسود فضي,6227031111613,1.0,1099.0,1099.0,0.0,1099.0,,القاهرة,Cash On Delivery
2006147528,2026-08-01 17:22:19,Aug 01,raneen,raneen,Fans,مروحة ستاند الشبح فريش، 18 بوصة، 3 سرعات - احمر,EL1049885BLK,1.0,1939.0,1939.0,0.0,1939.0,,القاهرة,Cash On Delivery
2006147534,2026-08-01 17:22:33,Aug 01,MP,elswedymobile,Mobile Phones,موبايل سمارت تكنو Spark 20 Pro+، شريحتين، شبكة الجيل الرابع، 8+8 جيجا رام، 256 جيجابايت، نسخة الشرق الاوسط - أخضر,SPARK 20 Pro+GRN,1.0,9800.0,9800.0,0.0,9800.0,,السويس,El-Ahly Installments
2006147537,2026-08-01 17:22:43,Aug 01,MP,shoppingonline,Luggage,شنطة سفر دفل مقاومة للماء قابلة للطي، متوسطة - أخضر,B0BTMRJS95,1.0,276.45,276.45,0.0,276.45,,الأسكندرية,Bank Misr Installments
2006147537,2026-08-01 17:22:43,Aug 01,MP,blackmirror,Luggage,شنطة دفل سفر جي جي دريمز قماش قابلة للتمديد، كبيرة - بورجوندي,XN-H72R-XLSP,1.0,300.0,300.0,0.0,300.0,,الأسكندرية,Bank Misr Installments
2006147537,2026-08-01 17:22:43,Aug 01,raneen,raneen,Cookware,طقم طاجن زجاج حراري تركي بورجام، 5 قطع - شفاف,HO1097904CLR,1.0,599.0,599.0,0.0,599.0,,الأسكندرية,Bank Misr Installments
2006147537,2026-08-01 17:22:43,Aug 01,raneen,raneen,Smart Watches,ساعة سمارت اس بي 9 الترا ماكس كونيكت مي، 49 مم، شاشة 2.01 بوصة، شاحن لاسلكي - فضي,EL1128884MC1,1.0,375.0,375.0,0.0,375.0,,الأسكندرية,Bank Misr Installments
2006147537,2026-08-01 17:22:43,Aug 01,MP,dukanalaa,Electronics Audio,مكبر صوت، للاماكن الخارجية، متوافق مع جميع أجهزة البلوتوث، TG113 - رمادي,Tg113-dukan-GRY,1.0,199.0,199.0,0.0,199.0,,الأسكندرية,Bank Misr Installments
2006147537,2026-08-01 17:22:43,Aug 01,raneen,raneen,Storage,ترولي راتان شاسيه خشب بالغطاء، 4 دور، 102×47×29 سم - ازرق فاتح,HO1091951BL1,1.0,599.0,599.0,0.0,599.0,,الأسكندرية,Bank Misr Installments
2006147537,2026-08-01 17:22:43,Aug 01,MP,elitefurniture,Home &amp; Balcony Essentials,جزامه ووتربروف 5 رف ، 80×35×35 سم ,2-shoerack,1.0,399.0,399.0,0.0,399.0,,الأسكندرية,Bank Misr Installments
2006147537,2026-08-01 17:22:43,Aug 01,raneen,raneen,Fans,مروحة سقف فريش ، 56 بوصة ، 5 سرعات - ابيض,EL1144694WIT,1.0,1614.0,1614.0,0.0,1614.0,,الأسكندرية,Bank Misr Installments
2006147537,2026-08-01 17:22:43,Aug 01,MP,woodenfurniture,Center Table,ترابيزة وسط مودرن خشب ام دي اف، 80×40×45 سم - بني اسود,MFnct14fu-wooden,1.0,1099.0,1099.0,0.0,1099.0,,الأسكندرية,Bank Misr Installments
4000158808,2026-08-01 17:23:47,Aug 01,MP,dukanalaa,Fans,"USB Rechargeable Portable Pocket Fan, 250 mAh - Green",250GENGRN,2.0,199.0,398.0,0.0,398.0,,Cairo,Credit/Debit Card
2006147540,2026-08-01 17:24:19,Aug 01,MP,linesleep,Bed Sheets,طقم ملايه سرير لاين سليب ميكروفايبر، 3 قطعة، 220×240 سم - متعدد الالوان,LS-L-108-1-Multicolor,2.0,285.0,570.0,7.7,562.3,tex200,الأسكندرية,El-Ahly Installments
2006147540,2026-08-01 17:24:19,Aug 01,MP,linesleep,Bed Sheets,طقم ملايه سرير لاين سليب ميكروفايبر، 3 قطعة، 220×240 سم - متعدد الالوان,LS-L-105-1-Multicolor,1.0,260.0,260.0,3.52,256.48,tex200,الأسكندرية,El-Ahly Installments
2006147540,2026-08-01 17:24:19,Aug 01,raneen,raneen,Pillows,خدادية فايبر لازورد، 70×50 سم، 750 جرام - ابيض,TX1061325WIT,6.0,99.0,594.0,8.03,585.97,tex200,الأسكندرية,El-Ahly Installments
2006147540,2026-08-01 17:24:19,Aug 01,raneen,raneen,Mattress,مرتبة رومبا الدورا، سوست متصلة، 160×195 سم، ارتفاع 25 سم - ابيض بني,TX1069837WI2,2.0,4999.0,9998.0,135.07,9862.93,tex200,الأسكندرية,El-Ahly Installments
2006147540,2026-08-01 17:24:19,Aug 01,MP,aldora,Mattress,مرتبة سرير سوست متصلة سامبا الدورا، طول 190 سم، ارتفاع 23 سم,ALDOMATT4MCL,1.0,3382.0,3382.0,45.69,3336.31,tex200,الأسكندرية,El-Ahly Installments
2006147543,2026-08-01 17:25:33,Aug 01,raneen,raneen,Air Coolers,مبرد هواء فريش ، 80 لتر ، FA - M80 - ابيض,EL1116287WIT,1.0,5549.0,5549.0,0.0,5549.0,,القليوبية,Premium Card
2006147552,2026-08-01 17:26:46,Aug 01,raneen,raneen,Televisions,تلفزيون سمارت هايسينس، 50 بوصة، 4K UHD، LED ، 50A6N - اسود,EL1144874BLK,1.0,13999.0,13999.0,0.0,13999.0,,الجيزة,valU
2006147564,2026-08-01 17:29:23,Aug 01,MP,elamira,Suction Fan,شفاط حائطي فريش، 20 سم - ابيض,EL1044594WIT-elamira,2.0,1200.0,2400.0,0.0,2400.0,,القاهرة,Credit/Debit Card
2006147564,2026-08-01 17:29:23,Aug 01,raneen,raneen,Suction Fan,شفاط حمام بشبكة فريش، 6 بوصة، F6 - ابيض,EL1056457WIT,1.0,559.0,559.0,0.0,559.0,,القاهرة,Credit/Debit Card
4000158820,2026-08-01 17:29:57,Aug 01,raneen,raneen,Mobile Phones,"Samsung Galaxy A16 Smart phone, 128 GB, 4 GB RAM - Black",EL1122777BLK,1.0,7599.0,7599.0,0.0,7599.0,,القاهرة,valU
4000158823,2026-08-01 17:30:46,Aug 01,MP,dukanalaa,Beauty &amp; Body Care,"LENTIMO Baby Electric Nail File Kit with Board Cover, Safe Baby Nail Clippers with LED Light for Trimming and Polishing Nails for Newborns and Toddlers, 7 Replacement Pads (Blue)",RAN-ZWBVHRF,1.0,165.0,165.0,0.0,165.0,,Giza,Cash On Delivery
2006147573,2026-08-01 17:32:25,Aug 01,raneen,raneen,Fans,مروحة ستاند ايه تي ايه ، 18 بوصة ، 8 سرعات ، قابلة لإعادة الشحن ، INV96 - اسود,EL1145031BLK,1.0,2860.0,2860.0,0.0,2860.0,,الجيزة,Cash On Delivery
2006147576,2026-08-01 17:32:58,Aug 01,raneen,raneen,Drinkware,طقم مج شاي زجاج، 6 قطع، 280 مل - شفاف,HO1127069CLR,2.0,100.0,200.0,10.0,190.0,KCH200,الجيزة,Credit/Debit Card
2006147576,2026-08-01 17:32:58,Aug 01,raneen,raneen,Home &amp; Balcony Essentials,كرسي بلاستيك، 50×80×55 سم - اسود,HO1107947BLK,6.0,200.0,1200.0,60.0,1140.0,KCH200,الجيزة,Credit/Debit Card
2006147585,2026-08-01 17:33:16,Aug 01,raneen,raneen,Storage,لانش بوكس مستطيل مدستار، 300 مل - فوشيا,HO1061902FCH,1.0,47.0,47.0,0.0,47.0,,الساحل الشمالي,Cash On Delivery
2006147585,2026-08-01 17:33:16,Aug 01,raneen,raneen,Storage,لانش بوكس جراندى هوم، 17×12 سم - اصفر,HO1062069YLW,1.0,37.0,37.0,0.0,37.0,,الساحل الشمالي,Cash On Delivery
2006147585,2026-08-01 17:33:16,Aug 01,raneen,raneen,Drinkware,زمزميه مياه اطفال بلاستيك شكل كيتي وينر بلاست، 430 مل - فوشيا,HO1120345FC1,2.0,33.0,66.0,0.0,66.0,,الساحل الشمالي,Cash On Delivery
2006147591,2026-08-01 17:33:40,Aug 01,raneen,raneen,Mixers &amp; Blenders,مضرب بيض تاتش الزنوكى، 600 وات، 5 سرعات، 40552N - اسود,EL1125723BK1,2.0,860.0,1720.0,0.0,1720.0,,Suez,Cash On Delivery
2006147594,2026-08-01 17:33:42,Aug 01,raneen,raneen,Refrigerators &amp; Freezers,ثلاجة ديفروست زانوسي، 1 باب، 320 لتر، 922061017 - اسود,EL1109453BLK,1.0,12999.0,12999.0,0.0,12999.0,,Cairo,Cash On Delivery
2006147597,2026-08-01 17:34:49,Aug 01,MP,hadymix,Desks,مكتب خشب ام دى اف، 140×140×50 سم - ابيض,1133-hady,2.0,3999.0,7998.0,270.26,7727.74,OFF500,القاهرة,Cash On Delivery
2006147597,2026-08-01 17:34:49,Aug 01,MP,craftfurniture,Wardrobe,دولاب مودرن خشب ام دي اف، 200x120x50 سم - ابيض,2022-craftfurniture,1.0,6799.0,6799.0,229.74,6569.26,OFF500,القاهرة,Cash On Delivery
2006147600,2026-08-01 17:35:37,Aug 01,raneen,raneen,Fans,مروحة ستاند جلاكسى فريش، 16 بوصة، 3 ريشة، 3 سرعات - ازرق,EL1059662BLU,1.0,1460.0,1460.0,0.0,1460.0,,الجيزة,valU
2006147600,2026-08-01 17:35:37,Aug 01,raneen,raneen,Juicers,عصارة موالح بلاستيك تاتش الزنوكى، 50 وات، 1.2 لتر، 40513N - ابيض,EL1124066WIT,1.0,679.0,679.0,0.0,679.0,,الجيزة,valU
2006147606,2026-08-01 17:36:50,Aug 01,MP,elandalos,Air Conditioner,تكييف سبليت تورنيدو ، 1.5 حصان ، بارد - ساخن ، TY-LX12CHE انفرتر - ابيض,TY-LX12CHE,1.0,23898.0,23898.0,0.0,23898.0,,القليوبية,Cash On Delivery
2006147624,2026-08-01 17:38:26,Aug 01,MP,coktailstore,Coffee Makers,ماكينة تحضير القهوة التركية 600 وات 1-5 كوب MA-1688,RAN-MRWKRVF,2.0,625.0,1250.0,0.0,1250.0,,الأسكندرية,Cash On Delivery
2006147633,2026-08-01 17:40:36,Aug 01,raneen,raneen,Mobile Phones,موبايل سمارت سامسونج جلاكسى A07، ٦٤ جيجابايت، ٤ جيجابايت رام، شبكة الجيل الرابع - اخضر داكن,EL1139853GRN,1.0,7049.0,7049.0,0.0,7049.0,,الجيزة,valU
2006147639,2026-08-01 17:41:03,Aug 01,MP,dukanalaa,Shaving &amp; Grooming,ماكينة تشذيب الشعر VGR V-071 - فضي,AT1199SLV,1.0,377.0,377.0,0.0,377.0,,Qalyubia,Cash On Delivery
2006147642,2026-08-01 17:43:01,Aug 01,MP,attallah,Iron Tables,ترابيزة مكواة بورد خشب جوهار - احمر رمادي,MZITABLE1RNG-CONF-attallah,1.0,1299.0,1299.0,64.95,1234.05,kch200,الجيزة,valU
2006147642,2026-08-01 17:43:01,Aug 01,MP,ocean,Ladders &amp; Clothes Dryer,سلم معدني قابل للطي هيل ميتال، 6 درجات، 173×113×173 سم - ابيض اسود,RAN-M3NFFYR,1.0,1400.0,1400.0,70.0,1330.0,kch200,الجيزة,valU
2006147645,2026-08-01 17:43:03,Aug 01,MP,tibatrading,Home Decor,جهاز عرض ضوء ليلي نجوم ستار ماستر مع USB وبطارية - 8 أوضاع لونية,RAN-A4D6ZGC,1.0,179.0,179.0,0.0,179.0,,القاهرة,Cash On Delivery
2006147654,2026-08-01 17:45:08,Aug 01,raneen,raneen,Drinkware,طقم اكواب اكواتك، 18 قطعة - شفاف,HO1093911CLR,2.0,200.0,400.0,0.0,400.0,,الجيزة,Cash On Delivery
4000158826,2026-08-01 17:45:19,Aug 01,MP,attallah,Fans,"Tornado TSF-75G Stand Fan, With Remote 16 Inch, 4 Blades - Grey",EL1098552GRYATT,1.0,3218.0,3218.0,0.0,3218.0,,Cairo,Cash On Delivery
2006147660,2026-08-01 17:47:41,Aug 01,MP,egyptlaptop,Security &amp; Surveillance Systems,ميركوسيس MC200 كاميرا مراقبه منزلية واي فاي قابلة للتحريك والإمالة مقاس 4 مم - ابيض,MC200,1.0,675.0,675.0,0.0,675.0,,الأسكندرية,Cash On Delivery
2006147681,2026-08-01 17:52:33,Aug 01,MP,samafurniture,Beds,سرير خشب كبس كونتر، 120×120×195 سم مقاس مفرد - اوف وايت,ABDWSO12OFW-120,2.0,3999.0,7998.0,500.0,7498.0,OFF500,الجيزة,Cash On Delivery
2006147684,2026-08-01 17:52:34,Aug 01,MP,tibatrading,Fans,مبرد هواء متعدد الوظائف 3 في 1 قابل للحمل - اللون الأزرق,RAN-597VZ9S,1.0,359.0,359.0,0.0,359.0,,القاهرة,Cash On Delivery
2006147687,2026-08-01 17:53:41,Aug 01,MP,aldora,Mattress,مرتبة سرير كونترا الدورا، طول 200 سم، ارتفاع 27 سم,DORA622123104304626,1.0,4275.0,4275.0,0.0,4275.0,,Giza,Cash On Delivery
2006147699,2026-08-01 17:54:25,Aug 01,raneen,raneen,Fans,مروحة حائط شبح فريش، 18 بوصة، 3 سرعات - متعدد الالوان,EL1049881BLK,2.0,1729.0,3458.0,0.0,3458.0,,دمياط,Cash On Delivery
2006147711,2026-08-01 17:56:10,Aug 01,MP,attallah,Water Heaters,سخان مياه كهربائي فريش، 50 لتر - ابيض,B01KVAXKAUWHT,1.0,3399.0,3399.0,0.0,3399.0,,القليوبية,Cash On Delivery
2006147714,2026-08-01 17:56:59,Aug 01,raneen,raneen,Luggage,شنطة هاند باج ترولي قماش مرزم، 22 بوصة، 3 سوستة - كحلي,HO1140768NVY,1.0,699.0,699.0,0.0,699.0,,القاهرة,Cash On Delivery
2006147714,2026-08-01 17:56:59,Aug 01,raneen,raneen,Home &amp; Balcony Essentials,كرسي بلاستيك سفير، 52×57×76 سم - بيج,HO1131010BEG,2.0,299.0,598.0,0.0,598.0,,القاهرة,Cash On Delivery
2006147717,2026-08-01 17:57:06,Aug 01,raneen,raneen,Cookware,طقم كنك قهوة فخار جليز، 3 قطع - بني,HO1092934BR4,1.0,35.0,35.0,0.0,35.0,,North Coast,Cash On Delivery
2006147717,2026-08-01 17:57:06,Aug 01,MP,americanhouse,Pillows,مخده هولو قطن اميركان هاوس، 1600 جرام، 42x100 سم - ابيض,m8-2-americanhouse,1.0,330.0,330.0,0.0,330.0,,North Coast,Cash On Delivery
2006147717,2026-08-01 17:57:06,Aug 01,raneen,raneen,Mats,دواسة باب بلاستيك نجيل صناعي، 80×50 سم - اخضر,TX1101482GR1,2.0,50.0,100.0,0.0,100.0,,North Coast,Cash On Delivery
2006147717,2026-08-01 17:57:06,Aug 01,raneen,raneen,Cookware,طقم حلل جرانيت ماربل جراندي كوك، 7 قطع - احمر,HO1148751RD1,1.0,999.0,999.0,0.0,999.0,,North Coast,Cash On Delivery
2006147726,2026-08-01 17:58:53,Aug 01,MP,futurefurniture,Sofa,كنبة خشب زان شكل حرف L، قماش كتان كويا، 300×200×75 سم - بيج فاتح,conal660-futurefurniture,1.0,11499.0,11499.0,0.0,11499.0,,القاهرة,Cash On Delivery
2006147735,2026-08-01 18:00:04,Aug 01,raneen,raneen,Televisions,تلفزيون سمارت شاومي، 43 بوصة، LED، FHD، ريموت بحث صوتي، L43MB-AFME - اسود,EL1151044BLK,1.0,11699.0,11699.0,0.0,11699.0,,القاهرة,valU
2006147735,2026-08-01 18:00:04,Aug 01,raneen,raneen,Fans,مروحة ستاند الشبح فريش، 18 بوصة، 3 سرعات - احمر,EL1049885BLK,1.0,1939.0,1939.0,0.0,1939.0,,القاهرة,valU
2006147738,2026-08-01 18:00:31,Aug 01,MP,grandmakaa,Water Filters,طقم غيار فلتر تانك برو 6 مراحل لتنقية المياه,RAN-BUDF6VS,1.0,675.0,675.0,0.0,675.0,,الأسكندرية,Cash On Delivery
2006147741,2026-08-01 18:01:34,Aug 01,raneen,raneen,Office Chairs,كرسي مكتب معدن عالي ظهر شبك، هيدروليك، مسند فيبر، 5 عجلات، 120×45×50 سم - اسود,HO1139738BLK,1.0,1599.0,1599.0,0.0,1599.0,,السويس,Cash On Delivery
2006147744,2026-08-01 18:02:23,Aug 01,MP,craftfurniture,Center Table,ترابيزة وسط، خشب أم دي أف، 120×40×60 - بني,MZCTABLE2BRW-craftfurniture,1.0,1499.0,1499.0,0.0,1499.0,,البحيرة,Cash On Delivery
2006147747,2026-08-01 18:03:46,Aug 01,raneen,raneen,Home &amp; Balcony Essentials,جزامة قماش العالمية، 7 ارفف، 125×30×60 سم,HO1043922MOV,1.0,200.0,200.0,10.0,190.0,KCH200,القاهرة,Cash On Delivery
2006147750,2026-08-01 18:03:55,Aug 01,MP,rofaeeltrade,Fans,مروحة ستاند ريتشي فريش، 16 بوصة- ابيض فضي,F643,1.0,1699.0,1699.0,0.0,1699.0,,الأسكندرية,Cash On Delivery
2006147759,2026-08-01 18:06:09,Aug 01,MP,attallah,Cookers,بوتاجاز غاز برستيج يونيون جاز، 5 شعلة، 60×85 سم - اسود,228-attallah,1.0,5799.0,5799.0,0.0,5799.0,,الجيزة,Cash On Delivery
2006147762,2026-08-01 18:07:07,Aug 01,raneen,raneen,Air Conditioner,تكييف سبليت ميديا، اكستريم برو، 1.5 حصان، بارد فقط، M1SEFT-12CRN8F-Q8 R32(MOSEFT-12CN8-X2Q8) - ابيض,EL1147502WIT,1.0,21899.0,21899.0,0.0,21899.0,,القليوبية,valU
2006147777,2026-08-01 18:08:35,Aug 01,MP,jokylights,Floor Lamp,لمبادير ستيل دهان الكتروستاتيك جوكى، 50×40 سم - نحاسي,joky116,1.0,1809.0,1809.0,34.2,1774.8,off500,Alexandria,Cash On Delivery
2006147777,2026-08-01 18:08:35,Aug 01,MP,homeart,Dining Rooms,ترابيزة طعام خشب ام دي اف، 5 قطع، 120×80 سم - بني,S104DINSETBNB,1.0,9539.0,9539.0,180.35,9358.65,off500,Alexandria,Cash On Delivery
2006147777,2026-08-01 18:08:35,Aug 01,MP,woodenfurniture,Center Table,ترابيزة وسط مودرن خشب ام دي اف، 80×40×45 سم - بني اسود,MFnct14fu-wooden,1.0,1099.0,1099.0,20.78,1078.22,off500,Alexandria,Cash On Delivery
2006147777,2026-08-01 18:08:35,Aug 01,MP,zomamodern,Sofa,كنبة مودرن شكل L خشب زان، 300x90x85x200 سم ، كتان كويا - بيج,ZMR5MCL,1.0,13999.0,13999.0,264.67,13734.33,off500,Alexandria,Cash On Delivery
2006147780,2026-08-01 18:09:03,Aug 01,raneen,raneen,Air Coolers,مبرد هواء ايه تي ايه، 25 لتر، AC25LN251 - رمادي,EL1146514GRY,1.0,2739.0,2739.0,0.0,2739.0,,الجيزة,Cash On Delivery
2006147795,2026-08-01 18:10:55,Aug 01,MP,linesleep,Mattress,مرتبة تطرية فايبر لاين سليب، 195×100 سم - رمادي,MTRS38195X100GRY,1.0,475.0,475.0,23.75,451.25,TEX200,الجيزة,Cash On Delivery
2006147807,2026-08-01 18:13:23,Aug 01,raneen,raneen,Cookware,طقم حلل جرانيت نيوكلاين، 9 قطع - بنفسجي,HO1145614MV1,1.0,2999.0,2999.0,0.0,2999.0,,الشرقية,Cash On Delivery
2006147810,2026-08-01 18:13:38,Aug 01,raneen,raneen,Mobile Phones,موبايل سمارت انفنيكس هوت 70 ، شريحتين اتصال ، 128 جيجابايت ، 6 جيجا رام ، شبكة الجيل الرابع - برتقالي,EL1152106ORG,2.0,9399.0,18798.0,0.0,18798.0,,الجيزة,valU
2006147840,2026-08-01 18:19:43,Aug 01,MP,dukanalaa,Hair Care,مكواة شعر تورنيدو جولد ، بالاضافة الىى مكواة مينى - اسود,Tornado gold 980+ Mini Hair Straightener-dukanalaa,1.0,1399.0,1399.0,0.0,1399.0,,القاهرة,Cash On Delivery
2006147849,2026-08-01 18:21:44,Aug 01,raneen,raneen,Electronics Audio,مكبر صوت سلكي جاما ، يو اس بي ، GT-310 - أسود,EL1142687BLK,1.0,241.0,241.0,0.0,241.0,,القاهرة,Cash On Delivery
2006147855,2026-08-01 18:22:45,Aug 01,raneen,raneen,Fans,مروحة ستاند الشبح فريش، 18 بوصة، 3 سرعات - احمر,EL1049885BLK,1.0,1939.0,1939.0,0.0,1939.0,,الأسكندرية,Premium Card
2006147858,2026-08-01 18:23:04,Aug 01,raneen,raneen,Washers &amp; Dryer,غسالة ملابس فوق اوتوماتيك وايت بوينت، 13 كيلو، WPTL13DFGCMA - رمادى,EL1071428SLV,1.0,14399.0,14399.0,0.0,14399.0,,الغربية,Cash On Delivery
2006147861,2026-08-01 18:23:44,Aug 01,MP,radiotalaat,Air Coolers,مبرد هواء فريش، 25 لتر، 50 وات، فلتر غبار قابل للإزالة، FA-T25M - ابيض اسود,MFaircoolerMF,1.0,3399.0,3399.0,0.0,3399.0,,الجيزة,Cash On Delivery
2006147864,2026-08-01 18:23:46,Aug 01,MP,alahramappliances,Cookers,بوتاجاز الاهرام، سطح ستانلس ستيل، 4 شعلة، 50×50 سم - فضى اسود,alahram-steel-50x50,1.0,3599.0,3599.0,0.0,3599.0,,القليوبية,Cash On Delivery
2006147864,2026-08-01 18:23:46,Aug 01,raneen,raneen,Air Conditioner,تكييف سبليت فريش، 1.25 حصان، بارد، تربو، FUFW09CO-X1 - ابيض,EL1143260WIT,1.0,16999.0,16999.0,0.0,16999.0,,القليوبية,Cash On Delivery
2006147873,2026-08-01 18:25:17,Aug 01,raneen,raneen,Fans,ATA مروحة ستاند، 18 بوصة، 3 سرعات، 3 ريشة، S1801 - اسود,EL1018813BLK,1.0,849.0,849.0,0.0,849.0,,الشرقية,Premium Card
2006147876,2026-08-01 18:25:40,Aug 01,raneen,raneen,Dinnerware,طبق تقديم بورسلين لوتس، 36 سم - متعدد الالوان,HO1149952MC2,1.0,89.0,89.0,4.45,84.55,kch200,البحيرة,Cash On Delivery
2006147876,2026-08-01 18:25:40,Aug 01,raneen,raneen,Dinnerware,طبق بورسلين لوتس، 30 سم - متعدد الالوان,HO1149927MC2,1.0,100.0,100.0,5.0,95.0,kch200,البحيرة,Cash On Delivery
2006147879,2026-08-01 18:25:57,Aug 01,MP,noahmobilya,Shoe Rack,جزامه ام دي اف ، 80x30x130 سم - ابيض رمادي,MNZ1331569,1.0,8554.08,8554.08,500.0,8054.08,off500,القاهرة,valU
2006147885,2026-08-01 18:27:14,Aug 01,raneen,raneen,Fans,مروحة ستاند الشبح فريش، 18 بوصة، 3 سرعات - احمر,EL1049885BLK,1.0,1939.0,1939.0,0.0,1939.0,,الجيزة,Cash On Delivery
2006147894,2026-08-01 18:27:43,Aug 01,raneen,raneen,Home &amp; Balcony Essentials,كرسي بلاستيك سفير، 55×60×80 سم - بيج,HO1131006BEG,1.0,325.0,325.0,0.0,325.0,,القاهرة,Cash On Delivery
2006147903,2026-08-01 18:30:15,Aug 01,raneen,raneen,Refrigerators &amp; Freezers,ثلاجة بلازما نوفروست ديجيتال انفرتر شارب، 538 لتر، 2 باب، SJ-PV69G-BK - اسود,EL1067206BLK,1.0,49999.0,49999.0,0.0,49999.0,,القاهرة,Cash On Delivery
2006147909,2026-08-01 18:31:00,Aug 01,raneen,raneen,Fans,مروحة ستاند الشبح فريش، 18 بوصة، 3 سرعات - احمر,EL1049885BLK,1.0,1939.0,1939.0,0.0,1939.0,,القاهرة,Paymob Wallet
4000158829,2026-08-01 18:31:11,Aug 01,MP,dukanalaa,Beauty &amp; Body Care,"LENTIMO Baby Electric Nail File Kit with Board Cover, Safe Baby Nail Clippers with LED Light for Trimming and Polishing Nails for Newborns and Toddlers, 7 Replacement Pads (Blue)",RAN-ZWBVHRF,1.0,165.0,165.0,0.0,165.0,,الجيزة,Cash On Delivery
2006147927,2026-08-01 18:32:43,Aug 01,raneen,raneen,Ladders &amp; Clothes Dryer,سلم معدن سارا، 6 درجات - اسود,HO1044737BLK,1.0,1499.0,1499.0,0.0,1499.0,,Asyut,Cash On Delivery
2006147927,2026-08-01 18:32:43,Aug 01,raneen,raneen,Personal Scale,ميزان شخصي زجاج يوتوبيا، ديجيتال، 180كجم، BA-2003 - ابيض شفاف,HO1117531WNC,1.0,325.0,325.0,0.0,325.0,,Asyut,Cash On Delivery
2006147927,2026-08-01 18:32:43,Aug 01,MP,dukanalaa,Personal Scale,ميزان انالوج مور، 160 كجم، M-SC160B - اسود,DKMSC160BLK,1.0,1650.0,1650.0,0.0,1650.0,,Asyut,Cash On Delivery
2006147939,2026-08-01 18:34:46,Aug 01,raneen,raneen,Mats,دواسة باب بلاستيك نجيل صناعي، 80×50 سم - اخضر,TX1101482GR1,2.0,50.0,100.0,0.0,100.0,,الساحل الشمالي,Cash On Delivery
2006147939,2026-08-01 18:34:46,Aug 01,raneen,raneen,Cookware,طقم حلل جرانيت ماربل جراندي كوك، 7 قطع - احمر,HO1148751RD1,1.0,999.0,999.0,0.0,999.0,,الساحل الشمالي,Cash On Delivery
2006147945,2026-08-01 18:39:39,Aug 01,raneen,raneen,Air Conditioner,تكييف سبليت كاريير، 1.5 حصان بارد فقط، 53KHCT12N-708 - ابيض,EL1059990WIT,1.0,24499.0,24499.0,0.0,24499.0,,الأسماعيلية,Cash On Delivery
4000158832,2026-08-01 18:39:59,Aug 01,raneen,raneen,Bed Sheets,"Nice Home Bed Sheet Set, 2 Pillow, 160 cm, 3 Pieces",TX1042301ROS,1.0,419.0,419.0,20.95,398.05,TEX200,Giza,Credit/Debit Card
4000158832,2026-08-01 18:39:59,Aug 01,raneen,raneen,Bed Sheets,"Nice Home Bed Sheet Set, 2 Pillow, 160 cm, 3 Pieces",TX1042298BIG,1.0,419.0,419.0,20.95,398.05,TEX200,Giza,Credit/Debit Card
2006147951,2026-08-01 18:41:17,Aug 01,raneen,raneen,Refrigerators &amp; Freezers,ثلاجة ميديا، 2 باب، نوفروست، 411 لتر، انفرتر، MDRT580MTN46D - فضي,EL1148891SLV,1.0,22599.0,22599.0,0.0,22599.0,,أسيوط,Cash On Delivery
4000158835,2026-08-01 18:41:24,Aug 01,MP,lightcart,Chairs Cover,"Jacquard Fur Chair Cover Set , 6 Pieces - Grey",EIB-56746-LIGHT-CARD-6769,1.0,688.5,688.5,0.0,688.5,,Alexandria,Free
2006147957,2026-08-01 18:41:47,Aug 01,MP,faroukstore,Car Speakers,طقم سماعات للسيارة 3 مستوى للصوت بايونير، 6×9 بوصة، 400 وات، TS-G6930F - اسود,TS-G6930,1.0,2477.0,2477.0,0.0,2477.0,,الجيزة,Cash On Delivery
4000158838,2026-08-01 18:42:10,Aug 01,raneen,raneen,Home &amp; Balcony Essentials,"Plastic Shoes Rack with Legs, 4 Shelves, 70×31×49 cm - Brown Beige",HO1145864BR1,1.0,200.0,200.0,0.0,200.0,,Red Sea,Credit/Debit Card
2006147963,2026-08-01 18:42:29,Aug 01,raneen,raneen,Kitchenware,مطبقية معدن مالك ستار، 3 دور، 60×24×52 سم - فضي,HO1043976SLV,1.0,475.0,475.0,0.0,475.0,,القليوبية,valU
2006147963,2026-08-01 18:42:29,Aug 01,raneen,raneen,Home &amp; Balcony Essentials,كرسى طقطوقه بلاستيك بدون ضهر سفير، 34×34×45 سم - رمادي,HO1144383GRY,1.0,100.0,100.0,0.0,100.0,,القليوبية,valU
2006147963,2026-08-01 18:42:29,Aug 01,raneen,raneen,Home &amp; Balcony Essentials,كرسي بلاستيك، 42×54×79 سم - بني,HO1097262BRN,1.0,200.0,200.0,0.0,200.0,,القليوبية,valU
2006147975,2026-08-01 18:45:17,Aug 01,raneen,raneen,Fans,مروحة ستاند رويال، 18 بوصة، 5 ريشة، 3 سرعات، BF1840 - اسود احمر,EL1126988RNB,1.0,870.0,870.0,0.0,870.0,,القاهرة,Premium Card
2006147975,2026-08-01 18:45:17,Aug 01,raneen,raneen,Fans,مروحة حائط شبح فريش، 18 بوصة، 3 سرعات - متعدد الالوان,EL1049881BLK,1.0,1729.0,1729.0,0.0,1729.0,,القاهرة,Premium Card
4000158841,2026-08-01 18:48:50,Aug 01,MP,alsorgy,Mobile Phones,"Nokia 5310 Ta-1212 Dual SIM Mobile Phone, 2.4 Inch, 16 Mb, 8 Mb Ram, 4G Lte - Black",nokia5310-black-alsorgy,1.0,799.0,799.0,0.0,799.0,,Giza,Cash On Delivery
2006148002,2026-08-01 18:50:01,Aug 01,MP,nilestore,Coffee Makers,ماكينة صنع قهوة الاسبريسو ديديكا ديلونجي، 15 بار، EC.685.M - فضي,Ec685MSLV-CONF-nilestore,1.0,8750.0,8750.0,0.0,8750.0,,البحيرة,Cash On Delivery
2006148005,2026-08-01 18:50:22,Aug 01,raneen,raneen,Drinkware,طقم فنجان قهوه بالاطباق بورسلين كازان، 12 قطعه، 120 مل، بالاضافة الي استاند معدن - اوف وايت,HO1150422OFW,1.0,999.0,999.0,49.95,949.05,KCH200,القاهرة,valU
2006148005,2026-08-01 18:50:22,Aug 01,raneen,raneen,Drinkware,طقم كاسات عصير زجاج سنابل، 6 قطع، 190 مل - شفاف فضي,HO1121509CLR,1.0,568.0,568.0,28.4,539.6,KCH200,القاهرة,valU
2006148005,2026-08-01 18:50:22,Aug 01,raneen,raneen,Drinkware,طقم اكواب زجاج زين، 12 قطعة - شفاف ذهبي,HO1122496CL2,1.0,899.0,899.0,44.95,854.05,KCH200,القاهرة,valU
2006148005,2026-08-01 18:50:22,Aug 01,raneen,raneen,Cookware,طقم طاجن بورجام زجاج حرارى تركى  بيضاوى مقاس (1.55لتر-3.2لتر)، قطعتين،- شفاف,HO1012435CLR,1.0,349.0,349.0,17.45,331.55,KCH200,القاهرة,valU
2006148008,2026-08-01 18:50:39,Aug 01,raneen,raneen,Fans,مروحة ستاند الشبح فريش، 18 بوصة، 3 سرعات - احمر,EL1049885BLK,1.0,1939.0,1939.0,0.0,1939.0,,القاهرة,Cash On Delivery
2006148008,2026-08-01 18:50:39,Aug 01,MP,noorshop,Fans,مروحة حائط بريموت كنترول ميانتا، 18 بوصة، Wind-WF50238A - اسود,10000-conf-noorshop,1.0,2499.0,2499.0,0.0,2499.0,,القاهرة,Cash On Delivery
2006148020,2026-08-01 18:53:22,Aug 01,raneen,raneen,Serveware,صينية تقديم بورسلين، 28×17 سم - متعدد الالوان,HO1149940WI3,1.0,50.0,50.0,2.5,47.5,KCH200,سوهاج,Cash On Delivery
2006148020,2026-08-01 18:53:22,Aug 01,raneen,raneen,Dinnerware,طبق تقديم بورسلين لوتس، 19 سم - زيتوني,HO1149939MC2,1.0,50.0,50.0,2.5,47.5,KCH200,سوهاج,Cash On Delivery
2006148020,2026-08-01 18:53:22,Aug 01,raneen,raneen,Serveware,صينية تقديم بورسلين، 28 سم - ابيض ازرق,HO1149940WI1,4.0,50.0,200.0,10.0,190.0,KCH200,سوهاج,Cash On Delivery
2006148020,2026-08-01 18:53:22,Aug 01,raneen,raneen,Serveware,صينية تقديم ستانلس ستيل مستديرة ماجيستك، 70 سم، 1250 جرام تقريبا - فضي,HO1121586SL2,1.0,200.0,200.0,10.0,190.0,KCH200,سوهاج,Cash On Delivery
2006148020,2026-08-01 18:53:22,Aug 01,raneen,raneen,Serveware,طقم صواني تقديم معدن مستديره حفر ليزر، 3 قطع - فضي,HO1136325SLV,1.0,100.0,100.0,5.0,95.0,KCH200,سوهاج,Cash On Delivery
2006148020,2026-08-01 18:53:22,Aug 01,raneen,raneen,Cleaning Tools &amp; Supplies,باسكت قمامة بلاستيك بغطاء متحرك الهدى، 20 لتر - رمادي اسود,HO1145752OL1,3.0,100.0,300.0,15.0,285.0,KCH200,سوهاج,Cash On Delivery
2006148020,2026-08-01 18:53:22,Aug 01,raneen,raneen,Kitchenware,مطبقية بلاستيك بالطبق، 30.50×44×37 سم، 2 دور - اسود,HO1111810BNB,2.0,100.0,200.0,10.0,190.0,KCH200,سوهاج,Cash On Delivery
2006148026,2026-08-01 18:53:45,Aug 01,raneen,raneen,Storage,استاند منزلي بلاستيك العالمية، 5 دور، 4 عجلة، 120×45×18 سم - رمادي فاتح,HO1135616LGY,1.0,200.0,200.0,10.0,190.0,KCH200,المنوفية,Credit/Debit Card
2006148029,2026-08-01 18:54:05,Aug 01,raneen,raneen,Kitchenware,طقم بلانشة تقطيع بلاستيك متعدد الاستخدامات، 4 قطع، 40×27 سم - متعدد الالوان,HO1065402MC1,1.0,82.0,82.0,4.1,77.9,KCh200,الجيزة,Cash On Delivery
2006148029,2026-08-01 18:54:05,Aug 01,raneen,raneen,Bed Sheets,ملاية بأستك نايس هوم، 160×200 سم,TX1042106MOV,1.0,319.0,319.0,0.0,319.0,KCh200,الجيزة,Cash On Delivery
2006148029,2026-08-01 18:54:05,Aug 01,raneen,raneen,Cleaning Tools &amp; Supplies,طبق غسيل بلاستيك×سيليكون ريو، قابل للطى، 38 لتر - ابيض اخضر,HO1125130GNW,1.0,299.0,299.0,14.95,284.05,KCh200,الجيزة,Cash On Delivery
2006148029,2026-08-01 18:54:05,Aug 01,raneen,raneen,Cleaning Tools &amp; Supplies,مساحة ارضيات بيد بلاستك رينامورا، 38 سم - بينك,HO1104645PNK,1.0,699.0,699.0,34.95,664.05,KCh200,الجيزة,Cash On Delivery
2006148038,2026-08-01 18:55:45,Aug 01,raneen,raneen,Air Coolers,مبرد هواء جاك، 250 وات، 90 لتر، NGAC290L - اسود,EL1099905BLK,1.0,4149.0,4149.0,0.0,4149.0,,الجيزة,Cash On Delivery
2006148044,2026-08-01 18:57:25,Aug 01,raneen,raneen,Air Coolers,مبرد هواء يونيون اير، 90 لتر، 3 سرعات، UA90MS - رمادي,EL1146628WNG,1.0,4444.0,4444.0,0.0,4444.0,,القاهرة,Cash On Delivery
2006148047,2026-08-01 18:57:35,Aug 01,raneen,raneen,Water Filters,فلتر تانك برو، ديجيتال، 6 وظائف تنقية، بالاضافة الي عبوة شمع هدية، 3×1 - ابيض,HO1121846WIT,1.0,2489.0,2489.0,0.0,2489.0,,الجيزة,Credit/Debit Card
2006148053,2026-08-01 18:58:19,Aug 01,raneen,raneen,Storage,طقم علب ثلاجه بغطاء كليبس القائد بلاست، 4 قطع - شفاف,HO1100279CLR,1.0,175.0,175.0,0.0,175.0,,Cairo,Cash On Delivery
2006148053,2026-08-01 18:58:19,Aug 01,raneen,raneen,Kitchenware,طقم برطمان توابل زجاج بغطاء بلاستيك، 15 قطعة، 120 مل، مزود بقمع تعبئة - اسود,HO1110579BLK,1.0,150.0,150.0,0.0,150.0,,Cairo,Cash On Delivery
2006148053,2026-08-01 18:58:19,Aug 01,raneen,raneen,Drinkware,طقم اكواب اكواتك، 18 قطعة - شفاف,HO1093911CLR,1.0,200.0,200.0,0.0,200.0,,Cairo,Cash On Delivery
2006148056,2026-08-01 18:58:33,Aug 01,raneen,raneen,Fans,مروحة ستاند صانى فريش، 16 بوصة بيانو، 3 سرعات - احمر داكن,EL1129185DRD,1.0,1369.0,1369.0,0.0,1369.0,,القاهرة,Cash On Delivery
2006148059,2026-08-01 18:58:35,Aug 01,MP,mostawdaa,Mirror,مرايا حمام تاتش زجاج مستطيلة، اضائة ليد ابيض، 80×100 سم,MSTRN1073CLR,1.0,2024.0,2024.0,0.0,2024.0,,Cairo,Cash On Delivery
2006148059,2026-08-01 18:58:35,Aug 01,MP,merayty,Mirror,مراية مودرن دائرية، 70 سم، شكل شمس، اضاءة ليد تاتش,kh7043,1.0,1499.0,1499.0,0.0,1499.0,,Cairo,Cash On Delivery
2006148062,2026-08-01 18:58:58,Aug 01,raneen,raneen,Mixers &amp; Blenders,خلاط يدوي براون، 700 وات، MQ3020 - ابيض,EL1042968WIT,1.0,2449.0,2449.0,0.0,2449.0,,Cairo,Cash On Delivery
4000158844,2026-08-01 19:01:31,Aug 01,MP,lifecare,Makeup,DEEINN Jade Gua Sha Massage Tool for Face &amp; Body – Skin Beauty &amp; Health Therapy,RAN-7CBPCU8,1.0,49.0,49.0,0.0,49.0,,Giza,Credit/Debit Card
2006148086,2026-08-01 19:02:04,Aug 01,raneen,raneen,Bed Sheets,طقم ملاية لازورد، 4 قطع، 215×235 سم - متعدد الالوان,TX1022398MT7,1.0,219.0,219.0,10.95,208.05,TEX200,الجيزة,Cash On Delivery
2006148092,2026-08-01 19:03:21,Aug 01,raneen,raneen,Drinkware,طقم اكواب عصير زجاج باشابتشي، 6 قطع، 340 مل - شفاف,HO1127529CLR,2.0,200.0,400.0,0.0,400.0,,الأسكندرية,Cash On Delivery
2006148092,2026-08-01 19:03:21,Aug 01,raneen,raneen,Drinkware,طقم اكواب عصير زجاج، 6 قطع، 260 مل - شفاف,HO1084283CLR,1.0,60.0,60.0,0.0,60.0,,الأسكندرية,Cash On Delivery
2006148092,2026-08-01 19:03:21,Aug 01,raneen,raneen,Drinkware,كوب عصير زجاج، 400 مل - شفاف,HO1129659CL1,1.0,27.0,27.0,0.0,27.0,,الأسكندرية,Cash On Delivery
2006148092,2026-08-01 19:03:21,Aug 01,raneen,raneen,Kitchenware,مصفاة ستانلس ستيل روكى، 6 سم - فضى,HO1048622SLV,1.0,26.0,26.0,0.0,26.0,,الأسكندرية,Cash On Delivery
2006148092,2026-08-01 19:03:21,Aug 01,raneen,raneen,Drinkware,زجاجة مياه زجاج، غطاء كبس، 1.5 لتر - بني شفاف,HO1144809LBR,2.0,100.0,200.0,0.0,200.0,,الأسكندرية,Cash On Delivery
2006148092,2026-08-01 19:03:21,Aug 01,raneen,raneen,Serveware,طقم صينية تقديم خشب بامبو جروب تايجر، قطعتين - خشبي,HO1138799BSC,2.0,360.0,720.0,0.0,720.0,,الأسكندرية,Cash On Delivery
2006148101,2026-08-01 19:04:39,Aug 01,MP,amara,Hair Care,مكواة شعر سوكاني، لوحين سيراميك، 950 فهرنهايت، SK-1928 - ابيض,950F-amara,1.0,539.0,539.0,0.0,539.0,,القاهرة,Cash On Delivery
2006148104,2026-08-01 19:05:14,Aug 01,raneen,raneen,Water Heaters,سخان مياه فورى فريش، 11 كيلو وات - ابيض,EL1079889WIT,1.0,7299.0,7299.0,0.0,7299.0,,الجيزة,Credit/Debit Card
2006148116,2026-08-01 19:06:32,Aug 01,MP,mam,Water Heaters,سخان مياه غاز فريش، 10 لتر - اسود,EL1087019BLK-mam,1.0,6999.0,6999.0,0.0,6999.0,,الجيزة,Cash On Delivery
2006148131,2026-08-01 19:08:36,Aug 01,MP,dukanabdelaziz,Mixers &amp; Blenders,هاند بلندر ميانتا، 1000 وات، متعدد المهام، مزود بوعاء كبة، HB111038A - اسود فضى,HB111038A-dukanabdelaziz,1.0,1899.0,1899.0,0.0,1899.0,,Cairo,Cash On Delivery
2006148131,2026-08-01 19:08:36,Aug 01,raneen,raneen,Televisions,تلفزيون سمارت شاومي، 43 بوصة، LED، FHD، ريموت بحث صوتي، L43MB-AFME - اسود,EL1151044BLK,1.0,11699.0,11699.0,0.0,11699.0,,Cairo,Cash On Delivery
2006148131,2026-08-01 19:08:36,Aug 01,MP,goldena,Fryers,قلاية هوائية فريش، 1800 وات، 7 لتر، FAF-M1800B - اسود,500018916,1.0,4334.0,4334.0,0.0,4334.0,,Cairo,Cash On Delivery
2006148131,2026-08-01 19:08:36,Aug 01,raneen,raneen,Fans,مروحة ستاند الشبح فريش، 18 بوصة، 3 سرعات - احمر,EL1049885BLK,2.0,1939.0,3878.0,0.0,3878.0,,Cairo,Cash On Delivery
2006148131,2026-08-01 19:08:36,Aug 01,MP,elamira,Microwaves &amp; Ovens,ميكروويف فريش، 20 لتر، 700 وات، FMW-20MC-SM - فضي,EL1096272SLV-elamira,1.0,4250.0,4250.0,0.0,4250.0,,Cairo,Cash On Delivery
2006148131,2026-08-01 19:08:36,Aug 01,MP,attallah,Vacuum Cleaners,مكنسة كهربائية عمودية سوكاني، 1.1 لتر، 2000 وات، SK-3378 - فضي,ISTSK-3378SV-conf-attallah,1.0,2698.0,2698.0,0.0,2698.0,,Cairo,Cash On Delivery
2006148131,2026-08-01 19:08:36,Aug 01,MP,electrobazaar,Irons,مكواة بخار محمولة أرشيا ، كي عمودي و أفقي ، سعة 250مل ، 1640 وات ، AS2306-9041 - اسود,7777031101493,1.0,2249.0,2249.0,0.0,2249.0,,Cairo,Cash On Delivery
2006148131,2026-08-01 19:08:36,Aug 01,MP,rofaeeltrade,Dishwasher,غسالة اطباق فريش، 13 فرد، 60 سم، DWSS13SLA - فضي,DWSS13SLA,1.0,16694.0,16694.0,0.0,16694.0,,Cairo,Cash On Delivery
2006148131,2026-08-01 19:08:36,Aug 01,MP,katoshappliances,Cookers,بوتاجاز لاجيرمانيا، 90×60 سم، 5 شعلة غاز، 9H10GLA1X4AWW - فضي,5258,1.0,24402.0,24402.0,0.0,24402.0,,Cairo,Cash On Delivery
2006148131,2026-08-01 19:08:36,Aug 01,MP,smartbuiltinzone,Built in,شفاط مطبخ بلت ان بيورتي، 3 سرعات، Pansy X 90Cm - فضي,smf086-smartbuiltinzone,1.0,4680.0,4680.0,0.0,4680.0,,Cairo,Cash On Delivery
2006148131,2026-08-01 19:08:36,Aug 01,MP,mam,Washers &amp; Dryer,غسالة ملابس اتوماتيك تحميل امامي بيرلاماكس زانوسي، 8 كجم، 1200 لفه، ZWF8240SB5 - فضي,EL1088620SNB-rofaeeltrade-conf-mam,1.0,17999.0,17999.0,0.0,17999.0,,Cairo,Cash On Delivery
2006148131,2026-08-01 19:08:36,Aug 01,MP,ammerkatosh,Refrigerators &amp; Freezers,ثلاجة ديجيتال نوفروست سامسونج، 419 لتر، 2 باب، RT40DG3110QVMR - فضي,EL1118257SLV-conf-ammerkatosh,1.0,26689.0,26689.0,0.0,26689.0,,Cairo,Cash On Delivery
2006148131,2026-08-01 19:08:36,Aug 01,MP,attallah,Mixers &amp; Blenders,كبة و مفرمة سوكاني، وعاء أستانلس، 5.5 لتر، 3 سرعات، 6 شفرات، 1000واط، SK-7077N - فضي,7777031021555-Conf-attallah,1.0,1546.0,1546.0,0.0,1546.0,,Cairo,Cash On Delivery
2006148134,2026-08-01 19:08:54,Aug 01,MP,katoshappliances,Suction Fan,شفاط حمام تورنيدو ، مقاس 20 سم ، شبكة للحماية والخصوصية ، TVS-20CM - اوف وايت,4963,2.0,1446.0,2892.0,0.0,2892.0,,القاهرة,Credit/Debit Card
2006148146,2026-08-01 19:10:26,Aug 01,raneen,raneen,Fans,ATA مروحة ستاند، 18 بوصة، 3 سرعات، 3 ريشة، S1801 - اسود,EL1018813BLK,4.0,849.0,3396.0,0.0,3396.0,,القاهرة,Cash On Delivery
2006148149,2026-08-01 19:10:48,Aug 01,raneen,raneen,Air Conditioner,تكييف سبليت فريش، 1.25 حصان، بارد، تربو، FUFW09CO-X1 - ابيض,EL1143260WIT,1.0,16999.0,16999.0,0.0,16999.0,,الجيزة,Cash On Delivery
4000158847,2026-08-01 19:11:34,Aug 01,MP,elethadratan,Garden Swing,"Red Beech Wood Swing, 160×120×195 Cm, 4 Pillows - Wooden",swingelethadratan-1,1.0,13500.0,13500.0,0.0,13500.0,,Qalyubia,Cash On Delivery
2006148164,2026-08-01 19:12:20,Aug 01,MP,qualitytrading,Refrigerators &amp; Freezers,ثلاجة سيلتال، ديفروست، 14 قدم 2 باب، SR350 - فضى,QRST350SLV,1.0,13650.0,13650.0,0.0,13650.0,,الجيزة,Bank Misr Installments
2006148167,2026-08-01 19:12:46,Aug 01,MP,alaasasmarketplace,Underwear’s,طقم بوكسر دايس قماش للرجال، 4 قطع، مقاس XXL - متعدد الالوان,001112z4-351,1.0,354.24,354.24,17.71,336.53,F10,Al Beheira,Cash On Delivery
2006148173,2026-08-01 19:13:20,Aug 01,raneen,raneen,Water Dispenser,مبرد مياه ديسبينسر كولدير، 2 حنفية، بارد / ساخن، KWD Slim - أسود,EL1134597BLK,1.0,6540.0,6540.0,0.0,6540.0,,القاهرة,valU
2006148173,2026-08-01 19:13:20,Aug 01,raneen,raneen,Irons,مكواة بخار ميانتا، قاعدة سيراميك، 2400 وات، SI181640A - اسود,EL1131317BLK,1.0,1590.0,1590.0,0.0,1590.0,,القاهرة,valU
2006148179,2026-08-01 19:13:47,Aug 01,MP,hometech2024,Fans,مروحة حائط اكاي، 18 بوصة، 5 شفرات، ‎AK-18WA - اسود ابيض,hometech2024FS40/1659,1.0,875.0,875.0,0.0,875.0,,Alexandria,Cash On Delivery
2006148185,2026-08-01 19:15:00,Aug 01,raneen,raneen,Air Conditioner,تكييف سبليت ميديا، اكستريم برو، 1.5 حصان، بارد فقط، M1SEFT-12CRN8F-Q8 R32(MOSEFT-12CN8-X2Q8) - ابيض,EL1147502WIT,1.0,21899.0,21899.0,0.0,21899.0,,القاهرة,Cash On Delivery
2006148191,2026-08-01 19:15:48,Aug 01,raneen,raneen,Mobile Phones,موبايل سامسونج جلاكسى A16، شبكة الجيل الرابع، 128 جيجا بايت، 4 جيجا بايت رام - اسود,EL1122777BLK,1.0,7599.0,7599.0,0.0,7599.0,,الشرقية,Cash On Delivery
2006148194,2026-08-01 19:16:16,Aug 01,raneen,raneen,Electronics Audio,راديو تايجر، RX-607AC - اسود فضي,EL1138505BK1,1.0,449.0,449.0,0.0,449.0,,القليوبية,valU
2006148194,2026-08-01 19:16:16,Aug 01,raneen,raneen,Tanks,كولمان بالفلتر تانك، 20 لتر - ازرق,HO1003942BLU,1.0,695.0,695.0,0.0,695.0,,القليوبية,valU
2006148194,2026-08-01 19:16:16,Aug 01,raneen,raneen,Tanks,كولمان بالفلتر، 45 لتر - ازرق,HO1003941BLU,1.0,1199.0,1199.0,0.0,1199.0,,القليوبية,valU
2006148200,2026-08-01 19:16:27,Aug 01,raneen,raneen,Ladders &amp; Clothes Dryer,منشر غسيل بلاستيك الوطنية، 107×173×54 سم - بيج,HO1094224BEG,1.0,799.0,799.0,0.0,799.0,,القاهرة,valU
2006148200,2026-08-01 19:16:27,Aug 01,raneen,raneen,Kitchenware,طقم برطمانات توابل اكريليك بغطاء بلاستيك العبد، غطاء بلاستيك، 6 قطع، 80 مل، بالاضافة الي ستاند - شفاف اسود,HO1141968MC1,1.0,100.0,100.0,0.0,100.0,,القاهرة,valU
2006148200,2026-08-01 19:16:27,Aug 01,raneen,raneen,Home &amp; Balcony Essentials,ترابيزة بلاستيك مربعة كساب، قاعدة بلاستيك، 63×76 سم - بني,HO1117232BEG,1.0,299.0,299.0,0.0,299.0,,القاهرة,valU
2006148200,2026-08-01 19:16:27,Aug 01,raneen,raneen,Home &amp; Balcony Essentials,كرسي بلاستيك سفير، 52×57×76 سم - بيج,HO1131010BEG,2.0,299.0,598.0,0.0,598.0,,القاهرة,valU
2006148203,2026-08-01 19:17:10,Aug 01,MP,homecomfort,Air Conditioner,تكييف سبلت ميديا، 1.5 حصان، بارد فقط، MSCT-12CRN-Q8 - ابيض,AC53MSMB1T-12CRWITconf-homecomfort,1.0,20475.0,20475.0,0.0,20475.0,,الجيزة,Cash On Delivery
2006148206,2026-08-01 19:17:50,Aug 01,raneen,raneen,Cookware,طقم حلل جرانيت نيوكلاين، 10 قطع - بنفسجي,HO1145615MV1,1.0,3499.0,3499.0,174.95,3324.05,KCH200,الجيزة,Bank Misr Installments
2006148224,2026-08-01 19:19:37,Aug 01,raneen,raneen,Dinnerware,طقم عشاء أركوبال اماراتي لومينارك، 26 قطعة - ابيض,HO1124768WI1,1.0,1249.0,1249.0,62.45,1186.55,KCH200,الجيزة,Credit/Debit Card
2006148239,2026-08-01 19:22:27,Aug 01,raneen,raneen,Fans,مروحة ستاند صانى فريش، 16 بوصة بيانو، 3 سرعات - احمر داكن,EL1129185DRD,1.0,1369.0,1369.0,0.0,1369.0,,القاهرة,Paymob Wallet
2006148245,2026-08-01 19:22:59,Aug 01,MP,dukanabdelaziz,Irons,مكواه بخار ايزي جليس تيفال، 2500 وات، FV5718 - ابيض تركواز,tefal-fv.5718-dukanabdelaziz,1.0,2568.0,2568.0,0.0,2568.0,,المنوفية,Cash On Delivery
2006148254,2026-08-01 19:23:43,Aug 01,raneen,raneen,Mobile Phones,موبايل سامسونج جلاكسى A16، شبكة الجيل الرابع، 128 جيجا بايت، 4 جيجا بايت رام - اسود,EL1122777BLK,2.0,7599.0,15198.0,0.0,15198.0,,بني سويف,Cash On Delivery
2006148257,2026-08-01 19:24:10,Aug 01,raneen,raneen,Air Conditioner,تكييف سبليت ميديا، اكستريم برو، 1.5 حصان، بارد فقط، M1SEFT-12CRN8F-Q8 R32(MOSEFT-12CN8-X2Q8) - ابيض,EL1147502WIT,1.0,21899.0,21899.0,0.0,21899.0,,القاهرة,Cash On Delivery
2006148257,2026-08-01 19:24:10,Aug 01,MP,futureappliances,Air Conditioner,تكييف سبليت ميديا، اكستريم برو، 2.25 حصان، بارد فقط، M1SEFT-18CRN8F-Q8 - ابيض,MISEFT-18CR-futureappliances,1.0,32190.0,32190.0,0.0,32190.0,,القاهرة,Cash On Delivery
2006148266,2026-08-01 19:25:25,Aug 01,MP,alarabycenter,Televisions,ATA تلفزيون سمارت ،32 بوصة، HD، LED، أسود - ATA32HOS,EL1068462BLK-alarabycenter,1.0,5829.09,5829.09,0.0,5829.09,,القاهرة,Cash On Delivery
2006148269,2026-08-01 19:25:40,Aug 01,MP,dukanalaa,Hair Care,مكواة شعر تورنيدو جولد ، بالاضافة الىى مكواة مينى - اسود,Tornado gold 980+ Mini Hair Straightener-dukanalaa,1.0,1399.0,1399.0,0.0,1399.0,,القاهرة,Cash On Delivery
2006148272,2026-08-01 19:25:58,Aug 01,raneen,raneen,Mattress,مرتبة رومبا الدورا، سوست متصلة، 100×195 سم، بارتفاع 25 سم - ابيض بني,TX1110552WI1,2.0,2999.0,5998.0,200.0,5798.0,TEX200,القليوبية,valU
2006148287,2026-08-01 19:27:56,Aug 01,raneen,raneen,Mobile Phones,موبايل سامسونج جلاكسى A16، شبكة الجيل الرابع، 128 جيجا بايت، 4 جيجا بايت رام - اسود,EL1122777BLK,10.0,7599.0,75990.0,0.0,75990.0,,الأسماعيلية,Aman
2006148299,2026-08-01 19:30:48,Aug 01,raneen,raneen,Bike &amp; Scooters,عجلة معدن للأطفال إكسنيرت، مقاس 16 ، كرسي خلفي مبطن و سلة أمامية - احمر,TY1122290RD6,1.0,3199.0,3199.0,0.0,3199.0,,الشرقية,Premium Card
2006148302,2026-08-01 19:31:28,Aug 01,MP,egyptionscoutshop,Kitchenware,رف توابل سوبر-راكز زجاج بتصميم دوار بوهيمي، 18قطع - أسود,EG-Scout-AS-MS-1989-egyptionscoutshop,1.0,449.0,449.0,0.0,449.0,,Al Sharqia,Cash On Delivery
2006148308,2026-08-01 19:31:56,Aug 01,raneen,raneen,Dinnerware,طقم عشاء بورسلين، 18 قطعه - ابيض كحلي,HO1144851WI1,1.0,999.0,999.0,0.0,999.0,,القاهرة,Cash On Delivery
2006148311,2026-08-01 19:32:18,Aug 01,MP,ammerkatosh,Air Coolers,مبرد هواء صحراوي فريش، 82 لتر، FA-M82-IC - رمادي فاتح,500019877-AMMERKATOSH,1.0,5183.0,5183.0,0.0,5183.0,,Giza,Cash On Delivery
2006148314,2026-08-01 19:32:25,Aug 01,raneen,raneen,Mobile Phones,موبايل سامسونج جلاكسى A16، شبكة الجيل الرابع، 128 جيجا بايت، 4 جيجا بايت رام - اسود,EL1122777BLK,5.0,7599.0,37995.0,0.0,37995.0,,الأسماعيلية,Aman
2006148317,2026-08-01 19:32:35,Aug 01,raneen,raneen,Home &amp; Balcony Essentials,كرسي بلاستيك سفير، 52×57×76 سم - بيج,HO1131010BEG,2.0,299.0,598.0,0.0,598.0,,القاهرة,Cash On Delivery
2006148317,2026-08-01 19:32:35,Aug 01,raneen,raneen,Home &amp; Balcony Essentials,ترابيزة بلاستيك مستديره، 60×70 سم - بيج,HO1136877BRN,1.0,342.0,342.0,0.0,342.0,,القاهرة,Cash On Delivery
2006148320,2026-08-01 19:32:45,Aug 01,MP,tal2aa,Cleaning Tools &amp; Supplies,منظف متعدد الاستخدامات سوبر سترينجث 7 في 1 سيتريس برائحة البرتقال - 600 مل,RAN-D8XADCM,1.0,81.0,81.0,4.05,76.95,KCH200,Al Beheira,Cash On Delivery
2006148320,2026-08-01 19:32:45,Aug 01,MP,mtbestbuy,Mobile Accessories,حامل الهاتف المحمول للسيارة - أسود,0I-3E8I-992X,1.0,298.0,298.0,0.0,298.0,KCH200,Al Beheira,Cash On Delivery
2006148320,2026-08-01 19:32:45,Aug 01,raneen,raneen,Chargers,شاحن سيارة انكر، شحن سريع، 30 وات، يو اس بي، تايب سي، 2 منفذ، A2741011 - اسود,EL1149833BLK,1.0,599.0,599.0,0.0,599.0,KCH200,Al Beheira,Cash On Delivery
2006148323,2026-08-01 19:33:08,Aug 01,MP,ammerkatosh,Water Heaters,سخان مياه كهربائي ريلاكس فريش، 30 لتر، EWH RELAX 30l - ابيض,500014261-ammerkatosh,1.0,2776.0,2776.0,0.0,2776.0,,الجيزة,Paymob Wallet
2006148326,2026-08-01 19:33:22,Aug 01,raneen,raneen,Home &amp; Balcony Essentials,كرسى بلاستيك بدون ظهر مستدير سفير، 37×37×48 سم - رمادي,HO1131017GRY,1.0,100.0,100.0,5.0,95.0,KCH200,Bani Souaif,Cash On Delivery
2006148326,2026-08-01 19:33:22,Aug 01,raneen,raneen,Home &amp; Balcony Essentials,كرسي بلاستيك، 50×80×55 سم - اسود,HO1107947BLK,8.0,200.0,1600.0,80.0,1520.0,KCH200,Bani Souaif,Cash On Delivery
2006148335,2026-08-01 19:33:44,Aug 01,MP,radioelzaim,Electronics Storage &amp; Accessories,"فلاش ميموري كينجستون, 256 جيجابايت, DTX/256GB ,USB - اسود",DTX/256GB,1.0,1350.0,1350.0,0.0,1350.0,,الجيزة,Aman
2006148338,2026-08-01 19:33:51,Aug 01,raneen,raneen,Mixers &amp; Blenders,هاند بلندر فريش، سرعتان، 800 وات، HB-800FO - اسود,EL1069770SNB,1.0,2022.0,2022.0,0.0,2022.0,,القليوبية,Cash On Delivery
2006148341,2026-08-01 19:34:28,Aug 01,raneen,raneen,Mobile Phones,موبايل سامسونج جلاكسى A16، شبكة الجيل الرابع، 128 جيجا بايت، 4 جيجا بايت رام - اسود,EL1122777BLK,20.0,7599.0,151980.0,0.0,151980.0,,الأسماعيلية,Aman
4000158856,2026-08-01 19:34:46,Aug 01,raneen,raneen,Ladders &amp; Clothes Dryer,"Sara Metal Clothes Dryer, 12 Meter, with Clips Basket - Black Mauve",HO1079986BK3,1.0,899.0,899.0,44.95,854.05,Kch200,Cairo,Cash On Delivery
4000158856,2026-08-01 19:34:46,Aug 01,raneen,raneen,Cleaning Tools &amp; Supplies,"Hegazy Plast Smart Bucket With Plastic Cover, With Floor Wiper For Parquet, 2 Eyes, 2 Replacement, 22×19×37 cm - Beige Grey",HO1114685BG1,1.0,200.0,200.0,10.0,190.0,Kch200,Cairo,Cash On Delivery
2006148344,2026-08-01 19:35:29,Aug 01,MP,hadymix,Desks,مكتب خشب ام دى اف، 140×140×50 سم - ابيض,1133-hady,1.0,3999.0,3999.0,0.0,3999.0,,القاهرة,Cash On Delivery
2006148344,2026-08-01 19:35:29,Aug 01,MP,trustoffice,Office Chairs,كرسي مكتب متحرك، 50x50x120 سم - اسود,CH05-trustoffice,1.0,3850.0,3850.0,0.0,3850.0,,القاهرة,Cash On Delivery
2006148350,2026-08-01 19:35:53,Aug 01,MP,tibatrading,Coffee Makers,أداة خفق اللبن الكهربائية القابلة لاعادة الشحن بمنفذ USB مع 2 خفاقة من الفولاذ مقاوم للصدأ، مضرب بيض محمول باليد بـ3 سرعات، خلاط مشروبات صغير للكابتشينو، ألوان متنوعة,RAN-YGQJKPQ,1.0,189.0,189.0,0.0,189.0,KCH200,الشرقية,Cash On Delivery
2006148350,2026-08-01 19:35:53,Aug 01,MP,lightcart,Cookware,كنكة قهوة بيركس حراري بمقبض خشبي - كوب حليب مع مقبض - كوب اسبريسو - إبريق حليب صغير (120 مل),RAN-RBBYCY9,1.0,129.0,129.0,6.45,122.55,KCH200,الشرقية,Cash On Delivery
2006148350,2026-08-01 19:35:53,Aug 01,MP,jphome,Bathroom Accessories,مضخة صابون بلاستيك، 14 سم، قطعتين - ابيض شفاف,JP55235498,1.0,210.0,210.0,10.5,199.5,KCH200,الشرقية,Cash On Delivery
2006148353,2026-08-01 19:36:01,Aug 01,MP,elitefurniture,Bedding,بطانية قطيفة حفر ليزر نانا سيكريت، 220×240 سم - رمادي,MP1114MC4,1.0,1360.0,1360.0,68.0,1292.0,TEX200,بني سويف,Cash On Delivery
2006148365,2026-08-01 19:37:24,Aug 01,MP,elandalos,Air Conditioner,تكييف سبلت هاير، سمارت ايكو انفرتر، 1.5 حصان، بارد فقط، HSU-12KCRIC - ابيض,HSU-12KCSID-magicair-elandalos,1.0,20981.0,20981.0,0.0,20981.0,,Giza,Cash On Delivery
2006148371,2026-08-01 19:37:53,Aug 01,raneen,raneen,Drinkware,طقم كاسات عصير كايرو جلاسس، 6 قطع، 17 سم - شفاف,HO1095857CLR,1.0,60.0,60.0,0.0,60.0,,الجيزة,Aman
2006148371,2026-08-01 19:37:53,Aug 01,raneen,raneen,Kitchen Accessories,طقم شماعه بلاستيك، 3 قطع، 7 سم - اصفر,HO1143931YLW,1.0,15.0,15.0,0.0,15.0,,الجيزة,Aman
2006148371,2026-08-01 19:37:53,Aug 01,MP,tal2aa,Skin Care,لوشن الجسم برائحة الورد والفانيليا من بودي ليشوس، 50 مل، للنساء,3012484,1.0,80.0,80.0,0.0,80.0,,الجيزة,Aman
2006148371,2026-08-01 19:37:53,Aug 01,MP,coktailstore,Mobile Accessories,غطاء هاتف مضاد للماء سعة كبيرة للرياضات المائية وتصوير تحت الماء بدون قلق للسباحة في البحر | بواسطة جينيريك,RAN-K7RK3MA,1.0,99.0,99.0,0.0,99.0,,الجيزة,Aman
2006148371,2026-08-01 19:37:53,Aug 01,raneen,raneen,Action Toys,طقم جردل بحر بلاستيك للاطفال فارو بلاست، 7 قطع - متعدد الالوان,TY1084258GR1,1.0,65.0,65.0,0.0,65.0,,الجيزة,Aman
2006148371,2026-08-01 19:37:53,Aug 01,MP,mattger,Personal Care,مزيل عرق دراكون للتبييض باشن بيك رول أون 50 مل + مزيل عرق لولي بوب كاندي للتبييض رول أون 50 مل,6416-mattger,1.0,207.0,207.0,0.0,207.0,,الجيزة,Aman
2006148374,2026-08-01 19:38:07,Aug 01,MP,attallah,Air Coolers,مبرد هواء فريش، 72 لتر، FA-M60 - ابيض رمادي فاتح,EL1069767WNG-attallah,1.0,4599.0,4599.0,0.0,4599.0,,الجيزة,Cash On Delivery
2006148380,2026-08-01 19:38:38,Aug 01,raneen,raneen,Mobile Phones,موبايل سامسونج جلاكسى A16، شبكة الجيل الرابع، 128 جيجا بايت، 4 جيجا بايت رام - اسود,EL1122777BLK,5.0,7599.0,37995.0,0.0,37995.0,,الأسماعيلية,Aman
2006148386,2026-08-01 19:38:50,Aug 01,raneen,raneen,Home &amp; Balcony Essentials,كرسي بلاستيك للحدائق والكافيتريا، 60×80×46 سم - بني داكن,HO1090912DBR,1.0,499.0,499.0,24.95,474.05,KCH200 ,القاهرة,valU
2006148386,2026-08-01 19:38:50,Aug 01,raneen,raneen,Cleaning Tools &amp; Supplies,فرشاة تنظيف ارضيات بلاستيك ليو، 13 سم - رمادي احمر,HO1105482RED,1.0,92.0,92.0,4.6,87.4,KCH200 ,القاهرة,valU
2006148386,2026-08-01 19:38:50,Aug 01,raneen,raneen,Cleaning Tools &amp; Supplies,يد زان لوكس، 120 سم - خشبي,HO1006029BSC,1.0,60.0,60.0,3.0,57.0,KCH200 ,القاهرة,valU
2006148386,2026-08-01 19:38:50,Aug 01,raneen,raneen,Drinkware,طقم مج قهوه زجاج قنديل، 6 قطع، 90 مل - شفاف,HO1140344CLR,1.0,80.0,80.0,4.0,76.0,KCH200 ,القاهرة,valU
2006148386,2026-08-01 19:38:50,Aug 01,raneen,raneen,Drinkware,طقم مج قهوه زجاج قنديل، 6 قطع، 70 مل - شفاف,HO1113405CL1,3.0,41.0,123.0,6.15,116.85,KCH200 ,القاهرة,valU
2006148386,2026-08-01 19:38:50,Aug 01,raneen,raneen,Cleaning Tools &amp; Supplies,فرشاة تنظيف بلاستيك بدون يد ويزي، 27 سم - رمادي اصفر,HO1121993GNG,1.0,154.0,154.0,7.7,146.3,KCH200 ,القاهرة,valU
2006148386,2026-08-01 19:38:50,Aug 01,raneen,raneen,Shoes,حذاء رياضي تريكو للرجال فيلا,SH1139043G16,1.0,549.0,549.0,0.0,549.0,KCH200 ,القاهرة,valU
2006148392,2026-08-01 19:39:14,Aug 01,MP,woodandmore,TV Table,ترابيزات تلفزيون ام دي اف ، 160 ×30 ×30 سم - ابيض بيج,163173,1.0,2499.0,2499.0,0.0,2499.0,,القاهرة,valU
2006148401,2026-08-01 19:40:27,Aug 01,MP,alahramappliances,Cookers,بوتاجاز الاهرام، سطح ستانلس ستيل، 4 شعلة، 50×50 سم - فضى اسود,alahram-steel-50x50,1.0,3599.0,3599.0,0.0,3599.0,,الساحل الشمالي,Cash On Delivery
2006148413,2026-08-01 19:43:42,Aug 01,raneen,raneen,Mobile Phones,موبايل سامسونج جالاكسى A16، جيجا بايت 128، 4  جيجا رام- رمادي,EL1122778GRY,14.0,7699.0,107786.0,0.0,107786.0,,الأسماعيلية,Aman
2006148419,2026-08-01 19:45:17,Aug 01,MP,ammerkatosh,Air Conditioner,تكييف محمول فريش، 2200 وات، بارد فقط، فلتر للاتربة، PAC9K-PbWB - أبيض,EL1131059WIT-ammerkatosh,1.0,12698.0,12698.0,0.0,12698.0,,الجيزة,Cash On Delivery
2006148422,2026-08-01 19:45:26,Aug 01,raneen,raneen,Refrigerators &amp; Freezers,ثلاجة بفريزر علوي باساب، 303 لتر، 11 قدم، 2باب، FG330 - فضي,EL1096226SLV,1.0,12199.0,12199.0,0.0,12199.0,,أسوان,Cash On Delivery
2006148428,2026-08-01 19:46:00,Aug 01,raneen,raneen,Air Conditioner,تكييف سبليت ميديا، اكستريم برو، 1.5 حصان، بارد فقط، M1SEFT-12CRN8F-Q8 R32(MOSEFT-12CN8-X2Q8) - ابيض,EL1147502WIT,1.0,21899.0,21899.0,0.0,21899.0,,الجيزة,Cash On Delivery
4000158859,2026-08-01 19:46:51,Aug 01,raneen,raneen,Mobile Phones,"Samsung Galaxy A16 Smart phone, 128 GB, 4 GB RAM - Black",EL1122777BLK,7.0,7599.0,53193.0,0.0,53193.0,,الأسماعيلية,Aman
2006148440,2026-08-01 19:47:50,Aug 01,MP,mazloum,Air Conditioner,تكييف محمول فريش، 2200 وات، بارد فقط، فلتر للاتربة، PAC9K-PbWB - أبيض,EL1131059WIT-mazloum,1.0,12898.0,12898.0,0.0,12898.0,,الجيزة,Cash On Delivery
2006148449,2026-08-01 19:49:05,Aug 01,raneen,raneen,Home &amp; Balcony Essentials,كرسي راتان بلاستيك، 57×82 سم - بيج,HO1090917BEG,1.0,349.0,349.0,17.45,331.55,KCH200,الأسكندرية,Cash On Delivery
2006148449,2026-08-01 19:49:05,Aug 01,raneen,raneen,Dinnerware,طقم اطباق زجاج مستديرة، 6 قطع، 20 سم - شفاف,HO1082258CL2,4.0,75.0,300.0,15.0,285.0,KCH200,الأسكندرية,Cash On Delivery
2006148449,2026-08-01 19:49:05,Aug 01,raneen,raneen,Kitchenware,طقم توزيع ستانلس ستيل ارشيا، 6 قطع، بالاضافة الي ستاند - فضي ذهبي,HO1151215SL2,1.0,299.0,299.0,14.95,284.05,KCH200,الأسكندرية,Cash On Delivery
2006148449,2026-08-01 19:49:05,Aug 01,raneen,raneen,Kitchenware,طقم توزيع خشب بمصفاة مستديرة فالمر، 5 قطع - خشبي,HO1107616BSC,1.0,65.0,65.0,3.25,61.75,KCH200,الأسكندرية,Cash On Delivery
2006148449,2026-08-01 19:49:05,Aug 01,raneen,raneen,Microwaves &amp; Ovens,"ميكروويف جاك, 1200 وات, 20 لتر, NGM-2002 - اسود",EL1019401BLK,1.0,3333.0,3333.0,0.0,3333.0,KCH200,الأسكندرية,Cash On Delivery
2006148452,2026-08-01 19:49:30,Aug 01,MP,ammerkatosh,Suction Fan,شفاط حائطي بشبكة تورنيدو، 30 سم، TVS-30CM - اوف وايت,127030025-AMMERKATOSH,1.0,1363.0,1363.0,0.0,1363.0,,الأسكندرية,Credit/Debit Card
2006148455,2026-08-01 19:49:38,Aug 01,raneen,raneen,Mixers &amp; Blenders,خلاط كهربائى بليندفورس مولونيكس، سعة 2 لتر، بقوة 800 وات، Lm42X2Eg - ابيض,EL1120661WIT,1.0,3840.0,3840.0,0.0,3840.0,,القاهرة,Credit/Debit Card
2006148455,2026-08-01 19:49:38,Aug 01,MP,nilestore,Kettles,غلاية لاسلكية ستانلس ستيل كينوود، 1.7 لتر، 2200 وات، ZJM10.000SS - فضي,EL1101609BNS-nilestore,1.0,1955.0,1955.0,0.0,1955.0,,القاهرة,Credit/Debit Card
2006148467,2026-08-01 19:51:21,Aug 01,raneen,raneen,Televisions,تلفزيون سمارت ايه تى ايه، 43 بوصة، FHD، LED، ATA43FLS - اسود,EL1068464BLK,1.0,9699.0,9699.0,0.0,9699.0,,القاهرة,valU
2006148470,2026-08-01 19:52:12,Aug 01,MP,dukanalaa,Shaving &amp; Grooming,ماكينة حلاقة الشعر كيمي، 4 أمشاط، KM-5018 - ذهبي رمادي,EL1084999GLD-CONF-dukanalaa,1.0,585.0,585.0,0.0,585.0,,القاهرة,Cash On Delivery
2006148470,2026-08-01 19:52:12,Aug 01,MP,dukanalaa,Hair Care,مجفف شعر سوكاني ، 2400 وات ، SK-X8 - اسود,1864321-dukanalla,1.0,950.0,950.0,0.0,950.0,,القاهرة,Cash On Delivery
2006148470,2026-08-01 19:52:12,Aug 01,raneen,raneen,Smart Watches,ساعة سمارت اس 9 الترا كونيكت مي، 49 مم، 2 سوار,EL1114349BLK,1.0,399.0,399.0,0.0,399.0,,القاهرة,Cash On Delivery
2006148470,2026-08-01 19:52:12,Aug 01,MP,goldena,Fryers,قلاية هوائية فريش، 1800 وات، 7 لتر، شاشة ديجيتال، FAF-D1800W - ابيض,500018781,1.0,4383.0,4383.0,0.0,4383.0,,القاهرة,Cash On Delivery
2006148479,2026-08-01 19:53:30,Aug 01,MP,alhamdwater,Power &amp; Hand Tools,مضخة مياه ماكس وان، بقدرة 1 حصان، ايطالى - أزرق,550MN,1.0,3100.0,3100.0,0.0,3100.0,,الأسكندرية,Bank Misr Installments
2006148485,2026-08-01 19:53:54,Aug 01,raneen,raneen,Cookware,براد ستانلس ستيل هاوس رولاند، شكل خشبي، يد بكالايت و غطاء صفارة، 3 لتر - اسود خشبي,HO1138333BK1,1.0,799.0,799.0,38.74,760.26,KCH200,القاهرة,valU
2006148485,2026-08-01 19:53:54,Aug 01,raneen,raneen,Cookware,لبانة ستانلس ستيل زينوكس، 16 سم - فضي,HO1007366SLV,1.0,849.0,849.0,41.17,807.83,KCH200,القاهرة,valU
2006148485,2026-08-01 19:53:54,Aug 01,raneen,raneen,Cookware,طقم كسرولة تيفلون تروفال، قطعتين - احمر,HO1007451RED,1.0,379.0,379.0,18.37,360.63,KCH200,القاهرة,valU
2006148485,2026-08-01 19:53:54,Aug 01,raneen,raneen,Cookware,طقم كنك ستانلس ستيل نوفال، 3 قطع، بالحامل - فضي,HO1040009SLV,1.0,699.0,699.0,33.89,665.11,KCH200,القاهرة,valU
2006148485,2026-08-01 19:53:54,Aug 01,raneen,raneen,Cookware,طقم صواني بيتزا جرانيت ايديال هوم، 3 قطع - بني,HO1125017BR1,1.0,1399.0,1399.0,67.83,1331.17,KCH200,القاهرة,valU
2006148503,2026-08-01 19:54:42,Aug 01,raneen,raneen,Fans,مروحة ستاند الشبح فريش، 18 بوصة، 3 سرعات - احمر,EL1049885BLK,1.0,1939.0,1939.0,0.0,1939.0,,الأسكندرية,valU
2006148512,2026-08-01 19:55:20,Aug 01,raneen,raneen,Suction Fan,شفاط حائطي فريش، 25 سم، اتجاهين - ابيض ازرق,EL1044599WIT,3.0,1009.0,3027.0,0.0,3027.0,,القاهرة,valU
2006148512,2026-08-01 19:55:20,Aug 01,raneen,raneen,Air Conditioner,تكييف سبليت ميديا، اكستريم برو، 1.5 حصان، بارد فقط، M1SEFT-12CRN8F-Q8 R32(MOSEFT-12CN8-X2Q8) - ابيض,EL1147502WIT,1.0,21899.0,21899.0,0.0,21899.0,,القاهرة,valU
2006148497,2026-08-01 19:56:47,Aug 01,raneen,raneen,Mobile Phones,موبايل سامسونج جالاكسى A16، جيجا بايت 128، 4  جيجا رام- رمادي,EL1122778GRY,3.0,7699.0,23097.0,0.0,23097.0,,القاهرة,valU
2006148530,2026-08-01 19:57:46,Aug 01,raneen,raneen,Mobile Phones,موبايل سامسونج جالاكسى A16، جيجا بايت 128، 4  جيجا رام- رمادي,EL1122778GRY,1.0,7699.0,7699.0,0.0,7699.0,,الجيزة,Premium Card
2006130995,2026-08-01 20:00:25,Aug 01,raneen,raneen,Fans,مروحة حائط ايه تي ايه ، 18 بوصة ، 3 سرعات ، 18BO1P5 - ابيض رمادي,EL1018816WNG,1.0,849.0,849.0,0.0,849.0,,القليوبية,Free
2006148545,2026-08-01 20:00:41,Aug 01,MP,moderntechnologyac,Air Conditioner,تكييف سبليت كارير، 5 حصان، بارد و ساخن، 53QHE-36 - ابيض,B09FHR56MFWIT,1.0,82500.0,82500.0,0.0,82500.0,,Cairo,Cash On Delivery
2006148554,2026-08-01 20:03:15,Aug 01,MP,ehabgroup,Mobile Phones,موبايل اوبو رينو 15 F ثنائي الشريحة ، 256 جيجا، 12 جيجا بايت رام، شبكة الجيل الخامس - ازرق,6932169394741,1.0,25555.0,25555.0,0.0,25555.0,,القاهرة,Aman
2006148557,2026-08-01 20:05:21,Aug 01,raneen,raneen,Drinkware,طقم كاسات زجاج باشابتشي، 18 قطع - متعدد الالوان,HO1139839CL1,1.0,799.0,799.0,0.0,799.0,,الجيزة,Cash On Delivery
2006148557,2026-08-01 20:05:21,Aug 01,raneen,raneen,Drinkware,طقم فنجان قهوة بالطبق بورسلين جروب تايجر، 12 قطعة، بالاضافة الي ستاند - روز ذهبي,HO1143106PK1,1.0,1096.0,1096.0,0.0,1096.0,,الجيزة,Cash On Delivery
2006148557,2026-08-01 20:05:21,Aug 01,raneen,raneen,Drinkware,طقم كاسات جيلى زجاج جلاكسي جلاس، 6 قطع، 420 مل - شفاف,HO1148814CLR,1.0,167.0,167.0,0.0,167.0,,الجيزة,Cash On Delivery
2006148557,2026-08-01 20:05:21,Aug 01,raneen,raneen,Serveware,طقم صواني تقديم خشب مستطيلة القيصر، قطعتين، قاعده زجاج، مع كوستر - خشبي فضي,HO1145081BS6,1.0,399.0,399.0,0.0,399.0,,الجيزة,Cash On Delivery
2006148557,2026-08-01 20:05:21,Aug 01,raneen,raneen,Serveware,طقم صينية تقديم اكريليك، 3 قطع - روز ذهبي,HO1146370CF1,1.0,299.0,299.0,0.0,299.0,,الجيزة,Cash On Delivery
2006148557,2026-08-01 20:05:21,Aug 01,raneen,raneen,Drinkware,طقم مج قهوة زجاج سيتي جلاس، 6 قطع، 90 مل - شفاف,HO1074902CL3,1.0,70.0,70.0,0.0,70.0,,الجيزة,Cash On Delivery
2006148557,2026-08-01 20:05:21,Aug 01,raneen,raneen,Drinkware,طقم مج قهوه زجاج قنديل، 6 قطع، 90 مل - شفاف,HO1140344CLR,1.0,80.0,80.0,0.0,80.0,,الجيزة,Cash On Delivery
2006148557,2026-08-01 20:05:21,Aug 01,raneen,raneen,Cookware,كنكة قهوة ستانلس ستيل عبود، مقاس 5 - فضي,HO1069281SL1,1.0,302.0,302.0,0.0,302.0,,الجيزة,Cash On Delivery
2006148557,2026-08-01 20:05:21,Aug 01,raneen,raneen,Serveware,طقم صواني تقديم ميلامين مستطيلة الشريف، 3 قطع - متعدد الالوان,HO1116669MC0,1.0,342.0,342.0,0.0,342.0,,الجيزة,Cash On Delivery
2006148557,2026-08-01 20:05:21,Aug 01,MP,molanafortraining,Knife &amp; Cutters,طقم سكاكين مطبخ من جرانيت ومعدن ، 6 قطع - أسود فضي,EIB-56855-6878-molanafortraining,1.0,399.0,399.0,0.0,399.0,,الجيزة,Cash On Delivery
2006148557,2026-08-01 20:05:21,Aug 01,raneen,raneen,Kitchenware,طقم ملاحة وينر بلاست، قطعتين - بيج بني,HO1084216BEG,2.0,21.0,42.0,0.0,42.0,,الجيزة,Cash On Delivery
2006148557,2026-08-01 20:05:21,Aug 01,raneen,raneen,Drinkware,"طقم شوب زجاج باشابتشى, 6 قطع, PA-42199-B - شفاف",HO1012450CLR,1.0,160.0,160.0,0.0,160.0,,الجيزة,Cash On Delivery
4000158862,2026-08-01 20:05:38,Aug 01,raneen,raneen,Mobile Phones,"Samsung Galaxy A07 Smartphone, 256 GB, 8 GB RAM, 4G LTE - Black",EL1142784BLK,22.0,10699.0,235378.0,0.0,235378.0,,الأسماعيلية,Aman
2006148560,2026-08-01 20:05:49,Aug 01,MP,hamlez,Bed Sheets,طقم ملايه سرير أبيض فاخر بمقاس ٢٠٠ سم * ٢٠٠ سم * ٣٠ سم - ٣ قطع (١ شرشف مطاطي + ٢ وسادة)، نسيج ناعم ومنسق، مقاوم للت,RAN-65CSDRR,2.0,450.99,901.98,0.0,901.98,,Giza,Cash On Delivery
2006148560,2026-08-01 20:05:49,Aug 01,MP,hamlez,Bed Sheets,طقم ملايه سرير قطنية نونو ستور بلون الكشمير الوردي الداكن والأسود، مقاس ٢٠٠ × ٢٠٠ × ٣٠ سم، مع ٢ غطاء وسادة، نسيج ناعم، تصميم عصر,RAN-PKB9UDN,1.0,450.0,450.0,0.0,450.0,,Giza,Cash On Delivery
2006148560,2026-08-01 20:05:49,Aug 01,MP,katoshappliances,Refrigerators &amp; Freezers,ثلاجة نوفروست سامسونج، 2 باب، فريزر بالاعلى، سعة 396 لتر، RT40A3010SA/MR - فضى,5640,1.0,24998.0,24998.0,0.0,24998.0,,Giza,Cash On Delivery
2006148560,2026-08-01 20:05:49,Aug 01,raneen,raneen,Dishwasher,غسالة أطباق ديجيتال بيكو، 15 فرد، 6 برامج، 60 سم، شاشة ليد، BDFN26520XQ - فضي,EL1098392SLV,1.0,25699.0,25699.0,0.0,25699.0,,Giza,Cash On Delivery
2006148560,2026-08-01 20:05:49,Aug 01,raneen,raneen,Bed Sheets,ملاية سرير استك نايس هوم، 200×200 سم - روز,TX1042151ROS,1.0,369.0,369.0,0.0,369.0,,Giza,Cash On Delivery
2006148560,2026-08-01 20:05:49,Aug 01,raneen,raneen,Bed Sheets,ملاية سرير استك نايس هوم، 200×200 سم - رمادي,TX1042170GRY,1.0,369.0,369.0,0.0,369.0,,Giza,Cash On Delivery
2006148563,2026-08-01 20:06:08,Aug 01,MP,smbfortrade,Kitchenware,قفازات فرن سيليكون ، مقاومة للماء - متعدد الالوان,7865152565615,1.0,179.0,179.0,8.95,170.05,KCH200,القاهرة,Credit/Debit Card
2006148563,2026-08-01 20:06:08,Aug 01,MP,safktna,Plastic &amp; Paper Products,رول فوم مطبخ، 50 قطعة، 25×30 سم - اخضر فاتح,HO1074261GRN-safktna,1.0,71.0,71.0,3.55,67.45,KCH200,القاهرة,Credit/Debit Card
2006148563,2026-08-01 20:06:08,Aug 01,raneen,raneen,Cleaning Tools &amp; Supplies,غيار قطن الهلال والنجمة - ابيض,HO1006018WIT,1.0,36.0,36.0,1.8,34.2,KCH200,القاهرة,Credit/Debit Card
2006148563,2026-08-01 20:06:08,Aug 01,MP,molanafortraining,Bathroom Accessories,رف تخزين ثلاثي الطبقات للمطبخ والحمام باللون الأبيض، من البلاستيك، متحرك بعجلات، لتخزين وتنظيم اللوازم المنزلية,RAN-7WWGF9D,1.0,349.0,349.0,17.45,331.55,KCH200,القاهرة,Credit/Debit Card
2006148563,2026-08-01 20:06:08,Aug 01,raneen,raneen,Cleaning Tools &amp; Supplies,فرشاة تنظيف ارضيات بلاستيك دبليو بي ام، مقاس 28 سم - فوشيا رمادي,HO1143981PNG,1.0,69.0,69.0,3.45,65.55,KCH200,القاهرة,Credit/Debit Card
2006148563,2026-08-01 20:06:08,Aug 01,raneen,raneen,Cleaning Tools &amp; Supplies,جردل موب بلاستيك بعصاره ستانلس ستيل الوطنية، غيار قطن، 28×24×46 سم - رمادي احمر,HO1145039DG1,1.0,899.0,899.0,44.95,854.05,KCH200,القاهرة,Credit/Debit Card
2006148566,2026-08-01 20:06:27,Aug 01,MP,ocean,Ladders &amp; Clothes Dryer,سلم معدني قابل للطي هيل ميتال، 6 درجات، 173×113×173 سم - ابيض اسود,RAN-M3NFFYR,1.0,1400.0,1400.0,0.0,1400.0,,القليوبية,Cash On Delivery
2006148572,2026-08-01 20:06:39,Aug 01,MP,alaqmardesign,Floor Lamp,لمبادير مودرن، 158x40x40 سم، قطعة - اسود,LamstBei340,1.0,989.0,989.0,0.0,989.0,,القاهرة,Souhoola
2006148578,2026-08-01 20:08:47,Aug 01,raneen,raneen,Storage,تربو مطبخ معدن مستدير مصر الكبري، 3 دور، 51×28 سم - اسود,HO1113180BLK,1.0,599.0,599.0,0.0,599.0,,القليوبية,Cash On Delivery
2006148584,2026-08-01 20:08:58,Aug 01,raneen,raneen,Cookware,طقم حلل تيفال تروفال، 12 قطعة - احمر,HO1139425RED,1.0,1999.0,1999.0,0.0,1999.0,,الجيزة,Cash On Delivery
2006148599,2026-08-01 20:11:32,Aug 01,MP,futurefurniture,Sofa,كنبة خشب زان شكل حرف L، قماش كتان كويا، 300×200×75 سم - بيج فاتح,conal660-futurefurniture,1.0,11499.0,11499.0,0.0,11499.0,,الجيزة,Cash On Delivery
2006148605,2026-08-01 20:11:55,Aug 01,raneen,raneen,Water Dispenser,مبرد مياه بثلاجة جاك، بارد و ساخن، 2 حنفية، NGWD-2225R - اسود,EL1119825BLK,1.0,4829.0,4829.0,0.0,4829.0,,الجيزة,valU
2006148608,2026-08-01 20:12:47,Aug 01,raneen,raneen,Cookers,بوتجاز الاهرام، ستانلس ستيل، 4 شعلة، شواية، 50×50 سم - فضى اسود,EL1109463SLV,1.0,4349.0,4349.0,0.0,4349.0,,Cairo,Cash On Delivery
2006148611,2026-08-01 20:13:20,Aug 01,MP,attallah,Washers &amp; Dryer,غسالة ملابس فريش، تحميل علوى، 8 كجم، FTM-8S - فضي,AMFTM-0812S-attallah,1.0,9474.0,9474.0,0.0,9474.0,,الدقهلية,Free
2006148611,2026-08-01 20:13:20,Aug 01,MP,elreada43,Kettles,غلاية كهربائية ميانتا، 1.7 لتر، 2200 وات، EK201937A - اسود,EL1142774BLK-elreada43,1.0,880.0,880.0,0.0,880.0,,الدقهلية,Free
2006148611,2026-08-01 20:13:20,Aug 01,raneen,raneen,Vacuum Cleaners,مكنسة كهربائية عمودية سوكاني، 1 لتر، 1000 وات، SK-3389 - اسود فضي,EL1127368GNS,1.0,1950.0,1950.0,0.0,1950.0,,الدقهلية,Free
2006148629,2026-08-01 20:14:44,Aug 01,raneen,raneen,Fans,مروحة ستاند الشبح فريش، 18 بوصة، 3 سرعات - احمر,EL1049885BLK,1.0,1939.0,1939.0,0.0,1939.0,,الجيزة,Paymob Wallet
2006148632,2026-08-01 20:15:09,Aug 01,MP,globalelectronic,Cookers,بوتاجاز غاز جلوبال، ، 5 شعله، اشعال ذاتى، سطح استانلس ستيل، شعلة نحاس، مروحه،، 60×80 سم - أسود,GLO80-06,1.0,7650.0,7650.0,0.0,7650.0,,البحيرة,Cash On Delivery
2006148635,2026-08-01 20:15:17,Aug 01,raneen,raneen,Fans,مروحة ستاند جاك، 18 بوصة، 3 ريش، 3 سرعات، NGSF18EG2 - ابيض اخضر,EL1059945WNG,1.0,1029.0,1029.0,0.0,1029.0,,القاهرة,Cash On Delivery
2006148638,2026-08-01 20:16:40,Aug 01,raneen,raneen,Water Heaters,سخان غاز اريستون، 10 لتر، مزود بمدخنه، SPEED EVO 10 NG - ابيض,EL1136211WIT,1.0,5999.0,5999.0,0.0,5999.0,,الجيزة,valU
2006148641,2026-08-01 20:17:56,Aug 01,MP,attallah,Fans,مروحة بوكس فريش، 14 بوصة 3 سرعات - ابيض رمادى,EL1079390WNG-attallah,1.0,1349.0,1349.0,0.0,1349.0,,الأسكندرية,Cash On Delivery
2006148644,2026-08-01 20:18:38,Aug 01,raneen,raneen,Fans,مروحة حائط ايه تي ايه ، 18 بوصة ، 3 سرعات ، 18BO1P5 - ابيض رمادي,EL1018816WNG,6.0,849.0,5094.0,0.0,5094.0,,الجيزة,Cash On Delivery
2006148644,2026-08-01 20:18:38,Aug 01,raneen,raneen,Fans,ATA مروحة ستاند، 18 بوصة، 3 سرعات، 3 ريشة، S1801 - اسود,EL1018813BLK,2.0,849.0,1698.0,0.0,1698.0,,الجيزة,Cash On Delivery
2006148653,2026-08-01 20:19:35,Aug 01,raneen,raneen,Fans,مروحة سقف فريش ، 56 بوصة ، 5 سرعات - ابيض,EL1144694WIT,1.0,1614.0,1614.0,0.0,1614.0,,القاهرة,Aman
2006148656,2026-08-01 20:20:55,Aug 01,raneen,raneen,Cookware,طقم كنك استانلس ستيل تركي الامتياز، 3 قطع - فضي,HO1092575SLV,1.0,499.0,499.0,24.95,474.05,KCH200,الجيزة,Cash On Delivery
2006148671,2026-08-01 20:22:37,Aug 01,raneen,raneen,Storage,دولاب ملابس بلاستيك الوطنية، 3 درج، 89×34×40 سم - ابيض رمادي,HO1125264GY1,1.0,899.0,899.0,0.0,899.0,,القاهرة,valU
2006148671,2026-08-01 20:22:37,Aug 01,raneen,raneen,Storage,دولاب ملابس بلاستيك الوطنية، 4 درج، 131×34×40 سم - ابيض رمادي,HO1125265GY1,1.0,1149.0,1149.0,0.0,1149.0,,القاهرة,valU
2006148674,2026-08-01 20:22:49,Aug 01,MP,attallah,Mixers &amp; Blenders,كبة سوكاني، 400 وات، 2 لتر، SK-7020 - اسود فضى,el1096274blk-conf-attallah,1.0,650.0,650.0,0.0,650.0,,سوهاج,Cash On Delivery
2006148674,2026-08-01 20:22:49,Aug 01,MP,nshopping,Mixers &amp; Blenders,خلاط طعام كهربائي 2 في 1 من سيلفر كريست 7500 وات، احمر . السعة: 2 لتر,RAN-RQXXJ6T-nshopping,1.0,1190.0,1190.0,0.0,1190.0,,سوهاج,Cash On Delivery
2006148677,2026-08-01 20:23:12,Aug 01,raneen,raneen,Air Conditioner,تكييف هواء متنقل فريش، 1.25 حصان، بارد فقط، 1050 وات، ريموت كنترول، 500021743 - ابيض,EL1148555WIT,1.0,12999.0,12999.0,0.0,12999.0,,المنوفية,valU
2006148686,2026-08-01 20:24:46,Aug 01,raneen,raneen,Suction Fan,شفاط حائط رويال، 25 سم، بشبكة، اتجاهين، RH25 - ابيض,EL1114989WIT,1.0,519.0,519.0,0.0,519.0,,القاهرة,Cash On Delivery
2006148713,2026-08-01 20:29:10,Aug 01,MP,radiotalaat,Irons,مكواة بخار تورنيدو، 2200 وات، قاعدة سيراميك، TST-2200NC  - اخضر اسود,196538,1.0,1770.0,1770.0,0.0,1770.0,,القاهرة,Cash On Delivery
2006148725,2026-08-01 20:31:29,Aug 01,MP,fendihome,Side Table,طاولة جانبية دائرية من فنديهوم بأرجل خشبية - طاولة نهاية عصرية لغرفة المعيشة أو غرفة النوم أو المكتب (تشطيب رخام أبيض),RAN-8D6VHUJ,1.0,479.0,479.0,0.0,479.0,,الساحل الشمالي,Cash On Delivery
2006148728,2026-08-01 20:31:59,Aug 01,MP,rofaeeltrade,Fans,مروحة توشيبا ستاند، 16 بوصة بالريموت كونترول، F-ASD60EG(W) - رمادي,F-ASD60EG(W)-rofeeltrade,1.0,3476.0,3476.0,0.0,3476.0,,القاهرة,Credit/Debit Card
2006148731,2026-08-01 20:32:05,Aug 01,MP,hadymix,Shoe Rack,جزامة خشب شيب بورد، 2 درفة، 30x60x90 سم - بني,Hadymix-11011,1.0,999.0,999.0,0.0,999.0,,الجيزة,Cash On Delivery
2006148737,2026-08-01 20:32:14,Aug 01,MP,faroukstore,Car Care,كلاكس موتوسيكل، 12 فولت، DL127 - اسود,5001346,2.0,94.0,188.0,0.0,188.0,,القليوبية,Cash On Delivery
2006148737,2026-08-01 20:32:14,Aug 01,MP,coktailstore,Shoe Care &amp; Accessories,ارضية حذاء طبي مريحة وتدليك للأقدام,RAN-CD2Y7SS,1.0,139.0,139.0,0.0,139.0,,القليوبية,Cash On Delivery
2006148752,2026-08-01 20:33:27,Aug 01,raneen,raneen,Fans,ATA مروحة ستاند، 18 بوصة، 4 سرعات، 5 ريشة - أبيض - A-C34,EL1018821WIT,1.0,988.0,988.0,0.0,988.0,,القاهرة,Cash On Delivery
2006148755,2026-08-01 20:33:59,Aug 01,raneen,raneen,Cookware,طقم طاجن فخار، 6 قطع - بني,HO1109701BRN,2.0,100.0,200.0,10.0,190.0,KCH200,القاهرة,Paymob Wallet
2006148764,2026-08-01 20:34:44,Aug 01,MP,citytools,Vacuum Cleaners,مكنسة كهرباء جاديفر ، ببطارية ،JDLV0801 - اخضر,JDLV0801,1.0,910.0,910.0,0.0,910.0,,الجيزة,Cash On Delivery
2006148776,2026-08-01 20:37:29,Aug 01,raneen,raneen,Luggage,شنطة سفر ترولى بولى بروبلين ثري ام، 20 بوصة، 6 سوستة، قفل رقمي - كحلي,HO1145137NV1,1.0,1599.0,1599.0,0.0,1599.0,,أسوان,Cash On Delivery
2006148779,2026-08-01 20:37:51,Aug 01,raneen,raneen,Pillows,مخدة سوفتي المأمون، 49×120سم - ابيض,TX1082070WIT,2.0,549.0,1098.0,54.9,1043.1,Tex200,القاهرة,valU
2006148779,2026-08-01 20:37:51,Aug 01,raneen,raneen,Pillows,مخدة سوفتي المأمون، 49×160 سم - ابيض,TX1082072WIT,1.0,729.0,729.0,36.45,692.55,Tex200,القاهرة,valU
2006148779,2026-08-01 20:37:51,Aug 01,raneen,raneen,Pillows,خدادية فايبر طبية المأمون، 50×70 سم - ابيض,TX1082074WIT,3.0,319.0,957.0,47.85,909.15,Tex200,القاهرة,valU
2006148782,2026-08-01 20:38:52,Aug 01,MP,ocean,Sandwich Waffle Makers,صانع سندوتشات بلاك اند ديكير، 1400 وات، TS4130-B5 - اسود,TS4130-ocean,1.0,3299.0,3299.0,0.0,3299.0,,الجيزة,El-Ahly Installments
2006148785,2026-08-01 20:39:06,Aug 01,raneen,raneen,Cookware,طقم طاجن فخار، 3 قطع - بني,HO1103090BR1,1.0,55.0,55.0,0.0,55.0,,البحيرة,Cash On Delivery
2006148785,2026-08-01 20:39:06,Aug 01,raneen,raneen,Drinkware,طقم كاسات عصير كايرو جلاسس، 6 قطع، 17 سم - شفاف,HO1095857CLR,1.0,60.0,60.0,0.0,60.0,,البحيرة,Cash On Delivery
2006148785,2026-08-01 20:39:06,Aug 01,raneen,raneen,Cookware,جريل تيفلون فالمر، بيد خشب متحركة، 24×28 سم - اسود,HO1111916BLK,1.0,254.0,254.0,0.0,254.0,,البحيرة,Cash On Delivery
2006148785,2026-08-01 20:39:06,Aug 01,raneen,raneen,Cookware,جريل بورسلين مربع بيد لوتس دريم، 18×14 سم - احمر,HO1089797RED,2.0,100.0,200.0,0.0,200.0,,البحيرة,Cash On Delivery
2006148785,2026-08-01 20:39:06,Aug 01,raneen,raneen,Serveware,طقم صواني تقديم معدن مستديره شيف كوك، 3 قطع - فضي,HO1145862SLV,1.0,100.0,100.0,0.0,100.0,,البحيرة,Cash On Delivery
2006148785,2026-08-01 20:39:06,Aug 01,raneen,raneen,Serveware,طقم صواني تقديم معدن شيف كوك، 5 قطع - فضي,HO1111763SLV,1.0,230.0,230.0,0.0,230.0,,البحيرة,Cash On Delivery
2006148785,2026-08-01 20:39:06,Aug 01,raneen,raneen,Serveware,صينية تقديم خشب، 4 أرجل، 67×43 سم - خشبي اسود,HO1137742BS1,1.0,100.0,100.0,0.0,100.0,,البحيرة,Cash On Delivery
2006148785,2026-08-01 20:39:06,Aug 01,raneen,raneen,Cookware,صينية بيتزا الومنيوم مستديره شيف كوك، 30 سم - فضي,HO1145770SLV,1.0,100.0,100.0,0.0,100.0,,البحيرة,Cash On Delivery
2006148785,2026-08-01 20:39:06,Aug 01,raneen,raneen,Cookware,طاجن الومنيوم مستطيل ماجستيك شيف كوك، 35 سم - فضي,HO1116135SLV,1.0,200.0,200.0,0.0,200.0,,البحيرة,Cash On Delivery
2006148794,2026-08-01 20:41:52,Aug 01,MP,elreada43,Fans,مروحة حائط ميانتا، نيو اير، 18 بوصة، ريموت كنترول، 7 ريشة، WF50638A - اسود,WF50638A-elreada43,1.0,1999.0,1999.0,0.0,1999.0,,الأسكندرية,Cash On Delivery
2006148797,2026-08-01 20:42:53,Aug 01,MP,nilestore,Water Dispenser,مبرد مياه كولدير، بارد وفاتر، 2 حنفية، KWD CB - اسود ,KWDCBBLK,1.0,6700.0,6700.0,0.0,6700.0,,Giza,Cash On Delivery
2006148803,2026-08-01 20:43:55,Aug 01,raneen,raneen,Air Conditioner,تكييف كاريير اكس كول، 2.25 حصان، بارد / ساخن، تكنولوجيا الانفرتر، 42QHEFT18DN8-708F - ابيض,EL1136894WIT,1.0,44499.0,44499.0,0.0,44499.0,,الجيزة,valU
2006148806,2026-08-01 20:44:16,Aug 01,raneen,raneen,Fans,مروحة ستاند الشبح فريش، 18 بوصة، 3 سرعات - احمر,EL1049885BLK,1.0,1939.0,1939.0,0.0,1939.0,,القاهرة,El-Ahly Installments
2006148812,2026-08-01 20:45:23,Aug 01,raneen,raneen,Fans,مروحة حائط رويال، 18 بوصة، 3 ريشة، 3 سرعات، BF1820 - اسود احمر,EL1126987RNB,1.0,750.0,750.0,0.0,750.0,,القليوبية,Cash On Delivery
2006148815,2026-08-01 20:46:00,Aug 01,raneen,raneen,Air Conditioner,تكييف سبليت فريش، 1.25 حصان، بارد، تربو، FUFW09CO-X1 - ابيض,EL1143260WIT,1.0,16999.0,16999.0,0.0,16999.0,,القاهرة,Cash On Delivery
2006148818,2026-08-01 20:46:17,Aug 01,MP,lightcart,Kitchen Accessories,درج منظم ثلاجة من البلاستيك (27 سم طول × 17 سم ارتفاع × 12 سم عرض، متعدد الألوان),RAN-GSKS7KH,1.0,109.0,109.0,0.0,109.0,,القاهرة,valU
2006148818,2026-08-01 20:46:17,Aug 01,MP,coktailstore,Kitchen Accessories,وصلة حنفية حوض تربو فليكس مرنة قابلة للدوران 360 درجة برشاش ماء لتوفير المياه، 6 انش,RAN-XNUA2WP,1.0,99.0,99.0,0.0,99.0,,القاهرة,valU
2006148818,2026-08-01 20:46:17,Aug 01,raneen,raneen,Home Decor,علبة مناديل بلاستيك شكل بابلز، 12×18×8 سم - ابيض,HO1126087WIT,1.0,75.0,75.0,0.0,75.0,,القاهرة,valU
2006148818,2026-08-01 20:46:17,Aug 01,raneen,raneen,Storage,ستاند منزلى متحرك، 3 دور، 70×54×15.5 سم - ابيض,HO1070312WHT,1.0,139.0,139.0,0.0,139.0,,القاهرة,valU
2006148818,2026-08-01 20:46:17,Aug 01,raneen,raneen,Cleaning Tools &amp; Supplies,باسكت قمامه بلاستيك مربع سفير، 15 لتر - رمادي فاتح,HO1131001LGY,1.0,50.0,50.0,0.0,50.0,,القاهرة,valU
2006148818,2026-08-01 20:46:17,Aug 01,raneen,raneen,Bathroom Accessories,مضخة صابون بلاستيك بحامل اسفينج الوطنية، 12×9×20 سم - رمادي,HO1125273GRY,1.0,77.0,77.0,0.0,77.0,,القاهرة,valU
2006148818,2026-08-01 20:46:17,Aug 01,raneen,raneen,Storage,تروللي بلاستيك مستطيل الهدى، 5 دور، 105×44×30 سم - اسود رمادي,HO1141592BK1,1.0,225.0,225.0,0.0,225.0,,القاهرة,valU
2006148818,2026-08-01 20:46:17,Aug 01,MP,tbs,Lighting Hanging,نجفة سقف بوهيمي، 20x20 سم - بيج,CE_BO_BU_042-tbs,2.0,287.0,574.0,0.0,574.0,,القاهرة,valU
2006148818,2026-08-01 20:46:17,Aug 01,MP,cluclight,Lighting Hanging,معلقة بسيطة - اسود من Cluc,RAN-444MN43,2.0,39.0,78.0,0.0,78.0,,القاهرة,valU
2006148818,2026-08-01 20:46:17,Aug 01,raneen,raneen,Storage,استاند منزلي بلاستيك العالمية، 5 دور، 4 عجلة، 120×45×18 سم - رمادي فاتح,HO1135616LGY,1.0,200.0,200.0,0.0,200.0,,القاهرة,valU
2006148818,2026-08-01 20:46:17,Aug 01,raneen,raneen,Kitchenware,طقم برطمان توابل زجاج بغطاء بلاستيك، 15 قطعة، 120 مل، مزود بقمع تعبئة - اسود,HO1110579BLK,1.0,150.0,150.0,0.0,150.0,,القاهرة,valU
2006148827,2026-08-01 20:47:36,Aug 01,MP,ammerkatosh,Air Coolers,مبرد هواء صحراوي فريش، 82 لتر، FA-M82-IC - رمادي فاتح,500019877-AMMERKATOSH,1.0,5183.0,5183.0,0.0,5183.0,,القاهرة,Credit/Debit Card
2006148830,2026-08-01 20:47:46,Aug 01,MP,attallah,Fans,مروحة ستاند بريموت كنترول فريش، 20 بوصة، 3 سرعات، أسود أحمر غامق,EL1079393BLK-attallah,1.0,3099.0,3099.0,0.0,3099.0,,الجيزة,Cash On Delivery
2006148839,2026-08-01 20:48:50,Aug 01,raneen,raneen,Serveware,طقم صواني تقديم خشب بامبو، 3 قطع - خشبي,HO1138946BSC,1.0,799.0,799.0,39.95,759.05,KCH200,القاهرة,Credit/Debit Card
2006148842,2026-08-01 20:48:52,Aug 01,raneen,raneen,Air Coolers,مبرد هواء ATA، 35 لتر، AC35LN351 - ابيض فضي,EL1146515WI1,1.0,3095.0,3095.0,0.0,3095.0,,الجيزة,valU
2006148845,2026-08-01 20:49:05,Aug 01,raneen,raneen,Drinkware,ترمس رحلات دريم، 900 مل - اسود,HO1102633WI2,1.0,270.0,270.0,13.5,256.5,KCH200,القاهرة,Cash On Delivery
2006148860,2026-08-01 20:50:55,Aug 01,MP,ammerkatosh,Suction Fan,شفاط حائط فريش، 25 سم، اتجاهين، 500004583 - ابيض,500004583WHT-ammerkatosh,1.0,1141.0,1141.0,0.0,1141.0,,الأقصر,Cash On Delivery
2006148863,2026-08-01 20:51:25,Aug 01,raneen,raneen,Cookware,قلاية كريب جرانيت عابدين، يد بكالايت، 30 سم - فوشيا ابيض,HO1074851FC1,1.0,299.0,299.0,0.0,299.0,,القاهرة,Cash On Delivery
2006148863,2026-08-01 20:51:25,Aug 01,raneen,raneen,Cookware,جريل بورسلين مربع بيد لوتس دريم، 18×14 سم - احمر,HO1089797RED,1.0,100.0,100.0,0.0,100.0,,القاهرة,Cash On Delivery
2006148863,2026-08-01 20:51:25,Aug 01,raneen,raneen,Dinnerware,طقم عشاء اركوبال جراند، 24 قطعة - متعدد الالوان,HO1140980MC9,1.0,499.0,499.0,0.0,499.0,,القاهرة,Cash On Delivery
2006148866,2026-08-01 20:51:27,Aug 01,raneen,raneen,Bed Sheets,طقم ملاية قطن بأستك لي لي، 4 قطع، 160×200 سم، 1100 جرام - متعدد الالوان,TX1134834MC3,1.0,599.0,599.0,29.95,569.05,Tex200,الأسكندرية,Free
2006148866,2026-08-01 20:51:27,Aug 01,raneen,raneen,Bed Sheets,طقم ملاية قطن بأستك لي لي، 4 قطع، 200×160 سم، 1150 جرام - موف,TX1131761MOV,1.0,749.0,749.0,37.45,711.55,Tex200,الأسكندرية,Free
2006148866,2026-08-01 20:51:27,Aug 01,raneen,raneen,Bedding,كوفرتة جاكار المأمون، 220×240 سم، 1660 جرام - متعدد الالوان,TX1145258MC4,1.0,449.0,449.0,22.45,426.55,Tex200,الأسكندرية,Free
2006148866,2026-08-01 20:51:27,Aug 01,MP,jphome,Bedding,كوفرته بيكا صيفي قطن سرير كبير ساده ، 230 * 240 ، قطعة واحدة - بيج,JP1213456616,1.0,685.0,685.0,34.25,650.75,Tex200,الأسكندرية,Free
2006148869,2026-08-01 20:52:11,Aug 01,raneen,raneen,Mixers &amp; Blenders,كبة تقطيع كهربائية فريش، 2 لتر، 700 وات، 3 سلاح، CH700 - اسود,EL1116269BNC,1.0,1300.0,1300.0,0.0,1300.0,KCH200,القاهرة,valU
2006148869,2026-08-01 20:52:11,Aug 01,raneen,raneen,Cookware,حله زجاج مستديره بالغطاء ماكس جلاس، 22 سم - شفاف,HO1113598CL1,1.0,100.0,100.0,5.0,95.0,KCH200,القاهرة,valU
2006148869,2026-08-01 20:52:11,Aug 01,raneen,raneen,Storage,تروللي بلاستيك مستطيل الهدى، 5 دور، 105×44×30 سم - اسود رمادي,HO1141592BK1,1.0,225.0,225.0,11.25,213.75,KCH200,القاهرة,valU
2006148875,2026-08-01 20:53:21,Aug 01,MP,dukanabdelaziz,Suction Fan,شفاط حائط فريش، 25 سم، اتجاهين، 500004583 - ابيض,500004583WHT-dukanabdelaziz,2.0,1142.0,2284.0,0.0,2284.0,,القاهرة,Credit/Debit Card
2006148878,2026-08-01 20:53:49,Aug 01,MP,dukanalaa,Kitchenware,مجموعة من 4 مصفاة - متعددة الألوان - خفيفة الوزن - آمنة لغسالة الصحون,RAN-VTVK4U7,1.0,69.0,69.0,0.0,69.0,tex200,الأسكندرية,Cash On Delivery
2006148878,2026-08-01 20:53:49,Aug 01,raneen,raneen,Kitchenware,هراسة ثوم ستانلس ستيل، 15 سم - فضي,HO1075154SLV,1.0,107.0,107.0,0.0,107.0,tex200,الأسكندرية,Cash On Delivery
2006148878,2026-08-01 20:53:49,Aug 01,raneen,raneen,Bed Sheets,طقم ملاية مايكروفايبر، 4 قطع، 225×240 سم، 1050 جرام - متعدد الالوان,TX1125298LB3,1.0,299.0,299.0,14.95,284.05,tex200,الأسكندرية,Cash On Delivery
2006148878,2026-08-01 20:53:49,Aug 01,raneen,raneen,Bed Sheets,طقم ملاية مايكروفايبر، 4 قطع، 225×240 سم، 1050 جرام - بيج,TX1125298BE4,2.0,299.0,598.0,29.9,568.1,tex200,الأسكندرية,Cash On Delivery
2006148878,2026-08-01 20:53:49,Aug 01,raneen,raneen,Bed Sheets,طقم ملاية مايكروفايبر، 4 قطع، 225×240 سم، 1050 جرام - متعدد الالوان,TX1125298LB6,2.0,299.0,598.0,29.9,568.1,tex200,الأسكندرية,Cash On Delivery
2006148878,2026-08-01 20:53:49,Aug 01,raneen,raneen,Bed Sheets,طقم ملاية مايكروفايبر، 4 قطع، 225×240 سم، 1050 جرام - رمادي داكن,TX1125298DG2,2.0,299.0,598.0,29.9,568.1,tex200,الأسكندرية,Cash On Delivery
2006148878,2026-08-01 20:53:49,Aug 01,raneen,raneen,Bed Sheets,طقم ملاية قماش مطبوع، 4 قطع، 215×235 سم - متعدد الالوان,TX1017810MZ1,2.0,219.0,438.0,21.9,416.1,tex200,الأسكندرية,Cash On Delivery
2006148878,2026-08-01 20:53:49,Aug 01,raneen,raneen,Kitchenware,صفاية ملاعق بلاستيك وينر بلاست، 4 عين، 25×32×4.5 سم - بيج بني,HO1067701BG1,2.0,64.0,128.0,0.0,128.0,tex200,الأسكندرية,Cash On Delivery
2006148878,2026-08-01 20:53:49,Aug 01,raneen,raneen,Cleaning Tools &amp; Supplies,سلة قمامة شكل راتان بالدواسة جولدن فالكون، 12 لتر- بني,HO1009482BR1,2.0,100.0,200.0,0.0,200.0,tex200,الأسكندرية,Cash On Delivery
2006148878,2026-08-01 20:53:49,Aug 01,raneen,raneen,Cleaning Tools &amp; Supplies,طقم اطباق غسيل بلاستيك الهدي، 4 قطع - متعدد الالوان,HO1115392ME2,1.0,100.0,100.0,0.0,100.0,tex200,الأسكندرية,Cash On Delivery
2006148878,2026-08-01 20:53:49,Aug 01,raneen,raneen,Cleaning Tools &amp; Supplies,طقم فوط مطبخ قطيفة، 30×30 سم، 5 قطع,HO1083570MC6,1.0,55.0,55.0,0.0,55.0,tex200,الأسكندرية,Cash On Delivery
2006148878,2026-08-01 20:53:49,Aug 01,raneen,raneen,Cleaning Tools &amp; Supplies,جردل مسح بلاستيك بالعصارة الهدي، 20 لتر - زيتوني,HO1111813OL1,1.0,87.0,87.0,0.0,87.0,tex200,الأسكندرية,Cash On Delivery
2006148878,2026-08-01 20:53:49,Aug 01,raneen,raneen,Cleaning Tools &amp; Supplies,فرشاه تنظيف تواليت بالقاعدة الهلال و النجمة، 32 سم - بنفسجي,HO1072569PPR,2.0,86.0,172.0,0.0,172.0,tex200,الأسكندرية,Cash On Delivery
2006148878,2026-08-01 20:53:49,Aug 01,raneen,raneen,Kitchenware,طقم ادوات توزيع سيليكون، قطعتين، 20 سم - متعدد الالوان,HO1075758MC8,1.0,32.0,32.0,0.0,32.0,tex200,الأسكندرية,Cash On Delivery
2006148878,2026-08-01 20:53:49,Aug 01,raneen,raneen,Kitchenware,طقم ادوات مطبخ خشب، 3 قطع، 28 سم - خشبي,HO1079323BSC,1.0,29.0,29.0,0.0,29.0,tex200,الأسكندرية,Cash On Delivery
2006148881,2026-08-01 20:53:52,Aug 01,raneen,raneen,Cookware,حلة تحمير تيفلون بيمو كوك، غطاء زجاج مع شبكة تحمير، 3 لتر - بيج شفاف,HO1127601BEG,1.0,299.0,299.0,0.0,299.0,,الغربية,valU
2006148881,2026-08-01 20:53:52,Aug 01,raneen,raneen,Cookware,حلة ستانلس ستيل زينوكس سمارت، مقاس 40 - فضي,HO1086146SLV,1.0,2499.0,2499.0,0.0,2499.0,,الغربية,valU
2006148881,2026-08-01 20:53:52,Aug 01,raneen,raneen,Pressure Cooker,حلة ضغط كليبسو بلاس تيفال، 11.8 لتر - فضي,HO1054080SLV,1.0,6999.0,6999.0,0.0,6999.0,,الغربية,valU
2006148881,2026-08-01 20:53:52,Aug 01,raneen,raneen,Cookware,قلاية كريب تيفلون تروفال، 32 سم - احمر,HO1148300RED,1.0,449.0,449.0,0.0,449.0,,الغربية,valU
4000158871,2026-08-01 20:53:57,Aug 01,MP,tibatrading,Drinkware,"Generic Glass Tea Set, 1L Heat-Resistant Teapot with Strainer and 4 Cups (150ml), Modern Design for Serving and Entertaining",RAN-JE74DGN,1.0,159.0,159.0,0.0,159.0,,القاهرة,Cash On Delivery
4000158871,2026-08-01 20:53:57,Aug 01,raneen,raneen,Cookware,"Thermal Glass Coffee Pot, Wood Lid, Metal Handle, 10.5 cm, with Wood Coaster - Clear Wooden",HO1148580CNG,1.0,175.0,175.0,0.0,175.0,,القاهرة,Cash On Delivery
4000158871,2026-08-01 20:53:57,Aug 01,raneen,raneen,Drinkware,"Galaxy Glass Coffee Mug Set with Saucers, 12 Pieces, 70 ml - Clear",HO1130168CL1,1.0,100.0,100.0,0.0,100.0,,القاهرة,Cash On Delivery
2006148887,2026-08-01 20:53:58,Aug 01,raneen,raneen,Air Conditioner,تكييف سبليت ميديا، اكستريم برو، 1.5 حصان، بارد فقط، M1SEFT-12CRN8F-Q8 R32(MOSEFT-12CN8-X2Q8) - ابيض,EL1147502WIT,1.0,21899.0,21899.0,0.0,21899.0,,الشرقية,Cash On Delivery
2006148890,2026-08-01 20:54:05,Aug 01,raneen,raneen,Water Dispenser,مبرد مياة بيرجن، تحميل من الاعلي، 2 حنفية، بارد ساخن، BY-520 - اسود,EL1148026BNS,1.0,7399.0,7399.0,0.0,7399.0,,القليوبية,valU
2006148890,2026-08-01 20:54:05,Aug 01,raneen,raneen,Water Dispenser,مبرد مياه بيرجن، 2 حنفية بارد و ساخن، BY-509 BS - فضى أسود,EL1129783SLV,1.0,7560.0,7560.0,0.0,7560.0,,القليوبية,valU
2006148893,2026-08-01 20:54:11,Aug 01,raneen,raneen,Home &amp; Balcony Essentials,جزامة قماش العالمية، 5 أدوار، 60×30×90 سم - ازرق غامق,HO1043923DBU,1.0,160.0,160.0,0.0,160.0,,القاهرة,Cash On Delivery
2006148899,2026-08-01 20:55:44,Aug 01,raneen,raneen,Mobile Phones,موبايل سمارت ريلمي، C85، شريحتين اتصال، 256 جيجابايت، 8 جيجابايت رام، شبكة الجيل الخامس - ازرق,EL1150032BLK,1.0,12888.0,12888.0,0.0,12888.0,,الجيزة,valU
4000158874,2026-08-01 20:56:40,Aug 01,MP,ocean,Irons,Philips STH3010/70 Garment steamer 1000 Watt Green kills 99.9% Bacteria,RAN-FBYHJTF,1.0,2750.0,2750.0,0.0,2750.0,,Alexandria,Cash On Delivery
2006148908,2026-08-01 20:58:17,Aug 01,MP,signoola,Towels,فوط شاطئ قطن سيجنولا، 70×180سم - بني,SGO1101Z884H40,2.0,280.0,560.0,0.0,560.0,,الأسكندرية,valU
2006148920,2026-08-01 21:01:31,Aug 01,MP,ammerkatosh,Fans,مروحة سقف تورنيدو، 56 بوصة، 5 سرعات، TCF56WW - ابيض,EL1055265WIT-ammerkatosh,1.0,2149.0,2149.0,0.0,2149.0,,الجيزة,Aman
2006148929,2026-08-01 21:02:22,Aug 01,raneen,raneen,Air Conditioner,تكييف سبليت كاريير اكس كول، بارد فقط، 2.25 حصان، انفرتر، 38KHEFT18DN8-78X2/42KHEFT18DN8-708F - ابيض,EL1136897WIT,1.0,41999.0,41999.0,0.0,41999.0,,القليوبية,Cash On Delivery
2006148932,2026-08-01 21:04:49,Aug 01,MP,grandmakaa,Water Filters,طقم غيار فلتر تانك برو 6 مراحل لتنقية المياه,RAN-BUDF6VS,1.0,675.0,675.0,33.75,641.25,KCH200,القاهرة,Cash On Delivery
2006148941,2026-08-01 21:06:20,Aug 01,MP,abdelaziz,Fans,مروحة ستاند بريفكس، 21 بوصة، 3 سرعات، 5 ريش، SFJ-210 - متعدد الألوان,Prifix-SFJ-210,1.0,2750.0,2750.0,0.0,2750.0,,Giza,Cash On Delivery
2006148947,2026-08-01 21:07:18,Aug 01,MP,cairotrading,Office Supplies,آلة حاسبة ديجيتال علمية كاسيو، FX-95ESPLUS-2-WDTV - أسود,4549526608735BLK,1.0,671.0,671.0,0.0,671.0,,القليوبية,Cash On Delivery
2006148953,2026-08-01 21:09:44,Aug 01,raneen,raneen,Air Conditioner,تكييف سبلييت فريش تربو، 1.5 حصان، بارد فقط، شاشة ديجيتال، FUFW12C/IW - ابيض,EL1144113WIT,1.0,20999.0,20999.0,0.0,20999.0,,الفيوم,El-Ahly Installments
2006148977,2026-08-01 21:10:21,Aug 01,MP,abdelaziz,Fans,مروحة سقف بريفكس، 54 بوصة، 5 سرعات، 3 ريش، CFS-54 - رمادي,Prifix-CFS-54,1.0,1999.0,1999.0,0.0,1999.0,,Kafr El-Sheikh,Cash On Delivery
2006148980,2026-08-01 21:10:22,Aug 01,raneen,raneen,Cookware,طقم حلل جرانيت نيوكلاين، 9 قطع - بني,HO1145614BRN,1.0,3199.0,3199.0,0.0,3199.0,,الشرقية,Cash On Delivery
2006148986,2026-08-01 21:10:46,Aug 01,MP,aboelgoukh,Bike &amp; Scooters,دراجة أطفال بمقاس 16 بوصة بضمان أبو الجوخ وماكسليرز® - إطار فولاذي قوي، عجلات تدريب، فرامل أمان، عربة للخلف، سلة، للأولاد والبنات (من 4-,RAN-MKX8463,1.0,3199.0,3199.0,0.0,3199.0,,القليوبية,Aman
2006148989,2026-08-01 21:10:53,Aug 01,MP,alarabycenter,Fans,مروحة حائط فريش شبح ، 18 بوصة ، بريموت، اسود احمر,500005315-alarabycenter,1.0,2200.0,2200.0,0.0,2200.0,,الأسكندرية,Cash On Delivery
2006148992,2026-08-01 21:12:01,Aug 01,MP,aldora,Mattress,مرتبة سرير سوست متصلة سامبا الدورا، طول 195 سم، ارتفاع 23 سم,ALDOMATT8MCL,1.0,3382.0,3382.0,0.0,3382.0,,الشرقية,Cash On Delivery
2006148998,2026-08-01 21:12:08,Aug 01,MP,antikawoodfurniture,TV Table,ترابيزة تلفاز، خشب أم دي أف اسباني 2 ضلفه قلاب واربعه ارفف ، 40×160×30 سم - ابيض,YMA100WIT,1.0,1899.0,1899.0,0.0,1899.0,,الجيزة,Cash On Delivery
2006149004,2026-08-01 21:13:42,Aug 01,raneen,raneen,Storage,طقم علب تخزين بقوليات بلاستيك حجازي بلاست، 5 قطع، 1.9 لتر، بالاضافة الي 5 قطع معيار، 180 مل - بينك تركواز,HO1107557MC1,1.0,100.0,100.0,0.0,100.0,,Alexandria,Cash On Delivery
2006149004,2026-08-01 21:13:42,Aug 01,MP,jphome,Kitchenware,قطاعة خضار ١٤ فى ١ ، متعددة الاستخدامات - متعدد الالوان,14i1VC-CONF,1.0,304.0,304.0,0.0,304.0,,Alexandria,Cash On Delivery
2006149004,2026-08-01 21:13:42,Aug 01,raneen,raneen,Drinkware,زمزمية مياة 2×1 بلاستيك، 570 مل - روز بينك,HO1147951RS1,1.0,172.0,172.0,0.0,172.0,,Alexandria,Cash On Delivery
2006149007,2026-08-01 21:14:06,Aug 01,raneen,raneen,Drinkware,طقم مج شاي زجاج، 6 قطع، 280 مل - شفاف,HO1127069CLR,1.0,100.0,100.0,0.0,100.0,,الجيزة,Credit/Debit Card
2006149007,2026-08-01 21:14:06,Aug 01,MP,purewater,Water Filters,فلتر مياه تانك باور، 5 مراحل - ابيض,tank5,1.0,1569.0,1569.0,0.0,1569.0,,الجيزة,Credit/Debit Card
2006149007,2026-08-01 21:14:06,Aug 01,raneen,raneen,Cookware,براد ستانلس ستيل بصفارة كاميل، 2.5 لتر، بيد بكالايت - كحلي,HO1148582BLK,1.0,499.0,499.0,0.0,499.0,,الجيزة,Credit/Debit Card
2006149007,2026-08-01 21:14:06,Aug 01,MP,grohy,Fans,مروحة ستاند جروهي، 18 بوصة، 5 ريشة، 3 سرعات، USS-18026 - اسود احمر,USS-18026,1.0,980.0,980.0,0.0,980.0,,الجيزة,Credit/Debit Card
2006149013,2026-08-01 21:15:24,Aug 01,raneen,raneen,Cookware, طقم زجاج حرارى تركى بورجام، 4 قطع - شفاف,HO1012438CLR,1.0,549.0,549.0,27.45,521.55,kCH200,الأسكندرية,valU
2006149013,2026-08-01 21:15:24,Aug 01,raneen,raneen,Drinkware,زجاجة مياة رياضية بلاستيك، بالشاليموه، 1.1 لتر - برتقالي اخضر,HO1129864MC1,1.0,100.0,100.0,5.0,95.0,kCH200,الأسكندرية,valU
2006149013,2026-08-01 21:15:24,Aug 01,raneen,raneen,Drinkware,زجاجة مياة رياضية بلاستيك، بالشاليموه، 800 مل - برتقالي اخضر,HO1129844MC1,1.0,100.0,100.0,5.0,95.0,kCH200,الأسكندرية,valU
2006149013,2026-08-01 21:15:24,Aug 01,raneen,raneen,Serveware,طقم صواني تقديم ستانلس ستيل شيف كوك، 3 قطع - فضي,HO1091268SL2,2.0,115.0,230.0,11.5,218.5,kCH200,الأسكندرية,valU
2006149013,2026-08-01 21:15:24,Aug 01,raneen,raneen,Drinkware,زجاجة مياة رياضية بلاستيك، بالشاليموه، 800 مل - اخضر ابيض,HO1129844MC2,1.0,100.0,100.0,5.0,95.0,kCH200,الأسكندرية,valU
2006149013,2026-08-01 21:15:24,Aug 01,raneen,raneen,Women Bags,شنطة ظهر قماش مدرسية للبنات ستار، 4 سوستة، 18 بوصة، بالاضافة الي مقلمة - متعدد الالوان,HO1150337MC2,1.0,249.0,249.0,0.0,249.0,kCH200,الأسكندرية,valU
2006149019,2026-08-01 21:16:16,Aug 01,raneen,raneen,Women Bags,شنطة ظهر مدرسية للبنات ستار، 3 سوستة، 18 بوصة، بالاضافة الي مقلمة - موف,HO1150334MV1,1.0,250.0,250.0,0.0,250.0,,القاهرة,Cash On Delivery
2006149022,2026-08-01 21:16:34,Aug 01,raneen,raneen,Home &amp; Balcony Essentials,كرسي طقطوقة بلاستيك، 30×47 سم - بيج,HO1109804BG1,3.0,100.0,300.0,0.0,300.0,,القاهرة,Aman
2006149022,2026-08-01 21:16:34,Aug 01,raneen,raneen,Tables,ترابيزة خشب فرومايكا، 95×75×55 سم - بنى,HO1058729BR2,1.0,799.0,799.0,0.0,799.0,,القاهرة,Aman
2006149034,2026-08-01 21:19:46,Aug 01,raneen,raneen,Air Conditioner,تكييف هواء متنقل فريش، 1.25 حصان، بارد فقط، 1050 وات، ريموت كنترول، 500021743 - ابيض,EL1148555WIT,1.0,12999.0,12999.0,0.0,12999.0,,المنوفية,Cash On Delivery
2006149037,2026-08-01 21:19:59,Aug 01,MP,attallah,Fans,مروحة ستاند بوكس فريش، 14 بوصة 3 سرعات - أبيض رمادي,EL1078676GRY-attallah,1.0,1749.0,1749.0,0.0,1749.0,,الجيزة,Paymob Wallet
2006149055,2026-08-01 21:21:31,Aug 01,raneen,raneen,Fans,مروحة ستاند الشبح فريش، 18 بوصة، 3 سرعات - احمر,EL1049885BLK,2.0,1939.0,3878.0,0.0,3878.0,,القليوبية,valU
2006149058,2026-08-01 21:21:36,Aug 01,raneen,raneen,Water Dispenser,مبرد مياه جاك، 2 حنفية، ساخن وبارد، NGWD-2225C - اسود,EL1119826BLK,1.0,4479.0,4479.0,0.0,4479.0,,الأسكندرية,Cash On Delivery
2006149061,2026-08-01 21:21:56,Aug 01,MP,dukanabdelaziz,Microwaves &amp; Ovens,ميكروويف شارب، 1000 وات، 34 لتر، مزود بشواية، R-77At-St - فضى,EL1105851SLV-dukanabdelaziz,1.0,10189.0,10189.0,0.0,10189.0,,المنيا,Bank Misr Installments
2006149061,2026-08-01 21:21:56,Aug 01,raneen,raneen,Dishwasher,غسالة أطباق بيكو، 14 فرد، 5 برامج، 60 سم، نظافة مكثفة، BDFN15420B - أسود,EL1098393BLK,1.0,18729.0,18729.0,0.0,18729.0,,المنيا,Bank Misr Installments
2006149064,2026-08-01 21:22:03,Aug 01,raneen,raneen,Fans,مروحة ستاند الشبح فريش، 18 بوصة، 3 سرعات - احمر,EL1049885BLK,1.0,1939.0,1939.0,0.0,1939.0,,القاهرة,Cash On Delivery
2006149064,2026-08-01 21:22:03,Aug 01,raneen,raneen,Iron Tables,ترابيزة مكواة معدن قابلة للطي سارا، 142×45×105 سم - متعدد الالوان,HO1044730MR2,1.0,1199.0,1199.0,0.0,1199.0,,القاهرة,Cash On Delivery
2006149064,2026-08-01 21:22:03,Aug 01,raneen,raneen,Suction Fan,شفاط حائطي فريش، 25 سم، اتجاهين - ابيض ازرق,EL1044599WIT,1.0,1009.0,1009.0,0.0,1009.0,,القاهرة,Cash On Delivery
2006149067,2026-08-01 21:22:07,Aug 01,raneen,raneen,Air Conditioner,تكييف سبليت ميديا، اكستريم برو، 1.5 حصان، بارد فقط، M1SEFT-12CRN8F-Q8 R32(MOSEFT-12CN8-X2Q8) - ابيض,EL1147502WIT,1.0,21899.0,21899.0,0.0,21899.0,,الجيزة,Credit/Debit Card
2006149073,2026-08-01 21:22:10,Aug 01,raneen,raneen,Water Heaters,سخان غاز اوليمبيك، 10 لتر، بمدخنة - ابيض,EL1102986WIT,1.0,5849.0,5849.0,0.0,5849.0,,بني سويف,Cash On Delivery
2006149073,2026-08-01 21:22:10,Aug 01,raneen,raneen,Heaters,دفايه كوراتز فريش، 3 شمعات، 2100 وات، PSM-210 - ابيض,EL1019218WIT,1.0,1390.0,1390.0,0.0,1390.0,,بني سويف,Cash On Delivery
2006149076,2026-08-01 21:22:11,Aug 01,MP,alliance,Cleaning Tools &amp; Supplies,حبل غسيل معدني مغطى بالبلاستيك ، 20 متر- رمادي,TAM-003,1.0,85.0,85.0,0.0,85.0,,القاهرة,Cash On Delivery
2006149076,2026-08-01 21:22:11,Aug 01,raneen,raneen,Cleaning Tools &amp; Supplies,حبل غسيل الشيف، 20 متر - ذهبى,HO1058709GLD,1.0,47.0,47.0,0.0,47.0,,القاهرة,Cash On Delivery
2006149076,2026-08-01 21:22:11,Aug 01,raneen,raneen,Kitchen Accessories,طقم مشابك باسوني بلاست، 12 قطعة، 6 سم - متعدد الالوان,HO1112757MC1,1.0,42.0,42.0,0.0,42.0,,القاهرة,Cash On Delivery
2006149076,2026-08-01 21:22:11,Aug 01,raneen,raneen,Storage,طقم علب ثلاجه بلاستيك الهدي، بغطاء كليبس، 5 قطع - شفاف,HO1117192CLR,1.0,147.0,147.0,0.0,147.0,,القاهرة,Cash On Delivery
2006149076,2026-08-01 21:22:11,Aug 01,raneen,raneen,Storage,طقم علب ثلاجة بلاستيك الهدي، 14 قطعة - متعدد الالوان,HO1111641MC6,1.0,100.0,100.0,0.0,100.0,,القاهرة,Cash On Delivery
2006149076,2026-08-01 21:22:11,Aug 01,raneen,raneen,Cleaning Tools &amp; Supplies,سبت غسيل بلاستيك، 47×47×37 سم - احمر,HO1009484DRD,2.0,167.0,334.0,0.0,334.0,,القاهرة,Cash On Delivery
2006149076,2026-08-01 21:22:11,Aug 01,raneen,raneen,Cleaning Tools &amp; Supplies,باسكت قمامة الهلال والنجمة، 60 لتر - اسود,HO1005962BLK,1.0,299.0,299.0,0.0,299.0,,القاهرة,Cash On Delivery
2006149097,2026-08-01 21:25:48,Aug 01,MP,woodabar,Storage Units,مكتبة خشب ام دي اف اسباني ، 200x100x30 سم - أبيض,WOBA071,1.0,6999.0,6999.0,0.0,6999.0,,القليوبية,valU
2006149097,2026-08-01 21:25:48,Aug 01,MP,elasraia,Console Table,ترابيزة كونسول ستيل، 90×100×35 سم - ذهبي,ELASRAIACON2,1.0,2999.0,2999.0,0.0,2999.0,,القليوبية,valU
2006149109,2026-08-01 21:27:28,Aug 01,raneen,raneen,Air Conditioner,تكييف سبليت ميديا، اكستريم برو، 1.5 حصان، بارد فقط، M1SEFT-12CRN8F-Q8 R32(MOSEFT-12CN8-X2Q8) - ابيض,EL1147502WIT,1.0,21899.0,21899.0,0.0,21899.0,,القاهرة,Credit/Debit Card
2006149106,2026-08-01 21:27:28,Aug 01,raneen,raneen,Drinkware,طقم اكواب اكواتك، 18 قطعة - شفاف,HO1093911CLR,1.0,200.0,200.0,0.0,200.0,,القليوبية,Cash On Delivery
2006149106,2026-08-01 21:27:28,Aug 01,raneen,raneen,Fans,مروحة حائط رويال، 18 بوصة، 3 سرعات، WF1812 - ابيض,EL1058949WIT,1.0,767.0,767.0,0.0,767.0,,القليوبية,Cash On Delivery
2006149106,2026-08-01 21:27:28,Aug 01,raneen,raneen,Fans,مروحه حائط رويال، 18 بوصة، 3 سرعات، 5 ريشه، BF1812 - اسود,EL1058948BLK,1.0,733.0,733.0,0.0,733.0,,القليوبية,Cash On Delivery
2006149106,2026-08-01 21:27:28,Aug 01,raneen,raneen,Drinkware,طقم مج بورسلين لوتس، 3 قطع، 300 مل - متعدد الالوان,HO1131402MC7,1.0,120.0,120.0,0.0,120.0,,القليوبية,Cash On Delivery
2006149106,2026-08-01 21:27:28,Aug 01,MP,elmanzalawy,Mixers &amp; Blenders,خلاط كهربائي الشبح فريش، 360 وات، 1.5 لتر - ابيض,EL1060002WIT-conf-elmanzalawy,1.0,900.0,900.0,0.0,900.0,,القليوبية,Cash On Delivery
2006149112,2026-08-01 21:27:30,Aug 01,raneen,raneen,Air Conditioner,تكييف سبليت ميديا، اكستريم برو، 1.5 حصان، بارد فقط، M1SEFT-12CRN8F-Q8 R32(MOSEFT-12CN8-X2Q8) - ابيض,EL1147502WIT,1.0,21899.0,21899.0,0.0,21899.0,,القليوبية,valU
2006149124,2026-08-01 21:28:03,Aug 01,raneen,raneen,Televisions,تلفزيون سمارت سامسونج، 55 بوصة، QLED، 4K، مزود برسيفر داخلي، QA55Q6FAAUXEG - اسود,EL1143772BLK,1.0,22899.0,22899.0,0.0,22899.0,,القليوبية,Cash On Delivery
2006148719,2026-08-01 21:28:13,Aug 01,raneen,raneen,Mobile Phones,موبايل سامسونج جلاكسى A16، شبكة الجيل الرابع، 128 جيجا بايت، 4 جيجا بايت رام - اسود,EL1122777BLK,1.0,7599.0,7599.0,0.0,7599.0,,البحر الأحمر,Premium Card
2006149145,2026-08-01 21:30:20,Aug 01,MP,qualitytrading,Refrigerators &amp; Freezers,ديب فريزر رأسي هامبورج، 6 درج، ديفروست، VF2029 - فضي,QTVF2029SLV,1.0,12300.0,12300.0,0.0,12300.0,,قنا,Cash On Delivery
2006149151,2026-08-01 21:30:50,Aug 01,raneen,raneen,Mats,دواسه حمام فرو رويالتي، ظهر دوتس، 50×80 سم، 500 جرام تقريبا - بني,TX1135686BR6,1.0,255.0,255.0,0.0,255.0,,الجيزة,Cash On Delivery
2006149151,2026-08-01 21:30:50,Aug 01,MP,linesleep,Mats,سجادة مطبخ قماش دوتس لاين سليب، 100x200 سم - متعدد الالوان,LineSleep-6223006394500-mc,1.0,650.0,650.0,0.0,650.0,,الجيزة,Cash On Delivery
2006149151,2026-08-01 21:30:50,Aug 01,raneen,raneen,Drinkware,دورق اكريليك اليت، 2 لتر - ازرق,HO1100332BLU,1.0,152.0,152.0,0.0,152.0,,الجيزة,Cash On Delivery
2006149151,2026-08-01 21:30:50,Aug 01,MP,molanafortraining,Bathroom Accessories,رف زواية للحمام معلق بالجدار، 2 قطعة، مثبت ذاتيًا، مثالي لحمامات الصغيرة، مع حامل للشامبو، بحجم كبير,RAN-6RMVHEG,1.0,349.0,349.0,0.0,349.0,,الجيزة,Cash On Delivery
2006149151,2026-08-01 21:30:50,Aug 01,MP,linesleep,Carpets Accessories,حافظة سجاد قطيفة، 160×250 سم- متعدد الالوان,2000gg-linesleep,1.0,760.0,760.0,0.0,760.0,,الجيزة,Cash On Delivery
2006149154,2026-08-01 21:31:18,Aug 01,MP,ammerkatosh,Microwaves &amp; Ovens,ميكرويف توشيبا ديجيتال انفرتر، شواية، 25 لتر، 1200 وات، ايزي ماكس كلين- سهل التنظيف، MW3-EG25PEI(BK) - اسود,EL1140058BLK-AMMERKATOSH,1.0,7899.0,7899.0,0.0,7899.0,,Giza,Cash On Delivery
2006149157,2026-08-01 21:31:41,Aug 01,raneen,raneen,Air Conditioner,تكييف سبليت كاريير اكس كول، بارد فقط، 2.25 حصان، انفرتر، 38KHEFT18DN8-78X2/42KHEFT18DN8-708F - ابيض,EL1136897WIT,1.0,41999.0,41999.0,0.0,41999.0,,القاهرة,valU
4000158877,2026-08-01 21:32:38,Aug 01,MP,asouaaq,Beauty &amp; Body Care,"Alice - Razor For Women, Pivoted Head, Comfortglide Spa Breeze, Five Blade, 4 Piece, Pink, Model - AS-03",RAN-GBHDG88,1.0,250.0,250.0,0.0,250.0,,Cairo,Cash On Delivery
2006149166,2026-08-01 21:33:06,Aug 01,MP,meskstore,Office Supplies,اله حاسبه كاسيو، علمية، الإصدار الثاني، FX-991ES - اسود,RT70266BLK-meskstore,1.0,550.0,550.0,0.0,550.0,,الغربية,Bank Misr Installments
2006149175,2026-08-01 21:33:31,Aug 01,raneen,raneen,Shoe Rack,جزامة خشب شيب بورد، 3 ارفف، 2 دلفة، ارجل بلاستيك، 60×32×89 سم - بني,HO1145380BRN,1.0,1199.0,1199.0,0.0,1199.0,,القاهرة,Cash On Delivery
2006149184,2026-08-01 21:35:50,Aug 01,raneen,raneen,Air Conditioner,تكييف سبليت شارب، 1.5 حصان، بارد فقط، AH-A12ZSE - ابيض,ELKiT1730WIT,1.0,23999.0,23999.0,0.0,23999.0,,القاهرة,Credit/Debit Card
2006149190,2026-08-01 21:36:27,Aug 01,raneen,raneen,Fans,مروحة حائط بوينج أريون، 18 بوصة، 3 سرعات، WF-1804,EL1018771WNB,1.0,1040.0,1040.0,0.0,1040.0,,القاهرة,valU
2006149196,2026-08-01 21:36:53,Aug 01,raneen,raneen,Dining Rooms,ترابيزة سفرة خشب أم دي أف تايلاندي، 160×80×78 سم، 6 كراسي تنجيد قطيفة - بيج بني,HO1107560BG1,1.0,12999.0,12999.0,0.0,12999.0,,القليوبية,Cash On Delivery
2006149211,2026-08-01 21:38:50,Aug 01,raneen,raneen,Kettles,غلاية كهرباء الترا ، 1.7 لتر، 2000 وات، UKP20TE1,EL1111862BNG,1.0,647.0,647.0,0.0,647.0,,البحيرة,Cash On Delivery
2006149214,2026-08-01 21:39:46,Aug 01,raneen,raneen,Cleaning Tools &amp; Supplies,جردل بصفاية ستانلس ستيل الوطنية، 50×25 سم - بيج,HO1058154BEG,1.0,1099.0,1099.0,54.95,1044.05,kch200,دمياط,Cash On Delivery
2006149214,2026-08-01 21:39:46,Aug 01,raneen,raneen,Storage,تربو مطبخ معدن مستدير مصر الكبري، 5 دور، 75×28 سم - اسود,HO1113182BLK,1.0,799.0,799.0,39.95,759.05,kch200,دمياط,Cash On Delivery
2006149223,2026-08-01 21:41:28,Aug 01,raneen,raneen,Cookware,طقم حلل جرانيت نيوكلاين، 10 قطع - بنفسجي,HO1145615MV1,1.0,3499.0,3499.0,174.95,3324.05,KCH200,Cairo,Cash On Delivery
2006149226,2026-08-01 21:41:37,Aug 01,raneen,raneen,Shoe Rack,جزامة خشب شيب بورد، 3 رف، 2 درفة، 29×60×86 سم,HO1119887BNB,1.0,1199.0,1199.0,0.0,1199.0,,الجيزة,Cash On Delivery
2006149232,2026-08-01 21:41:56,Aug 01,MP,attallah,Air Conditioner,تكييف سبليت سمارت انفرتر فريش، 1.5 حصان، بارد فقط، SIFW13C/IP-AG - ابيض,B0CC6N12B9WHT-attallah,1.0,21990.0,21990.0,0.0,21990.0,,الجيزة,Cash On Delivery
2006149247,2026-08-01 21:43:59,Aug 01,raneen,raneen,Fans,مروحة ستاند الشبح فريش، 18 بوصة، 3 سرعات - احمر,EL1049885BLK,2.0,1939.0,3878.0,0.0,3878.0,,القليوبية,valU
2006149253,2026-08-01 21:44:31,Aug 01,MP,homecomfort,Air Conditioner,تكييف سبلت ميديا، 1.5 حصان، بارد فقط، MSCT-12CRN-Q8 - ابيض,AC53MSMB1T-12CRWITconf-homecomfort,1.0,20475.0,20475.0,0.0,20475.0,,الأسكندرية,Cash On Delivery
2006149259,2026-08-01 21:45:44,Aug 01,raneen,raneen,Cookware,طقم صواني فرن الومنيوم الاهرام، 3 قطع - فضي,HO1114434SLV,1.0,1149.0,1149.0,57.45,1091.55,KCH200,القاهرة,Cash On Delivery
2006149259,2026-08-01 21:45:44,Aug 01,raneen,raneen,Cookware,طقم صواني فرن الومنيوم ماجيك، قطعتين - فضي,HO1148568SLV,1.0,200.0,200.0,10.0,190.0,KCH200,القاهرة,Cash On Delivery
2006149259,2026-08-01 21:45:44,Aug 01,raneen,raneen,Drinkware,كوب مياه بلاستيك بغطاء ضاغط لمسة بلاست، 400 مل - اسود,HO1123811BK2,1.0,29.0,29.0,1.45,27.55,KCH200,القاهرة,Cash On Delivery
2006149259,2026-08-01 21:45:44,Aug 01,MP,snooze,Bed Sheets,طقم ملاية باستيك ميكروفايبر سنوز، 180×200+30 سم، 3 قطع,MP-6223015815757,1.0,499.0,499.0,0.0,499.0,KCH200,القاهرة,Cash On Delivery
2006149259,2026-08-01 21:45:44,Aug 01,MP,lightcart,Storage,مجموعة حاويات تخزين من زجاج البوروسيليكات (مربع)، 3 قطع، 44 اونصة، 32 اونصة، 22 اونصة، مع اغطية بلاستيكية محكمة الغلق.,RAN-TPFMFN4,1.0,459.0,459.0,22.95,436.05,KCH200,القاهرة,Cash On Delivery
2006149259,2026-08-01 21:45:44,Aug 01,raneen,raneen,Coffee Makers,مضرب نسكافيه كهربائي ستانلس ستيل بيد بلاستيك، 2 غيار ستانلس ستيل، H-584 - ابيض,HO1146915WIT,1.0,164.0,164.0,8.2,155.8,KCH200,القاهرة,Cash On Delivery
2006149259,2026-08-01 21:45:44,Aug 01,raneen,raneen,Cookware,طقم بورجام زجاج حراري باشابتشي، قطعتين - شفاف,HO1111357CLR,3.0,349.0,1047.0,52.35,994.65,KCH200,القاهرة,Cash On Delivery
2006149262,2026-08-01 21:45:58,Aug 01,MP,ocean,Juicers,عصارة عصير كينوود - JE290، 40 وات - أبيض,RAN-6EFAD7M,1.0,1499.0,1499.0,0.0,1499.0,,القليوبية,Cash On Delivery
2006149262,2026-08-01 21:45:58,Aug 01,MP,nilestore,Fryers,قلايه هوائيه كينوود، بقوة 1800 وات، سعة 7 لتر، HFP80.000BK - اسود,EL1108703BLK-conf-nilestore,1.0,6730.0,6730.0,0.0,6730.0,,القليوبية,Cash On Delivery
2006149280,2026-08-01 21:48:04,Aug 01,raneen,raneen,Air Conditioner,تكييف سبليت شارب، 1.5 حصان، بارد فقط، AH-A12ZSE - ابيض,ELKiT1730WIT,1.0,23999.0,23999.0,0.0,23999.0,,القاهرة,valU
2006149292,2026-08-01 21:49:37,Aug 01,MP,alhawytiappliances,Water Dispenser,مبرد مياه فريش، بارد ساخن، 2 حنفية، FW-17VFW- ابيض,EL1084066WIT-alhawytiappliances,1.0,5899.0,5899.0,0.0,5899.0,,الساحل الشمالي,Cash On Delivery
2006149301,2026-08-01 21:50:30,Aug 01,raneen,raneen,Home &amp; Balcony Essentials,جزامة بلاستيك العالمية، غطاء قماش، 7 رف، 120×60×30 سم - رمادي,HO1116022NVY,1.0,350.0,350.0,17.5,332.5,KCH200,الأسكندرية,Cash On Delivery
2006149304,2026-08-01 21:50:45,Aug 01,raneen,raneen,Electronics Audio,مكبر صوت زيرو تيك، 330×711×325 مم، منفذ AUX/ USB/ بطاقة TF - إضاءة محيطة - راديو FM - بلوتوث - مقاوم للماء بمعيار IPX5، ZPCS-P35GY - رمادي فاتح,EL1147672GRY,1.0,1628.0,1628.0,0.0,1628.0,,الأسماعيلية,Cash On Delivery
2006149307,2026-08-01 21:51:07,Aug 01,raneen,raneen,Kitchen Accessories,شنطة حرارية قماش مبطنة لحفظ الطعام بيتش كول، 35 لتر، 2 سوستة، 2 جيب - رمادي,HO1049850GY1,1.0,599.0,599.0,0.0,599.0,,Al Gharbia,Cash On Delivery
2006149310,2026-08-01 21:51:22,Aug 01,raneen,raneen,Water Heaters,سخان غاز اوليمبيك، 10 لتر، بمدخنة - ابيض,EL1102986WIT,1.0,5849.0,5849.0,0.0,5849.0,,القاهرة,valU
2006149316,2026-08-01 21:51:39,Aug 01,raneen,raneen,Kids Bags,شنطة ظهر قماش مدرسية ستار، 4 سوستة، 14 بوصة - ازرق,HO1150339BL1,1.0,160.0,160.0,0.0,160.0,,الجيزة,Cash On Delivery
2006149316,2026-08-01 21:51:39,Aug 01,raneen,raneen,Kids Bags,شنطة ظهر قماش مدرسية ستار، 4 سوستة، 14 بوصة - رمادي,HO1150339DG1,1.0,200.0,200.0,0.0,200.0,,الجيزة,Cash On Delivery
2006149316,2026-08-01 21:51:39,Aug 01,raneen,raneen,Baby Gears,شنطة ظهر لمستلزمات البيبي جبردين غاريبو باج، 16 بوصة، 2 سوستة,HO1134745BLK,1.0,200.0,200.0,0.0,200.0,,الجيزة,Cash On Delivery
2006149343,2026-08-01 21:56:54,Aug 01,raneen,raneen,Burner,سخان كهربائي مسطح تاتش الزنوكى، 1500 وات، 40907 - اسود,EL1088242BLK,1.0,804.0,804.0,0.0,804.0,,الشرقية,Credit/Debit Card
2006149343,2026-08-01 21:56:54,Aug 01,raneen,raneen,Kettles,غلاية كهربائية كلاسيك تاتش الزنوكى، 1.7 لتر، 2200 وات - اسود,EL1020613BLK,1.0,574.0,574.0,0.0,574.0,,الشرقية,Credit/Debit Card
2006149343,2026-08-01 21:56:54,Aug 01,MP,tibatrading,Clothes Hangers,حامل ملابس بقضبان مزدوجة 110 سم، رف معدني للملابس والمعاطف والاحذية، 150 × 110 × 40 سم، اسود، يتضمن رف احذية واكسسوارات - جيني,RAN-ABA3JAF,1.0,559.0,559.0,0.0,559.0,,الشرقية,Credit/Debit Card
2006149352,2026-08-01 21:57:21,Aug 01,MP,dukanalaa,Shaving &amp; Grooming,ماكينة حلاقة شعر للرجال كيمى، 8 قطع، KM-5021 - كحلي,EL1069265NVY-CONF-dukanalaa,1.0,399.0,399.0,0.0,399.0,,القاهرة,Premium Card
2006149358,2026-08-01 21:57:57,Aug 01,MP,mishkahlightning,Lighting Hanging,لمبة سقف حديثة عالية الجودة لغرفة المعيشة بتصميم مودرن - بيج,RAN-29XJKU9,2.0,269.0,538.0,53.8,484.2,LIT200,القاهرة,Credit/Debit Card
2006149358,2026-08-01 21:57:57,Aug 01,raneen,raneen,TV Table,ترابيزة تلفاز خشب شيب بورد بأرجل خشب زان، 120×32×48 سم، 2 عين - بني فاتح,HO1125808BEG,1.0,1199.0,1199.0,0.0,1199.0,LIT200,القاهرة,Credit/Debit Card
2006149358,2026-08-01 21:57:57,Aug 01,MP,lightsquare,Lighting Hanging,نجفة ليد مودرن، 220 فولت، أضاءة ليد، 60×60 سم، مع جهاز تحكم عن بعد - ذهبى,RAN-DPABYCZ,1.0,989.0,989.0,98.9,890.1,LIT200,القاهرة,Credit/Debit Card
2006149376,2026-08-01 22:02:08,Aug 01,raneen,raneen,Drinkware,طقم كاكاو بورسلين لوتس، 14 قطعة، بالاضافة الي ستاند - زيتوني ذهبي,HO1147486OL1,1.0,1299.0,1299.0,0.0,1299.0,,الأقصر,valU
2006149376,2026-08-01 22:02:08,Aug 01,raneen,raneen,Drinkware,طقم مجات زجاج باشابتشى، 6 قطع، 270 مللي - بني,HO1099358BRN,1.0,349.0,349.0,0.0,349.0,,الأقصر,valU
2006149376,2026-08-01 22:02:08,Aug 01,raneen,raneen,Dinnerware,طقم عشاء اركوبال لوفوشيا، 42 قطعة - متعدد الالوان,HO1136625BNW,1.0,999.0,999.0,0.0,999.0,,الأقصر,valU
2006149376,2026-08-01 22:02:08,Aug 01,raneen,raneen,Drinkware,زجاجة عصير وينر بلاست، 1.5 لتر - شفاف اخضر فاتح,HO1094214LAM,1.0,56.0,56.0,0.0,56.0,,الأقصر,valU
2006149376,2026-08-01 22:02:08,Aug 01,raneen,raneen,Drinkware,زجاجة عصير وينر بلاست، 1.5 لتر - شفاف احمر,HO1094214RED,2.0,56.0,112.0,0.0,112.0,,الأقصر,valU
2006149376,2026-08-01 22:02:08,Aug 01,raneen,raneen,Drinkware,زجاجة عصير وينر بلاست، 1.5 لتر - شفاف ازرق,HO1094214BLU,1.0,56.0,56.0,0.0,56.0,,الأقصر,valU
2006149376,2026-08-01 22:02:08,Aug 01,raneen,raneen,Drinkware,طقم كاسات زجاج بلينك ماكس، 6 قطع، 230 مل - شفاف,HO1136354CLR,1.0,299.0,299.0,0.0,299.0,,الأقصر,valU
2006149376,2026-08-01 22:02:08,Aug 01,raneen,raneen,Drinkware,طقم اكواب زجاج باشابتشي، 30 قطعة - شفاف ذهبي,HO1139479CL1,1.0,1299.0,1299.0,0.0,1299.0,,الأقصر,valU
2006149379,2026-08-01 22:02:23,Aug 01,raneen,raneen,Fans,مروحة ستاند صانى فريش، 16 بوصة بيانو، 3 سرعات - احمر داكن,EL1129185DRD,1.0,1369.0,1369.0,0.0,1369.0,,القاهرة,Cash On Delivery
2006149382,2026-08-01 22:02:38,Aug 01,MP,ammerkatosh,Fans,مروحة سقف تورنيدو، 56 بوصة، 5 سرعات، TCF56WW - ابيض,EL1055265WIT-ammerkatosh,1.0,2149.0,2149.0,0.0,2149.0,,القاهرة,Cash On Delivery
2006149388,2026-08-01 22:02:51,Aug 01,raneen,raneen,Mobile Phones,موبايل سامسونج جلاكسى A16، شبكة الجيل الرابع، 128 جيجا بايت، 4 جيجا بايت رام - اسود,EL1122777BLK,1.0,7599.0,7599.0,0.0,7599.0,,الجيزة,Cash On Delivery
2006149391,2026-08-01 22:03:23,Aug 01,raneen,raneen,Fans,مروحة ستاند الشبح فريش، 18 بوصة، 3 سرعات - احمر,EL1049885BLK,1.0,1939.0,1939.0,0.0,1939.0,,القليوبية,Credit/Debit Card
2006149391,2026-08-01 22:03:23,Aug 01,MP,ammerkatosh,Fans,مروحة سقف تورنيدو، 56 بوصة، 5 سرعات، TCF56WW - ابيض,EL1055265WIT-ammerkatosh,2.0,2149.0,4298.0,0.0,4298.0,,القليوبية,Credit/Debit Card
2006149391,2026-08-01 22:03:23,Aug 01,raneen,raneen,Water Heaters,سخان كهرباء اوليمبيك، 1500 وات، 50 لتر، OYE05061WN - ابيض,EL1094896WIT,1.0,3939.0,3939.0,0.0,3939.0,,القليوبية,Credit/Debit Card
2006149394,2026-08-01 22:03:28,Aug 01,MP,attallah,Refrigerators &amp; Freezers,ديب فريزر رأسي دابليو الاسكا ديجيتال، نوفروست، 6 درج، 280 لتر، UP200NF Digital - فضى,WALASKA-UP200NFSilver,1.0,20660.0,20660.0,0.0,20660.0,,أسيوط,Cash On Delivery
2006149397,2026-08-01 22:03:55,Aug 01,raneen,raneen,Cookware,طقم حلل جرانيت نيوكلاين، 10 قطع - بنفسجي,HO1145615MV1,1.0,3499.0,3499.0,174.95,3324.05,kch200,القاهرة,Cash On Delivery
2006149403,2026-08-01 22:04:02,Aug 01,MP,dubaiphone,Mobile Phones,موبايل سمارت انفينكس Smart 20، شريحتين، شبكة الجل الرابع، 64 جيجا بايت، 4 جيجا رام - ازرق,4894947122637,1.0,6450.0,6450.0,0.0,6450.0,,الغربية,Cash On Delivery
2006149406,2026-08-01 22:05:05,Aug 01,MP,craftfurniture,Center Table,ترابيزة وسط، خشب أم دي أف، 80×80×40 - بني,MZCTABLE1BRW-craftfurniture,1.0,1499.0,1499.0,0.0,1499.0,,الجيزة,Credit/Debit Card
2006149409,2026-08-01 22:06:02,Aug 01,MP,tibatrading,Laptop &amp; Computer Tables,ترابيزة لاب توب مع سير حامل للموبايل وحامل اكواب - لون اسود,RAN-2AWJAY3,1.0,209.0,209.0,0.0,209.0,,القاهرة,Paymob Wallet
2006149415,2026-08-01 22:06:21,Aug 01,raneen,raneen,Refrigerators &amp; Freezers,ديب فريزر راسي نوفروست توشيبا، 238 لتر، 7 درج ، GR-RU312WE-DMN(37H) - رمادي داكن,EL1110864DGY,1.0,26499.0,26499.0,0.0,26499.0,,أسيوط,Cash On Delivery
2006149424,2026-08-01 22:07:42,Aug 01,raneen,raneen,Air Coolers,مبرد هواء ايه تى ايه، 30 لتر، 75 وات، AC-30N - ابيض رمادي,EL1129170WNG,1.0,2899.0,2899.0,0.0,2899.0,,الجيزة,Cash On Delivery
2006149439,2026-08-01 22:09:21,Aug 01,raneen,raneen,Ladders &amp; Clothes Dryer,منشر غسيل بلاستيك ايطالى 20 متر جيمى جرافيتى، 182×110 سم - رمادى داكن,HO1062928GRY,1.0,1999.0,1999.0,99.95,1899.05,KCH200,Cairo,Cash On Delivery
2006149442,2026-08-01 22:09:27,Aug 01,raneen,raneen,Fans,مروحة حائط شبح فريش، 18 بوصة، 3 سرعات - متعدد الالوان,EL1049881BLK,3.0,1729.0,5187.0,0.0,5187.0,,القاهرة,Cash On Delivery
2006149448,2026-08-01 22:10:11,Aug 01,raneen,raneen,Water Dispenser,مبرد مياه جاك، 3 حنفيه، بارد / ساخن / فاتر، بالثلاجة، 670 وات، 16 لتر، NGWD-C331R - اسود,EL1142796BLK,1.0,5069.0,5069.0,0.0,5069.0,,القاهرة,Cash On Delivery
2006149454,2026-08-01 22:10:32,Aug 01,raneen,raneen,Water Dispenser,مبرد مياه جاك، 3 حنفيه، بارد / ساخن / فاتر، بالثلاجة، 670 وات، 16 لتر، NGWD-C331R - اسود,EL1142796BLK,1.0,5069.0,5069.0,0.0,5069.0,,القاهرة,valU
2006149454,2026-08-01 22:10:32,Aug 01,raneen,raneen,Vacuum Cleaners,مكنسة كهربائية توربين بلس تاتش الزنوكى، 2600 وات، 21 لتر، 40805 - أسود  فضي,EL1125229BNS,1.0,5214.0,5214.0,0.0,5214.0,,القاهرة,valU
2006149466,2026-08-01 22:12:18,Aug 01,MP,dukanalaa,Mobile Audio,سماعة اذن يسون، عازل للضوضاء،Cx330 - اسود,YISON 330 BLACK,1.0,79.0,79.0,0.0,79.0,,القاهرة,Cash On Delivery
2006149472,2026-08-01 22:12:52,Aug 01,MP,cartelafabrics,Curtain,ستارة بوليستر بحلقات، 140×260 سم - كافية,AMBLCafe140260H1pcCFO,1.0,515.0,515.0,0.0,515.0,,Al Gharbia,Cash On Delivery
2006149484,2026-08-01 22:14:31,Aug 01,MP,biti,Cutlery &amp; Flatware Set,سكين معدنية مسننة - أزرق,20751-202170,1.0,117.0,117.0,0.0,117.0,,القاهرة,Cash On Delivery
2006149484,2026-08-01 22:14:31,Aug 01,raneen,raneen,Drinkware,طقم مج زجاج بلانك ماكس، 6 قطع، 260 مل - شفاف,HO1052488CLR,1.0,292.0,292.0,0.0,292.0,,القاهرة,Cash On Delivery
2006149487,2026-08-01 22:15:18,Aug 01,MP,lightcart,Storage,تربو رفوف منظم بلاستيك متحركة بثلاث مستويات وعجلات - أبيض,EIB-56925-LIGHT-CARD-6948,2.0,295.0,590.0,0.0,590.0,,Cairo,Cash On Delivery
2006149490,2026-08-01 22:16:04,Aug 01,MP,magicair,Air Conditioner,تكييف سبليت ال جي، هيرو، 1.5 حصان، بارد فقط، انفرتر بلازما، تبريد سريع بتقنية العاكس، S4-NQ12RZACA - ابيض,S4-Q12RZACA,1.0,24169.0,24169.0,0.0,24169.0,,القاهرة,Cash On Delivery
2006149496,2026-08-01 22:18:03,Aug 01,MP,shoppingonline,Men&#039;s Bags,شنطة كروس بودي أنيقة - أسود,B0BKLYTNP5,1.0,166.25,166.25,0.0,166.25,,الجيزة,Cash On Delivery
4000158886,2026-08-01 22:18:29,Aug 01,raneen,raneen,Mobile Phones,"Samsung Galaxy A16 Smart phone, 128 GB, 4 GB RAM - Black",EL1122777BLK,5.0,7599.0,37995.0,0.0,37995.0,,الدقهلية,Cash On Delivery
2006149511,2026-08-01 22:18:49,Aug 01,MP,mtbestbuy,Car Care,شريط إضاءة خلفي للشاحنة من البلاستيك، 150 سم، متعدد الألوان,MT-0012,1.0,372.0,372.0,0.0,372.0,,البحيرة,Aman
2006149511,2026-08-01 22:18:49,Aug 01,MP,abdelaziz,Shaving &amp; Grooming,ماكينة حلاقة كهربائية للرجال في جي ار، V-071 - فضي,HB0846-abdelaziz,1.0,449.0,449.0,0.0,449.0,,البحيرة,Aman
2006149511,2026-08-01 22:18:49,Aug 01,MP,mtbestbuy,Car Care,طقم أضواء ليد لشريط دواسة YCar مع مستشعر موسيقي وجهاز تحكم عن بُعد - متعدد الألوان,O2-HU9G-DEOR,1.0,163.0,163.0,0.0,163.0,,البحيرة,Aman
2006149511,2026-08-01 22:18:49,Aug 01,MP,mtbestbuy,Car Care,شريط ضوء LED بلاستيكي مقاوم للماء من إم تي بيست باي، أسود - HY-1838,MT-0045,1.0,195.0,195.0,0.0,195.0,,البحيرة,Aman
2006149514,2026-08-01 22:19:39,Aug 01,raneen,raneen,Dinnerware,طقم عشاء بورسلين، 18 قطعه - ابيض كحلي,HO1144851WI1,1.0,999.0,999.0,49.95,949.05,KCH200,القاهرة,Cash On Delivery
2006149523,2026-08-01 22:22:55,Aug 01,raneen,raneen,Fans,مروحة مكتب ايه تي ايه، 16 بوصة، 5 ريشة، 3 سرعات، 75 وات، T28 - ابيض,EL1150031WI1,1.0,850.0,850.0,0.0,850.0,,القاهرة,Cash On Delivery
2006149526,2026-08-01 22:23:09,Aug 01,raneen,raneen,Drinkware,طقم اكواب اكواتك، 18 قطعة - شفاف,HO1093911CLR,1.0,200.0,200.0,0.0,200.0,,Alexandria,Cash On Delivery
2006149532,2026-08-01 22:24:39,Aug 01,raneen,raneen,Kitchenware,مبشرة ستانلس ستيل جروب تايجر، يد خشب، 25 سم - فضي خشبي,HO1138410BNS,1.0,50.0,50.0,2.5,47.5,KCH200,الجيزة,Cash On Delivery
2006149532,2026-08-01 22:24:39,Aug 01,raneen,raneen,Shoes,شبشب سلايد جلد للسيدات,SH1112459BN7,1.0,239.0,239.0,0.0,239.0,KCH200,الجيزة,Cash On Delivery
2006149532,2026-08-01 22:24:39,Aug 01,raneen,raneen,Dinnerware,طبق عميق استانلس عبود، 16 سم - فضي,HO1058953SLV,1.0,65.0,65.0,3.25,61.75,KCH200,الجيزة,Cash On Delivery
2006149532,2026-08-01 22:24:39,Aug 01,raneen,raneen,Cutlery &amp; Flatware Set,طقم شوك جاتوة ستانلس ستيل توب وان، 6 قطع، 16 سم - فضي ذهبي,HO1125964SLV,1.0,85.0,85.0,4.25,80.75,KCH200,الجيزة,Cash On Delivery
2006149532,2026-08-01 22:24:39,Aug 01,raneen,raneen,Drinkware,طقم مجات زجاج سيتى جلاس، 3 قطع - شفاف,HO1091838CLR,1.0,85.0,85.0,4.25,80.75,KCH200,الجيزة,Cash On Delivery
2006149538,2026-08-01 22:25:07,Aug 01,MP,alarabycenter,Televisions,تلفزيون إي تي إي، بدون إطار، 40 بوصة، ATA40FLN ،LED ،FHD - اسود,EL1143172BLK-alarabycenter,1.0,6999.0,6999.0,0.0,6999.0,,Al Sharqia,Cash On Delivery
2006149538,2026-08-01 22:25:07,Aug 01,raneen,raneen,Fans,مروحة حائط ايه تى ايه، 16 بوصة، 3 سرعات، 5 ريشة، B1605 - ابيض احمر,EL1018812WNR,2.0,669.0,1338.0,0.0,1338.0,,Al Sharqia,Cash On Delivery
2006149538,2026-08-01 22:25:07,Aug 01,raneen,raneen,Washers &amp; Dryer,غسالة ملابس وايت بوينت، 8.5 كجم، تحميل علوي، ديجيتال، WPTL85DGBA - رمادى فاتح,EL1148971LGY,1.0,8499.0,8499.0,0.0,8499.0,,Al Sharqia,Cash On Delivery
2006149544,2026-08-01 22:25:14,Aug 01,MP,panda,Fryers,قلاية هوائية براون - ٨ لتر بشاشة ديجيتال تاتش و ٨ أنظمة تشغيل - ٢٦٠٠ وات,RAN-YEPQ2VD,1.0,1600.0,1600.0,0.0,1600.0,,الساحل الشمالي,Cash On Delivery
2006149550,2026-08-01 22:26:54,Aug 01,raneen,raneen,Shoe Rack,جزامة خشب شيب بورد، 3 ارفف، 2 دلفة، ارجل بلاستيك، 60×32×89 سم - بني,HO1145380BRN,1.0,1199.0,1199.0,0.0,1199.0,,القاهرة,Cash On Delivery
2006149553,2026-08-01 22:27:10,Aug 01,MP,craftfurniture,TV Table,"ترابيزة تلفزيون خشب ام دي اف, 200x30x35 سم - ابيض بني",VC-TV-23,1.0,3839.0,3839.0,418.28,3420.72,OFF500,القاهرة,valU
2006149553,2026-08-01 22:27:10,Aug 01,MP,mirrorshop,Mirror,مرآه بيكو إضاءة اصفر، 50x70 سم,MirrorShop153,1.0,750.0,750.0,81.72,668.28,OFF500,القاهرة,valU
2006149556,2026-08-01 22:27:18,Aug 01,raneen,raneen,Cookware,قلاية جرانيت عابدين، 22 سم، يد بكالايت - موف,HO1148079MV1,1.0,225.0,225.0,11.25,213.75,KCH200,الجيزة,Cash On Delivery
2006149556,2026-08-01 22:27:18,Aug 01,raneen,raneen,Serveware,طقم صواني تقديم ميلامين الشريف، 3 قطع - رمادي داكن ذهبي,HO1124050DG1,1.0,337.0,337.0,16.85,320.15,KCH200,الجيزة,Cash On Delivery
2006149556,2026-08-01 22:27:18,Aug 01,raneen,raneen,Kitchen Accessories,مريلة مطبخ جلد العالمية، 70×50 سم - متعدد الالوان,HO1023337YL2,2.0,75.0,150.0,7.5,142.5,KCH200,الجيزة,Cash On Delivery
2006149556,2026-08-01 22:27:18,Aug 01,raneen,raneen,Home &amp; Balcony Essentials,كرسى بلاستيك قابله للطى سفير، 34×40×87 سم - بيج,HO1131016BEG,2.0,249.0,498.0,24.9,473.1,KCH200,الجيزة,Cash On Delivery
2006149556,2026-08-01 22:27:18,Aug 01,raneen,raneen,Home &amp; Balcony Essentials,دولاب بلاستيك مينى إيليت الوطنية، 4 دور، 125×56×32 سم - اوف وايت,HO1124980OF1,1.0,1899.0,1899.0,94.95,1804.05,KCH200,الجيزة,Cash On Delivery
2006149556,2026-08-01 22:27:18,Aug 01,raneen,raneen,Kitchen Accessories,شنطة حرارية قماش لحفظ الاطعمة والمشروبات بيتش كول، 2 دور، 2 سوستة، 7 لتر- احمر ابيض,HO1126156RD1,1.0,349.0,349.0,17.45,331.55,KCH200,الجيزة,Cash On Delivery
2006149556,2026-08-01 22:27:18,Aug 01,raneen,raneen,Kitchen Accessories,شنطة حرارية قماش مبطنة لحفظ زجاجات المياه بيتش كول، 1 لتر، 1 سوستة - احمر ابيض,HO1126158MC7,1.0,170.0,170.0,8.5,161.5,KCH200,الجيزة,Cash On Delivery
2006149562,2026-08-01 22:29:18,Aug 01,MP,blackmirror,Men&#039;s Accessories,محفظة حامل بطاقات تشيس بلس - أسود,4I-JLX3-4FTU,1.0,180.0,180.0,0.0,180.0,,الفيوم,Cash On Delivery
2006149565,2026-08-01 22:29:27,Aug 01,raneen,raneen,Microwaves &amp; Ovens,فرن كهربائي بالشواية تاتش الزنوكى، 2000 وات، 50 لتر - اسود,EL1065136BLK,1.0,3220.0,3220.0,0.0,3220.0,,القاهرة,valU
2006149571,2026-08-01 22:30:17,Aug 01,MP,mam,Air Conditioner,تكييف ارتيفاي يونيون اير، 1.5 حصان، بارد فقط، إنفرتر، بلازما، INV-ARTI012CY50XFR-SG-SER - ابيض,ELKIT1895WIT-mam,1.0,18190.0,18190.0,0.0,18190.0,,Cairo,Cash On Delivery
2006149577,2026-08-01 22:32:03,Aug 01,MP,alsorgy,Chargers,شاحن سامسونج سريع، 45 وات، نوع سي - اسود,elzoz45wbs-alsorgy,1.0,199.0,199.0,0.0,199.0,,الجيزة,Cash On Delivery
2006149583,2026-08-01 22:33:11,Aug 01,raneen,raneen,Dinnerware,طقم عشاء زجاج، 18 قطعة - شفاف,HO1126298CL2,1.0,149.0,149.0,0.0,149.0,,الجيزة,Cash On Delivery
2006149586,2026-08-01 22:34:31,Aug 01,MP,aldora,Mattress,مرتبة سرير سوست متصلة رومبا الدورا، طول 200 سم،  ارتفاع 25 سم,ALDOMATT36MCL,1.0,3233.0,3233.0,0.0,3233.0,,الجيزة,Aman
2006149592,2026-08-01 22:35:28,Aug 01,raneen,raneen,Dinnerware,طقم عشاء اركوبال جراند، 24 قطعة - ابيض ازرق,HO1140980MC8,1.0,499.0,499.0,24.95,474.05,KCH200,الجيزة,Cash On Delivery
2006149601,2026-08-01 22:38:45,Aug 01,raneen,raneen,Mixers &amp; Blenders,كبة لحمة فريش، 2 لتر، 500 وات، CH500 - ابيض,EL1120383WIT,1.0,1124.0,1124.0,0.0,1124.0,,القاهرة,Cash On Delivery
2006149604,2026-08-01 22:39:37,Aug 01,raneen,raneen,Fryers,قلاية هوائية فيليبس، 1700 وات، 6.2 لتر، شاشة ديجيتال، سلسلة 2000 ، NA230/00 - اسود,EL1129789BLK,2.0,8099.0,16198.0,0.0,16198.0,,القاهرة,valU
2006149613,2026-08-01 22:41:22,Aug 01,raneen,raneen,Cookware,طقم حلل جرانيت نيوكلاين، 11 قطع - بني داكن,HO1145608CAF,1.0,4299.0,4299.0,200.0,4099.0,KCH200,Aswan,Cash On Delivery
2006149616,2026-08-01 22:41:27,Aug 01,MP,woodrate,Shoe Rack,جزامة خشبية ام دي اف، 90x120x35 سم - بني ابيض,MP1011,1.0,2799.0,2799.0,0.0,2799.0,,الدقهلية,Cash On Delivery
2006149631,2026-08-01 22:42:16,Aug 01,raneen,raneen,AirPods,سماعة اذن لاسلكية ايربودز انفنكس، بطارية حتي 40 ساعة، خاصية إلغاء الضوضاء، TWS-XE38 - اسود,EL1152341BLK,1.0,1299.0,1299.0,0.0,1299.0,,أسوان,valU
2006149634,2026-08-01 22:42:50,Aug 01,raneen,raneen,Dinnerware,طقم عشاء بورسلين لوتس، 18 قطعة - موف ابيض,HO1106777MV2,2.0,1399.0,2798.0,0.0,2798.0,,القاهرة,Free
2006149637,2026-08-01 22:42:52,Aug 01,raneen,raneen,Tanks,ايس بوكس تانك، 23 لتر، مع ايس تانك 6 لتر - احمر ابيض,HO1089842RED,1.0,1149.0,1149.0,0.0,1149.0,,القاهرة,Bank Misr Installments
2006149640,2026-08-01 22:43:19,Aug 01,raneen,raneen,Suction Fan,شفاط حائط فريش، 25 سم، اتجاه واحد,EL1044598WIT,1.0,917.0,917.0,0.0,917.0,,القاهرة,Cash On Delivery
2006149649,2026-08-01 22:44:26,Aug 01,MP,noorshop,Fans,مروحة ستاند سوناي، 16 بوصة، 3 سرعات، 60 وات، MAR-1631 - اسود,10066-conf-noorshop,1.0,1799.0,1799.0,0.0,1799.0,,Cairo,Cash On Delivery
2006149652,2026-08-01 22:45:27,Aug 01,raneen,raneen,Refrigerators &amp; Freezers,ديب فريزر راسي نوفروست توشيبا، 238 لتر، 7 درج ، GR-RU312WE-DMN(37H) - رمادي داكن,EL1110864DGY,1.0,26499.0,26499.0,0.0,26499.0,,Al Meniya,Cash On Delivery
2006149658,2026-08-01 22:46:04,Aug 01,raneen,raneen,Fans,مروحة ستاند الشبح فريش، 18 بوصة، 3 سرعات - احمر,EL1049885BLK,1.0,1939.0,1939.0,0.0,1939.0,,القليوبية,Premium Card
2006149664,2026-08-01 22:46:16,Aug 01,raneen,raneen,Kitchen Machine &amp; Kneading Machines,محضر طعام دوبل فورس مولينكس، 1000 وات، 36 وظيفة، FP8268EG - اسود,EL1070649BLK,1.0,8060.0,8060.0,0.0,8060.0,,الجيزة,Aman
2006149670,2026-08-01 22:46:42,Aug 01,raneen,raneen,Mixers &amp; Blenders,هاند بليندر ميانتا، 1000 وات، 600 ملي، HB111438A - أسود,EL1131912BNS,1.0,2020.0,2020.0,0.0,2020.0,,القليوبية,valU
2006149673,2026-08-01 22:47:11,Aug 01,MP,razgallery,Pillows,مجموعة 2 مخدة سرير فايبر، مع 2 خدادية - ابيض,MP9900-razgallery,1.0,949.0,949.0,0.0,949.0,,الجيزة,valU
2006149673,2026-08-01 22:47:11,Aug 01,MP,prestigemattress,Mattress,مرتبة بسوستة متصلة سليب، 195×120×25 سم - ابيض رمادي,ESN25120WIT,2.0,2985.0,5970.0,0.0,5970.0,,الجيزة,valU
2006149700,2026-08-01 22:55:33,Aug 01,raneen,raneen,Air Conditioner,تكييف سبليت كاريير، اكس كول، 1.5 حصان، بارد ساخن، 53QHEFT12N8 - ابيض,EL1147497WIT,1.0,26149.0,26149.0,0.0,26149.0,,القاهرة,valU
2006149706,2026-08-01 22:55:40,Aug 01,MP,mirrorshop,Mirror,مرآه بيكو إضاءة اصفر، 50x70 سم,MirrorShop153,1.0,750.0,750.0,0.0,750.0,,القاهرة,valU
2006149715,2026-08-01 22:56:26,Aug 01,raneen,raneen,Refrigerators &amp; Freezers,ثلاجة نوفروست توشيبا، 2 باب، فريزر بالاعلى، 411 لتر، تكنولوجيا الانفرتر، GR-RT559WE-PMN(49)-PRO - فضى,EL1150476SLV,1.0,24799.0,24799.0,0.0,24799.0,,القاهرة,Cash On Delivery
2006149718,2026-08-01 22:56:56,Aug 01,MP,linesleep,Mattress,مرتبة تطرية لتخفيف الام الظهر، حشو فايبر، 120 x 195 سم، 800 جرام- رمادي,1911ee-linesleep,1.0,620.0,620.0,0.0,620.0,,الجيزة,Cash On Delivery
2006149721,2026-08-01 22:57:03,Aug 01,MP,aboelgoukh,Bike &amp; Scooters,حامل زجاجة ماء للدراجات Abo ElGoukh - بلاستيك خفيف الوزن للطرق والجبال - قابل للتعديل - اللون الأزرق,RAN-BTQQNW6,1.0,92.0,92.0,0.0,92.0,,الأسكندرية,Cash On Delivery
2006149730,2026-08-01 22:58:03,Aug 01,MP,abhfurniture,Desks,مكتب ستيل، دهان الكتروستاتيك، 150×60×75 سم - بيج اسود,abhdesk16,1.0,4299.0,4299.0,0.0,4299.0,,القليوبية,Cash On Delivery
2006149754,2026-08-01 23:02:03,Aug 01,raneen,raneen,Air Conditioner,تكييف سبليت ميديا، اكستريم برو، 1.5 حصان، بارد فقط، M1SEFT-12CRN8F-Q8 R32(MOSEFT-12CN8-X2Q8) - ابيض,EL1147502WIT,1.0,21899.0,21899.0,0.0,21899.0,,القاهرة,Cash On Delivery
4000158904,2026-08-01 23:03:44,Aug 01,raneen,raneen,Dinnerware,"Porcelain Dinner Set, 18 Pieces - White Navy",HO1144851WI1,1.0,999.0,999.0,0.0,999.0,,Cairo,Cash On Delivery
2006149769,2026-08-01 23:04:08,Aug 01,MP,radiotalaat,Mobile Phones,موبايل سمارت 15 سي ريدمي، 8 جيجابايت رام، 256 جيجابايت، شبكة الجيل الرابع - اخضر,196536,1.0,8999.0,8999.0,0.0,8999.0,,الجيزة,Credit/Debit Card
2006149772,2026-08-01 23:04:23,Aug 01,MP,blackmirror,Men&#039;s Bags,شنطة ظهر لابتوب إنغفي مقاومة للماء - أسود رمادي,HQ-5DRD-8AMO,1.0,450.0,450.0,0.0,450.0,,الشرقية,Credit/Debit Card
2006149784,2026-08-01 23:05:45,Aug 01,MP,newair,Refrigerators &amp; Freezers,ثلاجة ديفروست سيلتال، 10 قدم، 1 باب، 290 لتر، FB29 - فضى,FB-29-SILVER-newair,1.0,10198.0,10198.0,0.0,10198.0,,أسوان,Cash On Delivery
2006149796,2026-08-01 23:07:08,Aug 01,MP,elswedymobile,Mobile Phones,موبايل سمارت تكنو Spark 20 Pro+، شريحتين، شبكة الجيل الرابع، 8+8 جيجا رام، 256 جيجابايت، نسخة الشرق الاوسط - أخضر,SPARK 20 Pro+GRN,1.0,9800.0,9800.0,0.0,9800.0,,القاهرة,Cash On Delivery
2006149808,2026-08-01 23:08:26,Aug 01,MP,grandmakaa,Water Filters,فلتر مياه تانك برو - 6 مراحل مع مؤقت رقمي,RAN-AEXBDJG,1.0,2294.0,2294.0,114.7,2179.3,kch200,الأسكندرية,Souhoola
2006149814,2026-08-01 23:08:48,Aug 01,MP,goldena,Hair Care,فرشاة شعر راش براش، 1400 وات، 4 مستويات، V3 PRO - اسود,390004,1.0,3799.0,3799.0,0.0,3799.0,,سوهاج,Cash On Delivery
2006149820,2026-08-01 23:09:32,Aug 01,MP,snooze,Towels,فوطة وجه سنوز ، 100×50 سم ، قطن - متعدد الالوان,6222057315959,1.0,199.0,199.0,0.0,199.0,,الأسكندرية,Cash On Delivery
2006149820,2026-08-01 23:09:32,Aug 01,MP,tibatrading,Mats,دواسة حمام بتصميم زهور، سجادة أرضية حمام مضادة للانزلاق بتصميم زهور بألوان باستيل,RAN-S57ZWVA,1.0,119.0,119.0,0.0,119.0,,الأسكندرية,Cash On Delivery
2006149820,2026-08-01 23:09:32,Aug 01,MP,maccarpet,Mats,دواسة مطبخ اتش دي ماك كاربت، 50×80 سم - متعدد الالوان,KT6104361001MC1,1.0,206.0,206.0,0.0,206.0,,الأسكندرية,Cash On Delivery
2006149820,2026-08-01 23:09:32,Aug 01,raneen,raneen,Shoes,شبشب سلايد بلاستيك للسيدات كارلوس,SH1108271CF8,1.0,99.0,99.0,0.0,99.0,,الأسكندرية,Cash On Delivery
2006149820,2026-08-01 23:09:32,Aug 01,raneen,raneen,Cleaning Tools &amp; Supplies,فرشاة تنظيف ارضيات بلاستيك بالجاروف، 10×15 سم، 2 يد معدن - فوشيا رمادي,HO1143980FNG,1.0,125.0,125.0,0.0,125.0,,الأسكندرية,Cash On Delivery
4000158913,2026-08-01 23:11:29,Aug 01,raneen,raneen,Mobile Phones,"Samsung Galaxy A16 Mobile, 128 GB, 4GB RAM- Grey",EL1122778GRY,5.0,7699.0,38495.0,0.0,38495.0,,الغربية,valU
2006149835,2026-08-01 23:12:45,Aug 01,raneen,raneen,TV Table,ترابيزة تليفزيون خشب ام دي اف، 180×32×47 سم، 2 دلفه جانبية، ارجل معدن - بني داكن بيج,HO1117049BR1,1.0,3399.0,3399.0,500.0,2899.0,off500,الأسكندرية,Souhoola
2006149838,2026-08-01 23:13:15,Aug 01,MP,mobileplus,Mobile Phones,موبايل سمارت انفنكس Smart 10، شريحتين، شبكة الجيل الرابع، 128 جيجا بايت، 4+4 جيجا رام - تيتانيوم فضى,smart104128sliver,1.0,7300.0,7300.0,0.0,7300.0,,القاهرة,Aman
2006149844,2026-08-01 23:13:48,Aug 01,MP,alahramappliances,Cookers,بوتاجاز الاهرام، سطح ستانلس ستيل، 5 شعلة، 80×60 سم - فضى اسود,alahram-steel-80x60,1.0,5599.0,5599.0,0.0,5599.0,,أسيوط,Cash On Delivery
2006149847,2026-08-01 23:13:58,Aug 01,raneen,raneen,Dinnerware,طقم عشاء اركوبال جراند، 24 قطعة - ابيض ازرق,HO1140980MC8,1.0,499.0,499.0,0.0,499.0,,المنوفية,Cash On Delivery
2006149853,2026-08-01 23:14:35,Aug 01,MP,elbassant,Desks,مكتب خشب ام دي اف، 120×50 سم، 3 رف، 3 درج - ابيض,DA-55,1.0,4089.0,4089.0,500.0,3589.0,OFF500,الأسكندرية,Cash On Delivery
2006149856,2026-08-01 23:14:38,Aug 01,raneen,raneen,Home Decor,فازة زجاج كريستال ستون، 26 سم - شفاف,HO1137230CLR,1.0,50.0,50.0,2.5,47.5,KCH200,الدقهلية,Credit/Debit Card
4000158916,2026-08-01 23:14:53,Aug 01,raneen,raneen,Air Conditioner,"Unionaire INV-ARTI012CY50XFR-SG-SER Artify Air Conditioner, 1.5 HP, Cooling Only, Inverter, Plasma - White",ELKIT1895WIT,1.0,18999.0,18999.0,0.0,18999.0,,الأسكندرية,valU
4000158916,2026-08-01 23:14:53,Aug 01,raneen,raneen,Air Conditioner,"Unionaire INV-ARTI015CY Artify Split Air Conditioner, 2 HP, Cooling Only, Inverter, Plasma, R32 Refrigerant - White",ELKIT1902WIT,1.0,22799.0,22799.0,0.0,22799.0,,الأسكندرية,valU
2006149862,2026-08-01 23:15:43,Aug 01,MP,grandmakaa,Baking Tools,قالب توست غير لاصق مع غطاء - مقاومة عالية للحرارة، حواف واسعة، طلاء غير لاصق,RAN-TA4DGPA,1.0,349.0,349.0,0.0,349.0,,القاهرة,Cash On Delivery
2006149865,2026-08-01 23:15:56,Aug 01,raneen,raneen,Cookware,طقم حلل تيفال تروفال، 12 قطعة - احمر,HO1139425RED,1.0,1999.0,1999.0,99.95,1899.05,KCH200,الجيزة,Souhoola
2006149868,2026-08-01 23:18:21,Aug 01,raneen,raneen,Shoes,حذاء برباط جلد×شبك للبنات ديسيرت,SH1126563B12,1.0,199.0,199.0,9.95,189.05,f10,سوهاج,Free
2006149871,2026-08-01 23:19:20,Aug 01,raneen,raneen,Laptop Accessories,شنطة لاب توب جلد لوبو بيانكو، 3 سوستة، 15.6 بوصة، مخرج USB - اسود,HO1146989BLK,1.0,699.0,699.0,0.0,699.0,,الجيزة,Credit/Debit Card
2006149874,2026-08-01 23:19:40,Aug 01,raneen,raneen,Water Heaters,سخان مياه فورى فريش، 11 كيلو وات - ابيض,EL1079889WIT,1.0,7299.0,7299.0,0.0,7299.0,,الجيزة,valU
2006149877,2026-08-01 23:20:23,Aug 01,MP,electricshop,Refrigerators &amp; Freezers,ثلاجة شارب ، نو فروست ، فريزر علوى ، شاشة ديجيتال ، انفرتر، 450 لتر، SJ-PV58G-BK - اسود,SJ PV58G BK,1.0,42999.0,42999.0,0.0,42999.0,,القاهرة,Cash On Delivery
2006149877,2026-08-01 23:20:23,Aug 01,raneen,raneen,Televisions,تلفزيون سمارت سامسونج، 65 بوصة، UHD ، Mini LED، ريسيفر داخلي، بدون إطار، UA65M70HAUXEG - اسود,EL1152332BLK,1.0,32499.0,32499.0,0.0,32499.0,,القاهرة,Cash On Delivery
2006149877,2026-08-01 23:20:23,Aug 01,MP,electricshop,Washers &amp; Dryer,غساله اتوماتيك ال جي، تحميل امامى، 8 كيلو، 12 سرعة، F2T2TYMIS - فضى,EL1110227SLV-conf-electricshop,1.0,26900.0,26900.0,0.0,26900.0,,القاهرة,Cash On Delivery
2006149850,2026-08-01 23:21:21,Aug 01,MP,americanhouse,Mattress,"American House cotton mattress, interconnected springs, 25x100x190 cm - White",m1-7-americanhouse,1.0,5180.0,5180.0,0.0,5180.0,off500,القاهرة,valU
2006149850,2026-08-01 23:21:21,Aug 01,MP,hamlez,Bed Sheets,Premium Cotton Fitted Sheet - Gray 140x200cm - Soft &amp; Durable - Easy Install,RAN-NZSBRUC,1.0,395.99,395.99,0.0,395.99,off500,القاهرة,valU
2006149850,2026-08-01 23:21:21,Aug 01,MP,egfurniture,Beds,"Pine Wood Bed, Velvet Fabric, 200×140×125 Cm - Grey",8nGL3g7g-2,1.0,5899.0,5899.0,308.4,5590.6,off500,القاهرة,valU
2006149850,2026-08-01 23:21:21,Aug 01,MP,snooze,Mattress,"Snooz Waterproof Mattress Protector With Elastic, 140X200 Cm - White",SNOOZ-6223015816617,1.0,343.0,343.0,0.0,343.0,off500,القاهرة,valU
2006149850,2026-08-01 23:21:21,Aug 01,MP,snooze,Pillows,"Snooz Pillow Protector With Zipper, 50 X 70 Cm - White",SNOOZ-6223015810592,2.0,139.0,278.0,0.0,278.0,off500,القاهرة,valU
2006149850,2026-08-01 23:21:21,Aug 01,MP,aeroegy,Pillows,"Fiber Pillow Set, 2 Pieces, 70×50 cm - White",B0DJPQHJFC,1.0,533.0,533.0,0.0,533.0,off500,القاهرة,valU
2006149850,2026-08-01 23:21:21,Aug 01,MP,woodrate,Commode &amp; Drawer Units,"MDF drawer unit, 70x120x40 cm - white",1115-woodrate,1.0,3665.0,3665.0,191.6,3473.4,off500,القاهرة,valU
2006149886,2026-08-01 23:22:56,Aug 01,MP,dukanalaa,Beauty &amp; Body Care,آلة إزالة شعر الوجه اللاحقة للتسمير للنساء 2 في 1 قابلة لإعادة الشحن - جهاز إزالة شعر الوجه بدون ألم للنساء - مقص الوجه - الحاجب - الشفة - الأن,RAN-SPH5D79,1.0,199.0,199.0,0.0,199.0,,كفر الشيخ,Cash On Delivery
2006149892,2026-08-01 23:23:16,Aug 01,raneen,raneen,Serveware,طقم صواني تقديم خشب السلسبيل، قطعتين - كافية ذهبي,HO1141748GY4,1.0,499.0,499.0,24.95,474.05,kch200,القاهرة,valU
2006149892,2026-08-01 23:23:16,Aug 01,raneen,raneen,Cookware,طقم صواني بسبوسة الزنوكي، 3 قطع - فضي,HO1007452SLV,1.0,599.0,599.0,29.95,569.05,kch200,القاهرة,valU
2006149892,2026-08-01 23:23:16,Aug 01,raneen,raneen,Serveware,طقم صواني تقديم خشب مستطيلة هوم وود، قطعتين، قاعده ميلامين - خشبي كافيه,HO1145978BS1,1.0,499.0,499.0,24.95,474.05,kch200,القاهرة,valU
2006149892,2026-08-01 23:23:16,Aug 01,raneen,raneen,Cookware,طقم صواني فرن تيفلون تروفال، قطعتين - روز,HO1139423ROS,1.0,799.0,799.0,39.95,759.05,kch200,القاهرة,valU
2006149892,2026-08-01 23:23:16,Aug 01,raneen,raneen,Cookware,طقم طاجن بيتزا بورجام، قطعتين، زجاج حراري، PA-159022 - شفاف,HO1087046CLR,1.0,349.0,349.0,17.45,331.55,kch200,القاهرة,valU
4000158919,2026-08-01 23:24:25,Aug 01,MP,iqstore,AirPods,Apple AirPods Pro 3 Wireless Bluetooth Noise Cancelling Earphones - White,106234,1.0,12777.0,12777.0,0.0,12777.0,,Cairo,QNB Installments
2006149904,2026-08-01 23:24:40,Aug 01,MP,ammerkatosh,Fans,مروحة حائط فريش شبح ، 18 بوصة، 500004473 - اسود احمر,IST50000447315-ammerkatosh,1.0,1889.0,1889.0,0.0,1889.0,,السويس,Cash On Delivery
2006149913,2026-08-01 23:25:41,Aug 01,MP,ammerkatosh,Water Dispenser,مبرد مياه فريش، 3 حنفية، FW-16VCD - رمادى داكن,EL1019177DGY-ammerkatosh,1.0,6632.0,6632.0,0.0,6632.0,,البحر الأحمر,Cash On Delivery
2006149910,2026-08-01 23:25:41,Aug 01,MP,woodenfurniture,Center Table,ترابيزة وسط مودرن خشب MDF، 45x50x95 سم - بني,nct24-wooden,1.0,1099.0,1099.0,0.0,1099.0,,الجيزة,Cash On Delivery
2006149922,2026-08-01 23:28:38,Aug 01,MP,magicair,Air Conditioner,تكييف سبليت سمارت انفرتر فريش، 1.5 حصان، بارد فقط، SIFW13C/IP-AG - ابيض,B0CC6N12B9WHT-conf-magicair,1.0,21996.0,21996.0,0.0,21996.0,,الغربية,Cash On Delivery
2006149925,2026-08-01 23:29:02,Aug 01,MP,talhastore,Kids Bags,حقيبة ظهر مدرسية للأطفال متعددة الجيوب | خفيفة للاستخدام اليومي والمدرسة,RAN-797DU27,1.0,390.0,390.0,0.0,390.0,,Alexandria,Cash On Delivery
2006149925,2026-08-01 23:29:02,Aug 01,MP,talhastore,Kids Bags,حقيبة مدرسية للأطفال، لون رمادي وبرتقالي، متعددة الجيوب، مريحة لليوم الدراسي,RAN-8324TT5,1.0,390.0,390.0,0.0,390.0,,Alexandria,Cash On Delivery
2006149925,2026-08-01 23:29:02,Aug 01,raneen,raneen,Bed Sheets,طقم ملاية اطفال لازورد، 3 قطع، 170×240 سم - متعدد الالوان,TX1048853GN2,1.0,149.0,149.0,0.0,149.0,,Alexandria,Cash On Delivery
2006149925,2026-08-01 23:29:02,Aug 01,raneen,raneen,Bed Sheets,طقم ملاية اطفال لازورد، 3 قطع، 170×240 سم - ازرق فاتح,TX1048853BU2,1.0,149.0,149.0,0.0,149.0,,Alexandria,Cash On Delivery
2006149925,2026-08-01 23:29:02,Aug 01,MP,alsorgy,Mobile Phones,موبايل نوكيا 150 شريحتين اتصال، 512 ميجابايت، 4 ميجابايت رام، شبكة الجيل الثاني - اسود,nokia150-black-alsorgy,1.0,699.0,699.0,0.0,699.0,,Alexandria,Cash On Delivery
2006149931,2026-08-01 23:29:48,Aug 01,raneen,raneen,Fans,مروحة ستاند الشبح فريش، 18 بوصة، 3 سرعات - احمر,EL1049885BLK,1.0,1939.0,1939.0,0.0,1939.0,,القليوبية,Aman
2006149934,2026-08-01 23:30:30,Aug 01,raneen,raneen,Dinnerware,طقم عشاء مربع اركوبال لومينارك، 19 قطعة - ابيض,HO1149853WI1,1.0,1199.0,1199.0,59.95,1139.05,KCH200,القاهرة,Cash On Delivery
2006149937,2026-08-01 23:31:04,Aug 01,MP,elandalos,Air Conditioner,تكييف سبليت شارب، بارد / ساخن، 1.5 حصان، ديجيتال، بلازما كلاستر، AY-AP12ZHE - ابيض,ELKiT1733WIT-elandalos,1.0,27655.0,27655.0,0.0,27655.0,,أسوان,Cash On Delivery
2006149940,2026-08-01 23:31:06,Aug 01,raneen,raneen,Tanks,ايس بوكس تانك، 23 لتر، مع ايس تانك 6 لتر - احمر ابيض,HO1089842RED,1.0,1149.0,1149.0,57.45,1091.55,KCH200 ,الأسكندرية,Cash On Delivery
2006149943,2026-08-01 23:32:35,Aug 01,MP,qualitytrading,Refrigerators &amp; Freezers,ديب فريزر رأسي سيلتال، ديفروست، 5 درج، VF2025 - فضي,VF2025QSiltal,1.0,11350.0,11350.0,0.0,11350.0,,القليوبية,Cash On Delivery
2006149955,2026-08-01 23:35:25,Aug 01,MP,aldora,Mattress,مرتبة سرير سوست متصلة رومبا الدورا، طول 200 سم،  ارتفاع 25 سم,ALDOMATT36MCL,2.0,3233.0,6466.0,200.0,6266.0,tex200,القاهرة,valU
2006149976,2026-08-01 23:37:14,Aug 01,raneen,raneen,Air Conditioner,تكييف سبليت شارب، 1.5 حصان، بارد فقط، AH-A12ZSE - ابيض,ELKiT1730WIT,1.0,23999.0,23999.0,0.0,23999.0,,القاهرة,valU
2006150000,2026-08-01 23:41:25,Aug 01,raneen,raneen,Mixers &amp; Blenders,كبة تقطيع الخضروات و اللحوم سوكاني، 3 لتر، 800 وات، SK-7027 - اسود فضي,EL1109073BNS,1.0,1264.0,1264.0,0.0,1264.0,,القليوبية,Credit/Debit Card
2006150003,2026-08-01 23:41:57,Aug 01,MP,elarabystar,Fans,مروحة حائط تورنيدو، 18 بوصة، 4 ريشة، 3 سرعات، ريموت كنترول، EPS-18R - اسود,EL1034177BLK-CONF-elarabystar,1.0,3900.0,3900.0,0.0,3900.0,,القاهرة,Cash On Delivery
2006150003,2026-08-01 23:41:57,Aug 01,MP,nilestore,Fans,مروحة حائط تورنيدو، 16 بوصة ، 4 ريشة ، بريموت كنترول، TWF-30 - أبيض,EL1084501WNG-conf-nilestore,1.0,2530.0,2530.0,0.0,2530.0,,القاهرة,Cash On Delivery
2006150021,2026-08-01 23:44:26,Aug 01,raneen,raneen,AirPods,سماعة اذن لاسلكية اوي، 300 ملي امبير، T28 - اسود,EL1080483BLK,1.0,469.0,469.0,0.0,469.0,,الأسماعيلية,Premium Card
2006150045,2026-08-01 23:49:49,Aug 01,raneen,raneen,Carpets,سجادة قطيفة ظهر دوتس سيلينا دراجون، 280×200 سم، 5.400 كجم تقريبا - كافيه,TX1142027BG3,1.0,899.0,899.0,0.0,899.0,,القاهرة,Cash On Delivery
2006150045,2026-08-01 23:49:49,Aug 01,MP,alaqmardesign,Floor Lamp,لمبادير مودرن، 158x40x40 سم، قطعة - اسود,LamstBei340,1.0,989.0,989.0,0.0,989.0,,القاهرة,Cash On Delivery
2006150048,2026-08-01 23:50:08,Aug 01,MP,mam,Refrigerators &amp; Freezers,ميني بار ديفروست يونيون اير، 117 لتر، ديجيتال، RS-090BVA-DH - فضي,EL1137158SLV-mam,1.0,7499.0,7499.0,0.0,7499.0,,الجيزة,Credit/Debit Card
2006150063,2026-08-01 23:51:59,Aug 01,raneen,raneen,Home &amp; Balcony Essentials,كرسي بلاستيك فيردي الوطنية، 56.5×53 سم، ارتفاع 84 سم - ابيض,HO1127102WIT,1.0,825.0,825.0,0.0,825.0,,المنوفية,Cash On Delivery
2006150063,2026-08-01 23:51:59,Aug 01,raneen,raneen,Shoe Rack,جزامة خشب ام دي اف العلا جروب، 3 درج قلاب، 80×24×100 سم - ابيض بيج,HO1111310BNW,1.0,3299.0,3299.0,0.0,3299.0,,المنوفية,Cash On Delivery
2006150072,2026-08-01 23:53:26,Aug 01,MP,radiotalaat,Water Heaters,سخان مياه كهربائي اريستون ، 50 لتر ، 1200 وات ، RUBIS PRO 50 V EG - ابيض,195384,1.0,4085.0,4085.0,0.0,4085.0,,القاهرة,Cash On Delivery
2006150075,2026-08-01 23:53:36,Aug 01,raneen,raneen,TV Table,ترابيزة تلفيزيون خشب ام دي اف، 160×32×47 سم، 2 دلفه جانبية، ارجل معدن - بني ابيض,HO1117048BNW,1.0,3249.0,3249.0,500.0,2749.0,OFF500,المنيا,Cash On Delivery
2006150078,2026-08-01 23:53:59,Aug 01,MP,magfurniture,Shoe Rack,جزامة كرياتيف خشب ام دي اف، مزودة بعدة ضلف وبانكت ومرايا واضاءة، 165×90×40 سم - خشبى فاتح ابيض,magf-creative,1.0,8007.0,8007.0,0.0,8007.0,,القاهرة,valU
2006150081,2026-08-01 23:54:07,Aug 01,MP,alaasasmarketplace,Underwear’s,طقم فانله داخلية قطن للرجال قطونيل، 3 قطع - متعدد الالوان,Qaa-32,1.0,392.64,392.64,19.63,373.01,F10,الفيوم,valU
2006150081,2026-08-01 23:54:07,Aug 01,MP,alaasasmarketplace,Underwear’s,طقم حمالة صدر لاسو قماش للسيدات، 3 قطع,lassen-3-44-490,1.0,659.0,659.0,32.95,626.05,F10,الفيوم,valU
2006150081,2026-08-01 23:54:07,Aug 01,MP,alaasasmarketplace,Underwear’s,طقم فانله داخلية قطن للرجال قطونيل، 3 قطع - متعدد الالوان,Qaa-33,1.0,392.64,392.64,19.63,373.01,F10,الفيوم,valU
2006150084,2026-08-01 23:54:31,Aug 01,raneen,raneen,Grill,شواية كهربائية وصانع ساندوتش سوناي، 1800 وات، SH-300 - اسود,EL1107473BLK,1.0,3399.0,3399.0,0.0,3399.0,,الجيزة,valU
2006150087,2026-08-01 23:54:36,Aug 01,raneen,raneen,Washers &amp; Dryer,غسالة ملابس فوق أوتوماتيك شارب، 11 كجم، DDM انفرتر، ES-TD11GSSP - فضي اسود,EL1091466SLV,1.0,18309.0,18309.0,0.0,18309.0,,الجيزة,valU
2006150096,2026-08-01 23:55:22,Aug 01,raneen,raneen,Fans,مروحة ستاند متعددة الاستخدام اير برو تاتش الزنوكى، 3 سرعات، 16 بوصة، 3×1، ريموت كنترول، 40151 - اسود,EL1145413BLK,1.0,1649.0,1649.0,0.0,1649.0,,القاهرة,Cash On Delivery
2006150102,2026-08-01 23:57:16,Aug 01,raneen,raneen,Drinkware,طقم كاكاو بورسلين لوتس، 14 قطعة، بالاضافة الي ستاند - بيج ذهبي,HO1147485BG1,1.0,1299.0,1299.0,64.95,1234.05,KCH200,البحر الأحمر,valU
2006150102,2026-08-01 23:57:16,Aug 01,raneen,raneen,Drinkware,طقم فنجان قهوة بورسلين جروب تايجر، 13 قطعه، بالاضافة الي ستاند - اسود ذهبي,HO1143112BK1,1.0,899.0,899.0,44.95,854.05,KCH200,البحر الأحمر,valU
2006150111,2026-08-01 23:58:53,Aug 01,raneen,raneen,Shoes,حذاء كلوج بلاستيك للسيدات كارلوس,SH1122867WI8,1.0,99.0,99.0,4.95,94.05,F10,القاهرة,Cash On Delivery
2006150111,2026-08-01 23:58:53,Aug 01,raneen,raneen,Shoes,شبشب سلايد بلاستيك للسيدات كارلوس,SH1108271O41,1.0,99.0,99.0,4.95,94.05,F10,القاهرة,Cash On Delivery
2006150111,2026-08-01 23:58:53,Aug 01,raneen,raneen,Shoes,شبشب سلايد بلاستيك للسيدات كارلوس,SH1108271B48,1.0,99.0,99.0,4.95,94.05,F10,القاهرة,Cash On Delivery
2006150111,2026-08-01 23:58:53,Aug 01,raneen,raneen,Curtain,ستارة قطيفة بحلقات، 135×250 سم، 500 جرام - بيج (قطعة واحدة),TX1127691BEG,4.0,155.0,620.0,0.0,620.0,F10,القاهرة,Cash On Delivery
2006150117,2026-08-01 23:59:18,Aug 01,MP,attallah,Fans,مروحة ستاند تيفال، 16 بوصة، ريموت كنترول، VG4130EE - اسود,EL1092209BLK-attallah,1.0,2862.0,2862.0,0.0,2862.0,,القاهرة,El-Ahly Installments
2006150117,2026-08-01 23:59:18,Aug 01,MP,ylights,Floor Lamp,مصباح ارضي ستيل مودرن، 164×40 سم - اسود اوف وايت,ADYL0058MCL,1.0,929.0,929.0,0.0,929.0,,القاهرة,El-Ahly Installments
2006150117,2026-08-01 23:59:18,Aug 01,MP,safktna,Diapers,حفاضات اطفال قماش، قابلة للغسل، 5 قطع - متعدد الالوان,B0BNDZJ61B-safktna,1.0,280.5,280.5,0.0,280.5,,القاهرة,El-Ahly Installments
2006150117,2026-08-01 23:59:18,Aug 01,MP,alaqsastore,Baby Accessories,حلمة سيليكون امن للاطفال حديثي الولادة، حلقة تسنين للاطفال حديثي الولادة، مكمل غذائي للفاكهة من السيليكون,RAN-8XFJ6ZD,1.0,180.0,180.0,0.0,180.0,,القاهرة,El-Ahly Installments
2006150117,2026-08-01 23:59:18,Aug 01,MP,attallah,Sandwich Waffle Makers,صانع سندويتش ووافل سوكاني ، 7 فى 1، 750 وات،  Sk-907 - اسود,eltommy-Sk-907-BLK-CONF-attallah,2.0,2499.0,4998.0,0.0,4998.0,,القاهرة,El-Ahly Installments
2006150117,2026-08-01 23:59:18,Aug 01,MP,ammerkatosh,Microwaves &amp; Ovens,فرن كهربائي كريستال فريش، 48 لتر، 2000 وات، FR-4803RCL - اسود فضي,EL1131514BLK-ammerkatosh,1.0,2846.0,2846.0,0.0,2846.0,,القاهرة,El-Ahly Installments
