Order #,Purchase Date,Day,Marketplace Seller,Seller_Raw,Attribute Set,Name,SKU,Qty Ordered,Item Price,Row Total,Discount Amount,Value After Discounts,Coupon Code,Customer Region,Payment Method
2006432346,2026-10-02 07:34:01,Oct 02,MP,learnandhavefun,Bike &amp; Scooters,سكوتر ثلاثي العجلات للأطفال، تحسين المهارات الحركية - احمر,MPLFUNB09SFZJ27H,1.0,990.0,990.0,0.0,990.0,,القاهرة,Souhoola
2006432346,2026-10-02 07:34:01,Oct 02,MP,learnandhavefun,Bike &amp; Scooters,سكوتر دفع للأطفال، أربع عجلات، فرامل سهلة بخطوة واحدة - ابيض بينك,MPLFUNB092328G9S,1.0,830.0,830.0,0.0,830.0,,القاهرة,Souhoola
4000170422,2026-10-02 07:33:42,Oct 02,raneen,raneen,Mobile Phones,"Samsung Galaxy S26+ Dual SIM Smartphone, 256GB, 12GB RAM, 5G Network - purple",EL1145197PPR,1.0,56999.0,56999.0,0.0,56999.0,,الجيزة,valU
2006432343,2026-10-02 07:33:36,Oct 02,MP,titistyle,Kids Bags,حقيبة غداء معزولة للأطفال ، 3 لتر ، 24×10×24 سم ، وتربروف - متعدد الالوان,lun-kids-23,1.0,275.0,275.0,0.0,275.0,,القاهرة,Premium Card
4000170419,2026-10-02 07:32:13,Oct 02,raneen,raneen,Mobile Phones,"Samsung Galaxy S26+ Dual SIM Smartphone, 256GB, 12GB RAM, 5G Network - purple",EL1145197PPR,1.0,56999.0,56999.0,0.0,56999.0,,الجيزة,Souhoola
4000170419,2026-10-02 07:32:13,Oct 02,raneen,raneen,Chairs,"Counter Wood Lazy Boy Chair, Suede Fabric, 360° Rotating Rocking Chaise Lounge, 92x90x97 cm - Grey",HO1141159GRY,1.0,9499.0,9499.0,0.0,9499.0,,الجيزة,Souhoola
2006432340,2026-10-02 07:30:42,Oct 02,MP,learnandhavefun,Bike &amp; Scooters,سكوتر ثلاثي العجلات للأطفال، تحسين المهارات الحركية - احمر,MPLFUNB09SFZJ27H,1.0,990.0,990.0,0.0,990.0,,القاهرة,Aman
2006432340,2026-10-02 07:30:42,Oct 02,MP,learnandhavefun,Bike &amp; Scooters,سكوتر دفع للأطفال، أربع عجلات، فرامل سهلة بخطوة واحدة - ابيض بينك,MPLFUNB092328G9S,1.0,830.0,830.0,0.0,830.0,,القاهرة,Aman
2006432337,2026-10-02 07:30:29,Oct 02,raneen,raneen,Home Decor,فازة بلاستيك مستديرة، 8×7 سم - ابيض اصفر,HO1108612WI4,1.0,29.0,29.0,0.0,29.0,,القاهرة,Paymob Wallet
2006432337,2026-10-02 07:30:29,Oct 02,raneen,raneen,Storage,تروللي راتان مستطيل، شاسية خشب، 3 دور، 75×32×26 سم - بيج ابيض,HO1157074BG2,1.0,229.0,229.0,0.0,229.0,,القاهرة,Paymob Wallet
2006432337,2026-10-02 07:30:29,Oct 02,raneen,raneen,Kitchen Accessories,غطاء غسالة فوق اتوماتيك جلد العالمية، 12/11/10 كجم - رمادي داكن,HO1106688DGY,1.0,115.0,115.0,0.0,115.0,,القاهرة,Paymob Wallet
2006432337,2026-10-02 07:30:29,Oct 02,MP,coktailstore,Cleaning Tools &amp; Supplies,قاعدة متحركة للأجهزة الثقيلة قابلة للتعديل 2 قطعة ,RAN-HRDY33Y,1.0,249.0,249.0,0.0,249.0,,القاهرة,Paymob Wallet
2006432334,2026-10-02 07:29:54,Oct 02,MP,nourshopping,Luggage,شنط سفر بعجلات قماش غير قابلة للكسر مع قفل تي اس ايه 4 عجلات دوارة صامتة سحاب مزدوج قابل للتوسيع - مقاس20,RAN-58DRN5V,1.0,1140.0,1140.0,0.0,1140.0,,قنا,valU
2006432331,2026-10-02 07:28:24,Oct 02,MP,learnandhavefun,Bike &amp; Scooters,سكوتر ثلاثي العجلات للأطفال، تحسين المهارات الحركية - احمر,MPLFUNB09SFZJ27H,1.0,990.0,990.0,0.0,990.0,,القاهرة,Souhoola
2006432331,2026-10-02 07:28:24,Oct 02,MP,learnandhavefun,Bike &amp; Scooters,سكوتر دفع للأطفال، أربع عجلات، فرامل سهلة بخطوة واحدة - ابيض بينك,MPLFUNB092328G9S,1.0,830.0,830.0,0.0,830.0,,القاهرة,Souhoola
2006432328,2026-10-02 07:27:51,Oct 02,raneen,raneen,Office Chairs,كرسي مكتب معدن عالي ظهر شبك، هيدروليك، مسند فيبر، 5 عجلات، 120×45×50 سم - اسود,HO1139738BLK,1.0,1499.0,1499.0,0.0,1499.0,,الجيزة,Premium Card
2006432325,2026-10-02 07:24:49,Oct 02,MP,antikawoodfurniture,Shoe Rack,جزامة خشب أم دي أف، 120×100×40 - بني,MZSHRACK1BRW,1.0,6169.0,6169.0,0.0,6169.0,,القليوبية,Aman
2006432322,2026-10-02 07:24:45,Oct 02,raneen,raneen,Drinkware,طقم مجات زجاج سيتى جلاس، 3 قطع - شفاف,HO1091838CLR,1.0,55.0,55.0,0.0,55.0,TEX200,الجيزة,Cash On Delivery
2006432322,2026-10-02 07:24:45,Oct 02,raneen,raneen,Drinkware,طقم شوب بلاجيو سيدار جلاس، 6 قطع، P16-21 - شفاف,HO1025840BSC,1.0,50.0,50.0,0.0,50.0,TEX200,الجيزة,Cash On Delivery
2006432322,2026-10-02 07:24:45,Oct 02,raneen,raneen,Home &amp; Balcony Essentials,كرسي بلاستيك سفير، 55×60×80 سم - رمادي,HO1131006GRY,3.0,325.0,975.0,0.0,975.0,TEX200,الجيزة,Cash On Delivery
2006432322,2026-10-02 07:24:45,Oct 02,raneen,raneen,Bedding,دفاية فرو ساراتوجا سادة، 210×240 سم ، 1500 جرام تقريباً,TX1065289KSH,1.0,299.0,299.0,14.95,284.05,TEX200,الجيزة,Cash On Delivery
2006432322,2026-10-02 07:24:45,Oct 02,raneen,raneen,Knife &amp; Cutters,سكينة مطبخ اليكس ميتال، 7 بوصة - روز,HO1008976ROS,1.0,37.0,37.0,0.0,37.0,TEX200,الجيزة,Cash On Delivery
2006432322,2026-10-02 07:24:45,Oct 02,raneen,raneen,Serveware,طقم صواني تقديم معدن مستديره حفر ليزر، 3 قطع - فضي,HO1136325SLV,1.0,100.0,100.0,0.0,100.0,TEX200,الجيزة,Cash On Delivery
2006432322,2026-10-02 07:24:45,Oct 02,raneen,raneen,Dinnerware,طقم عشاء زجاج ريو جلاس، 18 قطعة - شفاف,HO1072659CL2,1.0,200.0,200.0,0.0,200.0,TEX200,الجيزة,Cash On Delivery
2006432322,2026-10-02 07:24:45,Oct 02,raneen,raneen,Kitchenware,مطبقية اطباق نيكل كروم، 2 دور، 36×22×33 سم - فضي,HO1147188SLV,1.0,169.0,169.0,0.0,169.0,TEX200,الجيزة,Cash On Delivery
2006432322,2026-10-02 07:24:45,Oct 02,raneen,raneen,Home &amp; Balcony Essentials,ترابيزة بلاستيك مستطيلة، 49×45×64 سم - اسود,HO1097267BLK,1.0,200.0,200.0,0.0,200.0,TEX200,الجيزة,Cash On Delivery
2006432322,2026-10-02 07:24:45,Oct 02,raneen,raneen,Bed Sheets,طقم ملايه قماش مطبوع، 4 قطع، 215×235 سم,TX1017810MS0,1.0,189.0,189.0,9.45,179.55,TEX200,الجيزة,Cash On Delivery
2006432319,2026-10-02 07:20:33,Oct 02,raneen,raneen,Office Chairs,كرسي مكتب معدن عالي ظهر شبك، هيدروليك، مسند فيبر، 5 عجلات، 120×45×50 سم - اسود,HO1139738BLK,1.0,1499.0,1499.0,0.0,1499.0,,الجيزة,Premium Card
2006432313,2026-10-02 07:06:55,Oct 02,raneen,raneen,Bed Sheets,طقم ملاية سرير، 5 قطع، 220×240 سم,TX1048610WR5,1.0,219.0,219.0,0.0,219.0,,الجيزة,Cash On Delivery
2006432310,2026-10-02 07:06:28,Oct 02,MP,talhastore,Luggage,حقيبة سفر جلدية كبيرة للرجال والنساء، توت أنيقة للياقة البدنية، لون أسود، سعة 32 لتر,RAN-5HQEBAB,1.0,600.0,600.0,30.0,570.0,FLY200,القاهرة,
2006432307,2026-10-02 07:04:28,Oct 02,raneen,raneen,Bed Sheets,طقم ملاية سرير، 5 قطع، 220×240 سم,TX1048610WR5,1.0,219.0,219.0,0.0,219.0,,الجيزة,Paymob Wallet
2006432304,2026-10-02 07:03:53,Oct 02,raneen,raneen,Home Decor,بونبونيره بالغطاء زجاج، 15 سم - شفاف,HO1143612CL1,3.0,100.0,300.0,15.0,285.0,KCH200,سوهاج,Cash On Delivery
2006432304,2026-10-02 07:03:53,Oct 02,raneen,raneen,Cleaning Tools &amp; Supplies,جردل مسح 2 عين بالغطاء بلاستيك سمارت حجازي بلاست، مزود بماسحة باركية، 2 غيار، 22×19×37 سم - بيج رمادي,HO1114685BG1,1.0,200.0,200.0,10.0,190.0,KCH200,سوهاج,Cash On Delivery
2006432304,2026-10-02 07:03:53,Oct 02,raneen,raneen,Drinkware,طقم مج زجاج قنديل، 6 قطع، 185 مل - شفاف,HO1136425CLR,1.0,50.0,50.0,2.5,47.5,KCH200,سوهاج,Cash On Delivery
2006432304,2026-10-02 07:03:53,Oct 02,raneen,raneen,Drinkware,طقم فنجان قهوة بالاطباق بورسلين ايبك، 12 قطعة، 90 مل، 12.5 سم,HO1140174MC5,1.0,349.0,349.0,17.45,331.55,KCH200,سوهاج,Cash On Delivery
2006432304,2026-10-02 07:03:53,Oct 02,raneen,raneen,Drinkware,طقم شوب بلاجيو سيدار جلاس، 6 قطع، P16-21 - شفاف,HO1025840BSC,2.0,50.0,100.0,5.0,95.0,KCH200,سوهاج,Cash On Delivery
2006432304,2026-10-02 07:03:53,Oct 02,raneen,raneen,Bowl,بوله بورسلين، 15 سم - بيج,HO1155173MC2,1.0,50.0,50.0,2.5,47.5,KCH200,سوهاج,Cash On Delivery
2006432304,2026-10-02 07:03:53,Oct 02,raneen,raneen,Drinkware,طقم اكواب شاي أوزر باشابتشى، 6 قطع، 120 مللي - بينك,HO1077031CLR,3.0,229.0,687.0,34.35,652.65,KCH200,سوهاج,Cash On Delivery
2006432304,2026-10-02 07:03:53,Oct 02,raneen,raneen,Drinkware,مج بورسلين، 400 مل - زيتوني,HO1153670OLV,1.0,39.0,39.0,1.95,37.05,KCH200,سوهاج,Cash On Delivery
2006432304,2026-10-02 07:03:53,Oct 02,raneen,raneen,Drinkware,مج بورسلين، 400 مل - بيج,HO1153670BEG,3.0,39.0,117.0,5.85,111.15,KCH200,سوهاج,Cash On Delivery
2006432304,2026-10-02 07:03:53,Oct 02,raneen,raneen,Drinkware,مج بورسلين، 400 مل - بيج,HO1153675BEG,1.0,50.0,50.0,2.5,47.5,KCH200,سوهاج,Cash On Delivery
2006432298,2026-10-02 06:48:23,Oct 02,MP,alaasasmarketplace,Underwear’s,طقم بوكسر طويل للرجال قطونيل، قطن، قطعتان، M - متعدد الالوان,1326-CN-long-2-6,1.0,375.0,375.0,18.75,356.25,f150,الجيزة,Cash On Delivery
2006432298,2026-10-02 06:48:23,Oct 02,MP,alaasasmarketplace,Underwear’s,طقم بوكسر و فانلة قطن للرجال دايس، 3 قطع - متعدد الالوان,Qa-26,1.0,603.84,603.84,30.19,573.65,f150,الجيزة,Cash On Delivery
2006432295,2026-10-02 06:47:44,Oct 02,raneen,raneen,Televisions,تلفزيون سمارت سامسونج، 32 بوصة، LED ، HD، ريسيفر داخلي، ريموت كنترول، UA32H5000FUXEG - أسود,EL1137979BLK,1.0,8199.0,8199.0,0.0,8199.0,,القاهرة,Cash On Delivery
2006432277,2026-10-02 06:32:51,Oct 02,MP,asouaaq,Personal Care,جهاز مساج تدحرج لل للرقبة - NP001، يدوي، رمادي,RAN-CMAFYV7,1.0,290.0,290.0,0.0,290.0,,القاهرة,Cash On Delivery
2006432262,2026-10-02 06:16:14,Oct 02,raneen,raneen,Nursery Furniture &amp; Decor,كرسى اطفال بلاستيك سفير، 36×38×53 سم - رمادي,HO1131018GRY,1.0,100.0,100.0,0.0,100.0,,القاهرة,Cash On Delivery
2006432262,2026-10-02 06:16:14,Oct 02,MP,snooze,Pillows,طقم كيس وسادة مايكروفايبر سنوز، 50×70 سم، قطعتين,MP-6223015815375,3.0,162.0,486.0,0.0,486.0,,القاهرة,Cash On Delivery
2006432262,2026-10-02 06:16:14,Oct 02,raneen,raneen,Pillows,خدادية فايبر لازورد، 70×50 سم، 750 جرام - ابيض,TX1061325WIT,5.0,89.0,445.0,0.0,445.0,,القاهرة,Cash On Delivery
2006432259,2026-10-02 06:16:05,Oct 02,MP,sparkit,AirPods,سماعات لاسلكية بلوتوث مع علبة شحن، إلغاء الضوضاء النشط (ANC)، سماعات TWS داخل الأذن، تحكم باللمس، علبة شحن قابلة لإعادة الشحن - أسود,RAN-HPPZR2M,1.0,450.0,450.0,0.0,450.0,,الجيزة,Cash On Delivery
2006432247,2026-10-02 06:08:20,Oct 02,raneen,raneen,Drinkware,ترمس قهوة ستانلس ستيل حراري، 150 مل - خشبي اوف وايت,HO1126629OF1,1.0,147.0,147.0,0.0,147.0,,الأسكندرية,Cash On Delivery
2006432235,2026-10-02 05:49:06,Oct 02,raneen,raneen,Kitchenware,طقم أدوات توزيع سليكون بيد خشب اية بي ان، 6 قطع، بالاضافة الي ستاند بلاستيك - اسود خشبي,HO1141586BK1,1.0,449.0,449.0,0.0,449.0,,الأسكندرية,Cash On Delivery
2006432229,2026-10-02 05:43:00,Oct 02,MP,inhomestore,Display &amp; Book Cases,مكتبة خشب ام دي اف، 40x28x160 cm - بني,AtDis01-inhomestore,1.0,4169.0,4169.0,500.0,3669.0,OFF500,الدقهلية,Paymob Wallet
2006432223,2026-10-02 05:40:48,Oct 02,MP,almeramattresses,Mattress,مرتبة تطرية فندقية الميرا ماتريس حشو فايبر سوفت مزوده باستك للتثبيت علي المرتبة، 195×100 سم - كافية,Mp-104-16-almeramattresses,1.0,425.0,425.0,21.25,403.75,TEX200,القاهرة,Paymob Wallet
2006432217,2026-10-02 05:37:14,Oct 02,MP,talhastore,Luggage,شنطة رياضية لصالة الالعاب الرياضية والسفر مع جيب للاحذية وجيب مقاوم للماء ظهر بسعة كبيرة للرجال والنساء زهري اوكسفورد,RAN-4JAGKX4,1.0,418.5,418.5,0.0,418.5,,القاهرة,Cash On Delivery
2006432205,2026-10-02 05:23:42,Oct 02,raneen,raneen,Knife &amp; Cutters,طقم سكاكين ستانلس ستيل باس، 7 قطع، بالحامل - اسود فضي,HO1044932BE7,1.0,599.0,599.0,29.95,569.05,kch200,الشرقية,Cash On Delivery
2006432205,2026-10-02 05:23:42,Oct 02,raneen,raneen,Knife &amp; Cutters,طقم سكاكين ستانلس ستيل باس، 7 قطع، بالحامل - اسود فضي,HO1044932BE8,1.0,599.0,599.0,29.95,569.05,kch200,الشرقية,Cash On Delivery
2006432205,2026-10-02 05:23:42,Oct 02,raneen,raneen,Cutlery &amp; Flatware Set,طقم ادوات مائده ستانلس ستيل كازان، 86 قطعه - فضي ذهبي,HO1107076SL1,1.0,2735.0,2735.0,136.75,2598.25,kch200,الشرقية,Cash On Delivery
2006432202,2026-10-02 05:23:20,Oct 02,raneen,raneen,Kettles,غلايه كهربائيه سوكاني ، 2.8 لتر ، 2200 وات ،SK-09031 - اسود,EL1126481BNG,1.0,1124.0,1124.0,0.0,1124.0,,القاهرة,Cash On Delivery
2006432196,2026-10-02 05:21:21,Oct 02,raneen,raneen,Water Heaters,سخان مياه كهربائي اريستون، 50 لتر، RUBIS50VEG - ابيض,EL1129298WIT,3.0,3399.0,10197.0,0.0,10197.0,,الفيوم,Cash On Delivery
2006432190,2026-10-02 05:16:59,Oct 02,raneen,raneen,Cookware,طقم حلل ستانلس ستيل عبود، 24 قطعه - فضي,HO1075563SLV,1.0,8849.0,8849.0,0.0,8849.0,,الشرقية,Cash On Delivery
2006432187,2026-10-02 05:15:41,Oct 02,MP,hometech2024,Sandwich Waffle Makers,صانع دونات سوكاني SK-856 بقوة 750 واط,RAN-HGTKK79,1.0,799.0,799.0,0.0,799.0,,القليوبية,Cash On Delivery
2006432184,2026-10-02 05:13:22,Oct 02,MP,hometech2024,Laptop Accessories,حامل تابلت معدني قابل للدوران 360° قابل لتعديل الارتفاع والزاوية في جميع الاتجاهات مزود بفتحات تهوية مناسب لأجهزة التابلت,RAN-VGC5676,1.0,475.0,475.0,0.0,475.0,,الأسكندرية,Cash On Delivery
2006432181,2026-10-02 05:13:14,Oct 02,raneen,raneen,Cookware,طقم قلاية تيفلون تروفال، قطعتين - بنفسجي,HO1055965DR3,1.0,437.0,437.0,0.0,437.0,,القاهرة,Cash On Delivery
2006432172,2026-10-02 05:08:56,Oct 02,raneen,raneen,Water Heaters,سخان غاز اريستون، 10 لتر - ابيض,EL1136647WIT,1.0,5699.0,5699.0,0.0,5699.0,,القاهرة,Cash On Delivery
2006432172,2026-10-02 05:08:56,Oct 02,MP,purityplus,Built in,شفاط مطبخ تركى بيورتي، 90 سم، 3 سرعات، PTSLIM X - فضي,MFPTSLIMX90CM,1.0,4450.0,4450.0,0.0,4450.0,,القاهرة,Cash On Delivery
2006432169,2026-10-02 05:05:53,Oct 02,raneen,raneen,Baking Tools,قالب كيك شكل قلب تيفلون تروفال، 26 سم - احمر,HO1056784RED,1.0,339.0,339.0,0.0,339.0,,المنوفية,Cash On Delivery
2006432169,2026-10-02 05:05:53,Oct 02,raneen,raneen,Baking Tools,قالب بريوش تيفلون تروفال، 18 سم - احمر,HO1056788RED,1.0,151.0,151.0,0.0,151.0,,المنوفية,Cash On Delivery
2006432169,2026-10-02 05:05:53,Oct 02,raneen,raneen,Cookware,طقم طاجن ألومنيوم مستطيل الزنوكي، 3 قطع - فضي,HO1007281SLV,1.0,1175.0,1175.0,0.0,1175.0,,المنوفية,Cash On Delivery
2006432169,2026-10-02 05:05:53,Oct 02,raneen,raneen,Cookware,طقم صواني فرن الومنيوم الاهرام، 3 قطع - فضي,HO1114434SLV,1.0,999.0,999.0,0.0,999.0,,المنوفية,Cash On Delivery
2006432169,2026-10-02 05:05:53,Oct 02,raneen,raneen,Cookware,طقم طاجن تيفلون جولد تروفال، قطعتين - بترولي,HO1139420GRY,1.0,939.0,939.0,0.0,939.0,,المنوفية,Cash On Delivery
2006432169,2026-10-02 05:05:53,Oct 02,raneen,raneen,Cookware,طقم صواني فرن تيفلون تروفال، قطعتين - روز,HO1139423ROS,1.0,799.0,799.0,0.0,799.0,,المنوفية,Cash On Delivery
2006432169,2026-10-02 05:05:53,Oct 02,MP,alahram,Cookware,طقم صواني بيتزا المونيوم الاهرام، 3 قطع - فضي,6221049424846,1.0,648.0,648.0,0.0,648.0,,المنوفية,Cash On Delivery
2006432169,2026-10-02 05:05:53,Oct 02,raneen,raneen,Cookware,طقم صينية بسكويت المونيوم الاهرام، 2 قطعة - فضي,HO1109795SLV,1.0,799.0,799.0,0.0,799.0,,المنوفية,Cash On Delivery
2006432169,2026-10-02 05:05:53,Oct 02,raneen,raneen,Cookware,صينية مخبوزات جرانيت كلاسيك نوفال، 35 سم - اسود,HO1140374BK1,2.0,445.0,890.0,0.0,890.0,,المنوفية,Cash On Delivery
2006432169,2026-10-02 05:05:53,Oct 02,raneen,raneen,Cookware,طقم صينية فرن جرانيت ماستر، 3 قطع - بينك,HO1119538PNK,1.0,2499.0,2499.0,0.0,2499.0,,المنوفية,Cash On Delivery
2006432169,2026-10-02 05:05:53,Oct 02,raneen,raneen,Cookware,صينية بيتزا الومنيوم مستديرة ماجيك، 36 سم - فضي,HO1106626SLV,2.0,200.0,400.0,0.0,400.0,,المنوفية,Cash On Delivery
2006432169,2026-10-02 05:05:53,Oct 02,raneen,raneen,Cookware,طقم قلاية جرانيت نوفال، 3 قطع - بنفسجي,HO1112962MV1,1.0,1308.0,1308.0,0.0,1308.0,,المنوفية,Cash On Delivery
2006432169,2026-10-02 05:05:53,Oct 02,raneen,raneen,Cookware,طقم طاجن فرن مستطيل تيمبو تيفال، قطعتين - احمر داكن,HO1045506DRD,1.0,1499.0,1499.0,0.0,1499.0,,المنوفية,Cash On Delivery
2006432169,2026-10-02 05:05:53,Oct 02,raneen,raneen,Cookware,طقم قلاية تيفلون تروفال، 4 قطع، بيد بكالايت - احمر داكن,HO1065681DR2,1.0,1199.0,1199.0,0.0,1199.0,,المنوفية,Cash On Delivery
2006432166,2026-10-02 05:05:39,Oct 02,MP,lifecare,Kitchenware,شريط لاصق لعزل الأبواب والنوافذ عن الطقس من ماك ال، سدادة تيار الهواء مزدوجة للباب للحماية من الطقس، عازل للصوت لحجب الفجوات، شريط مقاوم للرياح والغبار تحت الباب، للحفاظ على دفء الغرفة (قطعتين),RAN-86V2C2P,2.0,200.0,400.0,0.0,400.0,,القاهرة,Cash On Delivery
2006432163,2026-10-02 05:04:45,Oct 02,MP,asouaaq,Beauty &amp; Body Care,فرش المكياج الكابوكي - 10 قطع، وردي,RAN-XBGM3YX,1.0,145.0,145.0,7.25,137.75,BTY5,القاهرة,Cash On Delivery
2006432163,2026-10-02 05:04:45,Oct 02,MP,lifecare,Beauty &amp; Body Care,منظف ومجفف فرش المكياج ,RAN-BUCSB7P,1.0,137.0,137.0,0.0,137.0,BTY5,القاهرة,Cash On Delivery
2006432163,2026-10-02 05:04:45,Oct 02,MP,alrhma,Beauty &amp; Body Care,منظم وحامل كريستالي لفرش المكياج تاي بوكس - ذهبي,B08635DZZMALRAlrhma,1.0,150.0,150.0,0.0,150.0,BTY5,القاهرة,Cash On Delivery
2006432157,2026-10-02 04:57:33,Oct 02,raneen,raneen,Drinkware,كوب عصير زجاج، 350 مل - شفاف,HO1129658CLR,3.0,19.0,57.0,0.0,57.0,,القاهرة,Cash On Delivery
2006432154,2026-10-02 04:55:44,Oct 02,raneen,raneen,Pillows,خدادية فايبر لازورد، 70×50 سم، 1000 جرام - ابيض,TX1152102WIT,2.0,109.0,218.0,21.8,196.2,APP100,القاهرة,Cash On Delivery
2006432130,2026-10-02 04:28:17,Oct 02,raneen,raneen,Water Heaters,سخان مياه كهربائي فريش، 15 لتر - ابيض,EL1044556WIT,1.0,2699.0,2699.0,0.0,2699.0,,السويس,Cash On Delivery
2006432127,2026-10-02 04:26:56,Oct 02,raneen,raneen,Shoe Rack,جزامة خشب شيب بورد، 3 رف، 2 درفة، 29×60×86 سم,HO1119887BNB,1.0,1199.0,1199.0,0.0,1199.0,,المنيا,Cash On Delivery
2006432112,2026-10-02 04:22:22,Oct 02,raneen,raneen,Dinnerware,طقم عشاء أركوبال أماراتى لومينارك، 24 قطعة - ابيض,HO1088626WIT,1.0,999.0,999.0,0.0,999.0,,الجيزة,Cash On Delivery
2006432112,2026-10-02 04:22:22,Oct 02,raneen,raneen,Cookware,طقم صواني فرن الومنيوم ماجيك، قطعتين - فضي,HO1148568SLV,1.0,200.0,200.0,0.0,200.0,,الجيزة,Cash On Delivery
2006432112,2026-10-02 04:22:22,Oct 02,raneen,raneen,Cookware,قلاية المونيوم ماجستيك شيف كوك، يد ستانلس ستيل، 24 سم - فضي,HO1115371SLV,1.0,100.0,100.0,0.0,100.0,,الجيزة,Cash On Delivery
2006432103,2026-10-02 04:16:33,Oct 02,raneen,raneen,Storage,تربو مطبخ معدن مستدير المغربي، 4 دور، 60×29 سم - اسود,HO1113181BK1,1.0,749.0,749.0,37.45,711.55,KCH200,القاهرة,Cash On Delivery
2006432103,2026-10-02 04:16:33,Oct 02,MP,lifecare,Kitchen Accessories,هوكات حائط SANOOR® 12 قطعة - لاصقة للحمام/الغرف/الباب/المطبخ - قوية لتعليق المناشف، القبعات، المعاطف، المفاتيح، التقويمات (هوكات حائط شفافة - 12,RAN-FY5N9VD,1.0,90.0,90.0,4.5,85.5,KCH200,القاهرة,Cash On Delivery
2006432097,2026-10-02 04:12:57,Oct 02,MP,atomsteel,Mattress,مرتبة ريتش هوم سوبر جولدن، سوست متصلة، 195×160×27 سم - ابيض,Super-golden-195-160-27,1.0,8141.0,8141.0,0.0,8141.0,,الأسكندرية,Cash On Delivery
4000170416,2026-10-02 04:10:28,Oct 02,raneen,raneen,Smart Watches,"Oraimo OSW-834 Smartwatch, Watch Nova 2R, AMOLED, 1.43 inch, Water Resistant - Dark Gray",EL1152366DGY,1.0,2249.0,2249.0,0.0,2249.0,,الفيوم,Cash On Delivery
2006432088,2026-10-02 04:08:08,Oct 02,raneen,raneen,Electronics Audio,طقم صب ووفر جاما، قطعتين، 4 بوصة، بلوتوث، 17×13×29 سم، ريموت كنترول، GT-4200 - اسود برتقالي,EL1152439BLK,1.0,699.0,699.0,0.0,699.0,,الأسكندرية,Cash On Delivery
2006432082,2026-10-02 04:01:02,Oct 02,MP,ocean,Shaving &amp; Grooming,ماكينة تشذيب الشعر VGR V-071 - فضي,OCEAn-2634,1.0,365.0,365.0,0.0,365.0,,القاهرة,Cash On Delivery
2006432079,2026-10-02 03:59:09,Oct 02,raneen,raneen,Dinnerware,طقم عشاء أركوبال اماراتي لومينارك، 26 قطعة - ابيض,HO1124768WI1,1.0,1199.0,1199.0,0.0,1199.0,,الجيزة,Cash On Delivery
2006432076,2026-10-02 03:57:19,Oct 02,raneen,raneen,Pajamas &amp; Sleepwear,طقم تانك توب وبوكسر قطن×ليكرا للاولاد بريمو زيتون، قطعتين,FS1139192LBL,1.0,109.0,109.0,0.0,109.0,,القاهرة,Cash On Delivery
2006432076,2026-10-02 03:57:19,Oct 02,raneen,raneen,Pajamas &amp; Sleepwear,طقم تانك توب وبوكسر قطن×ليكرا للاولاد بريمو زيتون، قطعتين,FS1139192GR1,1.0,109.0,109.0,0.0,109.0,,القاهرة,Cash On Delivery
2006432076,2026-10-02 03:57:19,Oct 02,raneen,raneen,Shoes,شبشب سلايد بلاستيك للسيدات، EU 38 - اسود,SH1157108BK0,1.0,69.0,69.0,0.0,69.0,,القاهرة,Cash On Delivery
2006432076,2026-10-02 03:57:19,Oct 02,MP,alaasasmarketplace,Men&#039;s Accessories,طقم شرابات للاطفال ، 3 قطع ، مقاس 3 - 4 سنه ، قطن - متعدد الالوان,solob324-98-Alaasasmarketplace,1.0,89.0,89.0,0.0,89.0,,القاهرة,Cash On Delivery
2006432076,2026-10-02 03:57:19,Oct 02,raneen,raneen,Men&#039;s Accessories,شراب ليكرا طويل للرجال سولو، مقاس موحد - اسود,FS1128035BK1,1.0,59.0,59.0,0.0,59.0,,القاهرة,Cash On Delivery
2006432076,2026-10-02 03:57:19,Oct 02,MP,amarshop,Men&#039;s Accessories,مجموعة شرابات قطن للجنسين، 4 قطع، مقاس موحد - متعدد الالوان,socks-4M-amarshop,1.0,54.99,54.99,0.0,54.99,,القاهرة,Cash On Delivery
2006432076,2026-10-02 03:57:19,Oct 02,raneen,raneen,Men&#039;s Accessories,شراب قطن طويل للرجال سولو، مقاس موحد,FS1114525BRN,1.0,59.0,59.0,0.0,59.0,,القاهرة,Cash On Delivery
2006432076,2026-10-02 03:57:19,Oct 02,MP,lightcart,Dinnerware,طبق تقديم تقليدي مزخرف 40 سم مع غطاء قبة نحاسي، طبق طعام دائري منقوش مقاس 16 انش لرمضان وتقديم الطعام والبوفيه,RAN-6EGZMVH,1.0,969.0,969.0,0.0,969.0,,القاهرة,Cash On Delivery
2006432076,2026-10-02 03:57:19,Oct 02,raneen,raneen,Laptop &amp; Computer Tables,ترابيزة لاب توب خشب العالمية، ارجل معدن، قابلة للطي، 60×40×28 سم - بني اسود,HO1083579BB5,1.0,160.0,160.0,0.0,160.0,,القاهرة,Cash On Delivery
2006432076,2026-10-02 03:57:19,Oct 02,raneen,raneen,Underwear’s,بدي نصف كم قطن ليكرا للسيدات 365 يوم,FS1141365NVY,1.0,79.0,79.0,0.0,79.0,,القاهرة,Cash On Delivery
2006432076,2026-10-02 03:57:19,Oct 02,raneen,raneen,Underwear’s,بدي نصف كم قطن ليكرا للسيدات 365 يوم,FS1141361WIT,1.0,79.0,79.0,0.0,79.0,,القاهرة,Cash On Delivery
2006432076,2026-10-02 03:57:19,Oct 02,raneen,raneen,Underwear’s,توب تانك بدون اكمام قطن للنساء,FS1141334NVY,1.0,59.0,59.0,0.0,59.0,,القاهرة,Cash On Delivery
2006432058,2026-10-02 03:51:57,Oct 02,raneen,raneen,Cookware,طقم صواني فرن الومنيوم شيف كوك، قطعتين - فضي,HO1145776SLV,1.0,200.0,200.0,10.0,190.0,KCH200,البحيرة,Cash On Delivery
2006432040,2026-10-02 03:44:47,Oct 02,raneen,raneen,Water Dispenser,مبرد مياه ATA، بارد / ساخن / فاتر، 3 حنفية، بالحافظة، WD002-DAI - اسود,EL1137381BLK,1.0,5060.0,5060.0,0.0,5060.0,,كفر الشيخ,Cash On Delivery
2006432040,2026-10-02 03:44:47,Oct 02,raneen,raneen,Televisions,تلفزيون تروما، 32 بوصة، TR3202 ،HD - اسود,EL1096626BLK,1.0,4799.0,4799.0,0.0,4799.0,,كفر الشيخ,Cash On Delivery
2006432037,2026-10-02 03:43:58,Oct 02,MP,antikasteel,Center Table,ترابيزة قهوة ستيل، سطح زجاج ، 90×70×45 سم - ذهبي,MZU008GLD,1.0,3499.0,3499.0,0.0,3499.0,,الأسماعيلية,Aman
2006432037,2026-10-02 03:43:58,Oct 02,MP,craftfurniture,TV Table,طقم ترابيزة وسط و تلفاز خشب ام دي اف، 200×35×38 سم - ابيض بنى,1173-craftfurniture,1.0,4749.0,4749.0,0.0,4749.0,,الأسماعيلية,Aman
2006432034,2026-10-02 03:40:42,Oct 02,MP,lightcart,Drinkware,حافظة مياه حرارية سعة 2.5 لتر بعزل مزدوج - أزرق,RAN-JU8GXU7,1.0,269.0,269.0,13.45,255.55,KCH200,الغربية,Cash On Delivery
2006432025,2026-10-02 03:32:25,Oct 02,raneen,raneen,Kitchenware,مبشرة ستانلس ستيل، مقبض بلاستيك، 22 سم - فضي رمادي,HO1155259SL2,1.0,89.0,89.0,4.45,84.55,KCH200,الجيزة,Cash On Delivery
2006432025,2026-10-02 03:32:25,Oct 02,raneen,raneen,Dinnerware,طقم اطباق مستدير عميق ميلامين، 6 قطع، 13 سم - بني بيج,HO1150434BR1,2.0,200.0,400.0,20.0,380.0,KCH200,الجيزة,Cash On Delivery
2006432025,2026-10-02 03:32:25,Oct 02,raneen,raneen,Serveware,صينية الومنيوم مستدير شيف كوك، 18 سم - فضي,HO1145763SLV,2.0,60.0,120.0,6.0,114.0,KCH200,الجيزة,Cash On Delivery
2006432025,2026-10-02 03:32:25,Oct 02,raneen,raneen,Dinnerware,طبق مسطح اركوبال لومينارك، 19 سم - ابيض,HO1052594WIT,3.0,50.0,150.0,7.5,142.5,KCH200,الجيزة,Cash On Delivery
2006432025,2026-10-02 03:32:25,Oct 02,raneen,raneen,Dinnerware,طبق مسطح أركوبال لومينارك، 19 سم - اسود,HO1127010BLK,3.0,60.0,180.0,9.0,171.0,KCH200,الجيزة,Cash On Delivery
2006432025,2026-10-02 03:32:25,Oct 02,raneen,raneen,Dinnerware,طقم أطباق عميقة نيكل كروم، 6 قطع، 18.5 سم - فضي,HO1143440SLV,1.0,100.0,100.0,5.0,95.0,KCH200,الجيزة,Cash On Delivery
2006432025,2026-10-02 03:32:25,Oct 02,raneen,raneen,Dinnerware,طبق عميق مستدير الومنيوم شيف كوك، 22 سم - فضي,HO1129630SLV,3.0,55.0,165.0,8.25,156.75,KCH200,الجيزة,Cash On Delivery
2006432025,2026-10-02 03:32:25,Oct 02,raneen,raneen,Shoes,حذاء سهل الارتداء قماش للسيدات,SH1112300B18,1.0,125.0,125.0,0.0,125.0,KCH200,الجيزة,Cash On Delivery
2006432025,2026-10-02 03:32:25,Oct 02,raneen,raneen,Home &amp; Balcony Essentials,ترابيزه بلاستيك مربعه الهدى، 43×43×40 سم - كشمير,HO1140630KS1,1.0,100.0,100.0,5.0,95.0,KCH200,الجيزة,Cash On Delivery
2006432025,2026-10-02 03:32:25,Oct 02,raneen,raneen,Cookware,طقم طاجن فخار، 3 قطع - بني,HO1103092BR5,2.0,55.0,110.0,5.5,104.5,KCH200,الجيزة,Cash On Delivery
2006432025,2026-10-02 03:32:25,Oct 02,raneen,raneen,Cookware,طقم طاجن فخار، 6 قطع - بني,HO1109701BRN,1.0,100.0,100.0,5.0,95.0,KCH200,الجيزة,Cash On Delivery
2006432025,2026-10-02 03:32:25,Oct 02,raneen,raneen,Cookware,حلة الومنيوم بالغطاء ماجيك، 28 سم - فضي,HO1145774SLV,1.0,200.0,200.0,10.0,190.0,KCH200,الجيزة,Cash On Delivery
2006432025,2026-10-02 03:32:25,Oct 02,raneen,raneen,Cookware,طقم طاجن فخار، 3 قطع - بني,HO1103090BR1,2.0,55.0,110.0,5.5,104.5,KCH200,الجيزة,Cash On Delivery
2006432025,2026-10-02 03:32:25,Oct 02,raneen,raneen,Cookware,طقم قلاية الومنيوم شيف كوك، 3 قطع - فضي,HO1129642SLV,1.0,200.0,200.0,10.0,190.0,KCH200,الجيزة,Cash On Delivery
2006432025,2026-10-02 03:32:25,Oct 02,raneen,raneen,Knife &amp; Cutters,مخرطة ملوخية ستانلس ستيل اي ام دبليو، 28 سم - فوشيا فضي,HO1008995FCH,1.0,104.0,104.0,5.2,98.8,KCH200,الجيزة,Cash On Delivery
2006432025,2026-10-02 03:32:25,Oct 02,raneen,raneen,Kitchenware,مصفاة اطباق بلاستيك بالقاعدة الهدي، 35×30 سم - رمادي,HO1088476GY1,1.0,87.0,87.0,4.35,82.65,KCH200,الجيزة,Cash On Delivery
2006432025,2026-10-02 03:32:25,Oct 02,MP,alliance,Kitchenware,عصارة ليمون ستانلس ستيل،‎35 x 35 x 35 سم - فضي,TAM-005,1.0,75.0,75.0,3.75,71.25,KCH200,الجيزة,Cash On Delivery
2006432025,2026-10-02 03:32:25,Oct 02,raneen,raneen,Shoes,حذاء سهل الارتداء قماش للسيدات,SH1112300B19,1.0,125.0,125.0,0.0,125.0,KCH200,الجيزة,Cash On Delivery
2006432025,2026-10-02 03:32:25,Oct 02,raneen,raneen,Serveware,صينية تقديم استانلس مستديرة عبده ستيل، 50 سم - فضي,HO1102024SL1,2.0,100.0,200.0,10.0,190.0,KCH200,الجيزة,Cash On Delivery
2006432013,2026-10-02 03:24:37,Oct 02,MP,dukanalaa,Shaving &amp; Grooming,"ماكينة حلاقة فيجي ار، شفرتين, شحن سريع، 500 مللي أمبير، VGR V-360 - اسود",v-360,1.0,750.0,750.0,0.0,750.0,,الشرقية,Cash On Delivery
2006432010,2026-10-02 03:24:23,Oct 02,raneen,raneen,Televisions,تلفزيون سمارت سامسونج، 32 بوصة، LED ، HD، ريسيفر داخلي، ريموت كنترول، UA32H5000FUXEG - أسود,EL1137979BLK,1.0,8199.0,8199.0,0.0,8199.0,,القاهرة,Cash On Delivery
2006432007,2026-10-02 03:24:06,Oct 02,raneen,raneen,Drinkware,"طقم شوب زجاج باشابتشى, 6 قطع, PA-42199-B - شفاف",HO1012450CLR,2.0,160.0,320.0,16.0,304.0,KCH200,المنوفية,Cash On Delivery
2006432007,2026-10-02 03:24:06,Oct 02,raneen,raneen,Drinkware,طقم مج بورسلين السلسبيل، 6 قطع، 350 مل، بالاضافة الي ستاند - اوف وايت زيتوني,HO1140358MC2,1.0,900.0,900.0,45.0,855.0,KCH200,المنوفية,Cash On Delivery
2006432007,2026-10-02 03:24:06,Oct 02,raneen,raneen,Drinkware,مج بورسلين، 400 مل - كافيه ابيض,HO1146435CF1,2.0,75.0,150.0,7.5,142.5,KCH200,المنوفية,Cash On Delivery
2006432007,2026-10-02 03:24:06,Oct 02,raneen,raneen,Drinkware,مج بورسلين بيمو كوك، 400 مل - ابيض اخضر,HO1153682WI1,2.0,39.0,78.0,3.9,74.1,KCH200,المنوفية,Cash On Delivery
2006432007,2026-10-02 03:24:06,Oct 02,raneen,raneen,Drinkware,طقم شوب عصير زجاج لومينارك، 6 قطع، 330 مل - شفاف,HO1144876CLR,2.0,200.0,400.0,20.0,380.0,KCH200,المنوفية,Cash On Delivery
2006432007,2026-10-02 03:24:06,Oct 02,raneen,raneen,Drinkware,طقم مج زجاج لومينارك، 6 قطع، 250 مل - شفاف,HO1137740CLR,2.0,170.0,340.0,17.0,323.0,KCH200,المنوفية,Cash On Delivery
2006432007,2026-10-02 03:24:06,Oct 02,raneen,raneen,Drinkware,طقم كاس زجاج بوهيميا، 18 قطعة - شفاف,HO1152115CLR,1.0,999.0,999.0,49.95,949.05,KCH200,المنوفية,Cash On Delivery
2006432001,2026-10-02 03:22:18,Oct 02,raneen,raneen,Kitchen Accessories,سبت مشابك بلاستيك مستطيل الهدى، 4 لتر - شفاف اخضر,HO1082000CL6,2.0,37.0,74.0,0.0,74.0,,القاهرة,Cash On Delivery
2006432001,2026-10-02 03:22:18,Oct 02,raneen,raneen,Kitchen Accessories,سبت مشابك بلاستيك مستطيل الهدي، 2 لتر - شفاف,HO1079409CL7,3.0,22.0,66.0,0.0,66.0,,القاهرة,Cash On Delivery
2006432001,2026-10-02 03:22:18,Oct 02,raneen,raneen,Cleaning Tools &amp; Supplies,طقم فوط مطبخ قطيفة، 30×30 سم، 5 قطع,HO1083570MC6,1.0,46.0,46.0,0.0,46.0,,القاهرة,Cash On Delivery
2006432001,2026-10-02 03:22:18,Oct 02,raneen,raneen,Baking Tools,طقم قمع بلاستيك فالمر، 3 قطع - متعدد الالوان,HO1098794TR1,1.0,77.0,77.0,0.0,77.0,,القاهرة,Cash On Delivery
2006432001,2026-10-02 03:22:18,Oct 02,raneen,raneen,Kitchenware,نشابة خشب زان، 45×5×5 سم - بيج,HO1130954BSC,1.0,74.0,74.0,0.0,74.0,,القاهرة,Cash On Delivery
2006432001,2026-10-02 03:22:18,Oct 02,MP,lifecare,Kitchenware,مقص متعدد الاستخدامات للأطعمة، مناسب للجوز والأطعمة البحرية، شفرات منحنية، مقص مطبخ متعدد الاستخدامات، مقص مطبخ بمقابض بلاستيكية، 2 قطعة,RAN-6WM8SPX,1.0,128.0,128.0,0.0,128.0,,القاهرة,Cash On Delivery
2006432001,2026-10-02 03:22:18,Oct 02,MP,grandmakaa,Baking Tools,قالب كيك تيفال، 30 سم -  من تيفال - احمر فاتح اسود,RAN-HU266SS,1.0,175.0,175.0,0.0,175.0,,القاهرة,Cash On Delivery
2006432001,2026-10-02 03:22:18,Oct 02,raneen,raneen,Baking Tools,قالب كب كيك تيفال، 12 عين، 30×45 سم - بيج تركواز,HO1143970LBL,1.0,115.0,115.0,0.0,115.0,,القاهرة,Cash On Delivery
2006432001,2026-10-02 03:22:18,Oct 02,raneen,raneen,Baking Tools,قالب كيك مستطيل الومنيوم الاهرام، مقاس 25 سم - فضي,HO1124333SLV,1.0,245.0,245.0,0.0,245.0,,القاهرة,Cash On Delivery
2006431998,2026-10-02 03:22:03,Oct 02,raneen,raneen,Dinnerware,طقم عشاء بورسلين لوتس دريم، 18 قطعة - ازرق فاتح ابيض,HO1106775MC1,1.0,999.0,999.0,49.95,949.05,kch200,المنوفية,Cash On Delivery
2006431998,2026-10-02 03:22:03,Oct 02,raneen,raneen,Dinnerware,طقم عشاء بورسلين مستدير لوتس، 18 قطعه - ابيض اسود,HO1110775WNB,2.0,999.0,1998.0,99.9,1898.1,kch200,المنوفية,Cash On Delivery
2006431998,2026-10-02 03:22:03,Oct 02,raneen,raneen,Dinnerware,طقم عشاء أركوبال أماراتى لومينارك، 24 قطعة - ابيض,HO1088626WIT,1.0,999.0,999.0,49.95,949.05,kch200,المنوفية,Cash On Delivery
2006431992,2026-10-02 03:21:27,Oct 02,raneen,raneen,Cookware,طقم حلل جرانيت ماربل جراندي كوك، 11 قطعة، غطاء ستانلس ستيل، مع هدية 2 قطعة توزيع - موف,HO1081180MV2,1.0,1499.0,1499.0,74.95,1424.05,kch200,أسيوط,Cash On Delivery
2006431992,2026-10-02 03:21:27,Oct 02,raneen,raneen,Laptop &amp; Computer Tables,ترابيزة لاب توب خشب بأرجل معدن العالمية، سهلة الطى، 60×40 سم - متعدد الالوان,HO1106687MO5,1.0,180.0,180.0,0.0,180.0,kch200,أسيوط,Cash On Delivery
2006431992,2026-10-02 03:21:27,Oct 02,raneen,raneen,Storage,طقم علب بقوليات بلاستيك، 6 قطع - رمادي داكن,HO1147695DGY,1.0,100.0,100.0,5.0,95.0,kch200,أسيوط,Cash On Delivery
2006431992,2026-10-02 03:21:27,Oct 02,raneen,raneen,Home &amp; Balcony Essentials,جزامة قماش العالمية، 5 ارفف، 60×30×90 سم - احمر داكن,HO1043923DRD,1.0,160.0,160.0,8.0,152.0,kch200,أسيوط,Cash On Delivery
2006431992,2026-10-02 03:21:27,Oct 02,raneen,raneen,Kitchenware,طقم مصفاه ستانلس ستيل مستديرة شيف كوك، 3 قطع - فضي,HO1119876SLV,1.0,100.0,100.0,5.0,95.0,kch200,أسيوط,Cash On Delivery
2006431992,2026-10-02 03:21:27,Oct 02,raneen,raneen,Storage,ترولى بلاستيك بيضاوي، 2 دور، 35×30 سم - بيج,HO1145834BEG,2.0,100.0,200.0,10.0,190.0,kch200,أسيوط,Cash On Delivery
2006431992,2026-10-02 03:21:27,Oct 02,raneen,raneen,Kitchenware,طقم برطمان توابل زجاج بغطاء بلاستيك، 15 قطعة، 120 مل، مزود بقمع تعبئة - اسود,HO1110579BLK,3.0,150.0,450.0,22.5,427.5,kch200,أسيوط,Cash On Delivery
2006431992,2026-10-02 03:21:27,Oct 02,raneen,raneen,Kitchenware,مطبقية بلاستيك بالطبق، 30.50×44×37 سم، 2 دور - اسود,HO1111810BNB,2.0,100.0,200.0,10.0,190.0,kch200,أسيوط,Cash On Delivery
2006431992,2026-10-02 03:21:27,Oct 02,raneen,raneen,Cleaning Tools &amp; Supplies,جردل مسح 2 عين بالغطاء بلاستيك سمارت حجازي بلاست، مزود بماسحة باركية، 2 غيار، 22×19×37 سم - بيج رمادي,HO1114685BG1,4.0,200.0,800.0,40.0,760.0,kch200,أسيوط,Cash On Delivery
2006431992,2026-10-02 03:21:27,Oct 02,raneen,raneen,Storage,طقم علب تخزين بلاستيك الهدى، 6 قطع - شفاف رمادي,HO1137690CL2,2.0,200.0,400.0,20.0,380.0,kch200,أسيوط,Cash On Delivery
2006431983,2026-10-02 03:15:44,Oct 02,raneen,raneen,Kitchenware,مجموعة أدوات المطبخ الخشبية، 6 قطع - خشبى,HO1025022BSC,1.0,231.0,231.0,11.55,219.45,kch200,القاهرة,Cash On Delivery
2006431983,2026-10-02 03:15:44,Oct 02,raneen,raneen,Kitchenware,مغرفة ستانلس ستيل روكى، 30 سم - فضى,HO1089202SLV,1.0,166.0,166.0,8.3,157.7,kch200,القاهرة,Cash On Delivery
2006431980,2026-10-02 03:13:59,Oct 02,raneen,raneen,Cookware,طقم حلل جرانيت جراندي كوك، 11 قطعة مع هدية 2 قطعة توزيع - اسود,HO1081180BLK,1.0,1499.0,1499.0,74.95,1424.05,KCH200,القاهرة,Cash On Delivery
2006431980,2026-10-02 03:13:59,Oct 02,raneen,raneen,Mixers &amp; Blenders,كبة كهربائية سوكاني، 300 وات، 2 لتر، SK-7006 - ابيض روز,EL1085131RS1,1.0,349.0,349.0,0.0,349.0,KCH200,القاهرة,Cash On Delivery
2006431980,2026-10-02 03:13:59,Oct 02,raneen,raneen,Serveware,طقم صواني تقديم ستانلس ستيل شيف كوك، 3 قطع - فضي,HO1091268SL2,1.0,100.0,100.0,5.0,95.0,KCH200,القاهرة,Cash On Delivery
2006431965,2026-10-02 03:10:27,Oct 02,raneen,raneen,Water Heaters,سخان مياه كهربائي اريستون، 50 لتر، RUBIS50VEG - ابيض,EL1129298WIT,3.0,3399.0,10197.0,0.0,10197.0,,الأقصر,Cash On Delivery
2006431962,2026-10-02 03:10:27,Oct 02,raneen,raneen,Televisions,تلفزيون سمارت سامسونج، 32 بوصة، LED ، HD، ريسيفر داخلي، ريموت كنترول، UA32H5000FUXEG - أسود,EL1137979BLK,2.0,8199.0,16398.0,0.0,16398.0,,أسوان,Cash On Delivery
2006431959,2026-10-02 03:09:21,Oct 02,raneen,raneen,Water Heaters,سخان مياه كهربائي اريستون، 50 لتر، RUBIS50VEG - ابيض,EL1129298WIT,3.0,3399.0,10197.0,0.0,10197.0,,الأقصر,Cash On Delivery
2006431956,2026-10-02 03:09:17,Oct 02,raneen,raneen,Kitchenware,مضرب بيض سيليكون بيد بلاستيك الشيف، 27 سم,HO1107263BLU,1.0,34.0,34.0,0.0,34.0,,الجيزة,Credit/Debit Card
2006431956,2026-10-02 03:09:17,Oct 02,raneen,raneen,Cookware,طقم حلل جرانيت الفا، 11 قطعة - نحاسي,HO1155015BLK,1.0,2999.0,2999.0,0.0,2999.0,,الجيزة,Credit/Debit Card
2006431956,2026-10-02 03:09:17,Oct 02,raneen,raneen,Cookware,طقم طاجن فخار، 3 قطع - بني,HO1103090BR1,1.0,55.0,55.0,0.0,55.0,,الجيزة,Credit/Debit Card
2006431956,2026-10-02 03:09:17,Oct 02,MP,brideshouse,Kitchenware,طقم توزيع سيليكون مودرن هوم، 6 قطع - زيتوني,brideshouse-239-74,1.0,617.0,617.0,0.0,617.0,,الجيزة,Credit/Debit Card
2006431953,2026-10-02 03:07:51,Oct 02,raneen,raneen,Water Heaters,سخان مياه كهربائي اريستون، 50 لتر، RUBIS50VEG - ابيض,EL1129298WIT,3.0,3399.0,10197.0,0.0,10197.0,,الأقصر,Cash On Delivery
2006431950,2026-10-02 03:06:23,Oct 02,raneen,raneen,Washers &amp; Dryer,غسالة ملابس وايت بوينت، 8.5 كجم، تحميل علوي، ديجيتال، WPTL85DGBA - رمادى فاتح,EL1148971LGY,1.0,8199.0,8199.0,0.0,8199.0,,القاهرة,Cash On Delivery
2006431950,2026-10-02 03:06:23,Oct 02,raneen,raneen,Water Heaters,سخان كهرباء اوليمبيك، 1500 وات، 50 لتر، OYE05061WN - ابيض,EL1094896WIT,1.0,3959.0,3959.0,0.0,3959.0,,القاهرة,Cash On Delivery
2006431950,2026-10-02 03:06:23,Oct 02,MP,primestore,Refrigerators &amp; Freezers,ثلاجة يونيون اير، نوفروست، 330 لتر، URN400DLBLBADTSRM - اسود,URN400DLBLBADTH-primestore,1.0,14403.0,14403.0,0.0,14403.0,,القاهرة,Cash On Delivery
2006431944,2026-10-02 03:03:28,Oct 02,raneen,raneen,Shoe Rack,جزامة خشب شيب بورد، 3 ارفف، 2 دلفة، ارجل بلاستيك، 80×32×97 سم - بيج اوف وايت,HO1122591BNW,1.0,1799.0,1799.0,0.0,1799.0,,الجيزة,Cash On Delivery
2006431941,2026-10-02 03:03:02,Oct 02,MP,craftfurniture,Center Table,ترابيزة وسط، خشب أم دي أف، 120×40×60 - بني,MZCTABLE2BRW-craftfurniture,1.0,1499.0,1499.0,0.0,1499.0,,الأسماعيلية,Cash On Delivery
2006431941,2026-10-02 03:03:02,Oct 02,MP,woodrate,Shoe Rack,جزامة خشبية ام دي اف، 90x120x35 سم - بني ابيض,MP1011,1.0,2799.0,2799.0,0.0,2799.0,,الأسماعيلية,Cash On Delivery
2006431935,2026-10-02 03:01:19,Oct 02,MP,hometech2024,Drinkware,زجاجة مياه للأطفال 600 مل خالية من BPA بحامل للرقبة وشفاطة لسهولة الشرب سهلة الفتح للأطفال ألوان مناسبة للبنات,RAN-VKGSZX6,1.0,175.0,175.0,0.0,175.0,F150,سوهاج,Cash On Delivery
2006431935,2026-10-02 03:01:19,Oct 02,MP,hometech2024,Drinkware,زجاجة مياه للأطفال 600 مل خالية من BPA بحامل للرقبة وشفاطة لسهولة الشرب سهلة الفتح للأطفال ألوان مناسبة للبنات,RAN-8Y6CTKW,1.0,175.0,175.0,0.0,175.0,F150,سوهاج,Cash On Delivery
2006431935,2026-10-02 03:01:19,Oct 02,raneen,raneen,Storage,لانش بوكس بلاستيك جوندول، 2 دور، 15×15×9 سم، بالاضافة الي ملعقة وشوكة - تركواز,HO1135726TRQ,2.0,100.0,200.0,0.0,200.0,F150,سوهاج,Cash On Delivery
2006431935,2026-10-02 03:01:19,Oct 02,MP,kidsshop,Nursery Furniture &amp; Decor,لعبة مرجيحة اطفال بلال بلاست، 53×105 سم - ازرق,110011-kidsshop,1.0,650.0,650.0,0.0,650.0,F150,سوهاج,Cash On Delivery
2006431935,2026-10-02 03:01:19,Oct 02,MP,molanafortraining,Baby Care,سلم بوتى مقعد حمام تدريب الأطفال مع سلم (بينك ) | مقابض جانبية وسلم متكامل,RAN-BFC8ABZ,1.0,678.0,678.0,0.0,678.0,F150,سوهاج,Cash On Delivery
2006431935,2026-10-02 03:01:19,Oct 02,MP,coktailstore,Baby Care,مضخة الثدي الكهربائية المحمولة من تيكهوم مع 3 وضعيات و9 مستويات شفط، صامتة وخفيفة مع قاعدة سيليكون 24 مم 200 مل، لجمع الحليب براحة,RAN-Y3WPAVV,1.0,949.0,949.0,0.0,949.0,F150,سوهاج,Cash On Delivery
2006431935,2026-10-02 03:01:19,Oct 02,raneen,raneen,Kids Bags,شنطة حضانة ووتر بروف للبنات، 2 سوستة، 30×23 سم، بالاضافة الي مقلمة صغيرة - موف,HO1154839MC3,2.0,299.0,598.0,29.9,568.1,F150,سوهاج,Cash On Delivery
2006431932,2026-10-02 03:01:09,Oct 02,raneen,raneen,Televisions,تلفزيون سمارت سامسونج، 32 بوصة، LED ، HD، ريسيفر داخلي، ريموت كنترول، UA32H5000FUXEG - أسود,EL1137979BLK,1.0,8199.0,8199.0,0.0,8199.0,,الأقصر,Cash On Delivery
2006431929,2026-10-02 02:59:53,Oct 02,raneen,raneen,Washers &amp; Dryer,غسالة ملابس فول اوتوماتيك فريش ، انفرتر،  7 كيلو  ، BLDS 23158 - اسود,EL1155973BLK,1.0,15099.0,15099.0,1000.0,14099.0,FR1000,المنيا,Cash On Delivery
2006431926,2026-10-02 02:58:22,Oct 02,raneen,raneen,Baking Tools,طقم قطاعة عجين ستانلس ستيل، 12 قطعه - فضي,HO1048713SLV,1.0,67.0,67.0,0.0,67.0,,القاهرة,Cash On Delivery
2006431926,2026-10-02 02:58:22,Oct 02,MP,lightcart,Kitchenware,مصفاة خضار بلاستيك ، 4.5 كوارت - أبيض أخضر,EIB-56867-LIGHT-CARD-6890,1.0,275.0,275.0,0.0,275.0,,القاهرة,Cash On Delivery
2006431926,2026-10-02 02:58:22,Oct 02,raneen,raneen,Bed Sheets,طقم ملاية سرير مايكروفايبر شنغاهاي، 4 قطع، 210×235 سم، 1200 جرام - متعدد الالوان,TX1136225MU6,1.0,279.0,279.0,0.0,279.0,,القاهرة,Cash On Delivery
2006431926,2026-10-02 02:58:22,Oct 02,raneen,raneen,Bed Sheets,طقم ملاية سرير مايكروفايبر، 4 قطع، 220×240 سم، 800 جرام - متعدد الالوان,TX1154433MC0,1.0,219.0,219.0,0.0,219.0,,القاهرة,Cash On Delivery
2006431926,2026-10-02 02:58:22,Oct 02,MP,linesleep,Bed Sheets,طقم ملايه سرير لاين سليب ميكروفايبر، 3 قطعة، 220×240 سم - متعدد الالوان,LS-L-105-1-Multicolor,1.0,435.0,435.0,0.0,435.0,,القاهرة,Cash On Delivery
2006431914,2026-10-02 02:54:39,Oct 02,MP,ammerkatosh,Suction Fan,شفاط حائط فريش، 30 سم، 37 وات، 500004530 - ابيض,500004530-ammerkatosh,1.0,1149.0,1149.0,0.0,1149.0,,الأقصر,Cash On Delivery
2006431911,2026-10-02 02:53:52,Oct 02,MP,evotech,Security &amp; Surveillance Systems,مجموعة كاميرات مراقبة هاي لوك، (2) كاميرا خارجية بدقة 2 ميجابكسل + (2) كاميرا داخلية، بدقة 2 ميجابكسل + مسجل فيديو رقمي تيربو دي في ار هاى لوك، 4 قنوات، 1080 بيكسل، 5 قطع، THC-B120-PC / THC-T120-PC/ DDVR-104G-M1 - أبيض,EVOTECH-SYSTEM-1,1.0,3505.0,3505.0,0.0,3505.0,,الدقهلية,Cash On Delivery
2006431908,2026-10-02 02:52:52,Oct 02,MP,radiotalaat,Water Filters,فلتر مياه تانك باور بلس، 5 مراحل - ابيض,4650,1.0,1599.0,1599.0,79.95,1519.05,KCH200,الجيزة,Cash On Delivery
2006431908,2026-10-02 02:52:52,Oct 02,raneen,raneen,Knife &amp; Cutters,طقم سكاكين ستانلس ستيل باس، 7 قطع، بالاضافة الي ستاند - اسود فضي,HO1144723BK5,1.0,749.0,749.0,37.45,711.55,KCH200,الجيزة,Cash On Delivery
2006431908,2026-10-02 02:52:52,Oct 02,raneen,raneen,Cutlery &amp; Flatware Set,طقم ادوات مائده ستانلس ستيل فالمر، 24 قطعة - فضي ذهبي,HO1143361SL1,1.0,999.0,999.0,49.95,949.05,KCH200,الجيزة,Cash On Delivery
2006431902,2026-10-02 02:52:51,Oct 02,raneen,raneen,Televisions,تلفزيون تروما، 32 بوصة، TR3202 ،HD - اسود,EL1096626BLK,2.0,4799.0,9598.0,0.0,9598.0,,كفر الشيخ,Cash On Delivery
2006431899,2026-10-02 02:52:03,Oct 02,raneen,raneen,Dinnerware,طقم أطباق عميقة نيكل كروم، 6 قطع، 18.5 سم - فضي,HO1143440SLV,1.0,100.0,100.0,0.0,100.0,,الجيزة,Cash On Delivery
2006431899,2026-10-02 02:52:03,Oct 02,raneen,raneen,Serveware,طقم صوانى تقديم ستانلس ستيل شيف كوك، 5 قطع - فضي,HO1109915SLV,1.0,200.0,200.0,0.0,200.0,,الجيزة,Cash On Delivery
2006431899,2026-10-02 02:52:03,Oct 02,raneen,raneen,Cookware,صينية بسكويت المونيوم الاهرام، 40×30 سم - فضي,HO1109794SLV,1.0,465.0,465.0,0.0,465.0,,الجيزة,Cash On Delivery
2006431899,2026-10-02 02:52:03,Oct 02,raneen,raneen,Baking Tools,صاج فرن مربع المونيوم الزنوكى، 32 سم - فضي,HO1007276SLV,1.0,325.0,325.0,0.0,325.0,,الجيزة,Cash On Delivery
2006431899,2026-10-02 02:52:03,Oct 02,raneen,raneen,Cookware,صينية بسكويت الومنيوم مستطيلة ماجيك، 30 سم - فضي,HO1115370SLV,1.0,100.0,100.0,0.0,100.0,,الجيزة,Cash On Delivery
2006431899,2026-10-02 02:52:03,Oct 02,raneen,raneen,Kitchenware,منظم درج شوك وملاعق اليت، 35×27 سم - ابيض,HO1097609WI1,1.0,75.0,75.0,0.0,75.0,,الجيزة,Cash On Delivery
2006431899,2026-10-02 02:52:03,Oct 02,raneen,raneen,Cleaning Tools &amp; Supplies,غيار ارضيات قطن رينامورا - ابيض,HO1083100WIT,1.0,106.0,106.0,0.0,106.0,,الجيزة,Cash On Delivery
2006431899,2026-10-02 02:52:03,Oct 02,raneen,raneen,Cleaning Tools &amp; Supplies,فرشاة تنظيف بلاستيك بدون يد ويزي، 17 سم - اخضر رمادي,HO1121995GRN,1.0,120.0,120.0,0.0,120.0,,الجيزة,Cash On Delivery
2006431896,2026-10-02 02:51:59,Oct 02,raneen,raneen,Cleaning Tools &amp; Supplies,جردل تنظيف بلاستيك بالعصارة، 25 لتر - موف,HO1145815MOV,1.0,115.0,115.0,5.75,109.25,kCH200,القليوبية,Cash On Delivery
2006431896,2026-10-02 02:51:59,Oct 02,MP,katoshappliances,Water Heaters,سخان مياه كهربائي فينوس، 50 لتر، أبيض - 500004651,omnour14-katosh,1.0,3299.0,3299.0,0.0,3299.0,kCH200,القليوبية,Cash On Delivery
2006431896,2026-10-02 02:51:59,Oct 02,MP,globalelectronic,Cookers,بوتاجاز جلوبال الكترونكس، 4 شعلة، 55×55 سم، ستانلس ستيل كامل، اشعال ذاتى، شوايه - فضي اسود,GLO55-02,1.0,4950.0,4950.0,0.0,4950.0,kCH200,القليوبية,Cash On Delivery
2006431890,2026-10-02 02:50:07,Oct 02,raneen,raneen,Water Dispenser,مبرد مياة ايه تي ايه ، 3 حنفية ، بارد ساخن - ابيض,EL1116791WI1,1.0,4560.0,4560.0,0.0,4560.0,,الجيزة,Paymob Wallet
2006431887,2026-10-02 02:47:26,Oct 02,MP,woodenfurniture,Center Table,ترابيزة وسط مودرن خشب ام دي اف، 80×40×45 سم - بني اسود,MFnct14fu-wooden,1.0,1099.0,1099.0,0.0,1099.0,,الجيزة,Cash On Delivery
2006431881,2026-10-02 02:43:54,Oct 02,MP,mastoree,Water Filters Accessories,شمعة فلتر مياه بريتيش بركلفلد - متعدد الألوان,she1.white-mastoree,1.0,359.0,359.0,0.0,359.0,,القاهرة,Cash On Delivery
2006431878,2026-10-02 02:42:38,Oct 02,raneen,raneen,Televisions,تلفزيون سمارت سامسونج، 32 بوصة، LED ، HD، ريسيفر داخلي، ريموت كنترول، UA32H5000FUXEG - أسود,EL1137979BLK,1.0,8199.0,8199.0,0.0,8199.0,,البحيرة,Cash On Delivery
2006431872,2026-10-02 02:42:03,Oct 02,raneen,raneen,Cookware,طقم حلل تيفلون تروفال، 15 قطعة - احمر داكن,HO1063336DRD,1.0,3299.0,3299.0,164.95,3134.05,KCH200,الأسكندرية,Cash On Delivery
2006431866,2026-10-02 02:35:55,Oct 02,raneen,raneen,Bed Sheets,طقم ملاية لازورد، 4 قطع، 215×235 سم - متعدد الالوان,TX1022398MT7,1.0,189.0,189.0,9.45,179.55,tex200,القاهرة,Cash On Delivery
2006431866,2026-10-02 02:35:55,Oct 02,raneen,raneen,Bed Sheets,طقم ملاية سرير، 3 قطع، 240×170 سم، 650 جرام - متعدد الالوان,TX1140094ML1,1.0,149.0,149.0,7.45,141.55,tex200,القاهرة,Cash On Delivery
2006431866,2026-10-02 02:35:55,Oct 02,raneen,raneen,Bed Sheets,طقم ملاية لازورد، 4 قطع، 215×235 سم - متعدد الالوان,TX1022398MT0,1.0,189.0,189.0,9.45,179.55,tex200,القاهرة,Cash On Delivery
2006431866,2026-10-02 02:35:55,Oct 02,raneen,raneen,Bed Sheets,طقم ملاية اطفال لازورد، 3 قطع، 170×240 سم - متعدد الالوان,TX1048853GN2,1.0,149.0,149.0,7.45,141.55,tex200,القاهرة,Cash On Delivery
2006431866,2026-10-02 02:35:55,Oct 02,raneen,raneen,Bed Sheets,طقم ملاية لازورد، 4 قطع، 215×235 سم - متعدد الالوان,TX1022398ME3,1.0,189.0,189.0,9.45,179.55,tex200,القاهرة,Cash On Delivery
2006431866,2026-10-02 02:35:55,Oct 02,raneen,raneen,Bed Sheets,طقم ملاية لازورد، 4 قطع، 215×235 سم - متعدد الالوان,TX1022398ME6,2.0,189.0,378.0,18.9,359.1,tex200,القاهرة,Cash On Delivery
2006431854,2026-10-02 02:28:52,Oct 02,MP,mobileplus,Mobile Phones,موبايل سمارت انفنكس نوت ايدج ، 8 جيجا رام ، 256 جيجا بايت ، شريحتين اتصال ، شبكه الجيل الخامس - اسود,infinixnoteedge5g8256shadowblack,1.0,14199.0,14199.0,0.0,14199.0,,الأسكندرية,Cash On Delivery
2006431845,2026-10-02 02:26:55,Oct 02,raneen,raneen,Cookware,طقم حلل بغطاء زجاج تيفال اكس ال، 12 قطعة - بني,HO1129937BR1,1.0,6499.0,6499.0,200.0,6299.0,KCH200,سوهاج,Cash On Delivery
2006431842,2026-10-02 02:25:40,Oct 02,MP,capitaltecheg,Cookers,بوتاجاز غاز تكنو جلاكسي، 4 شعله ، 55×55سم، ستانلس ستيل، Tg-4burner-gas- فضي,Tg-4burner-gas-capitaltecheg,1.0,3849.0,3849.0,0.0,3849.0,,القاهرة,Cash On Delivery
2006431839,2026-10-02 02:25:15,Oct 02,MP,hamzastore,Security &amp; Surveillance Systems,كاميرا مراقبة إيزفيز، عدسات مزدوجة 3K، تحكم بلمسة واحدة، CS-H9c-R100-8G55WKFL - أبيض,N70118605V,2.0,4150.0,8300.0,0.0,8300.0,,البحيرة,Cash On Delivery
2006431833,2026-10-02 02:21:51,Oct 02,raneen,raneen,Drinkware,طقم كاسات زجاج ليمي، 6 قطع، 400 مل - شفاف,HO1148982CLR,1.0,115.0,115.0,5.75,109.25,kch200 ,القاهرة,Cash On Delivery
2006431833,2026-10-02 02:21:51,Oct 02,raneen,raneen,Storage,ترولى راتان بشاسيه خشب، 3 دور، 30×40×100 سم - بني بيج,HO1107439ML4,1.0,349.0,349.0,17.45,331.55,kch200 ,القاهرة,Cash On Delivery
2006431830,2026-10-02 02:21:21,Oct 02,MP,lifecare,Vacuum Cleaners,مكنسة كهربائية صغيرة لاسلكية بوظيفة شفط ونفخ/مصباح LED، لتنظيف السيارة والمنزل والمكتب وللحيوانات الأليفة، تنظيف الفرش ,RAN-QYFGUYX,1.0,181.0,181.0,0.0,181.0,,الأسماعيلية,Cash On Delivery
2006431827,2026-10-02 02:19:12,Oct 02,raneen,raneen,Microwaves &amp; Ovens,فرن كهربائي كريستال فريش، 48 لتر، 2000 وات، FR-4803RCL - اسود فضي,EL1131514BLK,1.0,2839.0,2839.0,0.0,2839.0,,القليوبية,Cash On Delivery
2006431827,2026-10-02 02:19:12,Oct 02,MP,attallah,Cookers,بوتاجاز غاز برستيج يونيون جاز، 5 شعله ، اشعال ذاتي، شواية، فرن، شاشة ديجيتال، 60×85 سم - اسود ذهبي,234-attallah,1.0,8499.0,8499.0,0.0,8499.0,,القليوبية,Cash On Delivery
2006431824,2026-10-02 02:19:03,Oct 02,MP,elitefortrade,Laptops &amp; Notebooks,أسوس Vivobook 16 X1607CA-MB155W - معالج Intel Ultra 5 225H - رام 16 جيجابايت DDR5 - تخزين 512 جيجابايت NVMe SSD - شاشة 16 بوصة بدقة WUXGA - نظام تشغيل ويندوز 11 - لون فضي,20539,1.0,42780.0,42780.0,300.0,42480.0,TOP300,الشرقية,Cash On Delivery
2006431821,2026-10-02 02:17:33,Oct 02,raneen,raneen,Cleaning Tools &amp; Supplies,جردل مسح 2 عين بالغطاء بلاستيك سمارت حجازي بلاست، مزود بماسحة باركية، 2 غيار، 22×19×37 سم - بيج رمادي,HO1114685BG1,1.0,200.0,200.0,0.0,200.0,,القاهرة,Cash On Delivery
2006431821,2026-10-02 02:17:33,Oct 02,raneen,raneen,Bowl,بولة بورسلين مستديرة شكل مقلاية، 14 سم - اخضر روز,HO1146321WI1,1.0,135.0,135.0,0.0,135.0,,القاهرة,Cash On Delivery
2006431821,2026-10-02 02:17:33,Oct 02,raneen,raneen,Drinkware,كوب عصير زجاج، 500 مل - شفاف,HO1156528CLR,1.0,19.0,19.0,0.0,19.0,,القاهرة,Cash On Delivery
2006431821,2026-10-02 02:17:33,Oct 02,raneen,raneen,Drinkware,كوب عصير زجاج، 400 مل - شفاف,HO1129659CL1,4.0,19.0,76.0,0.0,76.0,,القاهرة,Cash On Delivery
2006431821,2026-10-02 02:17:33,Oct 02,raneen,raneen,Drinkware,مج بورسلين، 400 مل - ابيض احمر,HO1143959WI2,1.0,50.0,50.0,0.0,50.0,,القاهرة,Cash On Delivery
2006431821,2026-10-02 02:17:33,Oct 02,raneen,raneen,Dinnerware,طبق بورسلين عميق مربع بيدين، 23 سم - روز اخضر,HO1146279WI1,1.0,165.0,165.0,0.0,165.0,,القاهرة,Cash On Delivery
2006431821,2026-10-02 02:17:33,Oct 02,raneen,raneen,Dinnerware,طبق بورسلين عميق مربع، شكل قلاية، 22.5 سم - ابيض روز,HO1146360WI1,1.0,100.0,100.0,0.0,100.0,,القاهرة,Cash On Delivery
2006431821,2026-10-02 02:17:33,Oct 02,raneen,raneen,Bowl,طقم بولة بورسلين مستديرة، 6 قطع، 11 سم - متعدد الالوان,HO1138786MC1,1.0,200.0,200.0,0.0,200.0,,القاهرة,Cash On Delivery
2006431821,2026-10-02 02:17:33,Oct 02,raneen,raneen,Bowl,طقم بولة بورسلين، 4 قطع، 10 سم - متعدد الألوان,HO1156041MC1,1.0,135.0,135.0,0.0,135.0,,القاهرة,Cash On Delivery
2006431818,2026-10-02 02:15:58,Oct 02,raneen,raneen,Bed Sheets,طقم ملاية سرير، 5 قطع، 220×240 سم,TX1048610MH6,1.0,219.0,219.0,0.0,219.0,,القاهرة,Cash On Delivery
2006431818,2026-10-02 02:15:58,Oct 02,raneen,raneen,Bed Sheets,طقم ملاية سرير، 5 قطع، 220×240 سم,TX1048610NV3,1.0,219.0,219.0,0.0,219.0,,القاهرة,Cash On Delivery
2006431818,2026-10-02 02:15:58,Oct 02,raneen,raneen,Bed Sheets,طقم ملاية سرير، 5 قطع، 220×240 سم,TX1048610NV2,1.0,219.0,219.0,0.0,219.0,,القاهرة,Cash On Delivery
2006431818,2026-10-02 02:15:58,Oct 02,raneen,raneen,Bed Sheets,طقم ملاية سرير، 5 قطع، 220×240 سم,TX1048610MR8,1.0,249.0,249.0,0.0,249.0,,القاهرة,Cash On Delivery
2006431818,2026-10-02 02:15:58,Oct 02,raneen,raneen,Bed Sheets,طقم ملاية سرير، 5 قطع، 220×240 سم,TX1048610MS2,2.0,219.0,438.0,0.0,438.0,,القاهرة,Cash On Delivery
2006431818,2026-10-02 02:15:58,Oct 02,raneen,raneen,Bed Sheets,طقم ملاية سرير، 5 قطع، 220×240 سم,TX1048610MH8,2.0,219.0,438.0,0.0,438.0,,القاهرة,Cash On Delivery
2006431815,2026-10-02 02:15:05,Oct 02,MP,lifecare,Drinkware,مج حراري Owala سعة 710مل - تصميم أنيق وعزل مزدوج - غطاء محكم - أبيض,RAN-MW46FGN,1.0,800.0,800.0,0.0,800.0,,القاهرة,Cash On Delivery
2006431812,2026-10-02 02:12:59,Oct 02,raneen,raneen,Bedding,دفاية سرير قطيفة نانا سيكريت، 220×150 سم، 470 جرام - احمر داكن,TX1156543MA8,1.0,99.0,99.0,0.0,99.0,,القاهرة,Cash On Delivery
2006431803,2026-10-02 02:11:58,Oct 02,raneen,raneen,Cleaning Tools &amp; Supplies,باسكت قمامة بلاستيك بغطاء تاتش حجازي، 7 لتر- ابيض بيج,HO1147789WIT,1.0,135.0,135.0,0.0,135.0,,الجيزة,Paymob Wallet
2006431797,2026-10-02 02:08:55,Oct 02,raneen,raneen,Drinkware,طقم زجاج فيرست وان، 24 قطعه - شفاف,HO1115388CLR,1.0,200.0,200.0,0.0,200.0,,الجيزة,Cash On Delivery
2006431797,2026-10-02 02:08:55,Oct 02,raneen,raneen,Dinnerware,طقم عشاء أركوبال اماراتي لومينارك، 26 قطعة - ابيض,HO1124768WI1,1.0,1199.0,1199.0,0.0,1199.0,,الجيزة,Cash On Delivery
2006431791,2026-10-02 02:07:58,Oct 02,raneen,raneen,Bed Sheets,طقم ملاية سرير، 5 قطع، 220×240 سم,TX1048610WR5,1.0,219.0,219.0,10.95,208.05,TEX200,القاهرة,Cash On Delivery
2006431791,2026-10-02 02:07:58,Oct 02,raneen,raneen,Bed Sheets,طقم ملاية سرير، 5 قطع، 220×240 سم,TX1048610MH8,1.0,219.0,219.0,10.95,208.05,TEX200,القاهرة,Cash On Delivery
2006431791,2026-10-02 02:07:58,Oct 02,raneen,raneen,Shoe Rack,جزامة خشب شيب بورد، 3 ارفف، 2 دلفة، ارجل بلاستيك، 60×32×89 سم - بني,HO1145380BRN,1.0,1149.0,1149.0,0.0,1149.0,TEX200,القاهرة,Cash On Delivery
2006431785,2026-10-02 02:06:05,Oct 02,MP,razgallery,Pillows,مخدة طويلة فايبر، 100 سم - ابيض,Mp100Cm-Wit -razgallery,2.0,269.0,538.0,0.0,538.0,,الجيزة,Cash On Delivery
2006431776,2026-10-02 02:02:12,Oct 02,raneen,raneen,Kitchenware,طقم برطمان توابل زجاج روز وود، 16 قطعة، بالأضافة الى استاند دوار خشب زان، 20×20×27 سم - خشبي فضي,HO1144067BNC,1.0,299.0,299.0,6.95,292.05,KCH200,المنيا,Cash On Delivery
2006431776,2026-10-02 02:02:12,Oct 02,raneen,raneen,Home Decor,طقم زجاج سيتي جلاس، 4 قطع - شفاف,HO1094659CLR,1.0,599.0,599.0,13.92,585.08,KCH200,المنيا,Cash On Delivery
2006431776,2026-10-02 02:02:12,Oct 02,raneen,raneen,Cleaning Tools &amp; Supplies,سبت غسيل بلاستيك سونى بيور، 42×30 سم، 36 لتر - تركواز,HO1098331TR1,1.0,60.0,60.0,1.4,58.6,KCH200,المنيا,Cash On Delivery
2006431776,2026-10-02 02:02:12,Oct 02,raneen,raneen,Cleaning Tools &amp; Supplies,سبت غسيل بلاستيك سونى بيور، 42×30 سم - موف,HO1098331MV1,1.0,60.0,60.0,1.4,58.6,KCH200,المنيا,Cash On Delivery
2006431776,2026-10-02 02:02:12,Oct 02,raneen,raneen,Cleaning Tools &amp; Supplies,سبت غسيل بلاستيك سونى بيور، 42×30 سم، 36 لتر - ازرق فاتح,HO1098331PT1,1.0,60.0,60.0,1.4,58.6,KCH200,المنيا,Cash On Delivery
2006431776,2026-10-02 02:02:12,Oct 02,raneen,raneen,Cutlery &amp; Flatware Set,طقم ادوات مائده ستانلس ستيل ارشا، 87 قطعه - فضي,HO1118789SV5,1.0,999.0,999.0,23.23,975.77,KCH200,المنيا,Cash On Delivery
2006431776,2026-10-02 02:02:12,Oct 02,raneen,raneen,Cookware,طقم حلل جيرانيت كازان، 10 قطع - بيج,HO1131044BEG,1.0,5999.0,5999.0,139.47,5859.53,KCH200,المنيا,Cash On Delivery
2006431776,2026-10-02 02:02:12,Oct 02,raneen,raneen,Drinkware,طقم مج بورسلين لوتس، 3 قطع، 300 مل - متعدد الالوان,HO1131402MC7,1.0,109.0,109.0,2.54,106.46,KCH200,المنيا,Cash On Delivery
2006431776,2026-10-02 02:02:12,Oct 02,raneen,raneen,Drinkware,طقم مج بورسلين لوتس، 3 قطع، 300 مل - متعدد الالوان,HO1131402MC2,2.0,109.0,218.0,5.07,212.93,KCH200,المنيا,Cash On Delivery
2006431776,2026-10-02 02:02:12,Oct 02,MP,hawaiihomeappliance,Kettles,غلاية كهربائية هاواي بسعة 2 لتر وقوة 1500 واط، جسم بيركس، مؤشر LED، سخان من الفولاذ المقاوم للصدأ,MP--B0DPLM2ZRV,1.0,685.0,685.0,0.0,685.0,KCH200,المنيا,Cash On Delivery
2006431776,2026-10-02 02:02:12,Oct 02,raneen,raneen,Drinkware,طقم اكواب اكواتك، 18 قطعة - شفاف,HO1093911CLR,1.0,200.0,200.0,4.65,195.35,KCH200,المنيا,Cash On Delivery
2006431767,2026-10-02 01:59:16,Oct 02,raneen,raneen,Bowl,طقم بولة مستدير زجاج قنديل، 6 قطع، 10 سم - شفاف,HO1136604CLR,4.0,85.0,340.0,17.0,323.0,KCH200,القاهرة,Cash On Delivery
2006431764,2026-10-02 01:58:48,Oct 02,MP,hadymix,Shoe Rack,جزامة خشب شيب بورد، 2 درفة، 30x60x90 سم - بني,Hadymix-11011,1.0,999.0,999.0,0.0,999.0,,القاهرة,Cash On Delivery
2006431743,2026-10-02 01:53:51,Oct 02,raneen,raneen,Bed Sheets,طقم ملايه قماش مطبوع، 4 قطع، 215×235 سم,TX1017810BK2,1.0,189.0,189.0,9.45,179.55,TEX200,قنا,Cash On Delivery
2006431743,2026-10-02 01:53:51,Oct 02,raneen,raneen,Bed Sheets,طقم ملايه قماش مطبوع، 4 قطع، 215×235 سم,TX1017810MK4,1.0,189.0,189.0,9.45,179.55,TEX200,قنا,Cash On Delivery
2006431743,2026-10-02 01:53:51,Oct 02,raneen,raneen,Bed Sheets,طقم ملايه قماش مطبوع، 4 قطع، 215×235 سم,TX1017810MT6,1.0,272.0,272.0,13.6,258.4,TEX200,قنا,Cash On Delivery
2006431743,2026-10-02 01:53:51,Oct 02,raneen,raneen,Bed Sheets,طقم ملايه قماش مطبوع، 4 قطع، 215×235 سم,TX1017810MS0,1.0,189.0,189.0,9.45,179.55,TEX200,قنا,Cash On Delivery
2006431743,2026-10-02 01:53:51,Oct 02,raneen,raneen,Bed Sheets,طقم ملايه قماش مطبوع، 4 قطع، 215×235 سم,TX1017810ME2,1.0,272.0,272.0,13.6,258.4,TEX200,قنا,Cash On Delivery
2006431743,2026-10-02 01:53:51,Oct 02,raneen,raneen,Bed Sheets,طقم ملايه قماش مطبوع، 4 قطع، 215×235 سم,TX1017810OL6,1.0,189.0,189.0,9.45,179.55,TEX200,قنا,Cash On Delivery
2006431740,2026-10-02 01:53:13,Oct 02,MP,comfyrelaxation,Bean Bags,بين باج جلد كومفي ريلاكسيشن،85×80×85 - بني,MZRL3BRW,1.0,1799.0,1799.0,0.0,1799.0,,الجيزة,valU
2006431731,2026-10-02 01:51:00,Oct 02,MP,elriada,Ladders &amp; Clothes Dryer,منشر غسيل بلاستيك بريمير ، 182×88×55 سم - فضى,sawmill ELRIADA-b,1.0,1020.0,1020.0,51.0,969.0,KCH200,القاهرة,Cash On Delivery
2006431728,2026-10-02 01:49:16,Oct 02,MP,coktailstore,Cleaning Tools &amp; Supplies,فرشه تواليت بغيارات لتعقيم التواليت,RAN-EQ6TH9D,2.0,220.0,440.0,0.0,440.0,,القاهرة,Cash On Delivery
2006431722,2026-10-02 01:47:48,Oct 02,MP,lightcart,Storage &amp; Organization,شماعة ملابس معدن مع رف سفلي - أسود,EIB-56754-LIGHT-CARD-6777,1.0,645.63,645.63,0.0,645.63,,الغربية,Cash On Delivery
4000170410,2026-10-02 01:47:29,Oct 02,MP,alaaeldin,Activities &amp; Books,"Surpn Educational Design Flash Cards, 384 Pieces - Multicolor",MA-NUMH-TEXG,1.0,190.0,190.0,0.0,190.0,,القاهرة,Credit/Debit Card
4000170410,2026-10-02 01:47:29,Oct 02,raneen,raneen,Cleaning Tools &amp; Supplies,"York Plastic Floor Broom, Metal Handle, 110 cm - Petrol Black",HO1126702PNB,1.0,243.0,243.0,0.0,243.0,,القاهرة,Credit/Debit Card
4000170410,2026-10-02 01:47:29,Oct 02,MP,coktailstore,Cleaning Tools &amp; Supplies,360° Rotatable Glass Window Squeegee with Long Handle - Blue Granite,RAN-E6Y2729,1.0,119.0,119.0,0.0,119.0,,القاهرة,Credit/Debit Card
4000170410,2026-10-02 01:47:29,Oct 02,raneen,raneen,Cleaning Tools &amp; Supplies,"El Helal &amp; Star Floor Wiper, small size - White",HO1006021WIT,1.0,76.0,76.0,0.0,76.0,,القاهرة,Credit/Debit Card
4000170410,2026-10-02 01:47:29,Oct 02,raneen,raneen,Cleaning Tools &amp; Supplies,"Wood Broom Handle, 120 cm - Brown",HO1042929BSC,1.0,26.0,26.0,0.0,26.0,,القاهرة,Credit/Debit Card
4000170410,2026-10-02 01:47:29,Oct 02,MP,coktailstore,Cleaning Tools &amp; Supplies,Microfiber Spray Mop Grey 360° Rotating Head with 2 Washable Pads for Hardwood Tile Floors,RAN-QFBG7YC,1.0,295.0,295.0,0.0,295.0,,القاهرة,Credit/Debit Card
4000170410,2026-10-02 01:47:29,Oct 02,MP,ikea,Cleaning Tools &amp; Supplies,"Ikea Toilet Brush, Pullman, Plastic, 10X40 cm - Black",3L8R5CQ99ZUB,1.0,170.0,170.0,0.0,170.0,,القاهرة,Credit/Debit Card
2006431719,2026-10-02 01:47:27,Oct 02,raneen,raneen,Serveware,طقم صينية تقديم بلاستيك مستطيل الهدي، 3 قطع,HO1132539MO8,1.0,115.0,115.0,5.75,109.25,KCH200,القاهرة,Cash On Delivery
2006431719,2026-10-02 01:47:27,Oct 02,raneen,raneen,Cookware,طقم حلل جرانيت جراندي كوك، 11 قطعة مع هدية 2 قطعة توزيع - اسود,HO1081180BLK,1.0,1499.0,1499.0,74.95,1424.05,KCH200,القاهرة,Cash On Delivery
2006431704,2026-10-02 01:40:34,Oct 02,raneen,raneen,Bedding,دفاية قطيفة نانا سيكريت، 220×240 سم، 800 جرام ,TX1134551BG2,1.0,279.0,279.0,13.95,265.05,TEX200,القاهرة,Cash On Delivery
2006431704,2026-10-02 01:40:34,Oct 02,raneen,raneen,Bedding,دفاية فرو ساراتوجا سادة، 210×240 سم ، 1500 جرام تقريباً,TX1154684CAF,2.0,299.0,598.0,29.9,568.1,TEX200,القاهرة,Cash On Delivery
2006431704,2026-10-02 01:40:34,Oct 02,raneen,raneen,Bedding,دفاية فرو ساراتوجا سادة، 210×240 سم ، 1500 جرام تقريباً,TX1065289KSH,1.0,299.0,299.0,14.95,284.05,TEX200,القاهرة,Cash On Delivery
2006431704,2026-10-02 01:40:34,Oct 02,raneen,raneen,Bedding,دفاية سرير قطيفة نانا سيكريت، 220×150 سم، 470 جرام - رمادي اسود,TX1156543MC8,2.0,99.0,198.0,9.9,188.1,TEX200,القاهرة,Cash On Delivery
4000170407,2026-10-02 01:39:09,Oct 02,raneen,raneen,Smart Watches,"Connectme SP 9 Ultra Max Smartwatch, 49mm, 2.01 inch Display, Wireless Charger - Silver",EL1128884MC1,1.0,375.0,375.0,0.0,375.0,,المنيا,Cash On Delivery
2006431698,2026-10-02 01:39:01,Oct 02,MP,attallah,Mixers &amp; Blenders,كبة و مفرمة سوكاني، وعاء أستانلس، 5.5 لتر، 3 سرعات، 6 شفرات، 1000واط، SK-7077N - فضي,7777031021555-Conf-attallah,1.0,1394.0,1394.0,0.0,1394.0,,الجيزة,Cash On Delivery
2006431695,2026-10-02 01:38:09,Oct 02,raneen,raneen,Air Conditioner,تكييف سبلت سمارت كول هاير، 1.5 حصان، بارد فقط، واي فاي، HSU-12KCROC-R32 - ابيض,ELKIT1871WIT,1.0,17499.0,17499.0,0.0,17499.0,,الشرقية,Cash On Delivery
2006431683,2026-10-02 01:37:04,Oct 02,raneen,raneen,Cookware,طقم حلل جرانيت داي كاست الفا، 11 قطعة - اخضر داكن,HO1155017DGN,1.0,2999.0,2999.0,149.95,2849.05,KCH200,البحيرة,Bank Misr Installments
2006431680,2026-10-02 01:36:46,Oct 02,raneen,raneen,Baby Care,بانيو أطفال سيليكون×بلاستيك، 39×30×17 سم - برتقالي اصفر,HO1138975OR1,1.0,200.0,200.0,20.0,180.0,TOY150,القاهرة,Cash On Delivery
2006431674,2026-10-02 01:34:51,Oct 02,raneen,raneen,Knife &amp; Cutters,سكينة جزاري اليكس ميتال، 14 بوصة - ابيض,HO1008985WIT,1.0,171.0,171.0,0.0,171.0,,القاهرة,Cash On Delivery
2006431671,2026-10-02 01:32:55,Oct 02,MP,meercato,Kitchenware,مطحنة فلفل اسود ستانلس ستيل نيوفلام - فضي,meercato-6901649270172,1.0,999.0,999.0,49.95,949.05,KCH200,القاهرة,Credit/Debit Card
2006431671,2026-10-02 01:32:55,Oct 02,raneen,raneen,Cleaning Tools &amp; Supplies,باسكت قمامة بلاستيك بغطاء تاتش حجازي، 7 لتر- ابيض بيج,HO1147789WIT,2.0,135.0,270.0,13.5,256.5,KCH200,القاهرة,Credit/Debit Card
2006431671,2026-10-02 01:32:55,Oct 02,MP,tibatrading,Cleaning Tools &amp; Supplies,سلة نفايات بغطاء لمس بتصميم عصري وأرجل خشبية - سعة 12 ملل، أبيض,RAN-TFM5NYX,1.0,369.0,369.0,18.45,350.55,KCH200,القاهرة,Credit/Debit Card
2006431671,2026-10-02 01:32:55,Oct 02,raneen,raneen,Cleaning Tools &amp; Supplies,باسكت قمامة بلاستيك بغطاء متحرك الهدى، 20 لتر - رمادي اسود,HO1145752OL1,1.0,100.0,100.0,5.0,95.0,KCH200,القاهرة,Credit/Debit Card
2006431668,2026-10-02 01:32:52,Oct 02,raneen,raneen,Kitchenware,طقم بلانشه بلاستيك، قطعتين - متعدد الالوان,HO1137141MC5,1.0,138.0,138.0,0.0,138.0,,القاهرة,Cash On Delivery
2006431668,2026-10-02 01:32:52,Oct 02,MP,grandmakaa,Mixers &amp; Blenders,خلاط يدوي 3 في 1 من City بقوة 1200 وات (HMA-1028),RAN-R7M56DC,1.0,895.0,895.0,0.0,895.0,,القاهرة,Cash On Delivery
2006431659,2026-10-02 01:31:06,Oct 02,raneen,raneen,Shoe Rack,جزامة خشب شيبورد، 60×89×32 سم، 3 ارفف، 2 دلفة - بيج,HO1117857BG1,1.0,1199.0,1199.0,0.0,1199.0,,بني سويف,Cash On Delivery
2006431653,2026-10-02 01:26:00,Oct 02,raneen,raneen,Mobile Phones,موبايل هونر X7E، شريحتين اتصال، 6 جيجا رام، 256 جيجا بايت - اسود,EL1156901BLK,1.0,12599.0,12599.0,0.0,12599.0,,الدقهلية,Cash On Delivery
2006431650,2026-10-02 01:25:54,Oct 02,raneen,raneen,Water Dispenser,مبرد مياه مكتبي جاك، 630 وات، 3 حنفية، بارد/ساخن/فاتر، NGWD-C331T - رمادي اسود,EL1144799DGY,1.0,4110.0,4110.0,0.0,4110.0,,الأسكندرية,Credit/Debit Card
2006431650,2026-10-02 01:25:54,Oct 02,MP,primestore,Refrigerators &amp; Freezers,ثلاجة يونيون اير، نوفروست، 330 لتر، URN400DLBLBADTSRM - اسود,URN400DLBLBADTH-primestore,1.0,14403.0,14403.0,0.0,14403.0,,الأسكندرية,Credit/Debit Card
2006431647,2026-10-02 01:25:50,Oct 02,MP,talhastore,Men&#039;s Accessories,محفظة جلد رجالية متعددة الجيوب للنقود والبطاقات اللونين الأسود والبني (الأسود),RAN-ZYK3ADW,1.0,100.0,100.0,5.0,95.0,f150,الأسكندرية,Paymob Wallet
2006431644,2026-10-02 01:25:16,Oct 02,MP,linesleep,Pillows,خدادية فايبر لاين سليب، 65×45 سم - ابيض,MHMPlinesleep1,2.0,275.0,550.0,27.5,522.5,TEX200,القاهرة,Cash On Delivery
2006431641,2026-10-02 01:25:01,Oct 02,MP,woodenfurniture,Kitchen Rooms,وحدة مطبخ خشب كونتر، قطعتين بالرخامة - خشبي ابيض,1-kit-wooden-furni-1,1.0,8259.0,8259.0,500.0,7759.0,OFF500,الجيزة,Credit/Debit Card
2006431635,2026-10-02 01:23:33,Oct 02,raneen,raneen,Cookware,طقم حلل ستانلس كلاسيك زينوكس، 13 قطعة - فضي,HO1119948SLV,1.0,6499.0,6499.0,200.0,6299.0,KCH200,القاهرة,Cash On Delivery
2006431632,2026-10-02 01:21:51,Oct 02,MP,steelsore,Center Table,طقم ترابيزات وسط شكل دائري ستيل، قطعتين، سطح خشب - اسود,AMst57MCL,1.0,1999.0,1999.0,0.0,1999.0,,الأسكندرية,Cash On Delivery
2006431626,2026-10-02 01:19:09,Oct 02,MP,steelsore,Center Table,طقم ترابيزات وسط شكل دائري ستيل، قطعتين - اسود ابيض,AMst135MCL,1.0,1999.0,1999.0,0.0,1999.0,,أسوان,Cash On Delivery
2006431620,2026-10-02 01:15:18,Oct 02,raneen,raneen,Kids Bags,شنطة حضانة وتر بروف للبنات، 2 سوستة، 30×23 سم، بالاضافة الي مقلمة صغيرة - متعدد الالوان,HO1154864MC1,1.0,249.0,249.0,12.45,236.55,F150,القاهرة,Cash On Delivery
4000170404,2026-10-02 01:07:23,Oct 02,raneen,raneen,Bowl,"BlinkMax Glass Bowl, 2240 ml - Clear",HO1136345CLR,1.0,143.0,143.0,7.15,135.85,KCH200,الجيزة,Cash On Delivery
4000170404,2026-10-02 01:07:23,Oct 02,raneen,raneen,Baking Tools,"Al Ahram Aluminum Rectangular Cake Mold, 25 cm - Silver",HO1124333SLV,1.0,245.0,245.0,12.25,232.75,KCH200,الجيزة,Cash On Delivery
4000170404,2026-10-02 01:07:23,Oct 02,raneen,raneen,Cookware,"Borcam Thermal Glass set, 6 pieces - Clear",HO1078899CLR,1.0,799.0,799.0,39.95,759.05,KCH200,الجيزة,Cash On Delivery
2006431602,2026-10-02 01:06:18,Oct 02,MP,asmagroup,Fryers,قلاية هوائية توشيبا ، ديجيتال، 1850 وات، 7.4 لتر، مؤشر ضوئي رقمي وسلة غير لاصقة، AF-74CP1VREG(H) - اسود,EL1140057DGY-asmagroup,1.0,7349.0,7349.0,0.0,7349.0,,القاهرة,valU
2006431596,2026-10-02 01:05:36,Oct 02,MP,dukanabdelaziz,Washers &amp; Dryer,غسالة ملابس فريش، ديجيتال فوق اوتوماتيك، تحميل علوي، 6 كجم، FTM-6S - فضى,FTM-6S-dukanabdelaziz,1.0,6944.0,6944.0,0.0,6944.0,,القاهرة,Cash On Delivery
2006431587,2026-10-02 01:02:36,Oct 02,MP,zomamodern,Sofa,كنبة مودرن شكل L خشب زان ، 4 كوشن ،  300x90x85x200 سم ، كتان كويا - بيج,ZMR5MCL,1.0,13999.0,13999.0,0.0,13999.0,,القاهرة,Cash On Delivery
2006431584,2026-10-02 01:02:24,Oct 02,MP,coktailstore,Curtain,شاشة حماية الحشرات المغناطيسية Auxmir لباب الشرفة، 80 × 210 سم، أسود,RAN-2E95VT6,1.0,239.0,239.0,0.0,239.0,,الأسكندرية,Cash On Delivery
2006431563,2026-10-02 00:54:46,Oct 02,MP,dukanalaa,Mobile Accessories,عصا سيلفي لايف كيه 5 3 في 1، حامل ثلاثي القوائم مزود بتقنية البلوتوث وضوء ليد وجهاز تحكم لاسلكي صغير لالتقاط الصور من بلوكوما، لون أسود,RAN-QJAS9X3,1.0,199.0,199.0,0.0,199.0,,القاهرة,Credit/Debit Card
2006431548,2026-10-02 00:51:01,Oct 02,raneen,raneen,Bed Sheets,طقم ملاية سرير مايكروفايبر، 4 قطع، 220×240 سم، 800 جرام - رمادي اسود,TX1154433MS0,1.0,219.0,219.0,0.0,219.0,KCH200,الأسكندرية,Cash On Delivery
2006431548,2026-10-02 00:51:01,Oct 02,raneen,raneen,Kitchenware,طقم حامل سخن اكليرك حراري وينر بلاست، قطعتين - اسود,HO1112439BLK,1.0,15.0,15.0,0.75,14.25,KCH200,الأسكندرية,Cash On Delivery
2006431548,2026-10-02 00:51:01,Oct 02,raneen,raneen,Cookware,دبل جريل جرانيت بيد بكالايت الفا، 36 سم - تركواز,HO1147352OLV,1.0,999.0,999.0,49.95,949.05,KCH200,الأسكندرية,Cash On Delivery
4000170392,2026-10-02 00:49:17,Oct 02,raneen,raneen,Kitchenware,"Group Tiger MDF Wood Cutting Board, 24×34 cm - Wooden",HO1138322BSC,1.0,49.0,49.0,2.45,46.55,kch200,القاهرة,Cash On Delivery
4000170392,2026-10-02 00:49:17,Oct 02,raneen,raneen,Kitchenware,"Plastic Dishes Rack with plate, 30.50×44×37 cm, 2 Levels - Black",HO1111810BNB,2.0,100.0,200.0,10.0,190.0,kch200,القاهرة,Cash On Delivery
4000170392,2026-10-02 00:49:17,Oct 02,raneen,raneen,Kitchen Accessories,"El Hoda Hanger Set, 6 Pieces",HO1093404MOV,1.0,50.0,50.0,2.5,47.5,kch200,القاهرة,Cash On Delivery
4000170392,2026-10-02 00:49:17,Oct 02,raneen,raneen,Kitchen Accessories,"Plastic Pants Hanger, 24×33 cm, 5 Levels - Cashmere",HO1098330KSH,3.0,26.0,78.0,3.9,74.1,kch200,القاهرة,Cash On Delivery
4000170392,2026-10-02 00:49:17,Oct 02,raneen,raneen,Bowl,"Rayan Glass Bowl, 6 Pieces, 300 ml - Clear",HO1152418CLR,1.0,100.0,100.0,5.0,95.0,kch200,القاهرة,Cash On Delivery
4000170392,2026-10-02 00:49:17,Oct 02,raneen,raneen,Bowl,"Pure Glass Round Bowl Set, 6 Pieces, 12 cm - Clear",HO1137708CLR,1.0,80.0,80.0,4.0,76.0,kch200,القاهرة,Cash On Delivery
4000170392,2026-10-02 00:49:17,Oct 02,raneen,raneen,Cookware,"Glaze Pottery Oven Dish Set, 3 Pieces - Brown",HO1103089BRN,1.0,55.0,55.0,2.75,52.25,kch200,القاهرة,Cash On Delivery
4000170392,2026-10-02 00:49:17,Oct 02,MP,molanafortraining,Bowl,Decorative Glass Bowl Set 3 Pieces Matte Finish With Gold Frame,RAN-NHE2RTV,1.0,359.0,359.0,17.95,341.05,kch200,القاهرة,Cash On Delivery
4000170392,2026-10-02 00:49:17,Oct 02,raneen,raneen,Drinkware,"Glass Juice Cup, 350 ml - Clear",HO1129658CLR,2.0,19.0,38.0,1.9,36.1,kch200,القاهرة,Cash On Delivery
4000170392,2026-10-02 00:49:17,Oct 02,raneen,raneen,Drinkware,"Cairo Glass Juice Set, 6 Pieces, 17 cm  - Clear",HO1095857CLR,1.0,60.0,60.0,3.0,57.0,kch200,القاهرة,Cash On Delivery
4000170392,2026-10-02 00:49:17,Oct 02,raneen,raneen,Drinkware,"Glass Juice Cup, 400 ml - Clear",HO1129659CL1,1.0,19.0,19.0,0.95,18.05,kch200,القاهرة,Cash On Delivery
4000170392,2026-10-02 00:49:17,Oct 02,raneen,raneen,Home Decor,"Wooden Modern Tableau, 3 Pieces, 73×60 cm - Multicolor",HO1010433MT0,1.0,279.0,279.0,13.95,265.05,kch200,القاهرة,Cash On Delivery
4000170392,2026-10-02 00:49:17,Oct 02,raneen,raneen,Bowl,"Round Porcelain Bowl Set, 3 Pieces, 11 cm - White",HO1126393WI6,1.0,100.0,100.0,5.0,95.0,kch200,القاهرة,Cash On Delivery
4000170392,2026-10-02 00:49:17,Oct 02,raneen,raneen,Storage,"Al Hoda Plastic Refrigerator Containers Set, 6 Pieces - Multicolor",HO1111809TR1,1.0,60.0,60.0,3.0,57.0,kch200,القاهرة,Cash On Delivery
4000170392,2026-10-02 00:49:17,Oct 02,MP,juzoor,Bowl,"Rosewood Asersus Wood Round Bowl Set, 4 Pieces, 10 cm - Wooden Brown",juzoor-576,1.0,399.0,399.0,19.95,379.05,kch200,القاهرة,Cash On Delivery
2006431545,2026-10-02 00:49:12,Oct 02,MP,primestore,Water Heaters,سخان كهرباء اولمبيك، 50 لتر، ديجيتال، هيرو تربو، O-945105437 - ابيض,Hero Turbo 50-primestore,1.0,4799.0,4799.0,0.0,4799.0,,الجيزة,Cash On Delivery
2006431539,2026-10-02 00:48:53,Oct 02,raneen,raneen,Televisions,تلفزيون سمارت سامسونج، 32 بوصة، LED ، HD، ريسيفر داخلي، ريموت كنترول، UA32H5000FUXEG - أسود,EL1137979BLK,1.0,8199.0,8199.0,0.0,8199.0,,البحيرة,Paymob Wallet
2006431539,2026-10-02 00:48:53,Oct 02,raneen,raneen,Vacuum Cleaners,مكنسة كهربائية جاك، 2400 وات، JD2400S - احمر اسود,EL1101606RED,2.0,2199.0,4398.0,0.0,4398.0,,البحيرة,Paymob Wallet
2006431530,2026-10-02 00:47:56,Oct 02,MP,vooc,Mobile Phones,موبايل سمارت ريدمى نوت 15، شبكة الجيل الرابع ، شريحتين، 256 جيجا بايت، 8 جيجا رام - بنفسجى,redmi-note-15-512gb-8gb-4g-purple,1.0,17200.0,17200.0,0.0,17200.0,,الجيزة,Cash On Delivery
2006431527,2026-10-02 00:47:50,Oct 02,raneen,raneen,Dinnerware,طقم عشاء أركوبال أماراتى لومينارك، 24 قطعة - ابيض,HO1088626WIT,1.0,999.0,999.0,49.95,949.05,KCH200,المنوفية,Cash On Delivery
2006431527,2026-10-02 00:47:50,Oct 02,raneen,raneen,Cookware,طقم طاجن فخار، 6 قطع - بني,HO1109701BRN,2.0,100.0,200.0,10.0,190.0,KCH200,المنوفية,Cash On Delivery
2006431527,2026-10-02 00:47:50,Oct 02,raneen,raneen,Cutlery &amp; Flatware Set,طقم ادوات مائده ستانلس ستيل الهدي، 24 قطعة - فضي,HO1118745SL1,2.0,100.0,200.0,10.0,190.0,KCH200,المنوفية,Cash On Delivery
2006431527,2026-10-02 00:47:50,Oct 02,raneen,raneen,Bowl,طقم بولة بورسلين مستديرة، 6 قطع، 12 سم - ابيض روز,HO1146476WI1,1.0,200.0,200.0,10.0,190.0,KCH200,المنوفية,Cash On Delivery
2006431521,2026-10-02 00:47:06,Oct 02,raneen,raneen,Bedding,كوفرتة جاكار المأمون، 220×240 سم، 1700 جرام تقريبا - احمر داكن بيج,TX1092211MT1,2.0,375.0,750.0,0.0,750.0,,الجيزة,Cash On Delivery
2006431512,2026-10-02 00:45:43,Oct 02,MP,katoshappliances,Suction Fan,شفاط حائط فريش، 25 سم، اتجاه واحد,1778,2.0,918.0,1836.0,0.0,1836.0,,الشرقية,Free
2006431497,2026-10-02 00:39:17,Oct 02,raneen,raneen,Storage,طقم علب لحفظ الطعام بلاستيك ، 7 قطع - شفاف,HO1110450CLR,1.0,200.0,200.0,0.0,200.0,,الجيزة,Paymob Wallet
2006431494,2026-10-02 00:37:52,Oct 02,raneen,raneen,Washers &amp; Dryer,غسالة زانوسي ، اوتوماتيك ، 8 كيلو ، تحميل امامي ،ماتور انفرتر ، 1200 دورة في الدقيقة ، ZWF8221DS7 - رمادى غامق,EL1138302SLV,1.0,21599.0,21599.0,0.0,21599.0,,البحر الأحمر,valU
2006431491,2026-10-02 00:36:47,Oct 02,raneen,raneen,Kitchenware,بلانشة تقطيع بلاستيك مستديرة، 32 سم - أخضر,HO1150751GR1,1.0,74.0,74.0,3.7,70.3,KCH200,القاهرة,Cash On Delivery
2006431491,2026-10-02 00:36:47,Oct 02,raneen,raneen,Kitchenware,منظم درج شوك وملاعق بلاستيك وينر بلاست، 30×39×6 سم، 6 عين - كشمير,HO1144024KS1,1.0,86.0,86.0,4.3,81.7,KCH200,القاهرة,Cash On Delivery
2006431491,2026-10-02 00:36:47,Oct 02,MP,molanafortraining,Kitchenware,مجموعة 12 قطعة ملعقة مطبخ سيليكون بمقابض خشبية لأدوات الطهي غير اللاصقة، مقاومة للحرارة وغير سامة، حجم كبير رمز 104 (رمادي),RAN-Q55RRF5,1.0,329.0,329.0,16.45,312.55,KCH200,القاهرة,Cash On Delivery
2006431491,2026-10-02 00:36:47,Oct 02,raneen,raneen,Kitchenware,طقم برطمان توابل زجاج بغطاء بلاستيك، 15 قطعة، 120 مل، مزود بقمع تعبئة - اسود,HO1110579BLK,1.0,150.0,150.0,7.5,142.5,KCH200,القاهرة,Cash On Delivery
2006431491,2026-10-02 00:36:47,Oct 02,raneen,raneen,Drinkware,طقم كاسات زجاج دريم، 6 قطع، 150 مل - شفاف,HO1144900CLR,1.0,100.0,100.0,5.0,95.0,KCH200,القاهرة,Cash On Delivery
2006431491,2026-10-02 00:36:47,Oct 02,raneen,raneen,Cutlery &amp; Flatware Set,طقم ادوات مائده ستانلس ستيل الهدي، 24 قطعة - فضي,HO1118744SL1,2.0,100.0,200.0,10.0,190.0,KCH200,القاهرة,Cash On Delivery
2006431491,2026-10-02 00:36:47,Oct 02,raneen,raneen,Storage,طقم علب ثلاجة بلاستيك الهدي، 14 قطعة - متعدد الالوان,HO1111641MC6,1.0,179.0,179.0,8.95,170.05,KCH200,القاهرة,Cash On Delivery
2006431491,2026-10-02 00:36:47,Oct 02,raneen,raneen,Serveware,طقم صينية تقديم اكريليك، 3 قطع - شفاف ذهبي,HO1143829GL1,1.0,399.0,399.0,19.95,379.05,KCH200,القاهرة,Cash On Delivery
2006431491,2026-10-02 00:36:47,Oct 02,raneen,raneen,Cookware,كنكة قهوة الزنوكى، مقاس 2 - فضى,HO1083117SLV,1.0,149.0,149.0,7.45,141.55,KCH200,القاهرة,Cash On Delivery
2006431491,2026-10-02 00:36:47,Oct 02,raneen,raneen,Cookware,براد زجاج حراري بالغطاء، يد خشب، 750 مل - شفاف خشبي,HO1157064CL1,1.0,139.0,139.0,6.95,132.05,KCH200,القاهرة,Cash On Delivery
2006431491,2026-10-02 00:36:47,Oct 02,raneen,raneen,Cookware,لبانة بالغطاء الومنيوم شيف كوك، 16 سم - فضي,HO1109913SLV,1.0,200.0,200.0,10.0,190.0,KCH200,القاهرة,Cash On Delivery
2006431479,2026-10-02 00:33:26,Oct 02,MP,woodenfurniture,Center Table,ترابيزة وسط مودرن خشب ام دي اف، 45×45×80 سم - بيج وابيض,WOODF266,1.0,1099.0,1099.0,0.0,1099.0,,القاهرة,Cash On Delivery
2006431476,2026-10-02 00:31:28,Oct 02,MP,dukanalaa,Hair Care,فرشاة هوائية لتصفيف وتجفيف الشعر بتقنية الأيونات – 1000 واط، 3 درجات حرارة – أسود/وردي,RAN-E4QXECM,1.0,399.0,399.0,0.0,399.0,tex200,الجيزة,Credit/Debit Card
2006431476,2026-10-02 00:31:28,Oct 02,MP,aldora,Mattress,مرتبة سرير سوست متصلة سامبا الدورا، طول 200 سم، ارتفاع 23 سم,ALDOMATT12MCL,2.0,3831.0,7662.0,200.0,7462.0,tex200,الجيزة,Credit/Debit Card
2006431467,2026-10-02 00:30:02,Oct 02,MP,hadymix,Desks,مكتب خشب ام دى اف، 120×140×50 سم - ابيض,1137-hady,1.0,3339.0,3339.0,0.0,3339.0,,الجيزة,
2006431464,2026-10-02 00:29:47,Oct 02,MP,ammerkatosh,Suction Fan,شفاط مطبخ توشيبا، 20 سم، درج لتجميع الزيوت، VRH20J10C - كريمي,VRH20J10CCRM-ammerkatosh,1.0,1589.0,1589.0,0.0,1589.0,,الأسكندرية,Cash On Delivery
2006431461,2026-10-02 00:29:44,Oct 02,raneen,raneen,Air Conditioner,تكييف سبلت ميديا، 1.5 حصان، بارد فقط، MSCT-12CRN-Q8 - ابيض,EL1059993WIT,1.0,20999.0,20999.0,0.0,20999.0,,القاهرة,Cash On Delivery
2006431458,2026-10-02 00:28:49,Oct 02,MP,dukanalaa,Personal Scale,ميزان شخصى ديجيتال، حمولة حتى 180 كجم - شفاف,DA-scale180k,1.0,275.0,275.0,0.0,275.0,,الجيزة,Cash On Delivery
2006431446,2026-10-02 00:26:34,Oct 02,raneen,raneen,Storage,ستاند منزلى متحرك، 3 دور، 70×54×15.5 سم - ابيض,HO1070312WHT,1.0,150.0,150.0,0.0,150.0,,القاهرة,Cash On Delivery
2006431443,2026-10-02 00:26:14,Oct 02,MP,nilestore,Connectors,مشترك كهربائي تيكو، 5 مقابس - اسود,124545454,1.0,274.8,274.8,0.0,274.8,,الأسكندرية,Cash On Delivery
2006431443,2026-10-02 00:26:14,Oct 02,raneen,raneen,Kitchen Accessories,طقم شماعه بلاستيك، 3 قطع، 7 سم - اصفر,HO1143931YLW,1.0,15.0,15.0,0.0,15.0,,الأسكندرية,Cash On Delivery
2006431443,2026-10-02 00:26:14,Oct 02,raneen,raneen,Serveware,صينية تقديم ستانلس ستيل مستديرة ماجيستك، 70 سم، 1250 جرام تقريبا - فضي,HO1121586SL2,1.0,200.0,200.0,0.0,200.0,,الأسكندرية,Cash On Delivery
2006431443,2026-10-02 00:26:14,Oct 02,MP,asouaaq,Beauty &amp; Body Care,فرشاة مكياج أساسية للوجه من زوريني - بور سينثيتيك فيبر - أبيض وذهبي - 50 غرام,RAN-PY4WP87,1.0,75.0,75.0,0.0,75.0,,الأسكندرية,Cash On Delivery
2006431434,2026-10-02 00:22:28,Oct 02,raneen,raneen,Washers &amp; Dryer,غسالة ملابس فول اوتوماتيك فريش ، انفرتر،  7 كيلو  ، BLDS 23158 - اسود,EL1155973BLK,1.0,15099.0,15099.0,1000.0,14099.0,Fr1000,البحيرة,Cash On Delivery
4000170380,2026-10-02 00:22:20,Oct 02,MP,mam,Washers &amp; Dryer,"Toshiba AW-J800AUPEG Washing Machine, Top Loading 8 Kg - Silver",EL1091299-CONF-rofaeeltrade-conf-mam,1.0,10699.0,10699.0,0.0,10699.0,tex200,الجيزة,Cash On Delivery
4000170380,2026-10-02 00:22:20,Oct 02,MP,rofaeeltrade,Cookers,"Unionaire C69SS-GC-447-FSO-M11-AL Max 11 Gas Cooker, 5 Burners, 90×60 cm, Half Safety - Black Silver",C69SS-GC-447-FSO-M11-AL-rofaeeltrade,1.0,10945.0,10945.0,0.0,10945.0,tex200,الجيزة,Cash On Delivery
4000170380,2026-10-02 00:22:20,Oct 02,MP,aldora,Mattress,"Aldora Harmony Connected Spring Bed Mattress, Length 200 cm, Height 31 cm",ALDOMATT104MCL,1.0,6128.0,6128.0,116.43,6011.57,tex200,الجيزة,Cash On Delivery
4000170380,2026-10-02 00:22:20,Oct 02,raneen,raneen,Mattress,"Sleepee Silver Mattress, Connected Springs, 120×195 cm, Height 24 cm - White",TX1113472WIT,1.0,4399.0,4399.0,83.57,4315.43,tex200,الجيزة,Cash On Delivery
4000170380,2026-10-02 00:22:20,Oct 02,MP,elbetar,Water Heaters,"Beko Bgwh10Lw Gas Water Heater, 10 Litres, Digital Display, Chimney - White",1SBEHEGSBGWH10LWL001-elbetar,1.0,5820.0,5820.0,0.0,5820.0,tex200,الجيزة,Cash On Delivery
4000170380,2026-10-02 00:22:20,Oct 02,MP,mam,Refrigerators &amp; Freezers,"Unionaire URN-420LBG1A-DTHRBSM Signature No Frost Refrigerator, 350 Liter, 2 Doors - Black",EL1125358BLK-mam,1.0,16999.0,16999.0,0.0,16999.0,tex200,الجيزة,Cash On Delivery
2006431422,2026-10-02 00:18:26,Oct 02,raneen,raneen,Drinkware,كوب عصير زجاج، 500 مل - شفاف,HO1129655CLR,4.0,19.0,76.0,3.8,72.2,KCH200,القاهرة,Cash On Delivery
2006431422,2026-10-02 00:18:26,Oct 02,raneen,raneen,Storage,طقم علب ثلاجه بغطاء كليبس القائد بلاست، 4 قطع - شفاف,HO1100278CLR,2.0,150.0,300.0,15.0,285.0,KCH200,القاهرة,Cash On Delivery
2006431422,2026-10-02 00:18:26,Oct 02,raneen,raneen,Cookware,طقم حلل ستانلس ستيل سمارت زينوكس، 10 قطع - فضي,HO1148366SLV,1.0,3199.0,3199.0,159.95,3039.05,KCH200,القاهرة,Cash On Delivery
2006431416,2026-10-02 00:17:41,Oct 02,raneen,raneen,Bedding,كوفرتة جاكار المأمون، 220×240 سم، 1660 جرام - متعدد الالوان,TX1145258MC6,1.0,375.0,375.0,0.0,375.0,KCH200,الجيزة,Premium Card
2006431416,2026-10-02 00:17:41,Oct 02,MP,jphome,Cleaning Tools &amp; Supplies,سلة غسيل قماشية مقاومة للماء قابلة للطي بثلاثة أقسام للتخزين - متعددة الألوان,JP1213456587,1.0,618.0,618.0,30.9,587.1,KCH200,الجيزة,Premium Card
2006431416,2026-10-02 00:17:41,Oct 02,MP,lightcart,Kitchenware,ملقط مطبخ سيليكون - رمادي,EIB-56842-LIGHT-CARD-6865,1.0,137.0,137.0,6.85,130.15,KCH200,الجيزة,Premium Card
2006431416,2026-10-02 00:17:41,Oct 02,raneen,raneen,Storage,طقم علب ثلاجة مستطيلة ماتريكس الهلال و النجمة، 3 قطع - متعدد الالوان,HO1023381MC2,1.0,130.0,130.0,6.5,123.5,KCH200,الجيزة,Premium Card
2006431416,2026-10-02 00:17:41,Oct 02,MP,lightcart,Storage,علب طعام زجاجية بأغطية مانعة للتسريب ، 3 مقاسات - بينك,EIB-56945-LIGHT-CARD-6968,1.0,475.0,475.0,23.75,451.25,KCH200,الجيزة,Premium Card
2006431416,2026-10-02 00:17:41,Oct 02,raneen,raneen,Kitchenware,سبت سمسم بلاستيك مستدير الوطنية، مقاس 2 - روز,HO1058274MOV,1.0,32.0,32.0,1.6,30.4,KCH200,الجيزة,Premium Card
2006431416,2026-10-02 00:17:41,Oct 02,raneen,raneen,Kitchenware,سبت بلاستيك مستطيل الوطنية، 20×14 سم - موف,HO1058275VLT,1.0,21.0,21.0,1.05,19.95,KCH200,الجيزة,Premium Card
2006431416,2026-10-02 00:17:41,Oct 02,raneen,raneen,Knife &amp; Cutters,سكينة ستانلس ستيل باس، يد خشب، 30 سم - فضي,HO1138865BNS,1.0,100.0,100.0,5.0,95.0,KCH200,الجيزة,Premium Card
2006431416,2026-10-02 00:17:41,Oct 02,MP,alliance,Kitchenware,مجموعة مصافي شبكية من الفولاذ المقاوم للصدأ، 3 قطع، مع مقابض مريحة للشاي والعصير والدقيق,RAN-PGBHBD7,1.0,93.0,93.0,4.65,88.35,KCH200,الجيزة,Premium Card
2006431416,2026-10-02 00:17:41,Oct 02,raneen,raneen,Kitchenware,مطبقية اطباق بقاعدة كلاسيك بلاستيك، 45×35 سم - رمادي بيج,HO1009488GNB,1.0,100.0,100.0,5.0,95.0,KCH200,الجيزة,Premium Card
2006431416,2026-10-02 00:17:41,Oct 02,MP,lightcart,Kitchenware,مصفاة طبق حديثة بأرجل للتجفيف - منظم مطبخ حديث مع حامل ملاعق وصرف أكريليك مضاد للكسر,RAN-SDQKYAM,1.0,649.0,649.0,32.45,616.55,KCH200,الجيزة,Premium Card
2006431416,2026-10-02 00:17:41,Oct 02,raneen,raneen,Cutlery &amp; Flatware Set,طقم ادوات مائده ستانلس ستيل فالمر، 24 قطعة - فضي ذهبي,HO1143361SL1,1.0,999.0,999.0,49.95,949.05,KCH200,الجيزة,Premium Card
2006431416,2026-10-02 00:17:41,Oct 02,MP,biti,Kitchenware,حامل ملاعق بلاستيكي أنيق شفاف وذهبي لحاملات الأواني,RAN-4F43RSM,1.0,99.0,99.0,4.95,94.05,KCH200,الجيزة,Premium Card
2006431413,2026-10-02 00:17:31,Oct 02,MP,alahramappliances,Cookers,بوتجاز ستانلس ستيل الاهرام، محابس تركي، 4 شعلة، 50×50 سم - فضى اسود,GA500602SLV-conf-alahramappliances,1.0,3799.0,3799.0,0.0,3799.0,,القاهرة,Cash On Delivery
2006431407,2026-10-02 00:13:00,Oct 02,raneen,raneen,Home &amp; Balcony Essentials,جزامه بلاستيك الوطنية، 6 دور، 48×16.5×32 سم - بني داكن,HO1125263DBR,1.0,599.0,599.0,0.0,599.0,,الشرقية,Cash On Delivery
2006431404,2026-10-02 00:12:02,Oct 02,MP,alaasasmarketplace,Underwear’s,مجموعة ملابس داخلية للاولاد دايس، قماش، 5 قطع,00117z55-964,1.0,399.0,399.0,19.95,379.05,F150,القاهرة,Cash On Delivery
2006431404,2026-10-02 00:12:02,Oct 02,raneen,raneen,Underwear’s,حمالة صدر سوفت ليكرا للسيدات، مقاس موحد,TX1065940DRD,1.0,25.0,25.0,1.25,23.75,F150,القاهرة,Cash On Delivery
2006431404,2026-10-02 00:12:02,Oct 02,raneen,raneen,Underwear’s,حمالة صدر سوفت ليكرا للسيدات، مقاس موحد,FS1065940BK1,1.0,25.0,25.0,1.25,23.75,F150,القاهرة,Cash On Delivery
2006431404,2026-10-02 00:12:02,Oct 02,raneen,raneen,Underwear’s,طقم ملابس داخلية قطن مطبوع للسيدات ميدي دايس، 3 قطع,FS1112127MC9,1.0,155.0,155.0,7.75,147.25,F150,القاهرة,Cash On Delivery
2006431404,2026-10-02 00:12:02,Oct 02,raneen,raneen,Underwear’s,طقم ملابس داخلية قطن مطبوع للسيدات ميدي دايس، 3 قطع,FS1112127MC7,1.0,155.0,155.0,7.75,147.25,F150,القاهرة,Cash On Delivery
2006431401,2026-10-02 00:11:52,Oct 02,raneen,raneen,Televisions,تلفزيون سمارت سامسونج، 32 بوصة، LED ، HD، ريسيفر داخلي، ريموت كنترول، UA32H5000FUXEG - أسود,EL1137979BLK,1.0,8199.0,8199.0,0.0,8199.0,,الأقصر,Cash On Delivery
2006431398,2026-10-02 00:11:46,Oct 02,raneen,raneen,Tablecloth,طقم مفرش مطرز تل ، 3 قطع,TX1062168WB3,1.0,79.0,79.0,0.0,79.0,,القاهرة,Cash On Delivery
2006431398,2026-10-02 00:11:46,Oct 02,MP,dukanalaa,Beauty &amp; Body Care,منظف الوجه بتقنية الألتراسونيك لإزالة الرؤوس السوداء - أبيض,RAN-ZMKBXRW,1.0,179.0,179.0,0.0,179.0,,القاهرة,Cash On Delivery
2006431398,2026-10-02 00:11:46,Oct 02,MP,dukanalaa,Beauty &amp; Body Care,منظف الرؤوس السوداء الكهربائي بفراغ ميكرو بالفقاقيع السوبر من ماركة مصباح - جهاز شفط الرؤوس السوداء بتقنية الفراغ، أداة استخراج الرؤوس السود,RAN-VZ4Y7ED,1.0,425.0,425.0,0.0,425.0,,القاهرة,Cash On Delivery
2006431392,2026-10-02 00:10:32,Oct 02,raneen,raneen,Dinnerware,طقم عشاء اركوبال جراند، 24 قطعة - متعدد الالوان,HO1140980WI2,1.0,499.0,499.0,0.0,499.0,,بني سويف,Cash On Delivery
2006431392,2026-10-02 00:10:32,Oct 02,raneen,raneen,Dinnerware,طقم عشاء أركوبال اماراتي لومينارك، 26 قطعة - ابيض,HO1124768WI1,1.0,1199.0,1199.0,0.0,1199.0,,بني سويف,Cash On Delivery
2006431383,2026-10-02 00:07:04,Oct 02,raneen,raneen,Dinnerware,طقم عشاء أركوبال أماراتى لومينارك، 24 قطعة - ابيض,HO1088626WIT,2.0,999.0,1998.0,0.0,1998.0,,المنيا,Cash On Delivery
2006431377,2026-10-02 00:04:27,Oct 02,MP,dukanabdelaziz,Fryers,قلاية بدون زيت ايسينشال فيليبس، 6.2 لتر، 2000 وات، HD9270/90 - اسود,EL1105856BLK-conf-dukanabdelaziz,1.0,6599.0,6599.0,0.0,6599.0,,الساحل الشمالي,Cash On Delivery
2006431371,2026-10-02 00:04:06,Oct 02,raneen,raneen,Refrigerators &amp; Freezers,ثلاجة فريش ، نوفروست ، 329 لتر، FNT-B370BBM (FLD) - اسود,EL1141811BLK,1.0,18499.0,18499.0,0.0,18499.0,,القاهرة,Credit/Debit Card
2006431371,2026-10-02 00:04:06,Oct 02,MP,capitaltecheg,Cookers,بوتاجاز غاز تكنو جلاكسي، 4 شعله ، 55×55سم، ستانلس ستيل، Tg-4burner-gas- فضي,Tg-4burner-gas-capitaltecheg,1.0,3849.0,3849.0,0.0,3849.0,,القاهرة,Credit/Debit Card
2006431371,2026-10-02 00:04:06,Oct 02,MP,alarabycenter,Televisions,ATA تلفزيون سمارت ،32 بوصة، HD، LED، أسود - ATA32HOS,EL1068462BLK-alarabycenter,1.0,5870.0,5870.0,0.0,5870.0,,القاهرة,Credit/Debit Card
2006431371,2026-10-02 00:04:06,Oct 02,MP,attallah,Fans,مروحة حائط اكاي، 18 بوصة، 5 شفرات، ‎Ak-18WA - اسود	,AK-18WA-attallah,4.0,795.0,3180.0,0.0,3180.0,,القاهرة,Credit/Debit Card
2006431371,2026-10-02 00:04:06,Oct 02,raneen,raneen,Washers &amp; Dryer,غسالة ملابس فريش، تحميل علوى، 8 كجم، FTM-8S - فضي,EL1150349SLV,1.0,8899.0,8899.0,0.0,8899.0,,القاهرة,Credit/Debit Card
2006431368,2026-10-02 00:03:30,Oct 02,MP,abdelaziz,Shaving &amp; Grooming,ماكينة تنعيم اللحية VGR، قدرة 2000 مللي أمبير، V-334 - اسود,V-334,1.0,2850.0,2850.0,0.0,2850.0,,الشرقية,Cash On Delivery
2006431362,2026-10-02 00:01:10,Oct 02,raneen,raneen,Dinnerware,طبق تقديم بورسلين مستطيل لوتس، 23×16 سم - اوف وايت كشمير,HO1149938WI4,2.0,50.0,100.0,0.0,100.0,,القاهرة,Cash On Delivery
2006431362,2026-10-02 00:01:10,Oct 02,raneen,raneen,Dinnerware,طبق تقديم بورسلين مستطيل لوتس، 23×16 سم - اوف وايت ازرق,HO1149938WI3,1.0,50.0,50.0,0.0,50.0,,القاهرة,Cash On Delivery
2006431362,2026-10-02 00:01:10,Oct 02,raneen,raneen,Dinnerware,طبق تقديم بورسلين مستطيل لوتس، 24×17 سم - متعدد الالوان,HO1149938WI2,1.0,50.0,50.0,0.0,50.0,,القاهرة,Cash On Delivery
2006431362,2026-10-02 00:01:10,Oct 02,raneen,raneen,Dinnerware,طبق تقديم بورسلين مستطيل لوتس، 24×17 سم - متعدد الالوان,HO1149938WI1,2.0,50.0,100.0,0.0,100.0,,القاهرة,Cash On Delivery
2006431362,2026-10-02 00:01:10,Oct 02,raneen,raneen,Bowl,بولة بروسلین جروب تايجر، 20 سم - ازرق ابيض,HO1142434MC1,1.0,60.0,60.0,0.0,60.0,,القاهرة,Cash On Delivery
2006431362,2026-10-02 00:01:10,Oct 02,raneen,raneen,Storage,ترولي راتان مستطيل متحرك بالعجلات، شاسية خشب، 3 دور، 108×50×25 سم - رمادي,HO1062518GY4,1.0,399.0,399.0,0.0,399.0,,القاهرة,Cash On Delivery
2006431362,2026-10-02 00:01:10,Oct 02,raneen,raneen,Drinkware,طقم كاكاو بورسلين، 17 قطعة - متعدد الالوان,HO1141582OL2,1.0,549.0,549.0,0.0,549.0,,القاهرة,Cash On Delivery
2006431362,2026-10-02 00:01:10,Oct 02,raneen,raneen,Dinnerware,طبق جاتوة مستدير بورسلين، 19.5 سم - متعدد الالوان,HO1129219MC1,1.0,55.0,55.0,0.0,55.0,,القاهرة,Cash On Delivery
2006431356,2026-10-02 00:00:17,Oct 02,raneen,raneen,Dinnerware,طقم اطباق زجاج، 6 قطع، 15 سم - شفاف,HO1145984CL1,1.0,100.0,100.0,5.0,95.0,kCH200,القاهرة,Cash On Delivery
2006431356,2026-10-02 00:00:17,Oct 02,raneen,raneen,Kitchenware,طقم مصفاه الومنيوم شيف كوك، 4 قطع - فضي,HO1111768SLV,1.0,200.0,200.0,10.0,190.0,kCH200,القاهرة,Cash On Delivery
2006431356,2026-10-02 00:00:17,Oct 02,raneen,raneen,Cookware,طقم حلل المونيوم الاهرام، 10 قطعة - فضي,HO1114445SLV,1.0,2999.0,2999.0,149.95,2849.05,kCH200,القاهرة,Cash On Delivery
2006431347,2026-10-01 23:58:37,Oct 01,MP,mam,Washers &amp; Dryer,غسالة ملابس توشيبا، تحميل علوى 8 كيلو، AW-J800AUPEG - فضى,EL1091299-CONF-rofaeeltrade-conf-mam,1.0,10699.0,10699.0,0.0,10699.0,,سوهاج,Bank Misr Installments
2006431344,2026-10-01 23:58:22,Oct 01,MP,shoppingonline,Laptop Accessories,شنطة ظهر للابتوب للسفر غرين غلوب مقاومة للماء، 15.6 بوصة - أسود,B08Z3N91V8,1.0,209.0,209.0,0.0,209.0,,الجيزة,Cash On Delivery
2006431341,2026-10-01 23:58:09,Oct 01,raneen,raneen,Cleaning Tools &amp; Supplies,سبت غسيل الهلال والنجمة، 45 لتر - رمادي,HO1044169GRY,1.0,499.0,499.0,0.0,499.0,,القاهرة,Cash On Delivery
2006431341,2026-10-01 23:58:09,Oct 01,raneen,raneen,Cleaning Tools &amp; Supplies,معطر جو بخاخ برائحة الافندر والفانيليا فينيكس، 450 مل - ابيض موف,HO1143020WI1,1.0,50.0,50.0,0.0,50.0,,القاهرة,Cash On Delivery
2006431341,2026-10-01 23:58:09,Oct 01,raneen,raneen,Cleaning Tools &amp; Supplies,باسكت قمامة 2×1 بلاستيك بالدواسه الهدى، 40 لتر - زيتوني اسود,HO1088474OL1,1.0,399.0,399.0,0.0,399.0,,القاهرة,Cash On Delivery
2006431341,2026-10-01 23:58:09,Oct 01,MP,hamzastore,Security &amp; Surveillance Systems,كاميرا مراقبة داخلية تيندا CP3 قابلة للإمالة والتحريك، بدقة 3.0 ميجابكسل - ابيض,TENDA-CP3-White,3.0,899.0,2697.0,0.0,2697.0,,القاهرة,Cash On Delivery
2006431326,2026-10-01 23:54:49,Oct 01,MP,elkabeer,Coffee Makers,كنكة قهوة التركي سوكاني، ستانلس ستيل مقاوم للصدأ، 600 وات - فضي,ESES105SLV,1.0,499.0,499.0,0.0,499.0,,القاهرة,Cash On Delivery
2006431323,2026-10-01 23:54:46,Oct 01,MP,dukanalaa,Hair Care,مكواة شعر كيمى، 50 وات، Km-2212 - اسود,EL1086614BK1-1-dukanalaa,1.0,375.0,375.0,0.0,375.0,,البحر الأحمر,Cash On Delivery
2006431317,2026-10-01 23:54:13,Oct 01,MP,mixstore,Fryers,قلاية هوائية صحية سيلفر كرست، 6 لتر، 2400 وات، ديجيتال تعمل باللمس، S-18 - اسود ذهبي,RAN-mixELTOMMYS18BKGLD,1.0,1699.0,1699.0,0.0,1699.0,,القاهرة,El-Ahly Installments
2006431317,2026-10-01 23:54:13,Oct 01,raneen,raneen,Packaging,طقم صندوق حفظ وتخزين كرتون مطبوع، 3 طبقات، 15×15×20 سم، 10 قطع، 60 جرام تقريبا - بيج,HO1126045BEG,1.0,49.0,49.0,0.0,49.0,,القاهرة,El-Ahly Installments
2006431317,2026-10-01 23:54:13,Oct 01,MP,dukanalaa,Bathroom Accessories,كيس تخزين ملابس محمول، شنطة تخزين بطانية قابلة للطي، 2 قطعة، أخضر، أكاسيا,RAN-X3JQUCM,1.0,175.0,175.0,0.0,175.0,,القاهرة,El-Ahly Installments
2006431317,2026-10-01 23:54:13,Oct 01,MP,coktailstore,Luggage,3 حقيبة تخزين كبيرة إضافية تحت السرير من Voency - 180 لتر، مقاومة للماء، قابلة للطي، للبطانيات، الملابس، الفراش، السفر,RAN-RC2D57K,1.0,199.0,199.0,0.0,199.0,,القاهرة,El-Ahly Installments
2006431311,2026-10-01 23:51:44,Oct 01,MP,mam,Refrigerators &amp; Freezers,ثلاجة دي فروست يونيون اير، 2باب، 310 لتر، دي فروست ديجيتال، RD-320VVA-DAH - فضى,EL1153508SLV-mam,1.0,10976.0,10976.0,0.0,10976.0,,القاهرة,Credit/Debit Card
2006431308,2026-10-01 23:51:03,Oct 01,MP,tibatrading,Clothes Hangers,رف ملابس بقضيب مزدوج، قضيب ملابس شديد التحمل مع رف سفلي، اطار معدني اسود,RAN-D7CV5ZT,1.0,749.0,749.0,0.0,749.0,,الأسكندرية,Cash On Delivery
2006431299,2026-10-01 23:48:48,Oct 01,MP,katoshappliances,Fans,مروحة ستاند تورنيدو، 16 بوصة، 4 ريش، ريموت، TSF-75RED - نبيتي,4023,1.0,3276.0,3276.0,0.0,3276.0,,القاهرة,Cash On Delivery
2006431296,2026-10-01 23:48:21,Oct 01,MP,citytools,Power &amp; Hand Tools,غساله ضغط انجكو ، 20 فولت ، لاسلكي ، CPWLI20362 - اسود اصفر,CPWLI20362-Citytools,1.0,2607.0,2607.0,0.0,2607.0,,الشرقية,Cash On Delivery
4000170365,2026-10-01 23:47:01,Oct 01,raneen,raneen,Wardrobe,"Chipboard Wardrobe, 2 Doors, 5 Shelves, Clothes Hanger, 80×40×192 cm - Beige Wooden",HO1135527BG1,1.0,3499.0,3499.0,0.0,3499.0,,القاهرة,Cash On Delivery
2006431290,2026-10-01 23:44:47,Oct 01,MP,goldenbeds,Bedding,كوفرته بيكا صيفي قطن سرير كبير ساده ، 230* 240 ، قطعة واحدة - زيتى,COVERTA10-GOLDENBED,1.0,615.0,615.0,30.75,584.25,Tex200,القاهرة,Cash On Delivery
2006431290,2026-10-01 23:44:47,Oct 01,MP,jphome,Bedding,كوفرته بيكا صيفي قطن سرير كبير ساده ، 230 * 240 ، قطعة واحدة - بيج,JP1213456616,1.0,685.0,685.0,34.25,650.75,Tex200,القاهرة,Cash On Delivery
2006431290,2026-10-01 23:44:47,Oct 01,MP,yarlin,Bedding,كوفرتة صيفي قطن يارلن، 220×240,Yar-1116,1.0,735.0,735.0,36.75,698.25,Tex200,القاهرة,Cash On Delivery
2006431287,2026-10-01 23:44:24,Oct 01,MP,woodenfurniture,TV Table,ترابيزة تلفاز خشب ام دي اف، 50x150x30 سم - أبيض بني,vw-tv-2,1.0,1699.0,1699.0,0.0,1699.0,,الأسكندرية,Cash On Delivery
2006431281,2026-10-01 23:42:49,Oct 01,raneen,raneen,Shoe Rack,جزامة خشب شيب بورد، 3 ارفف، 2 دلفة، ارجل بلاستيك، 60×32×89 سم - بني,HO1145380BRN,1.0,1149.0,1149.0,0.0,1149.0,,أسوان,Cash On Delivery
2006431278,2026-10-01 23:42:28,Oct 01,MP,asmagroup,Printers,طابعة لاسلكية سمارت تانك 581 اتش بي، الكل في واحد، 4A8D4A - اسود,4A8D4A-thehomemart,1.0,5995.0,5995.0,0.0,5995.0,,القاهرة,Cash On Delivery
2006431272,2026-10-01 23:39:55,Oct 01,MP,naitghwooging,Dressing Table,تسريحة خشب أم دي اف اسبانى، كرسي تسريحه ، 80X80X15 سم، بدون مرآه - ابيض,naitghwooging-O324,1.0,3989.0,3989.0,500.0,3489.0,OFF500 ,القاهرة,valU
2006431269,2026-10-01 23:39:46,Oct 01,MP,antikawoodfurniture,Center Table,ترابيزة وسط خشب ام دي اف، 100x50x40 سم - ابيض,MFtab044centab-antikawoodfurniture,1.0,2499.0,2499.0,0.0,2499.0,,الجيزة,Cash On Delivery
2006431266,2026-10-01 23:39:29,Oct 01,raneen,raneen,Shoe Rack,جزامة خشب شيب بورد، 3 ارفف، 2 دلفة، ارجل بلاستيك، 80×32×97 سم - بيج اوف وايت,HO1122591BNW,1.0,1799.0,1799.0,0.0,1799.0,,القاهرة,Cash On Delivery
2006431263,2026-10-01 23:38:38,Oct 01,MP,attallah,Ladders &amp; Clothes Dryer,منشر غسيل معدني جوهار - فضي,MZDRYER3SLV-CONF-attallah,1.0,999.0,999.0,49.95,949.05,KCH200,القاهرة,Cash On Delivery
2006431260,2026-10-01 23:38:09,Oct 01,raneen,raneen,Dinnerware,طقم عشاء اركوبال جراند، 24 قطعة - متعدد الالوان,HO1140980WI2,1.0,499.0,499.0,0.0,499.0,,القاهرة,Cash On Delivery
2006431260,2026-10-01 23:38:09,Oct 01,raneen,raneen,Drinkware,طقم اكواب اكواتك، 18 قطعة - شفاف,HO1093911CLR,1.0,200.0,200.0,0.0,200.0,,القاهرة,Cash On Delivery
2006431245,2026-10-01 23:35:50,Oct 01,raneen,raneen,Home Decor,بونبونيرة زجاج بغطاء جلاكسي جلاس، 14 سم - شفاف,HO1113925CLR,1.0,60.0,60.0,0.0,60.0,TEX200,الجيزة,valU
2006431245,2026-10-01 23:35:50,Oct 01,raneen,raneen,Kitchenware,طقم برطمان توابل زجاج بغطاء بلاستيك، 15 قطعة، 120 مل، مزود بقمع تعبئة - اسود,HO1110579BLK,1.0,150.0,150.0,0.0,150.0,TEX200,الجيزة,valU
2006431245,2026-10-01 23:35:50,Oct 01,raneen,raneen,Serveware,طقم صينية تقديم بلاستيك مستطيل الهدي، 3 قطع,HO1132539MO8,1.0,115.0,115.0,0.0,115.0,TEX200,الجيزة,valU
2006431245,2026-10-01 23:35:50,Oct 01,raneen,raneen,Kettles,غلاية مياه كهربائية ستانلس ستيل سيلكت، 1.5 لتر، 1500 وات - اسود فضي,EL1137877BNS,1.0,209.0,209.0,0.0,209.0,TEX200,الجيزة,valU
2006431245,2026-10-01 23:35:50,Oct 01,raneen,raneen,Dinnerware,طبق الومنيوم مستدير شيف كوك، 20 سم - فضي,HO1145762SLV,1.0,55.0,55.0,0.0,55.0,TEX200,الجيزة,valU
2006431245,2026-10-01 23:35:50,Oct 01,raneen,raneen,Dinnerware,طبق عميق مستدير الومنيوم شيف كوك، 22 سم - فضي,HO1129630SLV,3.0,55.0,165.0,0.0,165.0,TEX200,الجيزة,valU
2006431245,2026-10-01 23:35:50,Oct 01,raneen,raneen,Kitchenware,طقم مصفاه ستانلس ستيل مستديرة شيف كوك، 3 قطع - فضي,HO1119876SLV,1.0,100.0,100.0,0.0,100.0,TEX200,الجيزة,valU
2006431245,2026-10-01 23:35:50,Oct 01,raneen,raneen,Cookware,طقم كسروله المونيوم شيف كوك، 3 قطع، يد ستانلس ستيل - فضي,HO1115369SLV,1.0,200.0,200.0,0.0,200.0,TEX200,الجيزة,valU
2006431245,2026-10-01 23:35:50,Oct 01,raneen,raneen,Cookware,طقم صواني فرن الومنيوم شيف كوك، قطعتين - فضي,HO1145776SLV,1.0,200.0,200.0,0.0,200.0,TEX200,الجيزة,valU
2006431245,2026-10-01 23:35:50,Oct 01,raneen,raneen,Cookware,لبانة بالغطاء الومنيوم شيف كوك، 16 سم - فضي,HO1109913SLV,1.0,200.0,200.0,0.0,200.0,TEX200,الجيزة,valU
2006431245,2026-10-01 23:35:50,Oct 01,raneen,raneen,Cookware,صينية فرن بالغطاء الومنيوم ماجيك، 24 سم - فضي,HO1145777SLV,2.0,200.0,400.0,0.0,400.0,TEX200,الجيزة,valU
2006431245,2026-10-01 23:35:50,Oct 01,raneen,raneen,Cookware,طقم قلاية الومنيوم ماجيك، قطعتين - فضي,HO1145773SLV,1.0,200.0,200.0,0.0,200.0,TEX200,الجيزة,valU
2006431245,2026-10-01 23:35:50,Oct 01,raneen,raneen,Cookware,طاجن الومنيوم مستطيل ماجيك، 25 سم - فضي,HO1109906SLV,1.0,100.0,100.0,0.0,100.0,TEX200,الجيزة,valU
2006431245,2026-10-01 23:35:50,Oct 01,raneen,raneen,Cookware,طقم قلاية الومنيوم شيف كوك، 3 قطع - فضي,HO1129642SLV,1.0,200.0,200.0,0.0,200.0,TEX200,الجيزة,valU
2006431245,2026-10-01 23:35:50,Oct 01,raneen,raneen,Bedding,دفاية سرير قطيفة نانا سيكريت، 220×150 سم، 470 جرام - بينك,TX1156543MA1,2.0,99.0,198.0,9.9,188.1,TEX200,الجيزة,valU
2006431245,2026-10-01 23:35:50,Oct 01,raneen,raneen,Bedding,دفاية سرير قطيفة نانا سيكريت، 220×150 سم، 470 جرام - احمر,TX1156543MA7,2.0,99.0,198.0,9.9,188.1,TEX200,الجيزة,valU
2006431245,2026-10-01 23:35:50,Oct 01,raneen,raneen,Bedding,دفاية سرير قطيفة نانا سيكريت، 220×150 سم، 470 جرام - احمر اسود,TX1156543MC7,2.0,99.0,198.0,9.9,188.1,TEX200,الجيزة,valU
2006431245,2026-10-01 23:35:50,Oct 01,raneen,raneen,Bedding,دفاية سرير قطيفة نانا سيكريت، 220×150 سم، 470 جرام - رمادي اسود,TX1156543MC8,2.0,99.0,198.0,9.9,188.1,TEX200,الجيزة,valU
2006431245,2026-10-01 23:35:50,Oct 01,raneen,raneen,Towels,فوطه قطن ساده، 50×90 سم، 290 جرام تقريبا - بترولي,TX1130514PT4,1.0,89.0,89.0,4.45,84.55,TEX200,الجيزة,valU
2006431245,2026-10-01 23:35:50,Oct 01,raneen,raneen,Towels,فوطه قطن ساده، 50×90 سم، 290 جرام تقريبا - هافان,TX1138123HF4,1.0,89.0,89.0,4.45,84.55,TEX200,الجيزة,valU
2006431245,2026-10-01 23:35:50,Oct 01,raneen,raneen,Towels,فوطه قطن ساده، 50×90 سم، 290 جرام تقريبا - بني فاتح,TX1130517BR5,1.0,89.0,89.0,4.45,84.55,TEX200,الجيزة,valU
2006431245,2026-10-01 23:35:50,Oct 01,raneen,raneen,Towels,فوطه قطن ساده، 50×90 سم، 290 جرام تقريبا - بنفسجي,TX1138125PR5,1.0,89.0,89.0,4.45,84.55,TEX200,الجيزة,valU
2006431245,2026-10-01 23:35:50,Oct 01,raneen,raneen,Towels,فوطه قطن جاكار، 50×100 سم، 280 جرام,TX1127871GR2,1.0,69.0,69.0,3.45,65.55,TEX200,الجيزة,valU
2006431245,2026-10-01 23:35:50,Oct 01,raneen,raneen,Towels,فوطه قطن جاكار، 50×100 سم، 280 جرام تقريبا - اصفر فاتح,TX1127873OF7,5.0,69.0,345.0,17.25,327.75,TEX200,الجيزة,valU
2006431245,2026-10-01 23:35:50,Oct 01,raneen,raneen,Bed Sheets,طقم ملاية لازورد، 4 قطع، 215×235 سم - متعدد الالوان,TX1022398MT7,2.0,189.0,378.0,18.9,359.1,TEX200,الجيزة,valU
2006431245,2026-10-01 23:35:50,Oct 01,raneen,raneen,Bed Sheets,طقم ملاية لازورد، 4 قطع، 215×235 سم - بنفسجي,TX1022398ME7,2.0,189.0,378.0,18.9,359.1,TEX200,الجيزة,valU
2006431245,2026-10-01 23:35:50,Oct 01,raneen,raneen,Bed Sheets,طقم ملاية لازورد، 4 قطع، 215×235 سم - متعدد الالوان,TX1022398MT5,2.0,189.0,378.0,18.9,359.1,TEX200,الجيزة,valU
2006431245,2026-10-01 23:35:50,Oct 01,raneen,raneen,Bed Sheets,طقم ملاية لازورد، 4 قطع، 215×235 سم - متعدد الالوان,TX1022398MT1,2.0,189.0,378.0,18.9,359.1,TEX200,الجيزة,valU
2006431245,2026-10-01 23:35:50,Oct 01,raneen,raneen,Bed Sheets,طقم ملاية لازورد، 4 قطع، 235×215 سم - روز,TX1022398MC0,2.0,189.0,378.0,18.9,359.1,TEX200,الجيزة,valU
2006431245,2026-10-01 23:35:50,Oct 01,raneen,raneen,Bed Sheets,طقم ملايه قماش مطبوع، 4 قطع، 215×235 سم,TX1017810MS3,2.0,189.0,378.0,18.9,359.1,TEX200,الجيزة,valU
2006431233,2026-10-01 23:33:46,Oct 01,raneen,raneen,Water Dispenser,مبرد مياه جاك، 2 حنفية بارد/ساخن، NGWD-2225S -  اسود,EL1093218BLK,1.0,3999.0,3999.0,0.0,3999.0,,الغربية,Cash On Delivery
2006431227,2026-10-01 23:30:46,Oct 01,MP,orkastore,Storage,منظم مطبخ تربو ، 125×32×56 سم ، 4 رفوف ، بلاستيك - اوف وايت,156132-orkastore,1.0,2340.0,2340.0,0.0,2340.0,,القاهرة,Cash On Delivery
2006431215,2026-10-01 23:28:49,Oct 01,raneen,raneen,Drinkware,طقم كاسات عصير كايرو جلاسس، 6 قطع، 17 سم - شفاف,HO1095857CLR,1.0,60.0,60.0,3.0,57.0,KCH200,الدقهلية,Cash On Delivery
2006431215,2026-10-01 23:28:49,Oct 01,raneen,raneen,Cookware,طقم طاجن زجاج حراري تركي بورجام، 5 قطع - شفاف,HO1097904CLR,3.0,599.0,1797.0,89.85,1707.15,KCH200,الدقهلية,Cash On Delivery
2006431206,2026-10-01 23:26:06,Oct 01,MP,dukanalaa,Shaving &amp; Grooming,ماكينه حلاقه شعر احترافيه كيمي ، شاشه ليد ، km-1903 - اسود,5-dukanalla-black,1.0,777.0,777.0,0.0,777.0,,الأسماعيلية,Cash On Delivery
2006431203,2026-10-01 23:25:51,Oct 01,raneen,raneen,Office Chairs,كرسي مكتب معدن عالي ظهر شبك، هيدروليك، مسند فيبر، 5 عجلات، 120×45×50 سم - اسود,HO1139738BLK,1.0,1499.0,1499.0,0.0,1499.0,,الدقهلية,Cash On Delivery
2006431194,2026-10-01 23:21:30,Oct 01,raneen,raneen,Cookware,طقم حلل تيفال تروفال، 12 قطعة - احمر,HO1139425RED,1.0,1999.0,1999.0,99.95,1899.05,kcH200,السويس,Cash On Delivery
2006431191,2026-10-01 23:21:26,Oct 01,MP,meercato,Drinkware,زجاجة مياه وورك اوت، 1800 مل، بلاستيك بيد - ازرق,meercato-1600110000504,1.0,399.0,399.0,0.0,399.0,,القاهرة,Cash On Delivery
2006431188,2026-10-01 23:21:06,Oct 01,raneen,raneen,Drinkware,طقم شوب عصير زجاج لومينارك، 6 قطع، 330 مل - شفاف,HO1144876CLR,1.0,200.0,200.0,10.0,190.0,KCH200,الشرقية,Cash On Delivery
2006431188,2026-10-01 23:21:06,Oct 01,raneen,raneen,Dinnerware,طبق اركوبال عميق لومينارك، 23 سم - ابيض,HM1009087WIT,3.0,50.0,150.0,7.5,142.5,KCH200,الشرقية,Cash On Delivery
2006431188,2026-10-01 23:21:06,Oct 01,raneen,raneen,Kettles,غلاية كهربائية تاتش الزنوكى، 1500 وات، 1.5 لتر، 40323 - فضي,EL1042786SLV,1.0,416.0,416.0,0.0,416.0,KCH200,الشرقية,Cash On Delivery
2006431188,2026-10-01 23:21:06,Oct 01,raneen,raneen,Cookware,طقم قلاية الومنيوم ماجيك، قطعتين - فضي,HO1145771SLV,1.0,200.0,200.0,10.0,190.0,KCH200,الشرقية,Cash On Delivery
2006431188,2026-10-01 23:21:06,Oct 01,raneen,raneen,Cookware,حلة ستانلس ستيل عبود، مقاس 22 - فضى,HO1055787SLV,1.0,1199.0,1199.0,59.95,1139.05,KCH200,الشرقية,Cash On Delivery
2006431188,2026-10-01 23:21:06,Oct 01,raneen,raneen,Cookware,حلة ستانلس ستيل عبود، مقاس 16 - فضى,HO1055784SLV,1.0,845.0,845.0,42.25,802.75,KCH200,الشرقية,Cash On Delivery
2006431185,2026-10-01 23:21:05,Oct 01,raneen,raneen,Kitchenware,حافظة كيك بلاستيك وينر بلاست، 37×30×13 سم، بالاضافة الي ماسك طعام - شفاف بيج,HO1144017BG1,1.0,154.0,154.0,7.7,146.3,kch200,القاهرة,Cash On Delivery
2006431185,2026-10-01 23:21:05,Oct 01,raneen,raneen,Decorative Accessories,طبق حلويات زجاج باشابتشي، 20 سم - شفاف,HO1100189CLR,1.0,200.0,200.0,10.0,190.0,kch200,القاهرة,Cash On Delivery
2006431185,2026-10-01 23:21:05,Oct 01,raneen,raneen,Kitchenware,طقم توزيع خشب بمصفاة مستديرة فالمر، 5 قطع - خشبي,HO1107616BSC,1.0,91.0,91.0,4.55,86.45,kch200,القاهرة,Cash On Delivery
2006431185,2026-10-01 23:21:05,Oct 01,raneen,raneen,Bowl,بولة زجاج باشابتشي، 23 سم - شفاف,HO1091059CLR,1.0,96.0,96.0,4.8,91.2,kch200,القاهرة,Cash On Delivery
2006431185,2026-10-01 23:21:05,Oct 01,raneen,raneen,Knife &amp; Cutters,سكينة مطبخ اليكس ميتال، 9 بوصة - اسود,HO1051236BLK,1.0,41.0,41.0,2.05,38.95,kch200,القاهرة,Cash On Delivery
2006431185,2026-10-01 23:21:05,Oct 01,raneen,raneen,Knife &amp; Cutters,سكينة اي ام دبليو، 4.7 بوصة - اسود,HO1051232BLK,1.0,20.0,20.0,1.0,19.0,kch200,القاهرة,Cash On Delivery
2006431185,2026-10-01 23:21:05,Oct 01,raneen,raneen,Dinnerware,طقم أطباق زجاج بيراميد جلاس، 3 قطع، 22 سم - شفاف,HO1155450CL1,1.0,132.0,132.0,6.6,125.4,kch200,القاهرة,Cash On Delivery
2006431185,2026-10-01 23:21:05,Oct 01,raneen,raneen,Bowl,عجان ستانلس ستيل مستدير شيف كوك، 28 سم - فضي,HO1145764SLV,1.0,55.0,55.0,2.75,52.25,kch200,القاهرة,Cash On Delivery
2006431185,2026-10-01 23:21:05,Oct 01,raneen,raneen,Bowl,طقم بولة زجاج ليور، 6 قطع، 130 مل - شفاف,HO1155453CLR,1.0,36.0,36.0,1.8,34.2,kch200,القاهرة,Cash On Delivery
2006431185,2026-10-01 23:21:05,Oct 01,raneen,raneen,Cookware,طقم صينية بسبوسة الومنيوم ماجيك، 3 قطع - فضي,HO1148567SLV,1.0,200.0,200.0,10.0,190.0,kch200,القاهرة,Cash On Delivery
2006431185,2026-10-01 23:21:05,Oct 01,raneen,raneen,Kitchenware,طقم بلانشة خشب بامبو، 3 قطع - خشبي,HO1137142BSC,1.0,379.0,379.0,18.95,360.05,kch200,القاهرة,Cash On Delivery
2006431176,2026-10-01 23:19:16,Oct 01,raneen,raneen,Kitchenware,شيالة تحمير عميقة ستانلس ستيل بيد خشب فالمر، 41×13 سم - فضي بني,HO1106370SLV,1.0,129.0,129.0,0.0,129.0,,الأسكندرية,Cash On Delivery
2006431176,2026-10-01 23:19:16,Oct 01,MP,dukanalaa,Coffee Makers,مضرب حليب يدوي قابل لإعادة الشحن باللون الأسود - جسم معدني,RAN-U7K772A,1.0,175.0,175.0,0.0,175.0,,الأسكندرية,Cash On Delivery
2006431176,2026-10-01 23:19:16,Oct 01,MP,blackandwhitewofficialstore,Vacuum Cleaners,مكنسة كهربائية بلاك اند وايت، 2300 وات، 4 لتر، VC-79 ER - بني,BW-745604650526,1.0,4595.0,4595.0,0.0,4595.0,,الأسكندرية,Cash On Delivery
2006431173,2026-10-01 23:18:54,Oct 01,raneen,raneen,Cleaning Tools &amp; Supplies,فرشاة تنظيف حمام سيليكون بيد بلاستيك، بقاعدة، 35 سم - أبيض,HO1131630WI1,2.0,100.0,200.0,0.0,200.0,,الأسكندرية,Cash On Delivery
2006431173,2026-10-01 23:18:54,Oct 01,raneen,raneen,Cleaning Tools &amp; Supplies,باسكت قمامة بلاستيك بغطاء تاتش حجازي، 7 لتر- ابيض بيج,HO1147789WIT,2.0,135.0,270.0,0.0,270.0,,الأسكندرية,Cash On Delivery
2006431170,2026-10-01 23:18:38,Oct 01,MP,vooc,Mobile Phones,موبايل سمارت سامسونج جلاكسى A26، 256 جيجا بايت، 8 جيجا بايت ، شبكة الجيل الخامس - بينك,EL1129439PNK-vooc,1.0,19300.0,19300.0,0.0,19300.0,,القليوبية,El-Ahly Installments
2006431167,2026-10-01 23:18:13,Oct 01,raneen,raneen,Dinnerware,طقم عشاء أركوبال اماراتي لومينارك، 26 قطعة - ابيض,HO1124768WI1,1.0,1199.0,1199.0,59.95,1139.05,kch200,الجيزة,Cash On Delivery
2006431164,2026-10-01 23:17:05,Oct 01,MP,anfasstore,Makeup,بودرة إنفاليبل برو جلو طويلة الأمد 25 ساندي بيج لوريال باريس، للسيدات,MP71249349083,1.0,175.0,175.0,0.0,175.0,OFF500,القاهرة,Free
2006431164,2026-10-01 23:17:05,Oct 01,MP,tal2aa,Makeup,مسكرا إيسنس برينسس لرموش كثيفة,RAN-UJ22QS8,1.0,248.0,248.0,0.0,248.0,OFF500,القاهرة,Free
2006431164,2026-10-01 23:17:05,Oct 01,MP,vgastar,Electronics Audio,سماعات كراش Usb، 2 قطعة، X4 - اسود,x4vgastar,1.0,325.0,325.0,0.0,325.0,OFF500,القاهرة,Free
2006431164,2026-10-01 23:17:05,Oct 01,raneen,raneen,Laptop Accessories,شنطة لاب توب قماش بلاك هورس، 3 سوست، 18 بوصة - اسود,HO1152479BLK,1.0,549.0,549.0,0.0,549.0,OFF500,القاهرة,Free
2006431164,2026-10-01 23:17:05,Oct 01,MP,abdelaziz,Shaving &amp; Grooming,ماكينه حلاقه فى جى ار متعددة الاستخدام للرجال، 800 مللي أمبير، V-306 - أسود أزرق,V-306,1.0,875.0,875.0,0.0,875.0,OFF500,القاهرة,Free
2006431164,2026-10-01 23:17:05,Oct 01,MP,talhastore,Baby Gears,حقيبة حفاضات مقاومة للماء - بني,RAN-Q4FNTTJ,1.0,301.5,301.5,0.0,301.5,OFF500,القاهرة,Free
2006431164,2026-10-01 23:17:05,Oct 01,raneen,raneen,Wardrobe,دولاب خشب شيب بورد، 2 دلفة، 5 رفوف، شماعة ملابس، 80×40×192 سم - بيج خشبي,HO1135527BG1,1.0,3499.0,3499.0,500.0,2999.0,OFF500,القاهرة,Free
2006431161,2026-10-01 23:15:38,Oct 01,MP,citytools,Power &amp; Hand Tools,شنيور كهربائي انجكو ، 900 وات ، ID9008 - اصفر,ID9008,1.0,1466.0,1466.0,0.0,1466.0,,القليوبية,Cash On Delivery
2006431161,2026-10-01 23:15:38,Oct 01,MP,attallah,Fans,مروحة حائط اي هوم، 18 بوصة، 5 ريشة، KI-3000B - اسود,IHOMEWFAN18BLK-attallah,3.0,797.0,2391.0,0.0,2391.0,,القليوبية,Cash On Delivery
2006431158,2026-10-01 23:15:28,Oct 01,raneen,raneen,Air Conditioner,تكييف سبليت بيكو، 1.5 حصان بارد / ساخن، انفرتر، تبرديد فائق السرعة، T3 Compressor - Golden Fin - ابيض,EL1149199WIT,3.0,23999.0,71997.0,0.0,71997.0,,القاهرة,Credit/Debit Card
2006431152,2026-10-01 23:14:51,Oct 01,MP,grandmakaa,Water Filters,طقم غيار فلتر تانك برو 6 مراحل لتنقية المياه,RAN-BUDF6VS,1.0,795.0,795.0,0.0,795.0,,الشرقية,El-Ahly Installments
2006431152,2026-10-01 23:14:51,Oct 01,raneen,raneen,Water Filters,فلتر تانك برو، ديجيتال، 6 وظائف تنقية - اسود,HO1121193BLK,1.0,2114.0,2114.0,0.0,2114.0,,الشرقية,El-Ahly Installments
2006431146,2026-10-01 23:13:36,Oct 01,raneen,raneen,Kettles,غلاية مياه كهربائية ستانلس ستيل سيلكت، 1.5 لتر، 1500 وات - اسود فضي,EL1137877BNS,1.0,209.0,209.0,20.9,188.1,App100,أسيوط,Paymob Wallet
2006431134,2026-10-01 23:11:59,Oct 01,MP,naitghwooging,TV Table,ترابيزة تلفاز وترابيزه وسط مقاس 80*80، خشب ام دي اف، 30×200×35 سم - خشبى,naitghwooging-TV212,1.0,5699.0,5699.0,500.0,5199.0,OFF500,المنوفية,Cash On Delivery
2006431128,2026-10-01 23:10:48,Oct 01,MP,almeramattresses,Mattress,مرتبة تطرية فندقية الميرا ماتريس حشو فايبر سوفت مزوده باستك للتثبيت علي المرتبة، 195×120 سم - كحلي,Mp-117-18-almeramattresses,1.0,510.0,510.0,0.0,510.0,,القاهرة,Cash On Delivery
2006431125,2026-10-01 23:09:47,Oct 01,MP,dukanalaa,Personal Scale,ميزان حمام رقمى ذكى دقيق لقياس وزن الجسم والدهون والعضلات - جهاز الكترونى لخسارة الوزن بتقنية البلوتوث وتطبيق الهاتف - 18 مؤشر قياس Inbody - شاشة ليد واضحة - سعة حتى 180 كيلو أسود.,RAN-DVCSSGU,1.0,320.0,320.0,0.0,320.0,,الجيزة,Credit/Debit Card
2006431107,2026-10-01 23:07:28,Oct 01,MP,mfaelectronics,Burner,بوتاجاز مسطح غاز اوتشا ، 4 شعلة ،60 × 60 سم ، Classic Stove 60 - فضي,6224003560161,1.0,2885.0,2885.0,0.0,2885.0,,القاهرة,Cash On Delivery
2006431101,2026-10-01 23:07:18,Oct 01,raneen,raneen,Built in,بوتاجاز غاز بلت ان فريش، 5 شعلات، 90×50 سم، امان كامل، 17512 - اسود,EL1116193BNS,1.0,10499.0,10499.0,1000.0,9499.0,fr1000,أسوان,Cash On Delivery
2006431089,2026-10-01 23:05:42,Oct 01,raneen,raneen,Built in,بوتاجاز غاز بلت ان فريش، 5 شعلات، 90×50 سم، امان كامل، 17512 - اسود,EL1116193BNS,1.0,10499.0,10499.0,1000.0,9499.0,fr1000,أسوان,Cash On Delivery
2006431077,2026-10-01 23:04:14,Oct 01,MP,talhastore,Men&#039;s Accessories,محفظة جلدية للبطاقات بزر إغلاق (بنية),RAN-H862KW2,1.0,199.0,199.0,9.95,189.05,f150,القاهرة,Premium Card
2006431077,2026-10-01 23:04:14,Oct 01,MP,ocean,Shaving &amp; Grooming,ماكينة تشذيب اللحية الكهربائية من في جي ار مجموعة احترافية للعناية باللحية للرجال مع شفرات للوجه والجسم والانف والشارب هدايا VGR - 109,RAN-HX4PRM6,1.0,930.0,930.0,0.0,930.0,f150,القاهرة,Premium Card
2006431077,2026-10-01 23:04:14,Oct 01,MP,rafae3dotcom,Beauty &amp; Body Care,آلة إزالة الشعر VGR V-735 للسيدات - العناية بالجسم وإزالة الشعر الفعال بسهولة,V-735-rafae3dotcom,1.0,700.0,700.0,0.0,700.0,f150,القاهرة,Premium Card
2006431068,2026-10-01 23:03:31,Oct 01,MP,ocean,Mixers &amp; Blenders,خلاط كهربائي سوكاني، 4500 وات، 2000 مل، SK-444 - احمر,1597-ocean,1.0,1599.0,1599.0,0.0,1599.0,,الجيزة,Cash On Delivery
2006431068,2026-10-01 23:03:31,Oct 01,MP,attallah,Mixers &amp; Blenders,كبة سوكاني، 400 وات، 2 لتر، SK-7020 - اسود فضى,el1096274blk-conf-attallah,1.0,642.0,642.0,0.0,642.0,,الجيزة,Cash On Delivery
2006431065,2026-10-01 23:02:41,Oct 01,raneen,raneen,Drinkware,طقم كاسات زجاج دريم، 6 قطع، 90 مل - شفاف,HO1157159CLR,2.0,100.0,200.0,0.0,200.0,,الجيزة,Aman
2006431065,2026-10-01 23:02:41,Oct 01,raneen,raneen,Serveware,طقم صوانى تقديم مستطيله ستانلس ستيل ارشيا، قطعتين - ذهبي,HO1143631GL5,1.0,699.0,699.0,0.0,699.0,,الجيزة,Aman
2006431062,2026-10-01 23:02:41,Oct 01,MP,ammerkatosh,Refrigerators &amp; Freezers,ديب فريزر أفقى فريش، 334 لتر، FDF-400 - فضي,500010799-ammerkatosh,1.0,14447.0,14447.0,0.0,14447.0,,القليوبية,El-Ahly Installments
2006431059,2026-10-01 23:02:29,Oct 01,raneen,raneen,Televisions,تلفزيون ATA، ٣٢ بوصة، D32A124 ،LED، HD - أسود,EL1068461BLK,1.0,4444.0,4444.0,0.0,4444.0,,القاهرة,Paymob Wallet
2006431056,2026-10-01 23:02:06,Oct 01,raneen,raneen,Mobile Phones,موبايل سمارت سامسونج، جلاكسي، شريحتين اتصال، 4 جيجا رام، 128 جيجابايت، شبكة الجيل الرابع، A17 - رمادي,EL1138500GRY,3.0,10699.0,32097.0,0.0,32097.0,,سوهاج,Credit/Debit Card
2006431050,2026-10-01 23:01:11,Oct 01,raneen,raneen,Built in,بوتاجاز غاز بلت ان فريش، 5 شعلات، 90×50 سم، امان كامل، 17512 - اسود,EL1116193BNS,1.0,10499.0,10499.0,1000.0,9499.0,fr1000,أسوان,Cash On Delivery
2006431047,2026-10-01 22:59:56,Oct 01,raneen,raneen,Bowl,طقم بولة زجاج امواج، 16 قطعة - شفاف,HO1156606CLR,1.0,292.0,292.0,14.6,277.4,KCH200,الأسكندرية,Cash On Delivery
2006431047,2026-10-01 22:59:56,Oct 01,raneen,raneen,Bowl,طقم بولة زجاج ليور، 6 قطع، 130 مل - شفاف,HO1155453CLR,1.0,36.0,36.0,1.8,34.2,KCH200,الأسكندرية,Cash On Delivery
2006431047,2026-10-01 22:59:56,Oct 01,raneen,raneen,Storage,طقم علب ثلاجه بلاستيك الهدي، 24 قطعة - متعدد الالوان,HO1111808MC1,1.0,200.0,200.0,10.0,190.0,KCH200,الأسكندرية,Cash On Delivery
2006431047,2026-10-01 22:59:56,Oct 01,MP,tibatrading,Kitchenware,مسبار مقياس حرارة رقمي للمطبخ من اجل طبخ الطعام GH1810,RAN-JD925VS,1.0,120.0,120.0,6.0,114.0,KCH200,الأسكندرية,Cash On Delivery
2006431047,2026-10-01 22:59:56,Oct 01,MP,dukanalaa,Kitchenware,مجموعة من 4 مصفاة - متعددة الألوان - خفيفة الوزن - آمنة لغسالة الصحون,RAN-VTVK4U7,1.0,59.0,59.0,2.95,56.05,KCH200,الأسكندرية,Cash On Delivery
2006431047,2026-10-01 22:59:56,Oct 01,MP,biti,Kitchenware,مصفاة مغسلة مصنوعة من الفولاذ المقاوم للصدأ - فضي,RAN-QM2RSG2,1.0,85.0,85.0,4.25,80.75,KCH200,الأسكندرية,Cash On Delivery
2006431047,2026-10-01 22:59:56,Oct 01,raneen,raneen,Cookware,طقم قلاية الومنيوم شيف كوك، 3 قطع - فضي,HO1129642SLV,1.0,200.0,200.0,10.0,190.0,KCH200,الأسكندرية,Cash On Delivery
2006431047,2026-10-01 22:59:56,Oct 01,raneen,raneen,Cookware,قلاية المونيوم ماجستيك شيف كوك، يد ستانلس ستيل، 24 سم - فضي,HO1115371SLV,1.0,100.0,100.0,5.0,95.0,KCH200,الأسكندرية,Cash On Delivery
2006431047,2026-10-01 22:59:56,Oct 01,raneen,raneen,Kitchenware,برطمان توابل اكريليك بغطاء خشب بامبو، 600 مل، بالأضافة الى ملعقة بلاستيك، 10 سم - شفاف خشبي,HO1148605CLR,2.0,35.0,70.0,3.5,66.5,KCH200,الأسكندرية,Cash On Delivery
2006431047,2026-10-01 22:59:56,Oct 01,raneen,raneen,Kitchenware,برطمان توابل اكريليك بغطاء خشب، 200 مل - شفاف خشبي,HO1126953CLR,2.0,29.0,58.0,2.9,55.1,KCH200,الأسكندرية,Cash On Delivery
2006431047,2026-10-01 22:59:56,Oct 01,raneen,raneen,Kitchenware,طقم برطمان توابل زجاج بغطاء بلاستيك، 15 قطعة، 120 مل، مزود بقمع تعبئة - اسود,HO1110579BLK,1.0,150.0,150.0,7.5,142.5,KCH200,الأسكندرية,Cash On Delivery
2006431047,2026-10-01 22:59:56,Oct 01,MP,lightcart,Kitchenware,حصيرة تجفيف صحون مايكروفايبر ناعمة - رمادي,EIB-56846-LIGHT-CARD-6869,1.0,105.98,105.98,5.3,100.68,KCH200,الأسكندرية,Cash On Delivery
2006431041,2026-10-01 22:59:24,Oct 01,raneen,raneen,Built in,بوتاجاز غاز بلت ان فريش، 5 شعلات، 90×50 سم، امان كامل، 17512 - اسود,EL1116193BNS,1.0,10499.0,10499.0,1000.0,9499.0,fr1000,أسوان,Cash On Delivery
2006431038,2026-10-01 22:57:06,Oct 01,raneen,raneen,Cookware,قلاية ووك جرانيت بيد بكالايت لايف ايل، 32 سم - ازرق,HO1143849BL1,1.0,568.0,568.0,28.4,539.6,KCH200,الجيزة,Cash On Delivery
2006431032,2026-10-01 22:55:04,Oct 01,raneen,raneen,Drinkware,طقم مج بورسلين لوتس دريم، 3 قطع، 300 مل - متعدد الالوان,HO1140191MC5,1.0,109.0,109.0,2.85,106.15,kch200,المنيا,Cash On Delivery
2006431032,2026-10-01 22:55:04,Oct 01,MP,lazord,Cookware,طقم أواني طهي لازورد ، 9 قطع ، سيراميك - نحاسي,16532,1.0,1525.0,1525.0,39.97,1485.03,kch200,المنيا,Cash On Delivery
2006431032,2026-10-01 22:55:04,Oct 01,raneen,raneen,Cookware,طقم حلل جرانيت الفا، 11 قطعة - نحاسي,HO1155015BLK,2.0,2999.0,5998.0,157.18,5840.82,kch200,المنيا,Cash On Delivery
2006431029,2026-10-01 22:54:35,Oct 01,MP,craftfurniture,Shoe Rack,جزامة خشب ام دي اف ، 100x90x40 سم - ابيض بيج,craft-sh-1,1.0,3499.0,3499.0,500.0,2999.0,Off500,القاهرة,Cash On Delivery
2006431026,2026-10-01 22:54:13,Oct 01,raneen,raneen,Drinkware,طقم شوب زجاج لاف، 3 قطع، 365 مللي - متعدد الالوان,HO1096671TR1,1.0,149.0,149.0,7.45,141.55,KCH200,القاهرة,Cash On Delivery
2006431026,2026-10-01 22:54:13,Oct 01,raneen,raneen,Drinkware,طقم اكواب زجاج لاف، 3 قطع، 225 مللي - متعدد الالوان,HO1096672RS1,3.0,100.0,300.0,15.0,285.0,KCH200,القاهرة,Cash On Delivery
2006431023,2026-10-01 22:53:02,Oct 01,MP,attallah,Mixers &amp; Blenders,كبة و مفرمة سوكاني، 8 لتر، 1500 وات - SK-7088 - فضي اسود,SK-YM-7088-attallah,1.0,2497.0,2497.0,0.0,2497.0,,القاهرة,Cash On Delivery
2006431017,2026-10-01 22:52:31,Oct 01,raneen,raneen,Dinnerware,طقم عشاء أركوبال اماراتي لومينارك، 26 قطعة - ابيض,HO1124768WI1,1.0,1199.0,1199.0,59.95,1139.05,KCH200,القاهرة,Cash On Delivery
2006431014,2026-10-01 22:51:56,Oct 01,raneen,raneen,Water Heaters,سخان مياه كهربائي اريستون، 50 لتر، RUBIS50VEG - ابيض,EL1129298WIT,3.0,3399.0,10197.0,0.0,10197.0,,قنا,Cash On Delivery
2006431011,2026-10-01 22:51:41,Oct 01,raneen,raneen,Bike &amp; Scooters,سيارة لعبة بلاستيك تيك تويس، 4 عجلات,TY1099200BL1,1.0,399.0,399.0,0.0,399.0,,القاهرة,Paymob Wallet
2006431008,2026-10-01 22:51:35,Oct 01,MP,primestore,Irons,مكواة جافة ثقيلة الوزن 1000 وات من باناسونيك NI-22AWT - ابيض,RAN-V4DTM7A-primestore,1.0,1799.0,1799.0,0.0,1799.0,,القليوبية,Cash On Delivery
2006430996,2026-10-01 22:50:52,Oct 01,MP,woodandmore,Coffee Corner,كوفى كورنر ام دى اف، 80×30×85 سم - ابيض خشبى,woodandmore-coffecorner1,1.0,2699.0,2699.0,0.0,2699.0,,القاهرة,Premium Card
2006430990,2026-10-01 22:50:29,Oct 01,MP,ammerkatosh,Refrigerators &amp; Freezers,ديب فريزر افقى باساب دي فروست، استانلس ستيل، 295 لتر، es341 - فضى,EL1100947SLV-AMMERKATOSH,1.0,12559.0,12559.0,0.0,12559.0,,القليوبية,Cash On Delivery
2006430987,2026-10-01 22:50:26,Oct 01,MP,alwan,Carpets,سجادة فرو، 100×150 سم - رمادى,ATKL1GRY,2.0,800.0,1600.0,0.0,1600.0,,البحر الأحمر,Cash On Delivery
2006430987,2026-10-01 22:50:26,Oct 01,MP,woodenfurniture,Dressing Table,ترابيزة تسريحة خشب ام دي اف، 150×40×80 سم - ابيض,MPYM-1-WF,1.0,2749.0,2749.0,0.0,2749.0,,البحر الأحمر,Cash On Delivery
2006430987,2026-10-01 22:50:26,Oct 01,MP,lazord,Cookware,طقم أواني طهي لازورد ، 7 قطع ، تيفال - احمرداكن,16533,1.0,1099.0,1099.0,0.0,1099.0,,البحر الأحمر,Cash On Delivery
2006430984,2026-10-01 22:50:12,Oct 01,raneen,raneen,Televisions,تلفزيون سمارت سامسونج، 32 بوصة، LED ، HD، ريسيفر داخلي، ريموت كنترول، UA32H5000FUXEG - أسود,EL1137979BLK,1.0,8199.0,8199.0,0.0,8199.0,,سوهاج,Cash On Delivery
2006430981,2026-10-01 22:50:11,Oct 01,MP,attallah,Sandwich Waffle Makers,جهاز صنع الساندويش سوكاني، 750 وات، KJ-303 - اسود,EL1109097BNGHOME-attallah,1.0,1530.0,1530.0,0.0,1530.0,,الجيزة,Cash On Delivery
2006430978,2026-10-01 22:49:54,Oct 01,raneen,raneen,Bed Sheets,طقم ملايه قماش مطبوع، 4 قطع، 215×235 سم,TX1017810MY1,1.0,189.0,189.0,9.45,179.55,TEX200,القاهرة,Credit/Debit Card
2006430978,2026-10-01 22:49:54,Oct 01,raneen,raneen,Bed Sheets,طقم ملايه قماش مطبوع، 4 قطع، 215×235 سم,TX1017810OL6,1.0,189.0,189.0,9.45,179.55,TEX200,القاهرة,Credit/Debit Card
2006430978,2026-10-01 22:49:54,Oct 01,MP,jphome,Kitchenware,مصفاة طعام ستانلس ستيل،  - فضي,JP1213456532,1.0,428.0,428.0,0.0,428.0,TEX200,القاهرة,Credit/Debit Card
2006430978,2026-10-01 22:49:54,Oct 01,raneen,raneen,Bedding,كوفرتة جاكار المأمون، 220×240 سم، 1660 جرام - متعدد الالوان,TX1145258MC8,1.0,375.0,375.0,18.75,356.25,TEX200,القاهرة,Credit/Debit Card
2006430969,2026-10-01 22:48:18,Oct 01,raneen,raneen,Cookware,حلة الومنيوم بالغطاء ماجيك، 28 سم - فضي,HO1145774SLV,1.0,200.0,200.0,0.0,200.0,,القاهرة,Paymob Wallet
2006430969,2026-10-01 22:48:18,Oct 01,raneen,raneen,Ladders &amp; Clothes Dryer,منشر غسیل معدن سارا، 18 متر - اسود,HO1044738BK3,1.0,699.0,699.0,0.0,699.0,,القاهرة,Paymob Wallet
2006430969,2026-10-01 22:48:18,Oct 01,MP,salemelectric,Water Heaters,سخان مياه كهربائي ريلاكس فريش، 30 لتر، EWH RELAX 30l - ابيض,EL1055235WHT-salem,1.0,2764.0,2764.0,0.0,2764.0,,القاهرة,Paymob Wallet
2006430969,2026-10-01 22:48:18,Oct 01,MP,lifecare,Mixers &amp; Blenders,خلاط تجاري بقوة 4500 واط مع 6 شفرات من الفولاذ المقاوم للصدأ للعصر والطحن - علامة تجارية عامة,RAN-38N2QFE,1.0,846.0,846.0,0.0,846.0,,القاهرة,Paymob Wallet
2006430963,2026-10-01 22:44:56,Oct 01,raneen,raneen,Cleaning Tools &amp; Supplies,جردل مسح 2 عين بالغطاء بلاستيك سمارت حجازي بلاست، مزود بماسحة باركية، 2 غيار، 22×19×37 سم - بيج رمادي,HO1114685BG1,1.0,200.0,200.0,9.53,190.47,KCH200,المنوفية,Cash On Delivery
2006430963,2026-10-01 22:44:56,Oct 01,raneen,raneen,Drinkware,طقم كاسات زجاج باشابتشى، 18 قطعة - شفاف,HO1089250CLR,1.0,699.0,699.0,33.31,665.69,KCH200,المنوفية,Cash On Delivery
2006430963,2026-10-01 22:44:56,Oct 01,raneen,raneen,Drinkware,طقم كاسات زجاج بوهيما، 6 قطع، 260 مل - شفاف ذهبي,HO1149072CLR,1.0,299.0,299.0,14.25,284.75,KCH200,المنوفية,Cash On Delivery
2006430963,2026-10-01 22:44:56,Oct 01,raneen,raneen,Dinnerware,طقم عشاء بورسلين لوتس، 33 قطعه - اوف وايت ذهبي,HO1123902MC1,1.0,2999.0,2999.0,142.91,2856.09,KCH200,المنوفية,Cash On Delivery
2006430960,2026-10-01 22:44:44,Oct 01,raneen,raneen,Cookware,طقم حلل تيفلون دايموند تروفال، يد ستانلس ستيل، 9 قطع - روز,HO1139407ROS,1.0,3260.0,3260.0,163.0,3097.0,KCH200,القاهرة,Cash On Delivery
2006430957,2026-10-01 22:44:40,Oct 01,raneen,raneen,Bedding,لحاف فايبر دبل  فيس موديل كريستال، 235×220 سم، 2750 جرام,TX1053106MO0,1.0,569.0,569.0,28.45,540.55,Tex200,القاهرة,Cash On Delivery
2006430957,2026-10-01 22:44:40,Oct 01,raneen,raneen,Bed Sheets,طقم ملاية سرير مايكروفايبر، 4 قطع، 220×240 سم، 800 جرام - كشمير,TX1154433ML4,1.0,219.0,219.0,10.95,208.05,Tex200,القاهرة,Cash On Delivery
2006430957,2026-10-01 22:44:40,Oct 01,raneen,raneen,Bed Sheets,طقم ملاية سرير مايكروفايبر، 4 قطع، 220×240 سم، 800 جرام - كحلي,TX1154433MS2,1.0,219.0,219.0,10.95,208.05,Tex200,القاهرة,Cash On Delivery
2006430957,2026-10-01 22:44:40,Oct 01,raneen,raneen,Bed Sheets,طقم ملاية سرير مايكروفايبر، 4 قطع، 220×240 سم، 800 جرام - متعدد الالوان,TX1154433WI1,1.0,219.0,219.0,10.95,208.05,Tex200,القاهرة,Cash On Delivery
2006430954,2026-10-01 22:44:20,Oct 01,MP,homepro,Cookware,طقم كنكة قهوة زجاج أرابيسك هوم برو، 4 قطع - متعدد الألوان,AKS1-HomePro,1.0,1096.2,1096.2,54.81,1041.39,KCH200,الشرقية,Cash On Delivery
2006430951,2026-10-01 22:43:33,Oct 01,raneen,raneen,Televisions,تلفزيون سمارت شارب، 50 بوصة، 4K، LED، بدون إطار، 4T-C50FJ16EX,EL1129415BLK,1.0,16999.0,16999.0,0.0,16999.0,,القاهرة,Cash On Delivery
2006430939,2026-10-01 22:41:01,Oct 01,MP,nourshopping,Luggage,طقم شنط سفر نور شوبينج ، 3قطع ، فايبر - كشمير,117-Nourshopping,1.0,3114.0,3114.0,155.7,2958.3,FLY200,القاهرة,Credit/Debit Card
4000170359,2026-10-01 22:39:48,Oct 01,raneen,raneen,Bedding,"Saratoga Fur Heater, 210×240 cm, 1500 gm",TX1065289MV3,1.0,299.0,299.0,14.95,284.05,TEX200,الجيزة,Cash On Delivery
4000170359,2026-10-01 22:39:48,Oct 01,raneen,raneen,Bed Sheets,"Bed Sheet Set, 5 Pieces, 240×220 cm",TX1048610MH3,1.0,219.0,219.0,10.95,208.05,TEX200,الجيزة,Cash On Delivery
4000170359,2026-10-01 22:39:48,Oct 01,raneen,raneen,Bed Sheets,"Bed Sheet Set, 5 Pieces, 240×220 cm",TX1048610MU2,1.0,219.0,219.0,10.95,208.05,TEX200,الجيزة,Cash On Delivery
4000170359,2026-10-01 22:39:48,Oct 01,raneen,raneen,Drinkware,"Glass Juice Cup, 400 ml - Clear",HO1129659CL1,3.0,19.0,57.0,0.0,57.0,TEX200,الجيزة,Cash On Delivery
4000170359,2026-10-01 22:39:48,Oct 01,MP,lifecare,Cookware,Generic Borosilicate Glass Cooking Pot - 1.5L Transparent Saucepan,RAN-KA92HRR,1.0,208.0,208.0,0.0,208.0,TEX200,الجيزة,Cash On Delivery
4000170359,2026-10-01 22:39:48,Oct 01,raneen,raneen,Cookware,"BimoKook Teflon Frying Pot, Glass Lid with Frying Net, 3 litre - Beige Clear",HO1127601BEG,1.0,299.0,299.0,0.0,299.0,TEX200,الجيزة,Cash On Delivery
4000170359,2026-10-01 22:39:48,Oct 01,raneen,raneen,Bed Sheets,"Bed Sheet Set, 5 Pieces, 240×220 cm - Copper",TX1048610CO1,1.0,219.0,219.0,10.95,208.05,TEX200,الجيزة,Cash On Delivery
4000170359,2026-10-01 22:39:48,Oct 01,raneen,raneen,Cleaning Tools &amp; Supplies,"Hegazy Plastic Trash Bins with Touch Lid, 7 Litres - White Beige",HO1147789WIT,1.0,135.0,135.0,0.0,135.0,TEX200,الجيزة,Cash On Delivery
2006430930,2026-10-01 22:39:14,Oct 01,MP,aldora,Mattress,مرتبة سرير كونترا الدورا، طول 200 سم، ارتفاع 27 سم,DORA622123104319031,1.0,6721.0,6721.0,0.0,6721.0,,الجيزة,Cash On Delivery
2006430927,2026-10-01 22:38:47,Oct 01,MP,mixstore,Fryers,قلاية هوائية صحية سيلفر كرست، 6 لتر، 2400 وات، ديجيتال تعمل باللمس، S-18 - اسود ذهبي,RAN-mixELTOMMYS18BKGLD,1.0,1699.0,1699.0,0.0,1699.0,,الجيزة,Cash On Delivery
2006430921,2026-10-01 22:35:20,Oct 01,raneen,raneen,Mobile Phones,موبايل سمارت ريدمي 17، شبكة الجيل الرابع، شريحتين، 256 جيجا بايت، 6 جيجا رام - اسود,EL1156552BLK,1.0,12199.0,12199.0,0.0,12199.0,,المنوفية,Cash On Delivery
2006430918,2026-10-01 22:34:27,Oct 01,raneen,raneen,Water Dispenser,مبرد مياه جاك، 2 حنفية بارد/ساخن، NGWD-2225S -  اسود,EL1093218BLK,2.0,3999.0,7998.0,0.0,7998.0,,الأقصر,Cash On Delivery
2006430909,2026-10-01 22:30:33,Oct 01,raneen,raneen,Water Heaters,سخان كهرباء اوليمبيك، 1500 وات، 50 لتر، OYE05061WN - ابيض,EL1094896WIT,1.0,3959.0,3959.0,0.0,3959.0,,القاهرة,Cash On Delivery
2006430903,2026-10-01 22:29:45,Oct 01,raneen,raneen,Mobile Phones,موبايل سمارت هونر X7D، ٢٥٦ جيجابايت، ٨ جيجابايت رام، شبكة الجيل الرابع - ذهبى,EL1137703GLD,1.0,13999.0,13999.0,0.0,13999.0,,المنوفية,Cash On Delivery
2006430900,2026-10-01 22:29:42,Oct 01,MP,alsaaty,Watches,ساعة رياضية ديجيتال سكيمي للرجال، سوار مطاط - أسود,B01HQ66TO6,1.0,500.0,500.0,20.0,480.0,WT100,بني سويف,
2006430897,2026-10-01 22:29:21,Oct 01,MP,attallah,Mixers &amp; Blenders,كبة لحم كهربائية سوكاني، 1500 وات، 6.5 لتر، Sk-YM-7033A - فضي,EL1109080BNS-CONF -attallah,1.0,2345.0,2345.0,0.0,2345.0,,الجيزة,Cash On Delivery
4000170353,2026-10-01 22:29:19,Oct 01,MP,decorcenter,Mirror,"Rectangular Glass Mirror, 80x60 cm, Yellow LED",DC-RN-116,1.0,1219.0,1219.0,0.0,1219.0,,القاهرة,Cash On Delivery
4000170353,2026-10-01 22:29:19,Oct 01,MP,furniturestore,Commode &amp; Drawer Units,"MDF Wood Commode, 50×36×32 Cm - white",AMKO2-furniturestore,1.0,1399.0,1399.0,0.0,1399.0,,القاهرة,Cash On Delivery
4000170353,2026-10-01 22:29:19,Oct 01,MP,craftfurniture,Wardrobe,"MDF Wood Modern Wardrobe, 200x120x50 cm - White",2022-craftfurniture,1.0,7499.0,7499.0,0.0,7499.0,,القاهرة,Cash On Delivery
2006430891,2026-10-01 22:27:35,Oct 01,MP,nourshopping,Luggage,طقم حقائب سفر كيليمنجارو - 3 قطع - مادة البولي بروبيلين القوية,B0DW3YF4QF,1.0,4180.0,4180.0,200.0,3980.0,FLY200,القاهرة,Cash On Delivery
2006430888,2026-10-01 22:26:51,Oct 01,MP,goldena,Microwaves &amp; Ovens,فرن كهربائي فريش، 48 لتر، 2000 وات، Imperial - أسود,500011681,1.0,3206.0,3206.0,0.0,3206.0,,الجيزة,Cash On Delivery
2006430888,2026-10-01 22:26:51,Oct 01,MP,primestore,Fryers,قلاية هوائية بلاك اند ديكر، 8 لتر، 1700 وات،SAF80-B5- اسود,SAF80-B5-primestore,1.0,5896.0,5896.0,0.0,5896.0,,الجيزة,Cash On Delivery
2006430879,2026-10-01 22:25:01,Oct 01,raneen,raneen,Mobile Phones,موبايل سمارت هونر Choice T10، شبكة الجيل الرابع، شريحتين، 64 جيجا بايت، 4 جيجا بايت - فضي,EL1158058SLV,3.0,6199.0,18597.0,0.0,18597.0,,بني سويف,Cash On Delivery
2006430876,2026-10-01 22:23:51,Oct 01,raneen,raneen,Tanks,زجاجة مياة رياضية بلاستيك تانك، 800 مل، - موف,HO1119726MOV,1.0,189.0,189.0,0.0,189.0,,القاهرة,Credit/Debit Card
2006430876,2026-10-01 22:23:51,Oct 01,raneen,raneen,Tanks,زجاجة حراري ستانلس ستيل تانك، 650 ملي - اسود,HO1093597BLK,1.0,649.0,649.0,0.0,649.0,,القاهرة,Credit/Debit Card
2006430876,2026-10-01 22:23:51,Oct 01,MP,molanafortraining,Cookware,طاسات جرانيت غير لاصقة بمقابض باردة - مقاسات 20/24/28 - لون رمادي,RAN-4SME39K,1.0,1490.0,1490.0,0.0,1490.0,,القاهرة,Credit/Debit Card
2006430864,2026-10-01 22:21:13,Oct 01,raneen,raneen,Cookware,طقم حلل ستانلس ستيل سمارت زينوكس، 10 قطع - فضي,HO1148366SLV,1.0,3199.0,3199.0,159.95,3039.05,KCH200,القاهرة,Cash On Delivery
2006430858,2026-10-01 22:19:41,Oct 01,raneen,raneen,Water Dispenser,مبرد مياه جاك، 2 حنفية بارد/ساخن، NGWD-2225S -  اسود,EL1093218BLK,2.0,3999.0,7998.0,0.0,7998.0,,الأقصر,Cash On Delivery
2006430849,2026-10-01 22:18:40,Oct 01,raneen,raneen,Water Dispenser,مبرد مياه جاك، 2 حنفية بارد/ساخن، NGWD-2225S -  اسود,EL1093218BLK,2.0,3999.0,7998.0,0.0,7998.0,,الأقصر,Cash On Delivery
2006430843,2026-10-01 22:18:30,Oct 01,raneen,raneen,Kitchenware,مطبقية اطباق بلاستيك مستطيلة بالقاعدة الصفوة، 45×23 سم - بيج,HO1144447BEG,1.0,235.0,235.0,0.0,235.0,,القاهرة,Cash On Delivery
2006430843,2026-10-01 22:18:30,Oct 01,raneen,raneen,Kitchenware,مجموعة أدوات المطبخ الخشبية، 6 قطع - خشبى,HO1025022BSC,1.0,231.0,231.0,0.0,231.0,,القاهرة,Cash On Delivery
2006430843,2026-10-01 22:18:30,Oct 01,raneen,raneen,Home &amp; Balcony Essentials,جزامة بلاستيك بأرجل، 4 رف، 70×31×49 سم - بني بيج,HO1145864BR1,1.0,200.0,200.0,0.0,200.0,,القاهرة,Cash On Delivery
2006430843,2026-10-01 22:18:30,Oct 01,raneen,raneen,Drinkware,طقم شوب عصير زجاج تيوب، 6 قطع، 280 مل - شفاف,HO1143418CL4,1.0,90.0,90.0,0.0,90.0,,القاهرة,Cash On Delivery
2006430843,2026-10-01 22:18:30,Oct 01,raneen,raneen,Drinkware,طقم شوب زجاج باشابتشي، 6 قطع، 290 مل - شفاف,HO1146845CL1,1.0,200.0,200.0,0.0,200.0,,القاهرة,Cash On Delivery
2006430843,2026-10-01 22:18:30,Oct 01,raneen,raneen,Drinkware,طقم زجاج فيرست وان، 24 قطعه - شفاف,HO1115388CLR,1.0,200.0,200.0,0.0,200.0,,القاهرة,Cash On Delivery
2006430843,2026-10-01 22:18:30,Oct 01,raneen,raneen,Storage,تروللي راتان مستطيل، شاسية خشب، 3 دور، 75×32×26 سم - بني اسود,HO1157074BR3,1.0,229.0,229.0,0.0,229.0,,القاهرة,Cash On Delivery
2006430840,2026-10-01 22:18:20,Oct 01,MP,alsorgy,Mobile Phones,موبايل بشريحتين اتصال نوكيا 105 ، 1.77 بوصة، 800 مللي امبير، 2G - فحمي,6438409100948-eh-alsorgy,1.0,549.0,549.0,0.0,549.0,,الجيزة,Cash On Delivery
2006430837,2026-10-01 22:17:37,Oct 01,raneen,raneen,Water Dispenser,مبرد مياه جاك، 2 حنفية بارد/ساخن، NGWD-2225S -  اسود,EL1093218BLK,2.0,3999.0,7998.0,0.0,7998.0,,الأقصر,Cash On Delivery
2006430831,2026-10-01 22:16:12,Oct 01,MP,beharystores,Refrigerators &amp; Freezers,ثلاجة ديفروست هامبورج، 11 قدم، 2 باب، 300 لتر، FB30 - فضي,FB30SLV-beharystores,1.0,11399.0,11399.0,0.0,11399.0,,القاهرة,Cash On Delivery
2006430831,2026-10-01 22:16:12,Oct 01,MP,attallah,Burner,بوتاجاز كهربائي مسطح فريش، 2 عين، 2800 وات - اسود,EL1086042BLK-attallah,1.0,3003.0,3003.0,0.0,3003.0,,القاهرة,Cash On Delivery
2006430831,2026-10-01 22:16:12,Oct 01,raneen,raneen,Beds,سرير معدن متحرك مفصلي، قابل للطى ،82x192x40 سم، 4 عجلات، بالاضافة الي مرتبة اسفنج - فضي,HO1112573SLV,3.0,2599.0,7797.0,0.0,7797.0,,القاهرة,Cash On Delivery
2006430828,2026-10-01 22:16:02,Oct 01,MP,primestore,Washers &amp; Dryer,غسالة ملابس وايت بوينت، تحميل علوي، 9 كيلوجرام، WPTL9DBTEA - رمادي داكن,WPTL9DBTEA-primestore,1.0,9139.0,9139.0,0.0,9139.0,,الجيزة,Cash On Delivery
4000170350,2026-10-01 22:14:53,Oct 01,MP,nourshopping,Luggage,"Nour Shopping 4-Piece Travel Bag Set, Fiber",70-Nourshopping,1.0,4016.0,4016.0,0.0,4016.0,,القاهرة,Cash On Delivery
2006430822,2026-10-01 22:14:26,Oct 01,MP,edgelighting,Lighting Hanging,نجفة سقف، 4 لمبة، 25×45 سم - ذهبى,AMc563GLD,1.0,549.0,549.0,0.0,549.0,,أسيوط,Cash On Delivery
2006430822,2026-10-01 22:14:26,Oct 01,MP,edgelighting,Lighting Hanging,نجفة سقف، 1 لمبة، 40×20 سم - ذهبي,C269GLD,2.0,319.0,638.0,0.0,638.0,,أسيوط,Cash On Delivery
2006430819,2026-10-01 22:14:21,Oct 01,raneen,raneen,Cookware,طقم حلل ستانلس ستيل سمارت زينوكس، 10 قطع - فضي,HO1148366SLV,1.0,3199.0,3199.0,159.95,3039.05,KCH200,القاهرة,Cash On Delivery
2006430810,2026-10-01 22:11:56,Oct 01,raneen,raneen,Pajamas &amp; Sleepwear,طقم بيجامة دفاية قطيفة للسيدات، قطعتين، مقاس موحد، 270 جرام,FS1138299MA9,1.0,119.0,119.0,5.95,113.05,f150,المنيا,Cash On Delivery
2006430804,2026-10-01 22:10:57,Oct 01,MP,amara,Kettles,غلاية مياه مالتي كويك 3 براون، 1.7 لتر، 2200 وات، WK300 - اسود,4210201657576BLK-amara,1.0,2400.0,2400.0,0.0,2400.0,,القاهرة,Cash On Delivery
2006430798,2026-10-01 22:09:33,Oct 01,raneen,raneen,TV Table,ترابيزة تلفزيون خشب شيب بورد، 120×30×44 سم، 1 دلفة، 2 رف جانبي - بني بيج,HO1124251BR1,1.0,1499.0,1499.0,0.0,1499.0,,القليوبية,Cash On Delivery
2006430792,2026-10-01 22:09:04,Oct 01,MP,sparkit,AirPods,سماعة رأس لاسلكية P9 - بلوتوث 5.0، صوت عميق، بطارية طويلة العمر، تصميم مريح فوق الأذن مع ميكروفون (أزرق),RAN-9U3C9MQ,1.0,250.0,250.0,0.0,250.0,,القاهرة,Cash On Delivery
2006430786,2026-10-01 22:07:49,Oct 01,raneen,raneen,Water Dispenser,مبرد مياه جاك، 2 حنفية بارد/ساخن، NGWD-2225S -  اسود,EL1093218BLK,2.0,3999.0,7998.0,0.0,7998.0,,الأقصر,Cash On Delivery
2006430774,2026-10-01 22:07:01,Oct 01,MP,attallah,Mixers &amp; Blenders,خلاط كهربائى سوكاني، متعدد المهام، 6000 وات، 2.5 لتر، SK-999 - اسود فضى,HA0261-attallah,1.0,2089.0,2089.0,0.0,2089.0,,القاهرة,Cash On Delivery
2006430768,2026-10-01 22:06:30,Oct 01,raneen,raneen,Water Dispenser,مبرد مياه جاك، 2 حنفية بارد/ساخن، NGWD-2225S -  اسود,EL1093218BLK,1.0,3999.0,3999.0,0.0,3999.0,,القاهرة,Cash On Delivery
2006430765,2026-10-01 22:06:19,Oct 01,MP,lightcart,Storage,عربة تخزين دوارة، منظم اكريليك شفاف مع اطار معدني، عربة متحركة متعددة الاستخدامات للحمام والمكتب (4 طبقات),RAN-P5JUWDW,1.0,609.0,609.0,0.0,609.0,,دمياط,Cash On Delivery
2006430762,2026-10-01 22:04:44,Oct 01,raneen,raneen,Fryers,قلاية بدون زيت فريش، 1800 وات، 7 لتر، FAF-M1800B - اسود ذهبي,EL1120386SL1,1.0,4140.0,4140.0,0.0,4140.0,,القاهرة,Cash On Delivery
2006430759,2026-10-01 22:04:38,Oct 01,MP,abdelaziz,Shaving &amp; Grooming,ماكينه حلاقه فى جى ار متعددة الاستخدام للرجال، ٢٥٠٠ مللي أمبير/ساعة، V-195 - أسود,V-195,1.0,1799.0,1799.0,0.0,1799.0,,القاهرة,Cash On Delivery
2006430756,2026-10-01 22:04:09,Oct 01,raneen,raneen,Cleaning Tools &amp; Supplies,سلاكة حوض بلاستيك جامبو برو الهلال و النجمة، 13 سم - اسود احمر,HO1118129BNR,1.0,139.0,139.0,0.0,139.0,,المنوفية,Cash On Delivery
2006430753,2026-10-01 22:03:42,Oct 01,raneen,raneen,Cookware,طقم طاجن زجاج، قطعتين - شفاف,HO1155456CLR,1.0,132.0,132.0,6.6,125.4,KCH200,القليوبية,Paymob Wallet
2006430750,2026-10-01 22:03:10,Oct 01,MP,alaasasmarketplace,Underwear’s,طقم برا قطن السيدات لاسو، قطعتين - اسود بيج,Qaa-139,1.0,385.0,385.0,0.0,385.0,TEX200,الأسكندرية,Cash On Delivery
2006430750,2026-10-01 22:03:10,Oct 01,MP,alaasasmarketplace,Underwear’s,مجموعة ملابس داخلية للسيدات دايس، قماش، 3 قطع,midi-5-0-905,1.0,285.0,285.0,0.0,285.0,TEX200,الأسكندرية,Cash On Delivery
2006430750,2026-10-01 22:03:10,Oct 01,MP,caesar,Pajamas &amp; Sleepwear,&quot;طقم دفايات شتوي حريمي من قطعتين من سيزر- مصنوع من الصوف الفاخر - روز,22924-Foushia-XL,1.0,420.0,420.0,0.0,420.0,TEX200,الأسكندرية,Cash On Delivery
2006430750,2026-10-01 22:03:10,Oct 01,raneen,raneen,Shoes,شبشب سلايد بلاستيك للسيدات كارلوس، EU 39 - بيج,SH1156023BG9,1.0,135.0,135.0,0.0,135.0,TEX200,الأسكندرية,Cash On Delivery
2006430750,2026-10-01 22:03:10,Oct 01,raneen,raneen,Drinkware,مج بورسلين بالغطاء، 360 مل - روز,HO1091888MC5,1.0,120.0,120.0,0.0,120.0,TEX200,الأسكندرية,Cash On Delivery
2006430750,2026-10-01 22:03:10,Oct 01,raneen,raneen,Bedding,دفاية سرير قطيفة نانا سيكريت، 220×150 سم، 470 جرام - احمر اسود,TX1156543MC7,1.0,99.0,99.0,4.95,94.05,TEX200,الأسكندرية,Cash On Delivery
2006430750,2026-10-01 22:03:10,Oct 01,raneen,raneen,Bedding,لحاف فايبر دبل  فيس موديل كريستال، 235×220 سم، 2750 جرام,TX1053106ME9,1.0,569.0,569.0,28.45,540.55,TEX200,الأسكندرية,Cash On Delivery
2006430744,2026-10-01 22:02:07,Oct 01,MP,iqstore,Mobile Phones,هاتف هونر 600، 5G مزدوج الشريحة، 12 جيجابايت رام، 256 جيجابايت-ذهبي ابيض,6936520899722-iqstore,1.0,30863.0,30863.0,0.0,30863.0,,القاهرة,Cash On Delivery
2006430738,2026-10-01 22:00:57,Oct 01,MP,mobileplus,Mobile Phones,موبايل سمارت انفنكس نوت ايدج ، 8 جيجا رام ، 256 جيجا بايت ، شريحتين اتصال ، شبكه الجيل الخامس - اسود,infinixnoteedge5g8256shadowblack,1.0,14199.0,14199.0,0.0,14199.0,,البحيرة,Cash On Delivery
2006430735,2026-10-01 22:00:34,Oct 01,raneen,raneen,Dinnerware,طقم عشاء اركوبال برادا، 42 قطعة - ابيض احمر,HO1119358WT2,1.0,899.0,899.0,0.0,899.0,,الجيزة,Aman
2006430732,2026-10-01 22:00:19,Oct 01,raneen,raneen,TV Table,ترابيزة تلفاز خشب شيب بورد بأرجل خشب زان، 120×32×48 سم، 2 عين - بني فاتح,HO1125808BEG,1.0,1199.0,1199.0,0.0,1199.0,,الجيزة,Cash On Delivery
2006430723,2026-10-01 21:58:06,Oct 01,MP,dukanabdelaziz,Washers &amp; Dryer,غسالة ملابس فريش، ديجيتال فوق اوتوماتيك، تحميل علوي، 6 كجم، FTM-6S - فضى,FTM-6S-dukanabdelaziz,1.0,6944.0,6944.0,0.0,6944.0,,الجيزة,Cash On Delivery
2006430714,2026-10-01 21:56:05,Oct 01,raneen,raneen,Cookware,قلايه ستانلس ستيل عبود، 18 سم - فضي,HO1069286SLV,1.0,750.0,750.0,37.5,712.5,KCH200,القاهرة,Cash On Delivery
2006430708,2026-10-01 21:55:17,Oct 01,raneen,raneen,Air Conditioner,تكييف سبلت سمارت كول هاير، 1.5 حصان، بارد فقط، واي فاي، HSU-12KCROC-R32 - ابيض,ELKIT1871WIT,1.0,17499.0,17499.0,100.0,17399.0,App100,الأسكندرية,Credit/Debit Card
2006430705,2026-10-01 21:54:03,Oct 01,MP,modernhomeelectric,Washers &amp; Dryer,غسالة فول اتوماتيك ال جى، تحميل امامى، 8 كيلو، انفرتر 1400 لفة/ دقيقة، F4Y2TYG6X - أسود,2426,1.0,21500.0,21500.0,0.0,21500.0,,القاهرة,Credit/Debit Card
2006430702,2026-10-01 21:53:59,Oct 01,raneen,raneen,Electronics Audio,سماعة صب ووفر جولدي، 17×13×30 سم، 4 بوصة، Gs-S41 - اسود فضي,EL1102344BK0,1.0,599.0,599.0,0.0,599.0,,القاهرة,Cash On Delivery
2006430699,2026-10-01 21:53:45,Oct 01,MP,tibatrading,Kitchenware,رف تجفيف الاطباق من كيو ماي مي تخزين منظم اطباق مقاوم للصدا مع حامل ادوات المائدة صينية تصريف قابلة للازالة اسود حديد,RAN-NYBZHD5,1.0,580.0,580.0,0.0,580.0,,القاهرة,Credit/Debit Card
2006430699,2026-10-01 21:53:45,Oct 01,MP,goldena,Microwaves &amp; Ovens,فرن كهربائي فريش، 48 لتر، 2000 وات، Imperial - أسود,500011681,1.0,3206.0,3206.0,0.0,3206.0,,القاهرة,Credit/Debit Card
2006430690,2026-10-01 21:53:19,Oct 01,raneen,raneen,Dinnerware,طقم عشاء زجاج، 18 قطعة - شفاف,HO1126298CL2,1.0,149.0,149.0,0.0,149.0,,الجيزة,Cash On Delivery
2006430690,2026-10-01 21:53:19,Oct 01,raneen,raneen,Drinkware,طقم زجاج فيرست وان، 24 قطعه - شفاف,HO1115388CLR,1.0,200.0,200.0,0.0,200.0,,الجيزة,Cash On Delivery
2006430687,2026-10-01 21:52:47,Oct 01,raneen,raneen,Towels,فوطه قطن ساده، 50×90 سم، 290 جرام تقريبا - بترولي,TX1130514PT4,1.0,89.0,89.0,4.45,84.55,Tex200,الغربية,Cash On Delivery
2006430687,2026-10-01 21:52:47,Oct 01,raneen,raneen,Towels,فوطه قطن ساده، 50×90 سم، 290 جرام تقريبا - بيج,TX1130519BG2,1.0,89.0,89.0,4.45,84.55,Tex200,الغربية,Cash On Delivery
2006430687,2026-10-01 21:52:47,Oct 01,raneen,raneen,Towels,فوطه قطن ساده، 50×90 سم، 290 جرام تقريبا - رمادي,TX1130512GY3,1.0,89.0,89.0,4.45,84.55,Tex200,الغربية,Cash On Delivery
2006430687,2026-10-01 21:52:47,Oct 01,MP,lightcart,Home Decor,برطمان زجاجي بوبنونيرة، زجاج البوروسيليكات، قطعة واحدة، مقاس 25 × 27 × 27 سم,RAN-U94GYPP,1.0,209.0,209.0,0.0,209.0,Tex200,الغربية,Cash On Delivery
2006430687,2026-10-01 21:52:47,Oct 01,raneen,raneen,Home Decor,منفضة زجاج الماس جلاس، 15 سم - شفاف,HO1148803CLR,2.0,26.0,52.0,0.0,52.0,Tex200,الغربية,Cash On Delivery
2006430687,2026-10-01 21:52:47,Oct 01,raneen,raneen,Carpets,مشاية جوبلان كابري النساجون الشرقيون، 150×80 سم - متعدد الالوان,TX1110315ME8,1.0,200.0,200.0,10.0,190.0,Tex200,الغربية,Cash On Delivery
2006430687,2026-10-01 21:52:47,Oct 01,raneen,raneen,Carpets,مشاية جوبلان كابرى النساجون الشرقيون، 150×80 سم - بترولي,TX1110315PT2,1.0,200.0,200.0,10.0,190.0,Tex200,الغربية,Cash On Delivery
2006430684,2026-10-01 21:52:30,Oct 01,raneen,raneen,Mixers &amp; Blenders,مضرب بيض تاتش الزنوكى، 600 وات، 5 سرعات، 40552N - اسود,EL1125723BK1,1.0,860.0,860.0,0.0,860.0,,القاهرة,Cash On Delivery
2006430681,2026-10-01 21:52:13,Oct 01,MP,safktna,Tanks,مضخة قارورة مياة، كهربائية قابلة للشحن - اسود ابيض,SShopB08ZY6WLTD-safktna,1.0,139.0,139.0,6.95,132.05,KCH200,الأقصر,Cash On Delivery
2006430678,2026-10-01 21:52:12,Oct 01,MP,dukanalaa,Personal Care,جهاز تدليك الوجه بـ 7 أوضاع للألوان وتقنية EMS والتدفئة | لشد البشرة ومكافحة الشيخوخة | أداة تدليك الوجه للنساء | جهاز رفع الوجه والرق,RAN-JZPH95S,1.0,325.0,325.0,0.0,325.0,,الجيزة,Cash On Delivery
2006430678,2026-10-01 21:52:12,Oct 01,MP,dukanalaa,Personal Care,جهاز تدليك الرقبة درفيبرو بيونيك شياتسو مع التسخين - أخضر، محمول، قابل للشحن,RAN-K9P28YF,1.0,850.0,850.0,0.0,850.0,,الجيزة,Cash On Delivery
2006430675,2026-10-01 21:52:09,Oct 01,raneen,raneen,TV Stand &amp; Accessories,حامل شاشة متحرك اي تي اي، 55-32 بوصة، OX-550 - اسود,HO1105794BLK,1.0,719.0,719.0,0.0,719.0,,الأقصر,Aman
4000170341,2026-10-01 21:51:15,Oct 01,raneen,raneen,Kettles,"Select Stainless Steel Electric Kettle, 1.8 Liters, 1500 Watt - Black Silver",EL1137878BNS,1.0,249.0,249.0,0.0,249.0,,الجيزة,Credit/Debit Card
4000170338,2026-10-01 21:50:47,Oct 01,raneen,raneen,Air Conditioner,"Union Air INV-ARTI020HY50XWFR-SG-SER Artifay Split Air Conditioner, 2.5 HP, Cool/Heat, Plasma, Inverter, Holder - White",ELKIT1905WIT,1.0,28829.0,28829.0,0.0,28829.0,,القاهرة,Cash On Delivery
2006430642,2026-10-01 21:45:59,Oct 01,raneen,raneen,Bed Sheets,طقم ملاية سرير مايكروفايبر، 4 قطع، 220×240 سم، 800 جرام - متعدد الالوان,TX1154433MC0,1.0,219.0,219.0,0.0,219.0,,القاهرة,Cash On Delivery
2006430642,2026-10-01 21:45:59,Oct 01,raneen,raneen,Bed Sheets,طقم ملاية سرير، 3 قطع، 240×170 سم، 650 جرام - اسود بيج,TX1140094ML2,1.0,149.0,149.0,0.0,149.0,,القاهرة,Cash On Delivery
2006430642,2026-10-01 21:45:59,Oct 01,raneen,raneen,Bed Sheets,طقم ملاية جودي، 3 قطع، 240×170 سم، 650 جرام - متعدد الالوان,TX1109918MA1,2.0,149.0,298.0,0.0,298.0,,القاهرة,Cash On Delivery
2006430642,2026-10-01 21:45:59,Oct 01,raneen,raneen,Bed Sheets,طقم ملاية سرير لازورد، 3 قطع، 170×240 سم - متعدد الالوان,TX1015868BB3,2.0,149.0,298.0,0.0,298.0,,القاهرة,Cash On Delivery
2006430636,2026-10-01 21:45:12,Oct 01,MP,capitaltecheg,Cookers,بوتاجاز ستانلس ستيل كامل فيرست كوك، 5 شعلة، اشعال ذاتي، 80×60 سم - فضي اسود,capitaltecheg 216-capitaltecheg,1.0,6749.0,6749.0,0.0,6749.0,,البحر الأحمر,Cash On Delivery
2006430633,2026-10-01 21:45:09,Oct 01,MP,ecotech,Security &amp; Surveillance Systems,كاميرا للاستخدام الخارجي اتش دي عالية الدقة هيكفيجين، 2 ميجابيكسل، 3.6 ملم، DS-2CE16D0T-EXIPF - ابيض,DS-2CE16D0T-EXIPFecotech,3.0,423.0,1269.0,0.0,1269.0,,كفر الشيخ,Cash On Delivery
2006430627,2026-10-01 21:44:11,Oct 01,MP,salemelectric,Water Heaters,سخان مياه كهرباء ريلاكس فريش، 50 لتر - ابيض,500008902WIT-CONF-salemelectric,1.0,3129.0,3129.0,0.0,3129.0,,الأسكندرية,Cash On Delivery
2006430618,2026-10-01 21:41:31,Oct 01,raneen,raneen,Kettles,غلاية مياه كهربائية ستانلس ستيل سيلكت، 1.5 لتر، 1500 وات - اسود فضي,EL1137877BNS,1.0,209.0,209.0,0.0,209.0,,القاهرة,valU
2006430618,2026-10-01 21:41:31,Oct 01,raneen,raneen,Kitchenware,شياله مكرونه و جاتوه ستانلس ستيل مفرغة، بيد خشب زان، 25 سم - فضي خشبي,HO1130937BNS,1.0,60.0,60.0,0.0,60.0,,القاهرة,valU
2006430618,2026-10-01 21:41:31,Oct 01,raneen,raneen,Dinnerware,طقم عشاء أركوبال اماراتي لومينارك، 26 قطعة - ابيض,HO1124768WI1,1.0,1199.0,1199.0,0.0,1199.0,,القاهرة,valU
2006430618,2026-10-01 21:41:31,Oct 01,MP,linesleep,Mattress,مرتبة تطرية لاين سليب حشو فايبر، ، 100×200 سم - كحلى,LS-L-113-1-Navy,1.0,880.0,880.0,0.0,880.0,,القاهرة,valU
2006430609,2026-10-01 21:37:13,Oct 01,MP,attallah,Water Heaters,سخان مياه كهربائي فريش، 50 لتر - ابيض,B01KVAXKAUWHT,1.0,3375.0,3375.0,0.0,3375.0,,القاهرة,Cash On Delivery
4000170329,2026-10-01 21:34:30,Oct 01,raneen,raneen,Iron Tables,"Lapoire Metal Foldable Iron Table, 90×44×165 cm - Multicolor",HO1140945ML5,1.0,1299.0,1299.0,64.95,1234.05,KCH200,الجيزة,Cash On Delivery
2006430591,2026-10-01 21:33:49,Oct 01,MP,mam,Refrigerators &amp; Freezers,ثلاجه ديفروست يونيون اير ، 350 لتر ، 2 باب ، فريزر بالاعلي ، RD-350VVA-DSH - رمادي,RD350VVDHGHUSTO-mam,1.0,12348.0,12348.0,0.0,12348.0,,الأسكندرية,Cash On Delivery
2006430588,2026-10-01 21:33:05,Oct 01,MP,sunnystores,Power Banks,باور بانك ماتريكس، 20000 مللي امبير، 22.5 وات، S20 - أسود,MXS20B,1.0,995.0,995.0,0.0,995.0,,القاهرة,Cash On Delivery
2006430585,2026-10-01 21:32:01,Oct 01,MP,dubaiphone,Mobile Phones,موبايل سمارت ريدمي A7  برو، 4 جيجا رام، 128 جيجا، شبكة الجيل الرابع - اسود,DP007267,2.0,7945.0,15890.0,0.0,15890.0,,القليوبية,Cash On Delivery
2006430582,2026-10-01 21:31:02,Oct 01,raneen,raneen,Refrigerators &amp; Freezers,ثلاجة انفرتر ديجيتال شارب، 558 لتر، فريزر سفلي، SJ-PV73K-DST - فضي,EL1114512SLV,1.0,56799.0,56799.0,0.0,56799.0,,الجيزة,Cash On Delivery
2006430579,2026-10-01 21:29:58,Oct 01,MP,attallah,Washers &amp; Dryer,غسالة تحميل علوي فريش، 4 كيلو جرام ، FWS400ND - ابيض,ISTFWS400ND37-conf-attallah,1.0,2334.0,2334.0,0.0,2334.0,,الجيزة,Cash On Delivery
2006430573,2026-10-01 21:28:26,Oct 01,raneen,raneen,Mobile Phones,موبايل سمارت هونر Choice T10، شبكة الجيل الرابع، شريحتين، 64 جيجا بايت، 4 جيجا بايت - فضي,EL1158058SLV,1.0,6199.0,6199.0,0.0,6199.0,,بني سويف,Cash On Delivery
4000170326,2026-10-01 21:27:22,Oct 01,MP,craftfurniture,TV Table,"Mdf Tv Table, 160X45X30 Cm - Black Beige",craft-tv-2,1.0,2779.0,2779.0,0.0,2779.0,,الجيزة,valU
2006430561,2026-10-01 21:26:17,Oct 01,raneen,raneen,Water Dispenser,مبرد مياه جاك، 2 حنفية بارد/ساخن، NGWD-2225S -  اسود,EL1093218BLK,1.0,3999.0,3999.0,0.0,3999.0,,سوهاج,Cash On Delivery
2006415654,2026-10-01 21:25:52,Oct 01,raneen,raneen,Smart Watches,ساعة سمارت GTWatch 5 برو إنفينكس، شاشة اموليد اتش دي، 1.43 بوصة، بلوتوث، بطارية 460 مل امبير، اساور متعددة، XW5GT - فضي كحلي,EL1155598SLV,1.0,2899.0,2899.0,0.0,2899.0,,الجيزة,El-Ahly Installments
2006430558,2026-10-01 21:25:17,Oct 01,MP,abdelaziz,Beauty &amp; Body Care,ماكينة ازالة الشعر في جي ار، بروفيشنال، 3 في 1، قابلة للشحن، 800 مللي امبير، مقاومة للماء IPX7، V-762 - ذهبي,abdelaziz- v-762,1.0,899.0,899.0,0.0,899.0,,القليوبية,Cash On Delivery
2006430555,2026-10-01 21:24:43,Oct 01,MP,attallah,Refrigerators &amp; Freezers,ثلاجة ديفروست فريش، 294 لتر، 2باب، FDD-B315BS - فضي,EL1022000conf-awladghanem-conf-attallah,1.0,14306.0,14306.0,0.0,14306.0,,الأسكندرية,Cash On Delivery
2006430543,2026-10-01 21:22:36,Oct 01,MP,moblianamodel,Chairs,كرسي خشب زان قماش كتان كويا، 75×80×80 سم - ازرق,MOBMAD12,1.0,4499.0,4499.0,500.0,3999.0,OFF500,القاهرة,Cash On Delivery
2006430540,2026-10-01 21:22:09,Oct 01,raneen,raneen,Washers &amp; Dryer,غسالة ملابس فول اوتوماتيك توشيبا، 10.5 كيلو، ديجيتال، انفرتر، واي فاي، TW-BK115GF4EG(MK) - رمادي,EL1129092GRY,1.0,24699.0,24699.0,0.0,24699.0,,أسيوط,Cash On Delivery
2006430534,2026-10-01 21:21:15,Oct 01,raneen,raneen,Packaging,رول تغليف بابلز بلاستيك، 50 سم×100 متر - شفاف,HO1113113CLR,1.0,149.0,149.0,0.0,149.0,,القاهرة,Credit/Debit Card
2006430531,2026-10-01 21:20:31,Oct 01,raneen,raneen,Televisions,تلفزيون سمارت سامسونج، 32 بوصة، LED ، HD، ريسيفر داخلي، ريموت كنترول، UA32H5000FUXEG - أسود,EL1137979BLK,2.0,8199.0,16398.0,0.0,16398.0,,سوهاج,Cash On Delivery
2006430525,2026-10-01 21:20:24,Oct 01,raneen,raneen,Air Conditioner,تكييف سبليت ميديا، اكستريم برو، 1.5 حصان، بارد فقط، M1SEFT-12CRN8F-Q8 R32(MOSEFT-12CN8-X2Q8) - ابيض,EL1147502WIT,1.0,20579.0,20579.0,0.0,20579.0,,الجيزة,Aman
2006430522,2026-10-01 21:19:47,Oct 01,MP,mixstore,Fryers,قلاية هوائية سلفر كريست، 6 لتر، 2400 وات، S-18 - اسود ذهبى,RAN-mixRAN-Z7CXUQY,1.0,1299.0,1299.0,0.0,1299.0,,القاهرة,Cash On Delivery
2006430516,2026-10-01 21:17:37,Oct 01,MP,newair,Microwaves &amp; Ovens,فرن كهربائي اكاي، 55 لتر، 2200 وات، مزود بشواية، Ak-E055Gpa - اسود,Wep MT-WD2533C,1.0,2499.0,2499.0,0.0,2499.0,,الأقصر,Cash On Delivery
2006430510,2026-10-01 21:17:00,Oct 01,raneen,raneen,Mattress,مرتبه جاكار جولد هابيتات، سوست متصله، 100×195 سم، بارتفاع 23 سم - ابيض,TX1145441WIT,1.0,3399.0,3399.0,169.95,3229.05,TEX200,الأسكندرية,Cash On Delivery
2006430504,2026-10-01 21:15:44,Oct 01,raneen,raneen,Washers &amp; Dryer,غسالة ملابس وايت بوينت، 8.5 كجم، تحميل علوي، ديجيتال، WPTL85DGBA - رمادى فاتح,EL1148971LGY,1.0,8199.0,8199.0,0.0,8199.0,,القاهرة,El-Ahly Installments
2006430501,2026-10-01 21:15:05,Oct 01,MP,elmanzalawy,Water Heaters,سخان غاز فريش، مع ادابتور، بدون مدخنة ، غاز طبيعي، 6 لتر - فضي,500011089SLV-elmanzalawy,1.0,4320.0,4320.0,0.0,4320.0,,الأسكندرية,Cash On Delivery
4000170323,2026-10-01 21:10:49,Oct 01,raneen,raneen,Drinkware,"Nile Glass Juice Glass Set, 6 Pieces, 400 ml - Clear",HO1136199CLR,2.0,90.0,180.0,9.0,171.0,KCH200,الغربية,Cash On Delivery
4000170323,2026-10-01 21:10:49,Oct 01,raneen,raneen,Dinnerware,"Luminarc  ArcoPal Dinner Set, 24 Piece - White",HO1088626WIT,2.0,999.0,1998.0,99.9,1898.1,KCH200,الغربية,Cash On Delivery
2006430492,2026-10-01 21:09:46,Oct 01,MP,woodrate,Desks,مكتب مودرن ام دي اف،1  درج، 2 رف، 78x110x50سم - أبيض,1242-woodrate,1.0,3957.0,3957.0,500.0,3457.0,OFF500,القاهرة,Cash On Delivery
2006430489,2026-10-01 21:07:42,Oct 01,MP,attallah,Mixers &amp; Blenders,كبة سوكاني، 400 وات، 2 لتر، SK-7020 - اسود فضى,el1096274blk-conf-attallah,1.0,642.0,642.0,0.0,642.0,,القاهرة,Cash On Delivery
2006430486,2026-10-01 21:07:36,Oct 01,raneen,raneen,Mobile Phones,موبايل سمارت هونر Choice T10، شبكة الجيل الرابع، شريحتين، 64 جيجا بايت، 4 جيجا بايت - فضي,EL1158058SLV,3.0,6199.0,18597.0,0.0,18597.0,,بني سويف,Cash On Delivery
2006430483,2026-10-01 21:07:30,Oct 01,raneen,raneen,Cookware,طقم حلل جرانيت جراندي كوك، 11 قطعة مع هدية 2 قطعة توزيع - اسود,HO1081180BLK,1.0,1499.0,1499.0,74.95,1424.05,KCH200,سوهاج,Cash On Delivery
2006430480,2026-10-01 21:07:12,Oct 01,raneen,raneen,Kettles,غلاية مياه كهربائية سوناي، 2200 وات، 1.7 لتر، MAR-3000 - اسود,EL1112971BLK,7.0,614.0,4298.0,0.0,4298.0,,الشرقية,Cash On Delivery
2006430477,2026-10-01 21:07:08,Oct 01,MP,goldena,Suction Fan,شفاط حائط فريش، 20 سم، 30 وات، اتجاه واحد، 500017122 - أبيض,500017122,2.0,801.0,1602.0,0.0,1602.0,,القاهرة,Cash On Delivery
2006430474,2026-10-01 21:07:00,Oct 01,raneen,raneen,Bed Sheets,طقم ملاية لازورد، 4 قطع، 235×215 سم - روز,TX1022398MC0,1.0,189.0,189.0,0.0,189.0,,الأسكندرية,Cash On Delivery
2006430474,2026-10-01 21:07:00,Oct 01,raneen,raneen,Bed Sheets,طقم ملاية لازورد، 4 قطع، 215×235 سم - متعدد الالوان,TX1022398ME3,1.0,189.0,189.0,0.0,189.0,,الأسكندرية,Cash On Delivery
2006430474,2026-10-01 21:07:00,Oct 01,raneen,raneen,Bedding,بطانية قطيفة روتانا طبقه واحده نانا سيكريت، 240×220 سم، 2 كجم تقريبا - متعدد الالوان,TX1084625BE2,1.0,419.0,419.0,0.0,419.0,,الأسكندرية,Cash On Delivery
2006430474,2026-10-01 21:07:00,Oct 01,raneen,raneen,Bedding,بطانية قطيفة طبقة واحدة روتانا نانا سيكريت، 240×220 سم، 2 كجم - متعدد الالوان,TX1084625MF3,1.0,449.0,449.0,0.0,449.0,,الأسكندرية,Cash On Delivery
2006430471,2026-10-01 21:06:31,Oct 01,raneen,raneen,Kitchenware,مضرب بيض ستانلس ستيل جروب تايجر، 30 سم - بني احمر داكن,HO1138323DNS,1.0,86.0,86.0,0.0,86.0,,القاهرة,Cash On Delivery
2006430471,2026-10-01 21:06:31,Oct 01,raneen,raneen,Pillows,خدادية فايبر لازورد، 70×50 سم، 750 جرام - ابيض,TX1061325WIT,1.0,89.0,89.0,0.0,89.0,,القاهرة,Cash On Delivery
2006430462,2026-10-01 21:04:36,Oct 01,raneen,raneen,Washers &amp; Dryer,غسالة ملابس وايت بوينت، 8.5 كجم، تحميل علوي، ديجيتال، WPTL85DGBA - رمادى فاتح,EL1148971LGY,1.0,8199.0,8199.0,0.0,8199.0,,القاهرة,Cash On Delivery
2006430459,2026-10-01 21:03:20,Oct 01,raneen,raneen,Water Heaters,سخان مياه كهرباء يونيون اير سيجنتشر، ديجيتال، 1500 وات، 50 لتر، EWH50-C310-V-P-R-3 - اوف وايت,EL1118443WIT,1.0,3099.0,3099.0,0.0,3099.0,,القاهرة,Free
4000170320,2026-10-01 21:02:57,Oct 01,MP,kdmart,Pet Foods,K9 Persian Adult Dry Cat Food 2 kg,MP--B0DF9S3956,5.0,436.0,2180.0,0.0,2180.0,,القاهرة,Cash On Delivery
2006430450,2026-10-01 21:02:04,Oct 01,MP,futurefurniture,Sofa,كنبة  حرف L خشب زان  ، 2 خداديه ، 3 كوشن، قماش كتان كويا ، 300×200×75 سم - بيج فاتح,conal660-futurefurniture,1.0,11499.0,11499.0,0.0,11499.0,,القاهرة,Cash On Delivery
2006430444,2026-10-01 21:00:20,Oct 01,MP,attallah,Fans,مروحة ستاند ميديا، 75 وات، 5 ريشة، 3 سرعات، FS45-25MT-BK - اسود,EL1140054BLK-aminappliances-attallah,1.0,1893.0,1893.0,0.0,1893.0,,القاهرة,Cash On Delivery
2006430444,2026-10-01 21:00:20,Oct 01,MP,goldena,Dishwasher,غسالة اطباق بيكو، 13 فرد، 5 برامج، 60 سم، DVN05325X - فضي,9355295177,1.0,16890.0,16890.0,0.0,16890.0,,القاهرة,Cash On Delivery
2006430444,2026-10-01 21:00:20,Oct 01,MP,rofaeeltrade,Cookers,بوتاجاز فريش مودينا ، 90 × 60 سم ، 5 شعلة ، 500011744 - اسود فضي,500011744,1.0,21699.0,21699.0,0.0,21699.0,,القاهرة,Cash On Delivery
2006430423,2026-10-01 20:54:22,Oct 01,raneen,raneen,Cookware,صينية فرن بالغطاء الومنيوم ماجيك، 24 سم - فضي,HO1145777SLV,1.0,200.0,200.0,10.0,190.0,KCH200,القليوبية,Cash On Delivery
2006430420,2026-10-01 20:53:31,Oct 01,raneen,raneen,Dinnerware,طقم عشاء أركوبال اماراتي لومينارك، 26 قطعة - ابيض,HO1124768WI1,1.0,1199.0,1199.0,59.95,1139.05,KCH200,سوهاج,valU
2006430417,2026-10-01 20:53:15,Oct 01,MP,grandmakaa,Suction Fan,شفاط مطبخ فريش، 30 سم، اتجاهين، 5 ريشة، اطار خشبي هدية - ابيض,FR057IP1R6P07NAFAMZ,1.0,1349.0,1349.0,0.0,1349.0,,الجيزة,Cash On Delivery
2006430411,2026-10-01 20:51:03,Oct 01,raneen,raneen,Televisions,تلفزيون سمارت سامسونج، 32 بوصة، LED ، HD، ريسيفر داخلي، ريموت كنترول، UA32H5000FUXEG - أسود,EL1137979BLK,1.0,8199.0,8199.0,0.0,8199.0,,القاهرة,Premium Card
2006430399,2026-10-01 20:46:28,Oct 01,raneen,raneen,AirPods,سماعة ايربودز انكر، ساوند كور K20i، بطارية حتي 36 ساعة، مقاومة للماء، بلوتوث 5.3، A3994H21 - ابيض,EL1149843WIT,1.0,609.0,609.0,0.0,609.0,,الأسكندرية,Cash On Delivery
2006430399,2026-10-01 20:46:28,Oct 01,MP,hamzastore,Security &amp; Surveillance Systems,انتركم فيديو سمارت للمنزل إيزفيز، 4 بوصه ، CS-HP4 - أسود,N70097147V,1.0,3999.0,3999.0,0.0,3999.0,,الأسكندرية,Cash On Delivery
2006430393,2026-10-01 20:45:33,Oct 01,raneen,raneen,Televisions,تلفزيون سمارت سامسونج، 32 بوصة، LED ، HD، ريسيفر داخلي، ريموت كنترول، UA32H5000FUXEG - أسود,EL1137979BLK,2.0,8199.0,16398.0,0.0,16398.0,,القاهرة,Premium Card
2006430387,2026-10-01 20:44:49,Oct 01,MP,elkabeer,Mixers &amp; Blenders,هاند بلندر تربوميكس بلس مولينكس، 350 وات، 800 مل، DD1001EG - ابيض,5alaat34WIT-elkabeer,1.0,1233.0,1233.0,0.0,1233.0,,سوهاج,Cash On Delivery
2006430387,2026-10-01 20:44:49,Oct 01,raneen,raneen,Mixers &amp; Blenders,خلاط بلينديو مولينكس، 2 مطحنة، 1.5 لتر، 450 وات، LM2B3126 - أبيض,EL1054993WIT,2.0,1645.0,3290.0,0.0,3290.0,,سوهاج,Cash On Delivery
2006430387,2026-10-01 20:44:49,Oct 01,raneen,raneen,Mixers &amp; Blenders,كبة لحوم تاتش الزنوكى، 700 وات، 2 لتر، 40551B - اسود ابيض,EL1121310BLK,1.0,1499.0,1499.0,0.0,1499.0,,سوهاج,Cash On Delivery
2006430387,2026-10-01 20:44:49,Oct 01,raneen,raneen,Kettles,غلاية مياه كهربائية دريم، 1.8 لتر، 1500 وات، DR-4070,EL1114494WIT,1.0,509.0,509.0,0.0,509.0,,سوهاج,Cash On Delivery
2006430381,2026-10-01 20:43:24,Oct 01,MP,grandmakaa,Water Filters,طقم غيار فلتر تانك برو 6 مراحل لتنقية المياه,RAN-BUDF6VS,1.0,795.0,795.0,0.0,795.0,,الأسكندرية,Cash On Delivery
2006430378,2026-10-01 20:42:43,Oct 01,MP,ocean,Coffee Makers,ماكينة تحضير إسبريسو سولو ام شبه أوتوماتيكية من اوكا، أسود كروم، OK0032-05,RAN-MUVPG22,1.0,13500.0,13500.0,0.0,13500.0,,القاهرة,Cash On Delivery
2006430372,2026-10-01 20:41:48,Oct 01,raneen,raneen,Washers &amp; Dryer,غسالة ملابس وايت بوينت، 8.5 كجم، تحميل علوي، ديجيتال، WPTL85DGBA - رمادى فاتح,EL1148971LGY,1.0,8199.0,8199.0,0.0,8199.0,,الجيزة,Cash On Delivery
2006430363,2026-10-01 20:39:50,Oct 01,MP,attallah,Water Heaters,سخان مياه كهرباء ديجيتال فينوس فريش، 50 لتر، توفير 25% من إستهلاك الكهرباء - رمادى,1SFRHEEL18345000L008-attallah,1.0,4499.0,4499.0,0.0,4499.0,,القليوبية,Cash On Delivery
2006430360,2026-10-01 20:39:16,Oct 01,MP,dukanabdelaziz,Dishwasher,غسالة أطباق بيكو، 14 فرد، 5 برامج، 60 سم، نظافة مكثفة، BDFN15420B - أسود,EL1098393BLK-dukanabdelaziz,1.0,18395.0,18395.0,0.0,18395.0,,القاهرة,Credit/Debit Card
2006430360,2026-10-01 20:39:16,Oct 01,MP,rofaeeltrade,Refrigerators &amp; Freezers,"ديب فريزر رأسى بيكو, 168 لتر, 5 ادراج, RFNE200E20B - اسود",EL1069985BLKconf-conf-rofaeeltrade,1.0,23655.0,23655.0,0.0,23655.0,,القاهرة,Credit/Debit Card
2006430360,2026-10-01 20:39:16,Oct 01,MP,imsstore,Vacuum Cleaners,ممسحة بخار 10 في 1 SK-13062 من سوكاني، مكواة بخار للأرضيات مع ملحقات، 2000 وات - ابيض تركواز,MP-B0FH4TVGGN,1.0,4260.0,4260.0,0.0,4260.0,,القاهرة,Credit/Debit Card
2006430360,2026-10-01 20:39:16,Oct 01,MP,cornerhouse,Built in,شفاط بلت ان أيكوماتيك، 3 سرعات، 90 سم، H910BKB - اسود,smf220-cornerhouse,1.0,7590.0,7590.0,0.0,7590.0,,القاهرة,Credit/Debit Card
2006430360,2026-10-01 20:39:16,Oct 01,MP,elkabeer,Water Dispenser,مبرد مياه سوناي، 3 حنفيات، قارورة داخلية، MAR-2270D - اسود,6227031111593,1.0,8650.0,8650.0,0.0,8650.0,,القاهرة,Credit/Debit Card
2006430357,2026-10-01 20:39:00,Oct 01,MP,ocean,Water Heaters,سخان مياه اريستون 50 لتر ، 1500 وات ، PRO1 R 50 VEG- أبيض,1799-ocean,1.0,6899.0,6899.0,0.0,6899.0,,القاهرة,Credit/Debit Card
2006430354,2026-10-01 20:38:33,Oct 01,MP,dukanabdelaziz,Fans,مروحة سقف تورنيدو، 56 بوصة، 5 سرعات، TCF56WW - ابيض,EL1055265WIT-conf-dukanabdelaziz,1.0,1935.0,1935.0,0.0,1935.0,,القاهرة,Cash On Delivery
2006430345,2026-10-01 20:36:57,Oct 01,MP,mam,Refrigerators &amp; Freezers,ثلاجة دي فروست يونيون اير، 2باب، 310 لتر، دي فروست ديجيتال، RD-320VVA-DAH - فضى,EL1153508SLV-mam,1.0,10976.0,10976.0,0.0,10976.0,,القليوبية,Credit/Debit Card
2006430342,2026-10-01 20:36:25,Oct 01,MP,attallah,Mixers &amp; Blenders,خلاط سوكانى ، 3 فى 1 ، 1500وات ، 1.6لتر ، سرعتان، ملحق معه كبة و مطحنة ، SK-03062N - اسود,SK-03062N-attallah,1.0,1352.0,1352.0,0.0,1352.0,,الجيزة,Cash On Delivery
2006290805,2026-10-01 20:34:35,Oct 01,raneen,raneen,Office Chairs,كرسي مكتب معدن وسط ظهر شبك، هيدروليك، مسند فيبر، 5 عجلات، 50×50×110 سم - اسود,HO1139739BLK,1.0,1399.0,1399.0,0.0,1399.0,,الأسكندرية,El-Ahly Installments
2006430327,2026-10-01 20:32:49,Oct 01,raneen,raneen,Washers &amp; Dryer,غسالة نصف اتوماتيك فريش، 10كيلو، مزودة بطلمبة، 500004111- FWT1000PA - ابيض,EL1031839WNB,1.0,7629.0,7629.0,0.0,7629.0,,الأسكندرية,El-Ahly Installments
2006430315,2026-10-01 20:31:14,Oct 01,raneen,raneen,Televisions,تلفزيون سمارت ال جى، 50 بوصة، UHD، مزود برسيفر داخلى، ماجيك ريموت، 50NU850B6LA - اسود,EL1148627BLK,1.0,19666.0,19666.0,0.0,19666.0,,الجيزة,Cash On Delivery
2006430312,2026-10-01 20:30:59,Oct 01,MP,futurefurniture,Sofa,كنبة حرف L خشب زان ، 2 خداديه ، 3 كوشن ، قماش كتان كويا ، 300×200×75 سم - رمادي,SONSTLAHP300-futurefurniture,1.0,11499.0,11499.0,500.0,10999.0,OFF500,الجيزة,Souhoola
2006430309,2026-10-01 20:29:33,Oct 01,raneen,raneen,Cookware,طقم حلل جرانيت جراندي كوك، 11 قطعة مع هدية 2 قطعة توزيع - اسود,HO1081180BLK,1.0,1499.0,1499.0,0.0,1499.0,,الجيزة,Cash On Delivery
2006430300,2026-10-01 20:27:33,Oct 01,raneen,raneen,Home &amp; Balcony Essentials,كرسي بلاستيك سفير، 38×36×86 سم - بيج,HO1131011BEG,3.0,299.0,897.0,0.0,897.0,,القاهرة,Cash On Delivery
2006430294,2026-10-01 20:25:14,Oct 01,raneen,raneen,Fans,مروحة بوكس تاتش الزنوكى، 14 بوصة، 3 سرعات،40202 - ابيض,EL1031804WIT,1.0,1170.0,1170.0,0.0,1170.0,,القاهرة,Cash On Delivery
2006430288,2026-10-01 20:24:18,Oct 01,MP,lazord,Cookware,طقم أواني طهي لازورد ، 7 قطع ، تيفال - احمرداكن,16533,1.0,1099.0,1099.0,54.95,1044.05,KCH200,أسوان,Cash On Delivery
2006430285,2026-10-01 20:24:03,Oct 01,raneen,raneen,Cleaning Tools &amp; Supplies,سبت غسيل راتان، 42×42×60 سم - اسود ابيض,HO1080847BK7,1.0,399.0,399.0,19.95,379.05,KCH200,القاهرة,Cash On Delivery
2006430279,2026-10-01 20:22:25,Oct 01,raneen,raneen,Cleaning Tools &amp; Supplies,مساحة الهلال و النجمة، مقاس صغير - ابيض,HO1006021WIT,1.0,76.0,76.0,3.8,72.2,KCH200,القاهرة,Cash On Delivery
2006430279,2026-10-01 20:22:25,Oct 01,raneen,raneen,Cleaning Tools &amp; Supplies,باسكت قمامة معدن مصر الكبري، 36×32 سم - اسود,HO1113185BLK,2.0,100.0,200.0,10.0,190.0,KCH200,القاهرة,Cash On Delivery
2006430279,2026-10-01 20:22:25,Oct 01,raneen,raneen,Cleaning Tools &amp; Supplies,فرشاة تنظيف بلاستيك الهلال والنجمة، 30 سم - متعدد الالوان,HO1038521BK2,1.0,77.0,77.0,3.85,73.15,KCH200,القاهرة,Cash On Delivery
2006430279,2026-10-01 20:22:25,Oct 01,raneen,raneen,Cleaning Tools &amp; Supplies,غيار شرشوبة قطن بدون يد اليت، 15×35 سم، 200 جم - ابيض,HO1107165WIT,1.0,35.0,35.0,1.75,33.25,KCH200,القاهرة,Cash On Delivery
2006430279,2026-10-01 20:22:25,Oct 01,raneen,raneen,Cleaning Tools &amp; Supplies,باسكت قمامة بلاستيك الهلال و النجمة، 45 لتر - موف ابيض,HO1006051LMV,1.0,320.0,320.0,16.0,304.0,KCH200,القاهرة,Cash On Delivery
2006430279,2026-10-01 20:22:25,Oct 01,raneen,raneen,Cleaning Tools &amp; Supplies,يد خشب، مقاس 120 سم - بنى,HO1042929BSC,3.0,26.0,78.0,3.9,74.1,KCH200,القاهرة,Cash On Delivery
2006430279,2026-10-01 20:22:25,Oct 01,raneen,raneen,Kitchenware,مصفاة اطباق بلاستيك بالقاعدة الهدي، 35×30 سم - رمادي,HO1088476GY1,1.0,87.0,87.0,4.35,82.65,KCH200,القاهرة,Cash On Delivery
2006430279,2026-10-01 20:22:25,Oct 01,raneen,raneen,Cleaning Tools &amp; Supplies,فرشاه تواليت بلاستيك بالقاعده الهلال والنجمة، 35×15 سم - ازرق فاتح,HO1118115LBL,1.0,71.0,71.0,3.55,67.45,KCH200,القاهرة,Cash On Delivery
2006430279,2026-10-01 20:22:25,Oct 01,raneen,raneen,Cleaning Tools &amp; Supplies,جردل مسح بلاستيك متحرك الهلال والنجمة الفضية، 40×29 سم، مزود بغيار قطن - روز فاتح,HO1006006LRO,1.0,200.0,200.0,10.0,190.0,KCH200,القاهرة,Cash On Delivery
2006430276,2026-10-01 20:22:14,Oct 01,MP,craftfurniture,Commode &amp; Drawer Units,وحدة ادراج خشب ام دي اف، 83x100x40 سم - ابيض,2008-craftfurniture,1.0,5229.0,5229.0,0.0,5229.0,,القاهرة,Cash On Delivery
2006430273,2026-10-01 20:21:46,Oct 01,raneen,raneen,Home Decor,علبه مناديل خشب بامبو، 23×9 سم - خشبي,HO1138895BSC,1.0,125.0,125.0,0.0,125.0,TEX200,القاهرة,Cash On Delivery
2006430273,2026-10-01 20:21:46,Oct 01,raneen,raneen,Kitchenware,وراقة مناديل عمودية الزهراء، 30×13 سم - بيج,HO1025021BS1,1.0,128.0,128.0,0.0,128.0,TEX200,القاهرة,Cash On Delivery
2006430273,2026-10-01 20:21:46,Oct 01,MP,dukanalaa,Coffee Makers,خفاقة القهوة اليدوية بشحن USB - مضرب حليب بثلاث سرعات,RAN-UBUEKV7,1.0,185.0,185.0,0.0,185.0,TEX200,القاهرة,Cash On Delivery
2006430273,2026-10-01 20:21:46,Oct 01,MP,yarlin,Bed Sheets,طقم ملاية بأستيك، قطن مخلوط، 200x200 سم، 3 قطع - اسود,Yar-59,1.0,599.0,599.0,29.95,569.05,TEX200,القاهرة,Cash On Delivery
2006430270,2026-10-01 20:20:27,Oct 01,raneen,raneen,Cookware,طقم حلل جرانيت داي كاست الفا، 11 قطعة - رمادي,HO1155016GRY,1.0,2999.0,2999.0,149.95,2849.05,kcH200,كفر الشيخ,Cash On Delivery
2006430261,2026-10-01 20:18:37,Oct 01,raneen,raneen,Cookware,طقم حلل جرانيت داي كاست الفا، 11 قطعة - بيج,HO1155014BEG,1.0,2999.0,2999.0,149.95,2849.05,kcH200,كفر الشيخ,Cash On Delivery
2006430255,2026-10-01 20:18:20,Oct 01,MP,snooze,Mattress,مرتبة تطرية طيبه سنوز ، 160×200 سم ، مايكروفايبر - ابيض,6222057315393,1.0,996.0,996.0,0.0,996.0,,القاهرة,Cash On Delivery
2006430255,2026-10-01 20:18:20,Oct 01,raneen,raneen,Shoe Rack,جزامة خشب شيبورد، 60×89×32 سم، 3 ارفف، 2 دلفة,HO1117857BG1,1.0,1199.0,1199.0,0.0,1199.0,,القاهرة,Cash On Delivery
2006430252,2026-10-01 20:17:10,Oct 01,raneen,raneen,Water Heaters,سخان مياه كهرباء يونيون اير سيجنتشر، ديجيتال، 1500 وات، 50 لتر، EWH50-C310-V-P-R-3 - اوف وايت,EL1118443WIT,1.0,3099.0,3099.0,0.0,3099.0,,الفيوم,Cash On Delivery
2006430249,2026-10-01 20:15:49,Oct 01,MP,lifecare,Vacuum Cleaners,مكنسة كهربائية صغيرة لاسلكية بوظيفة شفط ونفخ/مصباح LED، لتنظيف السيارة والمنزل والمكتب وللحيوانات الأليفة، تنظيف الفرش ,RAN-QYFGUYX,1.0,181.0,181.0,0.0,181.0,,الأسكندرية,Cash On Delivery
2006430246,2026-10-01 20:15:24,Oct 01,MP,nourshopping,Luggage,طقم حقائب سفر بقفل مشفر 3 قطع بالوسيلة - فضي من ماركة Musselz,B0DWVXCBFB,1.0,3197.0,3197.0,0.0,3197.0,,الجيزة,Souhoola
2006430240,2026-10-01 20:14:19,Oct 01,raneen,raneen,Activities &amp; Books,جردل صلصال للأطفال، 5 علب، 12 أداة تقطيع - متعدد الالوان,TY1139457MC1,1.0,249.0,249.0,0.0,249.0,TEX200,الدقهلية,Cash On Delivery
2006430240,2026-10-01 20:14:19,Oct 01,raneen,raneen,Dolls,لعبة شخصية افينجرز صوت وضوء بلاستيك للاولاد - اسود فضي,TY1146854MC2,1.0,100.0,100.0,0.0,100.0,TEX200,الدقهلية,Cash On Delivery
2006430240,2026-10-01 20:14:19,Oct 01,raneen,raneen,Bed Sheets,طقم ملاية اطفال لازورد، 3 قطع، 170×240 سم - ابيض احمر,TX1048853MT2,2.0,149.0,298.0,14.9,283.1,TEX200,الدقهلية,Cash On Delivery
2006430240,2026-10-01 20:14:19,Oct 01,raneen,raneen,Bedding,دفاية سرير قطيفة نانا سيكريت، 220×150 سم، 470 جرام - متعدد الالوان,TX1156543MC3,2.0,99.0,198.0,9.9,188.1,TEX200,الدقهلية,Cash On Delivery
2006430240,2026-10-01 20:14:19,Oct 01,raneen,raneen,Bedding,دفاية سرير قطيفة نانا سيكريت، 220×150 سم، 470 جرام - اخضر اسود,TX1156543MC2,2.0,99.0,198.0,9.9,188.1,TEX200,الدقهلية,Cash On Delivery
2006430240,2026-10-01 20:14:19,Oct 01,raneen,raneen,Cookware,طقم صينيه بسبوسه الومنيوم عبود، قطعتين - فضي,HO1147807SLV,1.0,200.0,200.0,0.0,200.0,TEX200,الدقهلية,Cash On Delivery
2006430240,2026-10-01 20:14:19,Oct 01,raneen,raneen,Bed Sheets,طقم ملايه قماش مطبوع، 4 قطع، 215×235 سم - متعدد الالوان,TX1017810GB3,1.0,189.0,189.0,9.45,179.55,TEX200,الدقهلية,Cash On Delivery
2006430240,2026-10-01 20:14:19,Oct 01,raneen,raneen,Activities &amp; Books,لعبة ادوات مطبخ بلاستيك للاطفال، 16 قطعه - متعدد الالوان,TY1116518MC2,1.0,90.0,90.0,0.0,90.0,TEX200,الدقهلية,Cash On Delivery
2006430240,2026-10-01 20:14:19,Oct 01,raneen,raneen,Bed Sheets,طقم ملاية اطفال لازورد، 3 قطع، 170×240 سم - متعدد الالوان,TX1048853BU3,2.0,149.0,298.0,14.9,283.1,TEX200,الدقهلية,Cash On Delivery
2006430240,2026-10-01 20:14:19,Oct 01,raneen,raneen,Bed Sheets,طقم ملاية سرير لازورد، 3 قطع، 170×240 سم - برتقالي,TX1015868MZ3,1.0,149.0,149.0,7.45,141.55,TEX200,الدقهلية,Cash On Delivery
2006430237,2026-10-01 20:14:17,Oct 01,raneen,raneen,Cookers,بوتجاز مودينا كتالكت ستانلس ستيل فريش، 5 شعلة، 60×90 سم، 500017059-فضي,EL1109811SLV,1.0,23649.0,23649.0,0.0,23649.0,,البحيرة,Cash On Delivery
2006430231,2026-10-01 20:13:06,Oct 01,MP,samafurniture,Beds,سرير كابوتونيه خشب ام دى اف، 120×160×195 سم - بيج,ARTFUR9120BEG,1.0,4999.0,4999.0,500.0,4499.0,OFF500,الجيزة,Cash On Delivery
2006430231,2026-10-01 20:13:06,Oct 01,MP,pure,Mattress,مرتبة سرير براند بيور، سوست متصلة، 195×160×25 سم - ابيض,Relax Plus-8,1.0,3799.0,3799.0,0.0,3799.0,OFF500,الجيزة,Cash On Delivery
2006430219,2026-10-01 20:11:05,Oct 01,raneen,raneen,Cutlery &amp; Flatware Set,طقم ادوات مائده ستانلس ستيل ارشيا، 87 قطعه - فضي,HO1118788SG2,1.0,999.0,999.0,49.95,949.05,KCH200,الأسكندرية,Cash On Delivery
2006430207,2026-10-01 20:04:08,Oct 01,raneen,raneen,Dinnerware,طقم عشاء أركوبال اماراتي لومينارك، 26 قطعة - ابيض,HO1124768WI1,1.0,1249.0,1249.0,62.45,1186.55,KCH200,الأسكندرية,Cash On Delivery
2006430204,2026-10-01 20:04:03,Oct 01,raneen,raneen,Cleaning Tools &amp; Supplies,باسكت قمامة بلاستيك بغطاء تاتش حجازي، 7 لتر- ابيض بيج,HO1147789WIT,1.0,135.0,135.0,0.0,135.0,,القاهرة,Cash On Delivery
2006430204,2026-10-01 20:04:03,Oct 01,raneen,raneen,Dinnerware,طقم عشاء اركوبال جراند، 24 قطعة - متعدد الالوان,HO1140980WI2,1.0,499.0,499.0,0.0,499.0,,القاهرة,Cash On Delivery
2006430192,2026-10-01 19:59:21,Oct 01,raneen,raneen,Office Chairs,كرسي مكتب معدن عالي ظهر شبك، هيدروليك، مسند تنجيد، 5 عجلات، 125×50×48 سم - اسود,HO1139732BLK,2.0,1799.0,3598.0,0.0,3598.0,,القاهرة,Cash On Delivery
2006430189,2026-10-01 19:58:54,Oct 01,raneen,raneen,Kitchenware,مقص خياطة ستانلس ستيل، 26 سم - فضي ذهبي,HO1109682SNG,1.0,174.0,174.0,0.0,174.0,,القاهرة,Cash On Delivery
2006430186,2026-10-01 19:58:26,Oct 01,raneen,raneen,Mats,دواسة حمام رابر، 58×38 سم - رمادي داكن,TX1149767DG1,1.0,100.0,100.0,5.0,95.0,TEX200,القاهرة,Cash On Delivery
2006430186,2026-10-01 19:58:26,Oct 01,raneen,raneen,Mats,دواسة باب قطيفة بظهر دوتس، 50×70 سم، 350 جرام تقريبا - متعدد الالوان,TX1130194MM0,1.0,55.0,55.0,2.75,52.25,TEX200,القاهرة,Cash On Delivery
2006430186,2026-10-01 19:58:26,Oct 01,raneen,raneen,Carpets,مشاية قطيفة ظهر دوتس، 85×255 سم، 1200 جرام تقريبا - متعدد الالوان,TX1155175MC2,1.0,299.0,299.0,14.95,284.05,TEX200,القاهرة,Cash On Delivery
2006430186,2026-10-01 19:58:26,Oct 01,raneen,raneen,Carpets,مشاية نايلون رسومات أطفال ماك، 100×130 سم، 2050 جرام - متعدد الالوان,TX1126165MC2,1.0,449.0,449.0,22.45,426.55,TEX200,القاهرة,Cash On Delivery
2006430186,2026-10-01 19:58:26,Oct 01,raneen,raneen,Carpets,سجادة بولي بروبلين، 120×120 سم - متعدد الالوان,TX1155848MC1,1.0,499.0,499.0,24.95,474.05,TEX200,القاهرة,Cash On Delivery
2006430177,2026-10-01 19:57:52,Oct 01,MP,blackmirror,Men&#039;s Bags,حقيبة ظهر ديوتسي بقفل كلمة مرور ومضادة للسرقة وشاحن USB - الأسود والأزرق,NY-2DXD-FISE,1.0,625.0,625.0,0.0,625.0,,الأسكندرية,Aman
2006430168,2026-10-01 19:56:53,Oct 01,raneen,raneen,Bedding,كوفرتة جاكار المأمون، 220×240 سم، 1660 جرام - متعدد الالوان,TX1145258MC4,2.0,375.0,750.0,0.0,750.0,,القليوبية,Cash On Delivery
2006430165,2026-10-01 19:56:53,Oct 01,raneen,raneen,Mobile Phones,موبايل سامسونج جالاكسى A16، جيجا بايت 128، 4  جيجا رام- رمادي,EL1122778GRY,1.0,9199.0,9199.0,0.0,9199.0,,سوهاج,Credit/Debit Card
2006430141,2026-10-01 19:49:14,Oct 01,raneen,raneen,Refrigerators &amp; Freezers,ديب فريزر راسي نوفروست توشيبا، 238 لتر، 7 درج ، GR-RU312WE-DMN(37H) - رمادي داكن,EL1110864DGY,1.0,26399.0,26399.0,0.0,26399.0,,الشرقية,Cash On Delivery
2006430132,2026-10-01 19:46:18,Oct 01,raneen,raneen,Drinkware,طقم مج بورسلين لوتس دريم، 4 قطع، 300 مل - متعدد الالوان,HO1088336ML5,1.0,222.0,222.0,0.0,222.0,,البحر الأحمر,Paymob Wallet
2006430120,2026-10-01 19:44:58,Oct 01,raneen,raneen,Televisions,تلفزيون سمارت سامسونج، 32 بوصة، LED ، HD، ريسيفر داخلي، ريموت كنترول، UA32H5000FUXEG - أسود,EL1137979BLK,1.0,8199.0,8199.0,0.0,8199.0,,القاهرة,Premium Card
2006430114,2026-10-01 19:42:12,Oct 01,raneen,raneen,Kitchenware,ماسك تحمير سيليكون بيد ستانلس ستيل، 30 سم - احمر,HO1056595RED,1.0,74.0,74.0,0.0,74.0,,القاهرة,Credit/Debit Card
2006430105,2026-10-01 19:40:04,Oct 01,MP,attallah,Refrigerators &amp; Freezers,ثلاجة نوفروست توشيبا، 338 لتر، GR-RT468WE-DMN49 - رمادي,GRRT468WEDMN-conf-attallah,1.0,19895.0,19895.0,0.0,19895.0,,الأسكندرية,Cash On Delivery
2006430102,2026-10-01 19:39:55,Oct 01,raneen,raneen,Water Heaters,سخان مياه كهربائي اريستون، 50 لتر، RUBIS50VEG - ابيض,EL1129298WIT,3.0,3399.0,10197.0,0.0,10197.0,,المنيا,Cash On Delivery
2006430099,2026-10-01 19:39:35,Oct 01,MP,caesar,Pajamas &amp; Sleepwear,مجموعة بيجاما نسائية قطعتين ناعمة مع أربطة فيونكة - بنفسجي,23801-Purple-xL,1.0,288.0,288.0,14.4,273.6,F150,القاهرة,Credit/Debit Card
2006430099,2026-10-01 19:39:35,Oct 01,raneen,raneen,Shoes,شبشب سلايد بلاستيك للسيدات، EU 38 - كشمير ابيض,SH1150785KS8,1.0,85.0,85.0,4.25,80.75,F150,القاهرة,Credit/Debit Card
2006430096,2026-10-01 19:38:18,Oct 01,MP,shahpor,Irons,مكواة بخار ملابس ميديا تك، 1750 وات، MT-206 - ابيض,44552-Shahpor,1.0,3709.0,3709.0,0.0,3709.0,,القاهرة,Cash On Delivery
2006430096,2026-10-01 19:38:18,Oct 01,raneen,raneen,Microwaves &amp; Ovens,"ميكروويف جاك, 1400 وات, 25 لتر, NGM-2525 - ابيض",EL1019420WIT,1.0,4325.0,4325.0,0.0,4325.0,,القاهرة,Cash On Delivery
2006430096,2026-10-01 19:38:18,Oct 01,MP,attallah,Vacuum Cleaners,مكنسة كهربائية سوكاني، 2 في 1، 25 لتر، 2200 وات، SK-13083 - اسود,7777031021698-attallah,1.0,3798.0,3798.0,0.0,3798.0,,القاهرة,Cash On Delivery
2006430090,2026-10-01 19:36:48,Oct 01,raneen,raneen,Bike &amp; Scooters,عجلة معدن للأطفال إكسنيرت، مقاس 20 ، كرسي خلفي مبطن و سلة أمامية - احمر,TY1122294RD6,1.0,2999.0,2999.0,0.0,2999.0,,الجيزة,Cash On Delivery
2006430081,2026-10-01 19:35:04,Oct 01,MP,tibatrading,Drinkware,مجات قهوة زجاجية شفافة بمقبض مصنوعة من زجاج بوروسيليكات مقاوم للحرارة بتصميم مزدوج الجدار معزول حراريًا بسعة 75 ملليلتر، طقم من 4 قطع,RAN-RH8Z2Z6,1.0,209.0,209.0,0.0,209.0,,الشرقية,Cash On Delivery
2006430081,2026-10-01 19:35:04,Oct 01,raneen,raneen,Drinkware,طقم فنجان قهوة بالاطباق بورسلين ايبك، 12 قطعة، 90 مل، 12.5 سم - بيج بني,HO1140174MC1,1.0,349.0,349.0,0.0,349.0,,الشرقية,Cash On Delivery
2006430081,2026-10-01 19:35:04,Oct 01,raneen,raneen,Cookware,طقم حلل جرانيت ماربل جراندي كوك، 11 قطعة، غطاء ستانلس ستيل، مع هدية 2 قطعة توزيع - رمادي,HO1081180DG1,1.0,1499.0,1499.0,0.0,1499.0,,الشرقية,Cash On Delivery
2006430075,2026-10-01 19:33:43,Oct 01,raneen,raneen,Drinkware,طقم اكواب شاي زجاج بلينك ماكس، 6 قطع، 240 مل - شفاف,HO1090264CLR,2.0,200.0,400.0,0.0,400.0,,القاهرة,Credit/Debit Card
2006430075,2026-10-01 19:33:43,Oct 01,MP,rofaeeltrade,Refrigerators &amp; Freezers,ثلاجة ميني بار فريش، ديفروست، 95 لتر، FMB-140B - اسود,FMB-140B-rofaeeltrade,1.0,8996.0,8996.0,0.0,8996.0,,القاهرة,Credit/Debit Card
2006430069,2026-10-01 19:32:49,Oct 01,MP,elmotahida,Office Chairs,كرسي مكتب، 105×50×62 سم - اسود,VERNA221BLK,1.0,3400.0,3400.0,0.0,3400.0,,الجيزة,Cash On Delivery
2006430066,2026-10-01 19:32:45,Oct 01,raneen,raneen,Water Heaters,سخان كهرباء اوليمبيك، 1500 وات، 50 لتر، OYE05061WN - ابيض,EL1094896WIT,1.0,3959.0,3959.0,0.0,3959.0,,الجيزة,Paymob Wallet
2006430063,2026-10-01 19:32:30,Oct 01,raneen,raneen,Kitchenware,مغرفة طعام سيلكون الشيف، 34 سم - رمادي ذهبي,HO1078518GY1,1.0,47.0,47.0,0.0,47.0,,القاهرة,Credit/Debit Card
2006430057,2026-10-01 19:30:50,Oct 01,MP,container,Security &amp; Surveillance Systems,كاميرا مراقبة A9، بطارية مدمجة، تصوير Hd - أسود,MACCAGE001,1.0,349.0,349.0,0.0,349.0,,الأسماعيلية,Cash On Delivery
2006430054,2026-10-01 19:30:27,Oct 01,MP,mam,Refrigerators &amp; Freezers,ثلاجه ديفروست يونيون اير ، 350 لتر ، 2 باب ، فريزر بالاعلي ، RD-350VVA-DSH - رمادي,RD350VVDHGHUSTO-mam,1.0,12348.0,12348.0,0.0,12348.0,,الجيزة,Cash On Delivery
2006430051,2026-10-01 19:29:56,Oct 01,MP,hadymix,TV Table,ترابيزة تلفاز خشب ام دي اف، 200×35×30 سم - ابيض بنى,1170-hadymix,1.0,3749.0,3749.0,500.0,3249.0,OFF500,الغربية,Cash On Delivery
2006430045,2026-10-01 19:27:35,Oct 01,raneen,raneen,Dinnerware,طبق بورسلين جروب تايجر، 25 سم - ابيض,HO1155089WI1,1.0,96.0,96.0,0.0,96.0,,القاهرة,Cash On Delivery
2006430045,2026-10-01 19:27:35,Oct 01,raneen,raneen,Bed Sheets,طقم ملاية اطفال، 3 قطع، 240×170 سم - ابيض بينك,TX1017808MA3,1.0,149.0,149.0,0.0,149.0,,القاهرة,Cash On Delivery
2006430045,2026-10-01 19:27:35,Oct 01,raneen,raneen,Bed Sheets,طقم ملاية اطفال، 3 قطع، 240×170 سم - ابيض كحلي,TX1017808MA2,1.0,149.0,149.0,0.0,149.0,,القاهرة,Cash On Delivery
2006430039,2026-10-01 19:26:04,Oct 01,raneen,raneen,Televisions,"تلفزيون سمارت سامسونج، 50 بوصة، LED، UHD، ريسيفر داخلي, UA50U8000HUXEG - اسود",EL1147147BLK,4.0,18499.0,73996.0,0.0,73996.0,,القاهرة,Premium Card
2006430033,2026-10-01 19:23:59,Oct 01,raneen,raneen,Storage,ستاند منزلى متحرك، 3 دور، 70×54×15.5 سم - ابيض,HO1070312WHT,2.0,150.0,300.0,0.0,300.0,,القاهرة,Cash On Delivery
4000170311,2026-10-01 19:22:40,Oct 01,MP,bianca,Cookware,"Bianca Granite Tray with Lid 32cm - Green | Non-Stick, Even Heat Distribution",RAN-VY8UTT3,1.0,1315.0,1315.0,65.75,1249.25,KCH200,الأسكندرية,Cash On Delivery
2006430024,2026-10-01 19:22:38,Oct 01,raneen,raneen,Cookware,طقم حلل جرانيت ويف ماستر، 11 قطعة - كافيه,HO1095454CAF,1.0,3999.0,3999.0,0.0,3999.0,,القاهرة,Credit/Debit Card
2006430012,2026-10-01 19:20:45,Oct 01,raneen,raneen,Microwaves &amp; Ovens,ميكروويف فريش، 28 لتر، 900 وات، FMW-28MC-BW - اسود,EL1120392BLK,1.0,5149.0,5149.0,0.0,5149.0,,الجيزة,Cash On Delivery
2006430009,2026-10-01 19:20:16,Oct 01,MP,tekra,Men&#039;s Bags,حقيبة كروس رجالية Rcrirth | حقيبة عابرة مضادة للسرقة - جلد PU - حقيبة كتف صدرية للاستخدام اليومي,RAN-TBNAHY6,1.0,289.0,289.0,14.45,274.55,F150,القاهرة,Cash On Delivery
2006429985,2026-10-01 19:16:35,Oct 01,MP,globalelectronic,Cookers,بوتاجاز جلوبال الكترونكس، 4 شعلة، 55×55 سم، سطح ستانلس - اسود ذهبي,GLO55-07,1.0,4100.0,4100.0,0.0,4100.0,,الشرقية,Cash On Delivery
2006429973,2026-10-01 19:15:11,Oct 01,MP,asmagroup,Printers,طابعة لاسلكية سمارت تانك 581 اتش بي، الكل في واحد، 4A8D4A - اسود,4A8D4A-thehomemart,1.0,5995.0,5995.0,0.0,5995.0,,القاهرة,Cash On Delivery
2006429964,2026-10-01 19:12:38,Oct 01,raneen,raneen,Water Heaters,سخان مياه كهربائي اريستون، 50 لتر، RUBIS50VEG - ابيض,EL1129298WIT,3.0,3399.0,10197.0,0.0,10197.0,,المنيا,Cash On Delivery
2006429952,2026-10-01 19:09:24,Oct 01,MP,fekrahhandmade,Wall Decor,مكرميه ديكور للحائط، قطن، 40x60 سم - اوف وايت,ho00112,1.0,379.0,379.0,0.0,379.0,,القاهرة,Free
2006429952,2026-10-01 19:09:24,Oct 01,MP,molanafortraining,Home Decor,منظم مجوهرات أكريليك بثلاث أدراج - بيج,EIB-56810-6833-molanafortraining,1.0,349.0,349.0,0.0,349.0,,القاهرة,Free
2006429946,2026-10-01 19:08:05,Oct 01,raneen,raneen,Kitchen Accessories,غطاء غسالة فول اوتوماتيك جلد العالمية، 62×62×85 سم - هافان,HO1097421HF1,1.0,100.0,100.0,0.0,100.0,,الشرقية,Cash On Delivery
2006429937,2026-10-01 19:05:15,Oct 01,MP,noorshop,Mixers &amp; Blenders,هاند بلندر ميانتا، 1000 وات، HB11938A - اسود فضي,MP-265466-noorshop,1.0,1650.0,1650.0,0.0,1650.0,,الأسكندرية,Cash On Delivery
2006429937,2026-10-01 19:05:15,Oct 01,MP,tatto,Mixers &amp; Blenders,مضرب يدوي ميانتا، 5 سرعات، 500 وات، HM13729A - أسود,EL1136207BLK-tatto,1.0,1399.0,1399.0,0.0,1399.0,,الأسكندرية,Cash On Delivery
2006429937,2026-10-01 19:05:15,Oct 01,raneen,raneen,Mixers &amp; Blenders,كبة ميانتا، 400 وات، اربع شفرات، CH-2331B - اسود,EL1096425BLK,1.0,934.0,934.0,0.0,934.0,,الأسكندرية,Cash On Delivery
2006429937,2026-10-01 19:05:15,Oct 01,MP,dukanabdelaziz,Mixers &amp; Blenders,كبة فريش، 700 وات، 2 لتر، CH-700W - أسود,FRCH700BLK-dukanabdelaziz,1.0,1300.0,1300.0,0.0,1300.0,,الأسكندرية,Cash On Delivery
2006429931,2026-10-01 19:04:29,Oct 01,MP,mostawdaa,Mirror,مرايا حائط زجاج اطار خشب بيضاوي، 70×50 سم,MSTRN308CLR,1.0,909.0,909.0,0.0,909.0,,القاهرة,Cash On Delivery
2006429925,2026-10-01 19:02:33,Oct 01,raneen,raneen,Bedding,لحاف فايبر، 230×200 سم، 2 كجم,TX1052717BE5,8.0,339.0,2712.0,128.93,2583.07,TEX200,القاهرة,Cash On Delivery
2006429925,2026-10-01 19:02:33,Oct 01,raneen,raneen,Bedding,دفاية فرو ساراتوجا سادة، 210×240 سم ، 1500 جرام تقريباً,TX1065289DRD,5.0,299.0,1495.0,71.07,1423.93,TEX200,القاهرة,Cash On Delivery
2006429925,2026-10-01 19:02:33,Oct 01,raneen,raneen,Dinnerware,طقم عشاء زجاج، 18 قطعة - شفاف,HO1126298CL2,2.0,149.0,298.0,0.0,298.0,TEX200,القاهرة,Cash On Delivery
2006429922,2026-10-01 19:00:20,Oct 01,raneen,raneen,Drinkware,زجاجة ستانلس ستيل، غطاء بلاستيك، 600 مل - اسود برتقالي,HO1150659BK1,1.0,342.0,342.0,17.1,324.9,KCH200,الجيزة,Cash On Delivery
2006429919,2026-10-01 18:59:08,Oct 01,MP,vooc,Mobile Phones,هونر X9d، ١٢ جيجابايت رام ، ٢٥٦ جيجابايت، شبكة الجيل الخامس - أسود,honor-x9d-256gb-12gb-5g-Midnight Black,1.0,23800.0,23800.0,0.0,23800.0,,الأسكندرية,Cash On Delivery
2006429910,2026-10-01 18:56:45,Oct 01,MP,jphome,Kitchenware,قطاعة خضار ١٤ فى ١ ، متعددة الاستخدامات - متعدد الالوان,14i1VC-CONF,1.0,304.0,304.0,0.0,304.0,,الأسكندرية,Cash On Delivery
2006429910,2026-10-01 18:56:45,Oct 01,MP,ocean,Fryers,فراير فيليبس سلسلة 4000 بسلة مزدوجة، 10 لتر، تقنية رابيد إير، سطح متزامن، طهي وجبتين في وقت واحد، توفير 45% من مساحة العمل، طلاء سيراميك,RAN-ZUQZZAH,1.0,13500.0,13500.0,0.0,13500.0,,الأسكندرية,Cash On Delivery
2006429904,2026-10-01 18:55:25,Oct 01,raneen,raneen,Cookware,طقم حلل تيفال تروفال، 12 قطعة - احمر داكن,HO1139425DRD,1.0,1999.0,1999.0,99.95,1899.05,KCH200,الجيزة,Cash On Delivery
2006429904,2026-10-01 18:55:25,Oct 01,raneen,raneen,Dinnerware,طقم عشاء أركوبال اماراتي لومينارك، 26 قطعة - ابيض,HO1124768WI1,1.0,1249.0,1249.0,62.45,1186.55,KCH200,الجيزة,Cash On Delivery
2006429901,2026-10-01 18:55:00,Oct 01,raneen,raneen,Sofa,ركنة شكل L خشب طبيعي قطعتين، قماش كتان، 300x200x80x70 سم - اوف وايت,HO1122845OFF1,1.0,10999.0,10999.0,500.0,10499.0,off500,الأسكندرية,Cash On Delivery
2006429895,2026-10-01 18:54:12,Oct 01,MP,whitecool,Air Conditioner,تكييف ارتيفاي يونيون اير، 1.5 حصان، بارد فقط، إنفرتر، بلازما، INV-ARTI012CY50XFR-SG-SER - ابيض,ELKIT1895WIT-whitecool,1.0,16415.0,16415.0,0.0,16415.0,,المنوفية,El-Ahly Installments
2006429886,2026-10-01 18:53:22,Oct 01,MP,radiotalaat,Mobile Phones,موبايل سمارت سامسونج A17 جلاكسى ، 128 جيجا بايت، 4 جيجا رام ، شبكة الجيل الرابع - ازرق فاتح,196845,1.0,11599.0,11599.0,0.0,11599.0,,الجيزة,Souhoola
2006429883,2026-10-01 18:53:15,Oct 01,raneen,raneen,Dinnerware,طقم عشاء زجاج، 18 قطعة - شفاف,HO1126298CL2,1.0,149.0,149.0,7.45,141.55,kch200,بور سعيد,Cash On Delivery
2006429883,2026-10-01 18:53:15,Oct 01,raneen,raneen,Drinkware,طقم كاسات عصير زجاج، 6 قطع، 350 مل - شفاف,HO1076520CLR,1.0,65.0,65.0,3.25,61.75,kch200,بور سعيد,Cash On Delivery
2006429883,2026-10-01 18:53:15,Oct 01,raneen,raneen,Kitchenware,طقم مصفاه ستانلس ستيل مستديرة شيف كوك، 3 قطع - فضي,HO1119876SLV,1.0,100.0,100.0,5.0,95.0,kch200,بور سعيد,Cash On Delivery
2006429883,2026-10-01 18:53:15,Oct 01,raneen,raneen,Cutlery &amp; Flatware Set,طقم ادوات مائده ستانلس ستيل الهدي، 24 قطعة - فضي,HO1118745SL1,2.0,100.0,200.0,10.0,190.0,kch200,بور سعيد,Cash On Delivery
2006429883,2026-10-01 18:53:15,Oct 01,raneen,raneen,Drinkware,طقم زجاج فيرست وان، 24 قطعه - شفاف,HO1115388CLR,1.0,200.0,200.0,10.0,190.0,kch200,بور سعيد,Cash On Delivery
2006429883,2026-10-01 18:53:15,Oct 01,raneen,raneen,Dinnerware,طقم اطباق زجاج شكل سمكة، 13 قطع - شفاف,HO1097097CLR,1.0,200.0,200.0,10.0,190.0,kch200,بور سعيد,Cash On Delivery
2006429883,2026-10-01 18:53:15,Oct 01,raneen,raneen,Drinkware,طقم اكواب اكواتك، 18 قطعة - شفاف,HO1093911CLR,1.0,200.0,200.0,10.0,190.0,kch200,بور سعيد,Cash On Delivery
2006429880,2026-10-01 18:52:32,Oct 01,MP,dubaiphone,Mobile Phones,موبايل سمارت ريلمى سى 85 برو، 256 جيجا، 8 جيجا رام، شبكة الجيل الرابع,DP006398,1.0,16000.0,16000.0,0.0,16000.0,,الشرقية,Bank Misr Installments
2006429877,2026-10-01 18:51:55,Oct 01,MP,shoppingonline,Laptop Accessories,شنطة ظهر للابتوب للسفر، 17 بوصة ,B09RPH79B1,1.0,370.5,370.5,0.0,370.5,,القاهرة,Cash On Delivery
2006429874,2026-10-01 18:51:11,Oct 01,raneen,raneen,Shoe Rack,جزامة خشب شيبورد، 60×89×32 سم، 3 ارفف، 2 دلفة,HO1117857BG1,1.0,1199.0,1199.0,0.0,1199.0,,القليوبية,Cash On Delivery
2006429871,2026-10-01 18:49:57,Oct 01,raneen,raneen,Dinnerware,طقم عشاء أركوبال اماراتي لومينارك، 26 قطعة - ابيض,HO1124768WI1,1.0,1249.0,1249.0,0.0,1249.0,,الجيزة,valU
2006429868,2026-10-01 18:49:11,Oct 01,raneen,raneen,Kitchenware,مصفاة معالق بلاستيك وينر بلاست، 4 عين، 16×17×14 سم - بيج,HO1144012BEG,1.0,42.0,42.0,2.1,39.9,KCH200,الجيزة,Bank Misr Installments
2006429868,2026-10-01 18:49:11,Oct 01,MP,tibatrading,Kitchen Scale,ميزان طعام رقمي للمطبخ SF-400 من ساتو، للطبيخ والخبيز، الوزن جرام - باوند اونصة، 22 10 كجم، مع نظام تارا، دقيق دقة عالية، لون ابيض، 23.0 رطل,RAN-H8M5JBV,1.0,165.0,165.0,8.25,156.75,KCH200,الجيزة,Bank Misr Installments
2006429868,2026-10-01 18:49:11,Oct 01,raneen,raneen,Iron Tables,ترابيزة مكواة معدن قابلة للطي لابوار، 90×40×163 سم - متعدد الالوان,HO1140942MT4,1.0,999.0,999.0,49.95,949.05,KCH200,الجيزة,Bank Misr Installments
2006429868,2026-10-01 18:49:11,Oct 01,raneen,raneen,Cleaning Tools &amp; Supplies,مقشة ارضيات بلاستيك ناعمه بيد معدن، 28×119.5 سم - احمر,HO1144780RED,1.0,100.0,100.0,5.0,95.0,KCH200,الجيزة,Bank Misr Installments
2006429868,2026-10-01 18:49:11,Oct 01,MP,asouaaq,Personal Care,الليفة المغربية المستوردة من المملكة المغربية,RAN-5KGEHYQ,1.0,65.0,65.0,0.0,65.0,KCH200,الجيزة,Bank Misr Installments
2006429868,2026-10-01 18:49:11,Oct 01,raneen,raneen,Cleaning Tools &amp; Supplies,يد مقشة معدن الهلال والنجمة، 120 سم - برتقالي زيتوني,HO1029483MA1,2.0,50.0,100.0,5.0,95.0,KCH200,الجيزة,Bank Misr Installments
2006429868,2026-10-01 18:49:11,Oct 01,MP,hometech2024,Plastic &amp; Paper Products,ورق إير فراير دائري 100 ورقة صحي للاستخدام مع القلاية الهوائية مقاس 200 × 45 مم مقاوم للالتصاق وسهل الاستخدام,RAN-SFB97SJ,1.0,115.0,115.0,5.75,109.25,KCH200,الجيزة,Bank Misr Installments
2006429868,2026-10-01 18:49:11,Oct 01,MP,lifecare,Kitchenware,مصفاة مطبخ ملونة من الفولاذ المقاوم للصدأ مع رف تصريف ولوح تجفيف لتخزين أدوات المائدة بما في ذلك السكاكين والشوك والملاعق,RAN-XSBG35A,1.0,171.0,171.0,8.55,162.45,KCH200,الجيزة,Bank Misr Installments
2006429868,2026-10-01 18:49:11,Oct 01,raneen,raneen,Mats,دواسة باب جلد×موكيت، 75×45 سم - بني اسود,TX1090700BR2,1.0,299.0,299.0,0.0,299.0,KCH200,الجيزة,Bank Misr Installments
2006429868,2026-10-01 18:49:11,Oct 01,MP,homesa,Cleaning Tools &amp; Supplies,سبت غسيل بوبوس بلاستيك الهلال والنجمة، ‎43x43x35 سم - روز,HASElHelalStar-99,1.0,208.0,208.0,10.4,197.6,KCH200,الجيزة,Bank Misr Installments
2006429859,2026-10-01 18:48:50,Oct 01,raneen,raneen,Home &amp; Balcony Essentials,دولاب ملابس بلاستيك الوطنية، 4 دور، 2 دلفه، 42×55×146 سم - بني ابيض,HO1145059BRN,1.0,2499.0,2499.0,124.95,2374.05,KCH200,الأسكندرية,Cash On Delivery
2006429850,2026-10-01 18:43:03,Oct 01,MP,mixstore,Fryers,قلاية هوائية صحية سيلفر كرست، 6 لتر، 2400 وات، ديجيتال تعمل باللمس، S-18 - اسود ذهبي,RAN-mixELTOMMYS18BKGLD,1.0,1699.0,1699.0,0.0,1699.0,,الجيزة,Cash On Delivery
2006429844,2026-10-01 18:39:16,Oct 01,raneen,raneen,Pillows,خدادية فايبر لازورد، 70×50 سم، 1000 جرام - ابيض,TX1152102WIT,3.0,109.0,327.0,16.35,310.65,Tex200,الجيزة,Cash On Delivery
2006429844,2026-10-01 18:39:16,Oct 01,raneen,raneen,Mattress,مرتبة سرير جاكار سامبا الدورا، سوست متصله، 100×195 سم، الارتفاع 23 سم - ابيض,TX1110567WI1,1.0,2799.0,2799.0,139.95,2659.05,Tex200,الجيزة,Cash On Delivery
2006429832,2026-10-01 18:35:38,Oct 01,MP,radiotalaat,Water Heaters,سخان مياه كهربائي اولمبيك، 50 لتر ، ديجيتال، Hero Turbo - ابيض,177708,1.0,4596.0,4596.0,0.0,4596.0,,الجيزة,Credit/Debit Card
2006429832,2026-10-01 18:35:38,Oct 01,MP,goldena,Water Heaters,سخان كهرباء اوليمبيك، ديجيتال، 50 لتر، هيرو بلس - ابيض,945105413,1.0,4469.0,4469.0,0.0,4469.0,,الجيزة,Credit/Debit Card
2006429826,2026-10-01 18:32:59,Oct 01,raneen,raneen,Mobile Phones,موبايل سامسونج جلاكسى A16، شبكة الجيل الرابع، 128 جيجا بايت، 4 جيجا بايت رام - اسود,EL1122777BLK,1.0,9199.0,9199.0,0.0,9199.0,,سوهاج,Cash On Delivery
2006429823,2026-10-01 18:32:24,Oct 01,raneen,raneen,Mattress,مرتبة سرير جاكار سامبا الدورا، سوست متصله، 100×195 سم، الارتفاع 23 سم - ابيض,TX1110567WI1,1.0,2799.0,2799.0,139.95,2659.05,Tex200,الجيزة,Cash On Delivery
2006429820,2026-10-01 18:32:04,Oct 01,raneen,raneen,Cookware,طقم طاجن بورجام زجاج حرارى تركى  بيضاوى مقاس (1.55لتر-3.2لتر)، قطعتين،- شفاف,HO1012435CLR,1.0,320.0,320.0,16.0,304.0,KCH200,القاهرة,Cash On Delivery
2006429820,2026-10-01 18:32:04,Oct 01,raneen,raneen,Cookware,طقم طاجن بيتزا بورجام، قطعتين، زجاج حراري، PA-159022 - شفاف,HO1087046CLR,1.0,320.0,320.0,16.0,304.0,KCH200,القاهرة,Cash On Delivery
2006429820,2026-10-01 18:32:04,Oct 01,raneen,raneen,Cleaning Tools &amp; Supplies,طبق غسيل بلاستيك، قابل للطى، 38 لتر - ابيض رمادي,HO1125130WNG,1.0,299.0,299.0,14.95,284.05,KCH200,القاهرة,Cash On Delivery
2006429820,2026-10-01 18:32:04,Oct 01,raneen,raneen,Cleaning Tools &amp; Supplies,طبق غسيل بلاستيك×سيليكون ريو، قابل للطى، 38 لتر - ابيض كشمير,HO1125130WNK,1.0,299.0,299.0,14.95,284.05,KCH200,القاهرة,Cash On Delivery
2006429817,2026-10-01 18:30:58,Oct 01,MP,grandmakaa,Irons,مكواة البخار ميانتا بسطح سيراميك 2400 وات - أسود أزرق,RAN-55DF3BJ,1.0,1395.0,1395.0,0.0,1395.0,KCH200,القاهرة,Cash On Delivery
2006429817,2026-10-01 18:30:58,Oct 01,raneen,raneen,Cookware,طقم حلل جرانيت جراندي كوك، 11 قطعة مع هدية 2 قطعة توزيع - اسود,HO1081180BLK,1.0,1499.0,1499.0,74.95,1424.05,KCH200,القاهرة,Cash On Delivery
2006429811,2026-10-01 18:29:22,Oct 01,raneen,raneen,Mattress,مرتبة رفا بوكيت الدورا، سوست منفصلة، 160×195 سم، بارتفاع 30 سم - ابيض,TX1110563WI1,1.0,7399.0,7399.0,200.0,7199.0,TEX200,القاهرة,Aman
2006429799,2026-10-01 18:21:20,Oct 01,raneen,raneen,Storage,تربو مطبخ معدن مستدير المغربي، 4 دور، 60×29 سم - اسود,HO1113181BK1,1.0,749.0,749.0,0.0,749.0,,الشرقية,Paymob Wallet
2006429799,2026-10-01 18:21:20,Oct 01,raneen,raneen,Cleaning Tools &amp; Supplies,جردل باركية بالعصارة الهلال والنجمة، 1 غيار - موف,HO1072534MOV,1.0,850.0,850.0,0.0,850.0,,الشرقية,Paymob Wallet
2006429796,2026-10-01 18:21:04,Oct 01,MP,dbelectrice,Cookers,بوتاجاز غاز يونيون إير، 4 شعلات، مقاس 60×60 سم، مروحة داخلية، أمان كامل، زجاج فرن سهل الفك والتنظيف، C66SSGC447IFDSO2WM14AL - ستانلس ستيل,Max-14-Dbelecytice,1.0,7800.0,7800.0,0.0,7800.0,,الأسكندرية,Cash On Delivery
2006429793,2026-10-01 18:20:57,Oct 01,raneen,raneen,Bedding,دفاية سرير قطيفة دراجون، 210×190 سم، 730 جرام - بنفسجي,TX1156369PPR,1.0,189.0,189.0,0.0,189.0,,القاهرة,Cash On Delivery
2006429793,2026-10-01 18:20:57,Oct 01,raneen,raneen,Bedding,دفاية سرير قطيفة دراجون، 210×175 سم، 770 جرام - كشمير,TX1156367MC6,1.0,209.0,209.0,0.0,209.0,,القاهرة,Cash On Delivery
2006429790,2026-10-01 18:20:55,Oct 01,raneen,raneen,Bedding,دفاية سرير قطيفة، 220×230 سم - اخضر داكن,TX1154371DGN,2.0,189.0,378.0,0.0,378.0,,القاهرة,Cash On Delivery
2006429790,2026-10-01 18:20:55,Oct 01,raneen,raneen,Bedding,دفاية سرير قطيفة، 200×210 سم، 910 جرام - كحلي,TX1154369MC2,1.0,255.0,255.0,0.0,255.0,,القاهرة,Cash On Delivery
2006429790,2026-10-01 18:20:55,Oct 01,raneen,raneen,Bedding,دفاية سرير قطيفة، 220×230 سم - بني,TX1154371BRN,2.0,189.0,378.0,0.0,378.0,,القاهرة,Cash On Delivery
2006429790,2026-10-01 18:20:55,Oct 01,raneen,raneen,Bedding,دفاية سرير قطيفة نانا سيكريت، 220×150 سم، 470 جرام - متعدد الالوان,TX1156543MC6,2.0,99.0,198.0,0.0,198.0,,القاهرة,Cash On Delivery
2006429787,2026-10-01 18:20:46,Oct 01,raneen,raneen,Kids Bags,شنطة مدرسية ووتر بروف للبنات، 33×27 سم، 3 سوستة، مع مقلمه - روز,HO1154844ROS,1.0,399.0,399.0,0.0,399.0,,الجيزة,Cash On Delivery
2006429781,2026-10-01 18:20:28,Oct 01,raneen,raneen,Televisions,تلفزيون سمارت سامسونج، 32 بوصة، LED ، HD، ريسيفر داخلي، ريموت كنترول، UA32H5000FUXEG - أسود,EL1137979BLK,1.0,8199.0,8199.0,0.0,8199.0,,القاهرة,Premium Card
2006429775,2026-10-01 18:18:19,Oct 01,MP,albarka,Console Table,ترابيزة كونسول معدن، سطح خشب ام دي اف، طلاء إلكتروستاتيكي، 90 ×140 ×40 سم - اسود بنى,Art-steel.CL21,1.0,6300.0,6300.0,500.0,5800.0,Off500,القاهرة,Cash On Delivery
2006429769,2026-10-01 18:17:25,Oct 01,MP,dbelectrice,Water Heaters,سخان مياه غاز يونيون اير، 6 لتر، UGH060D - اسود,EL1034865DBE,1.0,4200.0,4200.0,0.0,4200.0,,القليوبية,Cash On Delivery
2006429766,2026-10-01 18:16:59,Oct 01,MP,mostawdaa,Mirror,مرآة الحمام تاتش د. جريش، باضاءة ليد ابيض، 60 سم × 80 سم,MS126,1.0,1129.0,1129.0,0.0,1129.0,KCH200,القاهرة,Cash On Delivery
2006429766,2026-10-01 18:16:59,Oct 01,raneen,raneen,Cleaning Tools &amp; Supplies,باسكت قمامة بالدواسة الهدي، 3 لتر,HO1088470DGY,1.0,60.0,60.0,3.0,57.0,KCH200,القاهرة,Cash On Delivery
2006429766,2026-10-01 18:16:59,Oct 01,raneen,raneen,Cleaning Tools &amp; Supplies,طقم أقراص تنظيف الغسالة، 12 قرص - ابيض,HO1154409MC1,1.0,31.0,31.0,1.55,29.45,KCH200,القاهرة,Cash On Delivery
2006429766,2026-10-01 18:16:59,Oct 01,raneen,raneen,Kitchenware,مطبقية معدن مالك ستار، 3 دور، 70×24×52 سم - فضي,HO1043975SLV,1.0,430.0,430.0,21.5,408.5,KCH200,القاهرة,Cash On Delivery
2006429760,2026-10-01 18:16:40,Oct 01,MP,alsorgy,Mobile Phones,نوكيا 5310 TA-1212 بشريحتين اتصال، 2.4 بوصة، 16 ميجابايت، 8 ميجابايت رام، شبكة الجيل الرابع ال تي اي - اسود واحمر,nokia5310-black-alsorgy,1.0,799.0,799.0,0.0,799.0,,القليوبية,Bank Misr Installments
2006429739,2026-10-01 18:12:01,Oct 01,raneen,raneen,Shoe Rack,جزامة خشب ام دي اف، 120×97×32 سم,HO1101760BNB,1.0,3399.0,3399.0,0.0,3399.0,,القليوبية,Cash On Delivery
2006429736,2026-10-01 18:10:11,Oct 01,raneen,raneen,Kettles,غلاية مياه كهربائية ستانلس ستيل سيلكت، 1.5 لتر، 1500 وات - اسود فضي,EL1137877BNS,1.0,209.0,209.0,0.0,209.0,,الأسكندرية,Cash On Delivery
2006429733,2026-10-01 18:09:40,Oct 01,MP,bikya,Dining Table,طاولة طعام اي دي ماركت دوفر لـ 8 أشخاص بتصميم صناعي أسود بحزام مركزي بطول 180 سم,RAN-USJC2BN,1.0,5950.0,5950.0,500.0,5450.0,OFF500,الجيزة,
2006429721,2026-10-01 18:07:15,Oct 01,raneen,raneen,Mixers &amp; Blenders,خلاط ومطحنة ميانتا، 500 وات، BL1251A - ابيض,EL1037267WIT,1.0,2830.0,2830.0,283.0,2547.0,MIN10,القاهرة,Cash On Delivery
2006429703,2026-10-01 18:03:09,Oct 01,raneen,raneen,Vacuum Cleaners,مكنسة كهربائية توربين بلس تاتش الزنوكى، 2600 وات، 21 لتر، 40805 - أسود  فضي,EL1125229BNS,1.0,5350.0,5350.0,0.0,5350.0,,الجيزة,Cash On Delivery
2006429700,2026-10-01 18:02:26,Oct 01,MP,dukanalaa,Beauty &amp; Body Care,ماكينة ازالة الشعر Kemei KM-189A - بينك ابيض,AT199PWT,1.0,425.0,425.0,0.0,425.0,,الجيزة,Cash On Delivery
2006429694,2026-10-01 18:00:26,Oct 01,raneen,raneen,Shoe Rack,جزامة خشب ام دي اف، ارجل معدن، 80×34×102 سم - بني ابيض,HO1117046BNW,1.0,2999.0,2999.0,300.02,2698.98,OFF500,الأسكندرية,Cash On Delivery
2006429694,2026-10-01 18:00:26,Oct 01,raneen,raneen,Center Table,ترابيزة انتريه خشب أم دي أف، 80×80×40 سم، سطح زجاج - بني,HO1145731BRN,1.0,1999.0,1999.0,199.98,1799.02,OFF500,الأسكندرية,Cash On Delivery
2006429682,2026-10-01 17:59:22,Oct 01,raneen,raneen,Televisions,تلفزيون سمارت سامسونج، 43 بوصة، LED، FHD، رسيفر داخلي، UA43F6000FUXEG - اسود,EL1136212BLK,1.0,14599.0,14599.0,0.0,14599.0,,الأسكندرية,Cash On Delivery
2006429679,2026-10-01 17:58:59,Oct 01,raneen,raneen,Kids Bags,شنطة حضانة للبنات، 2 سوستة، 30×25 سم، بالاضافة الي مقلمة صغيرة - متعدد الالوان,HO1154835MC1,1.0,399.0,399.0,19.95,379.05,F150,الأسكندرية,Cash On Delivery
2006429673,2026-10-01 17:57:56,Oct 01,raneen,raneen,Towels,بشكير قطن ساده، 90×165 سم، 950 جرام تقريبا - اوف وايت,TX1130534OF1,1.0,299.0,299.0,14.95,284.05,TEX200,القاهرة,Cash On Delivery
2006429667,2026-10-01 17:55:33,Oct 01,MP,coktailstore,Storage Units,صندوق تخزين للراوتر، مرفق WLAN للراوتر، جداري، رف WiFi، رف تلفزيون علوي للتخزين، حامل جداري للرف (أبيض) بلاستيك,RAN-G6ME9SP,1.0,179.0,179.0,0.0,179.0,,الجيزة,El-Ahly Installments
2006429667,2026-10-01 17:55:33,Oct 01,MP,swillamstore,Home Decor,سياج صناعي من ييللاي يحاكي أوراق العنب لنباتات الحديقة المزيفة 50 سم × 3 متر,RAN-FKJ2665,1.0,229.99,229.99,0.0,229.99,,الجيزة,El-Ahly Installments
2006429667,2026-10-01 17:55:33,Oct 01,MP,swillamstore,Home Decor,زراعة صناعية لنبات القشطة مع بوت أسود - ارتفاع 70 سم,RAN-ECKQE33,2.0,450.0,900.0,0.0,900.0,,الجيزة,El-Ahly Installments
2006429661,2026-10-01 17:53:52,Oct 01,MP,goldena,Fans,مروحة حائط ايه تى ايه، 18 بوصة، 3 سرعات، 18 B01P5 - ابيض ازرق,87131002400,2.0,844.0,1688.0,0.0,1688.0,,القاهرة,Free
2005868527,2026-10-01 17:51:58,Oct 01,raneen,raneen,Cleaning Tools &amp; Supplies,جردل مسح 2 عين بالغطاء بلاستيك سمارت حجازي بلاست، مزود بماسحة باركية، 2 غيار، 22×19×37 سم - بيج رمادي,HO1114685BG1,1.0,200.0,200.0,10.0,190.0,KCH200,القاهرة,Credit/Debit Card
2005868527,2026-10-01 17:51:58,Oct 01,raneen,raneen,Serveware,طقم صوانى تقديم ستانلس ستيل شيف كوك، 5 قطع - فضي,HO1109915SLV,1.0,200.0,200.0,10.0,190.0,KCH200,القاهرة,Credit/Debit Card
2006429655,2026-10-01 17:51:53,Oct 01,raneen,raneen,Kitchen Machine &amp; Kneading Machines,محضر طعام تورنيدو،1000 وات،3 سرعات، FP-1000SG - فضي,EL1020348SLV,5.0,4249.0,21245.0,0.0,21245.0,,البحيرة,Paymob Wallet
2006429649,2026-10-01 17:49:43,Oct 01,MP,futurefurniture,Beds,سرير خشب كونتر و زان، 195×120×120 سم، مقاس مفرد ، قماش قطيفه - رمادى  مع مرتبة بسوستة متصلة، 195×120×25 سم (هدية) ،- ابيض,SOLA100MCL-futurefurniture,1.0,5999.0,5999.0,222.22,5776.78,off500,القاهرة,Cash On Delivery
2006429649,2026-10-01 17:49:43,Oct 01,MP,craftfurniture,Wardrobe,دولاب مودرن خشب ام دي اف، 200x120x50 سم - ابيض,2022-craftfurniture,1.0,7499.0,7499.0,277.78,7221.22,off500,القاهرة,Cash On Delivery
2006429646,2026-10-01 17:49:37,Oct 01,raneen,raneen,Mobile Phones,موبايل سمارت هونر Choice T10، شبكة الجيل الرابع، شريحتين، 64 جيجا بايت، 4 جيجا بايت - فضي,EL1158058SLV,1.0,6199.0,6199.0,0.0,6199.0,,القاهرة,Premium Card
2006429646,2026-10-01 17:49:37,Oct 01,raneen,raneen,Televisions,تلفزيون سمارت سامسونج، 32 بوصة، LED ، HD، ريسيفر داخلي، ريموت كنترول، UA32H5000FUXEG - أسود,EL1137979BLK,1.0,8199.0,8199.0,0.0,8199.0,,القاهرة,Premium Card
2006429643,2026-10-01 17:49:35,Oct 01,MP,vooc,Mobile Phones,موبايل سمارت شاومي بوكو سي 85، شريحتين اتصال، 256 جيجابايت، 8 جيجابايت رام ، شبكة الجيل الرابع - اسود,xiaomi-poco-c85-256gb-8gb-4g-black,1.0,11400.0,11400.0,0.0,11400.0,,القاهرة,Credit/Debit Card
2006429640,2026-10-01 17:48:39,Oct 01,MP,dukanalaa,Shaving &amp; Grooming,كيمي ماكينة حلاقة كهربائية 1910 بألوان متنوعة,RAN-9PC8YEJ,1.0,599.0,599.0,0.0,599.0,KCH200,الجيزة,
2006429640,2026-10-01 17:48:39,Oct 01,MP,yorozuya,Knife &amp; Cutters,سكين باترفلاي بلاستيكية باللون الأسود الكامل,RAN-H5QWMQQ,1.0,240.0,240.0,12.0,228.0,KCH200,الجيزة,
2006429631,2026-10-01 17:47:30,Oct 01,raneen,raneen,Cookware,حلة ستانلس ستيل زينوكس سمارت، مقاس 40 - فضي,HO1086146SLV,1.0,2499.0,2499.0,124.95,2374.05,KCH200,القاهرة,Cash On Delivery
2006429625,2026-10-01 17:45:56,Oct 01,raneen,raneen,Office Chairs,كرسي مكتب معدن عالي ظهر شبك، هيدروليك، مسند تنجيد، 5 عجلات، 120×50×48 سم - اسود,HO1139735BLK,3.0,1799.0,5397.0,500.0,4897.0,OFF500,الغربية,Paymob Wallet
2006429622,2026-10-01 17:45:51,Oct 01,MP,dukanabdelaziz,Water Filters,فلتر مياه تانك ، 7 مراحل ، 5058 - ابيض,5058-dukanabdelaziz,1.0,4328.0,4328.0,0.0,4328.0,,القاهرة,Aman
2006429619,2026-10-01 17:43:33,Oct 01,raneen,raneen,Kitchen Machine &amp; Kneading Machines,محضر طعام تورنيدو،1000 وات،3 سرعات، FP-1000SG - فضي,EL1020348SLV,7.0,3799.0,26593.0,0.0,26593.0,,البحيرة,Paymob Wallet
2006429616,2026-10-01 17:43:13,Oct 01,MP,tibatrading,Vacuum Cleaners,مكنسة كهربائية لاسلكية محمولة 4 في 1 مزودة بلفتر وقابلة لإعادة الشحن، مكنسة كهربائية فائقة الشفط لتنظيف المنزل والمكتب وأرضيات السيارة,RAN-PSAEJHK,1.0,599.0,599.0,0.0,599.0,,القليوبية,Cash On Delivery
2006429613,2026-10-01 17:43:10,Oct 01,raneen,raneen,Cookware,طقم قلاية الومنيوم شيف كوك، 3 قطع - فضي,HO1129642SLV,1.0,200.0,200.0,0.0,200.0,,الجيزة,Cash On Delivery
2006429598,2026-10-01 17:39:23,Oct 01,MP,dukanalaa,Coffee Makers,مضرب حليب يدوي قابل لإعادة الشحن باللون الأسود - جسم معدني,RAN-U7K772A,1.0,175.0,175.0,0.0,175.0,,الجيزة,Cash On Delivery
2006429598,2026-10-01 17:39:23,Oct 01,raneen,raneen,Kettles,غلاية مياه كهربائية دريم، 1500 وات، 2 لتر، DRSK-4080 - ابيض احمر,EL1096636WNR,1.0,449.0,449.0,0.0,449.0,,الجيزة,Cash On Delivery
2006429595,2026-10-01 17:38:33,Oct 01,raneen,raneen,Kitchen Machine &amp; Kneading Machines,محضر طعام تورنيدو،1000 وات،3 سرعات، FP-1000SG - فضي,EL1020348SLV,10.0,3799.0,37990.0,0.0,37990.0,,البحيرة,Paymob Wallet
2006429589,2026-10-01 17:37:43,Oct 01,raneen,raneen,Mobile Phones,موبايل سمارت هونر Choice T10، شبكة الجيل الرابع، شريحتين، 64 جيجا بايت، 4 جيجا بايت - فضي,EL1158058SLV,2.0,6399.0,12798.0,0.0,12798.0,,القاهرة,
2006429589,2026-10-01 17:37:43,Oct 01,raneen,raneen,Kitchen Machine &amp; Kneading Machines,محضر طعام تورنيدو،1000 وات،3 سرعات، FP-1000SG - فضي,EL1020348SLV,2.0,3799.0,7598.0,0.0,7598.0,,القاهرة,
2006429589,2026-10-01 17:37:43,Oct 01,raneen,raneen,Mobile Phones,موبايل سمارت هونرChoice T10 ، شريحتين ، 4 جيجا رام ، 64 جيجا بايت ، شبكه الجيل الرابع - أسود,EL1158057BLK,1.0,6399.0,6399.0,0.0,6399.0,,القاهرة,
2006429586,2026-10-01 17:37:16,Oct 01,raneen,raneen,Cookware,قالب زبادى مستدير زجاج حراري بيركس، 10 سم - شفاف,HO1048214CLR,1.0,240.0,240.0,0.0,240.0,,كفر الشيخ,Cash On Delivery
2006429586,2026-10-01 17:37:16,Oct 01,raneen,raneen,Cookware,قالب كيك زجاج حرارى بايركس، 2.1 لتر، 26 سم - شفاف,HO1030907CLR,1.0,515.0,515.0,0.0,515.0,,كفر الشيخ,Cash On Delivery
2006429586,2026-10-01 17:37:16,Oct 01,raneen,raneen,Cookware,قالب كيك زجاج حرارى بايركس، 2.1 لتر، 26 سم - شفاف,HO1030908CLR,1.0,580.0,580.0,0.0,580.0,,كفر الشيخ,Cash On Delivery
2006429586,2026-10-01 17:37:16,Oct 01,raneen,raneen,Cookware,حلة زجاج حراري بايركس، 2.10 لتر - شفاف,HO1000483CLR,1.0,660.0,660.0,0.0,660.0,,كفر الشيخ,Cash On Delivery
2006429586,2026-10-01 17:37:16,Oct 01,raneen,raneen,Cookware,"طاجن زجاج حراري مستطيل بايركس, 4.9 لتر، 40×27 سم - شفاف",HO1030905CLR,1.0,850.0,850.0,0.0,850.0,,كفر الشيخ,Cash On Delivery
2006429580,2026-10-01 17:37:03,Oct 01,raneen,raneen,Mattress,مرتبة سيزونال انجلندر، سوست متصلة، 120×195 سم، بارتفاع 25 سم - ابيض بيج,TX1111831WI1,1.0,5899.0,5899.0,200.0,5699.0,TEX200,القاهرة,Cash On Delivery
2006429577,2026-10-01 17:36:43,Oct 01,MP,craftfurniture,Center Table,ترابيزة وسط، خشب أم دي أف، 80×80×40 - بني,MZCTABLE1BRW-craftfurniture,1.0,1499.0,1499.0,0.0,1499.0,,القاهرة,Cash On Delivery
2006429574,2026-10-01 17:36:36,Oct 01,MP,dukanabdelaziz,Water Filters,فلتر مياه تانك باور، 5 مراحل - ابيض,MFTankpowerWIt-dukanabdelaziz,1.0,1430.0,1430.0,71.5,1358.5,KCH200,الجيزة,Cash On Delivery
2006429568,2026-10-01 17:36:17,Oct 01,raneen,raneen,Luggage,شنطة سفر ترولي سيليكون، 30 بوصة، 5 سوستة، قفل رقمى - موف فضي,HO1157142PR1,1.0,1499.0,1499.0,74.95,1424.05,FLY200,الجيزة,
2006429568,2026-10-01 17:36:17,Oct 01,raneen,raneen,Luggage,شنطة سفر ترولي سيليكون، 26 بوصة، 5 سوستة، قفل رقمى - موف فضي,HO1157141PR1,1.0,1299.0,1299.0,64.95,1234.05,FLY200,الجيزة,
2006429565,2026-10-01 17:35:26,Oct 01,raneen,raneen,Televisions,تلفزيون سمارت سامسونج ، 65 بوصة ، 4K UHD ، بريسيفر داخلي ، UA65U8000HUXEG - اسود,EL1147149BLK,1.0,24799.0,24799.0,0.0,24799.0,,القاهرة,Cash On Delivery
4000170302,2026-10-01 17:35:20,Oct 01,MP,dukanabdelaziz,Fryers,"Black &amp; Decker SAF80-B5 Air Fryer, 8 liter, 1800 watt- Black",SAF80-B5-dukanabdelaziz,1.0,5897.0,5897.0,0.0,5897.0,,أسوان,Cash On Delivery
2006429559,2026-10-01 17:35:06,Oct 01,MP,comfyrelaxation,Bean Bags,بين باج  جلد ، 100×100×85 سم,YMCRCRL01BRN,1.0,2199.0,2199.0,0.0,2199.0,,الجيزة,Cash On Delivery
2006429547,2026-10-01 17:33:35,Oct 01,MP,alahramappliances,Cookers,بوتجاز الاهرام، 5 شعلة، 80×60 سم - فضى اسود,GA500603SLV-alahramappliances,1.0,6300.0,6300.0,0.0,6300.0,,المنوفية,Cash On Delivery
2006429544,2026-10-01 17:33:10,Oct 01,MP,beharystores,Fryers,قلاية هوائية ميديا، 2200 وات، 9 لتر، ديجيتال، MF-CY85WK - اسود,MF-CY85WK-beharystores,1.0,5978.0,5978.0,0.0,5978.0,,القاهرة,Cash On Delivery
2006429541,2026-10-01 17:33:01,Oct 01,MP,elmasriastore,Electronics Audio,مكبر صوت سلكي ، USB ، متوافق مع كومبيوتر ، ليد - اسود,SPW026,9.0,30.0,270.0,0.0,270.0,,الأسكندرية,Cash On Delivery
2006429535,2026-10-01 17:31:53,Oct 01,MP,attallah,Fans,مروحة ستاند الشبح فريش، 18 بوصة، 3 سرعات، بريموت كنترول - احمر,EL1049886BLK-attalah,1.0,2136.0,2136.0,0.0,2136.0,TEX200,الجيزة,Aman
2006429535,2026-10-01 17:31:53,Oct 01,raneen,raneen,Mattress,مرتبة تطرية فايبر السلطان، 195×100 سم، ارتفاع 8 سم,TX1070631CF1,1.0,459.0,459.0,22.95,436.05,TEX200,الجيزة,Aman
2006429532,2026-10-01 17:31:22,Oct 01,raneen,raneen,Kitchen Machine &amp; Kneading Machines,محضر طعام تورنيدو،1000 وات،3 سرعات، FP-1000SG - فضي,EL1020348SLV,15.0,3799.0,56985.0,0.0,56985.0,,البحيرة,Paymob Wallet
4000170299,2026-10-01 17:28:24,Oct 01,raneen,raneen,Water Dispenser,"Fresh FW-17VDB Desktop Water Dispenser, 2 Taps, Cold/Hot - Black",EL1154958BLK,1.0,4649.0,4649.0,0.0,4649.0,,القاهرة,Cash On Delivery
4000170299,2026-10-01 17:28:24,Oct 01,MP,rofaeeltrade,Refrigerators &amp; Freezers,"Fresh Mini Bar Refrigerator, Defrost, 90 Liters, Glass Door - Black",500019538-rofaeeltrade,1.0,10298.0,10298.0,0.0,10298.0,,القاهرة,Cash On Delivery
2006429520,2026-10-01 17:27:51,Oct 01,MP,grandmakaa,Irons,مكواة البخار ميانتا بسطح سيراميك 2400 وات - أسود أزرق,RAN-55DF3BJ,1.0,1395.0,1395.0,0.0,1395.0,KCH200,القاهرة,Credit/Debit Card
2006429520,2026-10-01 17:27:51,Oct 01,raneen,raneen,Cookware,طقم حلل جرانيت جراندي كوك، 11 قطعة مع هدية 2 قطعة توزيع - اسود,HO1081180BLK,1.0,1499.0,1499.0,74.95,1424.05,KCH200,القاهرة,Credit/Debit Card
2006429517,2026-10-01 17:26:58,Oct 01,raneen,raneen,Dinnerware,طقم اطباق بلاستيك بالملاعق ماكس بلاست، 8 قطع - متعدد الالوان,HO1110511MC8,1.0,59.0,59.0,0.0,59.0,,القاهرة,Cash On Delivery
2006429517,2026-10-01 17:26:58,Oct 01,MP,attallah,Ladders &amp; Clothes Dryer,سلم معدني جوهار، 5 درجة - روز,MZLADDER3ROS-CONF-attallah,1.0,2300.0,2300.0,0.0,2300.0,,القاهرة,Cash On Delivery
2006429517,2026-10-01 17:26:58,Oct 01,MP,coktailstore,Cleaning Tools &amp; Supplies,ممسحة ذاتية العصر الشروشبة - علامة تجارية عام - 200 جرام - متعددة الألوان,RAN-GJF8PAF,1.0,125.0,125.0,0.0,125.0,,القاهرة,Cash On Delivery
2006429517,2026-10-01 17:26:58,Oct 01,raneen,raneen,Cleaning Tools &amp; Supplies,طقم جوانتي طويل جلد بأستك لتنظيف الاواني، قطعتين، 45 سم - ليموني,HO1156906LIM,1.0,41.0,41.0,0.0,41.0,,القاهرة,Cash On Delivery
2006429517,2026-10-01 17:26:58,Oct 01,MP,dukanalaa,Cleaning Tools &amp; Supplies,5 قطع فوط ميكروفايبر للتنظيف، متعددة الاستخدامات للمطبخ والسيارات والزجاج، مقاس 40×30 سم، خامة ثقيلة,RAN-7RYDVCB,1.0,175.0,175.0,0.0,175.0,,القاهرة,Cash On Delivery
2006429517,2026-10-01 17:26:58,Oct 01,MP,jphome,Kitchenware,هراسة ثوم معدنية، 15سم - فضي,JP1213456538,1.0,181.0,181.0,0.0,181.0,,القاهرة,Cash On Delivery
2006429517,2026-10-01 17:26:58,Oct 01,raneen,raneen,Kitchenware,عصارة ليمون ألمونيوم الكسندرا - فضي,HO1009030SLV,1.0,145.0,145.0,0.0,145.0,,القاهرة,Cash On Delivery
2006429517,2026-10-01 17:26:58,Oct 01,MP,coktailstore,Kitchenware,مقشرة Y شكل للفواكه والخضروات من Giffy، شفرات حادة من الفولاذ المقاوم للصدأ، مقبض غير قابل للانزلاق، مزيل عيون البطاطس، صديقة لغسالة الصحون، 1 ق,RAN-4B33NBV,1.0,120.0,120.0,0.0,120.0,,القاهرة,Cash On Delivery
2006429517,2026-10-01 17:26:58,Oct 01,raneen,raneen,Cookware,طقم طاجن بورسلين مستطيل، 3 قطع - متعدد الالوان,HO1146464MC1,1.0,999.0,999.0,0.0,999.0,,القاهرة,Cash On Delivery
2006429505,2026-10-01 17:22:52,Oct 01,raneen,raneen,Cookware,طقم كسروله المونيوم شيف كوك، 3 قطع، يد ستانلس ستيل - فضي,HO1115369SLV,1.0,200.0,200.0,0.0,200.0,KCH200,القاهرة,Credit/Debit Card
2006429505,2026-10-01 17:22:52,Oct 01,raneen,raneen,Kitchenware,ماسك تحمير سيليكون، بيد ستانلس ستيل، 30 سم - فضي زيتوني,HO1056595OL2,1.0,74.0,74.0,3.7,70.3,KCH200,القاهرة,Credit/Debit Card
2006429505,2026-10-01 17:22:52,Oct 01,raneen,raneen,Cookware,حلة الومنيوم بالغطاء ماجيك، 20 سم - فضي,HO1145775SLV,1.0,200.0,200.0,10.0,190.0,KCH200,القاهرة,Credit/Debit Card
2006429505,2026-10-01 17:22:52,Oct 01,raneen,raneen,Cookware,حلة تحمير تيفلون بيمو كوك، غطاء زجاج مع شبكة تحمير، 3 لتر - بيج شفاف,HO1127601BEG,1.0,299.0,299.0,14.95,284.05,KCH200,القاهرة,Credit/Debit Card
2006429505,2026-10-01 17:22:52,Oct 01,raneen,raneen,Cookware,طقم حلل جرانيت ماربل جراندي كوك، 11 قطعة، غطاء ستانلس ستيل، مع هدية 2 قطعة توزيع - موف,HO1081180MV2,1.0,1499.0,1499.0,74.95,1424.05,KCH200,القاهرة,Credit/Debit Card
2006429505,2026-10-01 17:22:52,Oct 01,MP,ocean,Drinkware,كوب زجاجي من داجا مع غطاء على شكل دب ومقبض إرجونومي، مصنوع من الزجاج، سعة 300 مليلتر، شفاف، مقاوم للحرارة، عدد القطع: 1,RAN-W6NH2A4,1.0,99.0,99.0,4.95,94.05,KCH200,القاهرة,Credit/Debit Card
2006429505,2026-10-01 17:22:52,Oct 01,raneen,raneen,Cookware,لبانة بالغطاء الومنيوم شيف كوك، 16 سم - فضي,HO1109913SLV,1.0,200.0,200.0,10.0,190.0,KCH200,القاهرة,Credit/Debit Card
2006429505,2026-10-01 17:22:52,Oct 01,raneen,raneen,Cookware,صينية فرن بالغطاء الومنيوم ماجيك، 24 سم - فضي,HO1145777SLV,1.0,200.0,200.0,10.0,190.0,KCH200,القاهرة,Credit/Debit Card
4000170293,2026-10-01 17:22:15,Oct 01,raneen,raneen,Cleaning Tools &amp; Supplies,"Kleaner Mop Plastic Bucket, 2 Eyes, 8 litre, Stainless Steel Strainer, Metal Handle, 128 cm - Blue Grey",HO1136725BLU,1.0,999.0,999.0,49.95,949.05,KCH200,القاهرة,Cash On Delivery
2006429502,2026-10-01 17:21:54,Oct 01,MP,radiotalaat,Mobile Phones,موبايل سمارت هوت 60 انفنكس، 128 جيجابايت، 6 جيجابايت رام، شبكة الجيل الخامس - كراميل بني,197319,1.0,10722.0,10722.0,0.0,10722.0,,المنوفية,El-Ahly Installments
2006429499,2026-10-01 17:20:50,Oct 01,MP,elarabystar,Water Heaters,سخان مياه كهرباء ايناملد ميكانيكال تورنيدو، 50 لتر، إينامل، لمبة ليد، TEEE-50MW - ابيض,EL1096143WIT-conf-elarabystar,1.0,6590.0,6590.0,0.0,6590.0,,الجيزة,Cash On Delivery
2006429490,2026-10-01 17:18:46,Oct 01,MP,linesleep,Mattress,مرتبه أرضيه قابله للطي مايكروفايبر، 230x90 سم - اصفر كحلي,MF99000780211YNN,1.0,1600.0,1600.0,0.0,1600.0,,المنوفية,Cash On Delivery
4000170287,2026-10-01 17:17:31,Oct 01,raneen,raneen,Televisions,"Skyline 32-22S Smart TV, 32 Inch, LED, HD, Android - Black",EL1149139BLK,1.0,5599.0,5599.0,0.0,5599.0,,الجيزة,Cash On Delivery
2006429481,2026-10-01 17:17:21,Oct 01,raneen,raneen,Office Chairs,كرسي مكتب معدن عالي ظهر شبك، هيدروليك، مسند فيبر، 5 عجلات، 120×45×50 سم - اسود,HO1139738BLK,1.0,1499.0,1499.0,0.0,1499.0,,الأقصر,Cash On Delivery
2006429472,2026-10-01 17:16:02,Oct 01,MP,shoppingonline,Laptop Accessories,شنطة ظهر للابتوب للسفر جي واي شوب مضادة للسرقة، 17 بوصة - رمادي,B07ZFBGBYC,1.0,209.0,209.0,0.0,209.0,,القاهرة,Credit/Debit Card
2006429469,2026-10-01 17:15:44,Oct 01,MP,attallah,Mixers &amp; Blenders,خلاط سوكانى ، 3 فى 1 ، 1500وات ، 1.6لتر ، سرعتان، ملحق معه كبة و مطحنة ، SK-03062N - اسود,SK-03062N-attallah,1.0,1352.0,1352.0,0.0,1352.0,,الجيزة,Cash On Delivery
2006429466,2026-10-01 17:15:14,Oct 01,MP,goldena,Mixers &amp; Blenders,خلاط كهربائي شيف فريش، 360 وات، 1.5 لتر، 2 مطحنة - اسود,500014316-goldena,1.0,1145.0,1145.0,0.0,1145.0,,القاهرة,Aman
2006429466,2026-10-01 17:15:14,Oct 01,raneen,raneen,Washers &amp; Dryer,غسالة ملابس تحميل علوي نصف اوتوماتيك فريش، 2 موتور، 14 كجم، FWT14000ND-500010644 - ابيض,EL1064698WIT,1.0,8149.0,8149.0,0.0,8149.0,,القاهرة,Aman
2006429457,2026-10-01 17:14:15,Oct 01,raneen,raneen,Kitchenware,برطمان زجاج باشابتشي، غطاء معدن، 1000 مل - شفاف فضي,HO1147053CL1,5.0,200.0,1000.0,0.0,1000.0,,القاهرة,Credit/Debit Card
2006429454,2026-10-01 17:10:54,Oct 01,raneen,raneen,Shoe Rack,جزامة خشب شيب بورد، 3 ارفف، 2 دلفة، ارجل بلاستيك، 80×32×97 سم - بيج اوف وايت,HO1122591BNW,1.0,1799.0,1799.0,0.0,1799.0,,القاهرة,Credit/Debit Card
2006429451,2026-10-01 17:10:49,Oct 01,MP,hadymix,Shoe Rack,جزامة خشب شيب بورد، 2 درفة، 30x60x90 سم - بني,Hadymix-11011,1.0,999.0,999.0,0.0,999.0,,الجيزة,Cash On Delivery
2006429448,2026-10-01 17:10:17,Oct 01,MP,hadymix,Shoe Rack,جزامة خشب شيب بورد، 2 درفة، 30x60x90 سم - بني,Hadymix-11011,1.0,999.0,999.0,0.0,999.0,,القاهرة,Cash On Delivery
2006429445,2026-10-01 17:09:07,Oct 01,raneen,raneen,Mobile Phones,موبايل سمارت سامسونج، جلاكسي، شريحتين اتصال، 4 جيجا رام، 128 جيجابايت، شبكة الجيل الرابع ، A17 - ازرق,EL1139858BLU,2.0,10699.0,21398.0,0.0,21398.0,,بني سويف,Cash On Delivery
2006429439,2026-10-01 17:07:09,Oct 01,raneen,raneen,Mobile Phones,موبايل سامسونج جلاكسى A16، شبكة الجيل الرابع، 128 جيجا بايت، 4 جيجا بايت رام - اسود,EL1122777BLK,4.0,9199.0,36796.0,0.0,36796.0,,بني سويف,Cash On Delivery
2006429430,2026-10-01 17:04:42,Oct 01,raneen,raneen,Mobile Phones,موبايل سامسونج جلاكسى A16، شبكة الجيل الرابع، 128 جيجا بايت، 4 جيجا بايت رام - اسود,EL1122777BLK,3.0,9199.0,27597.0,0.0,27597.0,,سوهاج,Credit/Debit Card
2006429427,2026-10-01 17:03:26,Oct 01,raneen,raneen,Mats,دواسة حمام رابر، 60×40 سم - اسود ابيض,TX1149769MC4,1.0,125.0,125.0,0.0,125.0,off500,القاهرة,Cash On Delivery
2006429427,2026-10-01 17:03:26,Oct 01,MP,coktailstore,Mats,سجادة حمام ويرسليم® الممتازة المانعة للانزلاق وخالية من التجاعيد,RAN-QE63Y7U,1.0,110.0,110.0,0.0,110.0,off500,القاهرة,Cash On Delivery
2006429427,2026-10-01 17:03:26,Oct 01,raneen,raneen,Carpets,مشاية رابر سوبر ادريانا ماك، 61×183 سم - رمادي ابيض,TX1156008GY1,1.0,150.0,150.0,0.0,150.0,off500,القاهرة,Cash On Delivery
2006429427,2026-10-01 17:03:26,Oct 01,raneen,raneen,Carpets,مشاية شانليا، 200×70 سم، 400 جرام تقريبا - متعدد الالوان,TX1090201PT3,1.0,125.0,125.0,0.0,125.0,off500,القاهرة,Cash On Delivery
2006429427,2026-10-01 17:03:26,Oct 01,MP,atomsteel,Kitchen Rooms,وحدة مطبخ خشب كونتر، مزودة برخامة، قطعتين - ابيض,atomsteel-kit4,1.0,13909.0,13909.0,500.0,13409.0,off500,القاهرة,Cash On Delivery
2006429412,2026-10-01 17:00:29,Oct 01,raneen,raneen,Bedding,بطانية قطيفة طبقتين مورانو كلاود، 220×240 سم، 7400 جرام- رمادي,TX1073288GR2,1.0,1999.0,1999.0,0.0,1999.0,,الجيزة,Cash On Delivery
2006429394,2026-10-01 16:57:30,Oct 01,MP,dukanabdelaziz,Water Filters,طقم فلتر باور تانك، 4 خراطيش، 3 مراحل - متعدد الألوان,sht3m-dukanabdelaziz,1.0,250.0,250.0,12.5,237.5,KCH200,المنوفية,Cash On Delivery
2006429394,2026-10-01 16:57:30,Oct 01,MP,dukanabdelaziz,Suction Fan,شفاط زجاجي فريش، 37 وات، 20 سم، 500004529 - ابيض,MHMP500004529WHT-dukanabdelaziz,1.0,789.0,789.0,0.0,789.0,KCH200,المنوفية,Cash On Delivery
4000170284,2026-10-01 16:56:51,Oct 01,MP,hometech2024,Plastic &amp; Paper Products,Round Air Fryer Paper Liners 100 Sheets Healthy Non-Stick Cooking Paper for Air Fryer 200 × 45 mm Easy to Use,RAN-SFB97SJ,1.0,115.0,115.0,5.75,109.25,KCH200,الأسكندرية,Cash On Delivery
4000170284,2026-10-01 16:56:51,Oct 01,raneen,raneen,Kitchenware,"Neoflam Nylon Serving Spoon, 34 cm - Red Black",HO1107720RNB,1.0,420.0,420.0,21.0,399.0,KCH200,الأسكندرية,Cash On Delivery
2006429379,2026-10-01 16:55:18,Oct 01,MP,dubaiphone,Mobile Phones,موبايل سمارت انفينكس Smart 20، شريحتين، شبكة الجل الرابع، 64 جيجا بايت، 4 جيجا رام - ازرق,4894947122637,1.0,7500.0,7500.0,0.0,7500.0,,سوهاج,Cash On Delivery
2006429373,2026-10-01 16:54:07,Oct 01,raneen,raneen,Mats,دواسة باب قطيفة بظهر دوتس، 50×70 سم، 350 جرام تقريبا - بيج زيتوني,TX1130194MD3,1.0,55.0,55.0,2.75,52.25,TEX200,الشرقية,Credit/Debit Card
2006429373,2026-10-01 16:54:07,Oct 01,raneen,raneen,Mats,دواسة باب بولي بروبيلين النساجون الشرقيون، 50×80 سم - بني بيج,TX1078650BN7,2.0,50.0,100.0,5.0,95.0,TEX200,الشرقية,Credit/Debit Card
2006429373,2026-10-01 16:54:07,Oct 01,raneen,raneen,Bed Sheets,طقم ملاية لازورد، 4 قطع، 215×235 سم - متعدد الالوان,TX1022398ME8,1.0,189.0,189.0,9.45,179.55,TEX200,الشرقية,Credit/Debit Card
2006429373,2026-10-01 16:54:07,Oct 01,raneen,raneen,Carpets,مشاية قطيفة ظهر دوتس، 85×170 سم، 750 جم - متعدد الالوان,TX1155176MC4,1.0,200.0,200.0,10.0,190.0,TEX200,الشرقية,Credit/Debit Card
2006429373,2026-10-01 16:54:07,Oct 01,raneen,raneen,Mats,دواسة باب قطيفة بظهر دوتس، 50×70 سم، 350 جرام تقريبا - اسود ذهبي,TX1130194MX2,1.0,55.0,55.0,2.75,52.25,TEX200,الشرقية,Credit/Debit Card
2006429373,2026-10-01 16:54:07,Oct 01,raneen,raneen,Bedding,كوفرتة جاكار المأمون، 220×240 سم، 1660 جرام - متعدد الالوان,TX1145258MC5,2.0,375.0,750.0,37.5,712.5,TEX200,الشرقية,Credit/Debit Card
2006429370,2026-10-01 16:53:57,Oct 01,MP,homedecoration,Side Table,طقم ترابيزة جانبية معدن ورخام، 40x40x45 سم - ذهبي,YMSFAX44GNW,1.0,2099.0,2099.0,0.0,2099.0,,الجيزة,Cash On Delivery
2006429367,2026-10-01 16:53:39,Oct 01,raneen,raneen,Cookware,طقم حلل ستانلس ستيل كوركماز الفا جامبو، 15 قطعة - فضي,HO1096155SLV,1.0,12999.0,12999.0,0.0,12999.0,,بني سويف,Cash On Delivery
2006429367,2026-10-01 16:53:39,Oct 01,raneen,raneen,Cookware,طقم حلل جرانيت نيو فلام، 16 قطعة، كوري - رمادي,HO1147885GRY,1.0,16499.0,16499.0,0.0,16499.0,,بني سويف,Cash On Delivery
2006429358,2026-10-01 16:51:59,Oct 01,raneen,raneen,Cookware,طقم حلل جرانيت بايركس، 24 قطعة، بالأضافة الى هاند بلندر مينتا، 5×1، 450 وات، 600 مل - بيج,HO1139336BEG,1.0,13999.0,13999.0,300.0,13699.0,,القاهرة,Cash On Delivery
2006429352,2026-10-01 16:51:33,Oct 01,raneen,raneen,Televisions,تلفزيون سمارت سامسونج، 55 بوصة، UHD، مزود برسيفر داخلى، UA55U8000HUXEG - اسود,EL1147148BLK,1.0,19999.0,19999.0,0.0,19999.0,,القاهرة,
2006429349,2026-10-01 16:50:50,Oct 01,raneen,raneen,Refrigerators &amp; Freezers,ثلاجة نوفروست يونيون اير، 440 لتر، شاشة ديجيتال تاتش، باب ستانلس ستيل، URN-600LVLSA-DTSR - فضى داكن,EL1141268BLK,1.0,21899.0,21899.0,0.0,21899.0,,الأسكندرية,Cash On Delivery
2006429346,2026-10-01 16:50:33,Oct 01,MP,tibatrading,Kitchen Scale,ميزان رقمي صغير الحجم بشاشة LCD لوزن 200 جم/0.01 جم,RAN-QYYFPUN,1.0,199.0,199.0,0.0,199.0,,الجيزة,Cash On Delivery
2006429343,2026-10-01 16:50:07,Oct 01,MP,craftfurniture,TV Table,ترابيزة تلفاز خشب ام دي اف، 100×20×20 سم - بني,CRAFTTV2,1.0,559.0,559.0,0.0,559.0,,الجيزة,Cash On Delivery
2006429340,2026-10-01 16:49:01,Oct 01,raneen,raneen,Laptop &amp; Computer Tables,ترابيزة لاب توب خشب العالمية، ارجل معدن، قابلة للطي، 60×40×28 سم - بني اسود,HO1083579BB5,2.0,160.0,320.0,0.0,320.0,,القاهرة,Cash On Delivery
2006429325,2026-10-01 16:44:57,Oct 01,raneen,raneen,Pressure Cooker,حلة ضغط ستانلس ستيل زينوكس، 12 لتر - فضي اسود,HO1090770BLK,2.0,1899.0,3798.0,189.9,3608.1,kch200,الشرقية,Cash On Delivery
2006429322,2026-10-01 16:44:41,Oct 01,MP,jphome,Curtain,ستارة شانيليا بحلقات، 135×250 سم,JP1213456452,1.0,355.0,355.0,0.0,355.0,,القاهرة,Cash On Delivery
2006429322,2026-10-01 16:44:41,Oct 01,MP,jphome,Curtain,ستارة شانيليا بحلقات، 135×250 سم,JP1213456453,3.0,355.0,1065.0,0.0,1065.0,,القاهرة,Cash On Delivery
2006429322,2026-10-01 16:44:41,Oct 01,MP,goldena,Suction Fan,شفاط زجاجي فريش، 37 وات، 20 سم، 500004529 - ابيض,500004529,1.0,790.0,790.0,0.0,790.0,,القاهرة,Cash On Delivery
2006429319,2026-10-01 16:44:09,Oct 01,raneen,raneen,Office Chairs,كرسي مكتب معدن عالي ظهر شبك، هيدروليك، مسند تنجيد، 5 عجلات، 120×50×48 سم - اسود,HO1139735BLK,1.0,1799.0,1799.0,0.0,1799.0,,أسيوط,Cash On Delivery
2006429316,2026-10-01 16:43:34,Oct 01,MP,rofaeeltrade,Juicers,عصارة برتقال فريش ، 1 لتر ، 35 وات ، FJU-35W-B - اسود,FJU-35W-B,1.0,1199.0,1199.0,0.0,1199.0,,القاهرة,Souhoola
2006429313,2026-10-01 16:43:31,Oct 01,raneen,raneen,Mobile Phones,موبايل سمارت جالاكسي A27 سامسونج ، 256جيجابايت، 8 جيجابايت رام، شبكة الجيل الخامس - اسود,EL1151327BLK,1.0,19499.0,19499.0,0.0,19499.0,,كفر الشيخ,Cash On Delivery
2006429313,2026-10-01 16:43:31,Oct 01,raneen,raneen,Mobile Phones,موبايل سمارت هونرChoice T10 ، شريحتين ، 4 جيجا رام ، 64 جيجا بايت ، شبكه الجيل الرابع - أسود,EL1158057BLK,7.0,6399.0,44793.0,0.0,44793.0,,كفر الشيخ,Cash On Delivery
2006429301,2026-10-01 16:41:11,Oct 01,raneen,raneen,Office Chairs,كرسي مكتب معدن عالي ظهر شبك، هيدروليك، مسند فيبر، 5 عجلات، 120×45×50 سم - اسود,HO1139738BLK,1.0,1499.0,1499.0,0.0,1499.0,,الأسكندرية,Cash On Delivery
2006429301,2026-10-01 16:41:11,Oct 01,raneen,raneen,Air Coolers,مبرد هواء تربو ميكانيكال فريش، 40 لتر، FA-T40M - اسود,EL1116285BLK,1.0,3714.0,3714.0,0.0,3714.0,,الأسكندرية,Cash On Delivery
2006429301,2026-10-01 16:41:11,Oct 01,MP,pure,Pillows,خدادية طبية براند بيور، فايبر ، 70×50 سم - ابيض,Relax Plus-12,1.0,185.0,185.0,0.0,185.0,,الأسكندرية,Cash On Delivery
2006429298,2026-10-01 16:39:53,Oct 01,MP,lazord,Cookware,طقم أواني طهي لازورد ، 9 قطع ، جرانيت - اسود,16531,1.0,1550.0,1550.0,0.0,1550.0,,الجيزة,Cash On Delivery
2006429298,2026-10-01 16:39:53,Oct 01,raneen,raneen,Kitchenware,طقم مصفاة ستانلس ستيل فالمر، 3×1، 26 سم - فضي,HO1118932SLV,1.0,200.0,200.0,0.0,200.0,,الجيزة,Cash On Delivery
2006429295,2026-10-01 16:39:40,Oct 01,raneen,raneen,Serveware,صينية تقديم بورسلين، 28×17 سم - متعدد الالوان,HO1149940WI4,1.0,55.0,55.0,0.0,55.0,,القاهرة,Cash On Delivery
2006429295,2026-10-01 16:39:40,Oct 01,raneen,raneen,Dinnerware,طبق تقديم بورسلين لوتس، 36 سم - ابيض اسود,HO1149952WI4,1.0,100.0,100.0,0.0,100.0,,القاهرة,Cash On Delivery
2006429295,2026-10-01 16:39:40,Oct 01,raneen,raneen,Dinnerware,طبق تقديم بورسلين لوتس، 36 سم - ابيض ازرق فاتح,HO1149952WI3,1.0,100.0,100.0,0.0,100.0,,القاهرة,Cash On Delivery
2006429295,2026-10-01 16:39:40,Oct 01,raneen,raneen,Cookware,طقم قلاية جرانيت نوفال، 3 قطع - اسود,HO1113272BLK,1.0,740.0,740.0,0.0,740.0,,القاهرة,Cash On Delivery
2006429295,2026-10-01 16:39:40,Oct 01,raneen,raneen,Drinkware,طقم فنجان صن رايز قهوة بالاطباق بورسلين لوتس، 12 قطعة، 90 مل، 12.5 سم,HO1140121MC5,1.0,349.0,349.0,0.0,349.0,,القاهرة,Cash On Delivery
2006429292,2026-10-01 16:39:06,Oct 01,raneen,raneen,Kids Bags,شنطة ظهر حضانة قماش للاطفال، 2 سوستة، 14 بوصة، بالاضافة الي مقلمة - متعدد الالوان,HO1150462MA0,1.0,200.0,200.0,0.0,200.0,,القاهرة,Cash On Delivery
2006429286,2026-10-01 16:38:49,Oct 01,MP,mtbestbuy,Car Care,مسند ذراع السيارة من الفوم الميموري والجلد مع حامل هاتف من ماكس كمفورت، أسود وأحمر,MT-0009,1.0,146.0,146.0,0.0,146.0,,الغربية,Paymob Wallet
2006429286,2026-10-01 16:38:49,Oct 01,MP,elmasriastore,Electronics Audio,مكبر صوت سلكي ، USB ، متوافق مع كومبيوتر ، ليد - اسود,SPW020,1.0,185.0,185.0,0.0,185.0,,الغربية,Paymob Wallet
2006429283,2026-10-01 16:37:01,Oct 01,raneen,raneen,Storage,طقم علب تخزين بقوليات بلاستيك حجازي بلاست، 5 قطع، 1.9 لتر، بالاضافة الي 5 قطع معيار، 180 مل - بينك تركواز,HO1107557MC1,1.0,100.0,100.0,4.01,95.99,KCH200,القاهرة,Cash On Delivery
2006429283,2026-10-01 16:37:01,Oct 01,raneen,raneen,Storage,تروللي بلاستيك مستطيل الهدى، 5 دور، 105×44×30 سم - اسود رمادي,HO1141592BK1,1.0,200.0,200.0,8.03,191.97,KCH200,القاهرة,Cash On Delivery
2006429283,2026-10-01 16:37:01,Oct 01,MP,ikea,Cleaning Tools &amp; Supplies,فرشاة تواليت ايكيا، بولمن، بلاستيك، 10x40 سم - اسود,3L8R5CQ99ZUB,1.0,170.0,170.0,6.82,163.18,KCH200,القاهرة,Cash On Delivery
2006429283,2026-10-01 16:37:01,Oct 01,MP,azwaaa,Kitchenware,مقص مطبخ متعدد الوظائف مع غطاء مغناطيسي - أسود,RAN-4HGJMEK,1.0,149.0,149.0,5.98,143.02,KCH200,القاهرة,Cash On Delivery
2006429283,2026-10-01 16:37:01,Oct 01,raneen,raneen,Kitchen Accessories,طقم مشابك ملابس بلاستيك، 20 مشبك، 6×2 سم - متعدد الالوان,HO1075152MC1,1.0,27.0,27.0,1.09,25.91,KCH200,القاهرة,Cash On Delivery
2006429283,2026-10-01 16:37:01,Oct 01,raneen,raneen,Cleaning Tools &amp; Supplies,طقم اطباق غسيل مستديرة بلاستيك الهدى، 4 قطع - متعدد الالوان,HO1115393ME4,1.0,142.0,142.0,5.69,136.31,KCH200,القاهرة,Cash On Delivery
2006429283,2026-10-01 16:37:01,Oct 01,MP,coktailstore,Kitchenware,طقم مصفاة 3 في 1، قاطع خضار بحجم كبير، مطبخ منزلي سريع وسهل,RAN-XKKF8D7,1.0,349.0,349.0,14.0,335.0,KCH200,القاهرة,Cash On Delivery
2006429283,2026-10-01 16:37:01,Oct 01,raneen,raneen,Tanks,طقم كولمان بلاستيك ايس تانك، 3 قطع، ايس تانك 16 لتر مع ايس تانك 2.5 لتر مع زجاجة مياة 1000 مل - احمر ابيض,HO1149686MC1,1.0,699.0,699.0,28.05,670.95,KCH200,القاهرة,Cash On Delivery
2006429283,2026-10-01 16:37:01,Oct 01,raneen,raneen,Kitchenware,اسباتولا سيليكون كاساسونكو، 27 سم - خشبي رمادي,HO1154597BNG,1.0,72.0,72.0,2.89,69.11,KCH200,القاهرة,Cash On Delivery
2006429283,2026-10-01 16:37:01,Oct 01,MP,bianca,Cookware,طقم كنك للقهوة مع الاستاند جرانيت بيانكا، 4 قطع - احمر,Z5046D973CE467C5D53B7Z-1,1.0,957.0,957.0,38.39,918.61,KCH200,القاهرة,Cash On Delivery
2006429283,2026-10-01 16:37:01,Oct 01,raneen,raneen,Kitchenware,مضرب بيض ستانلس ستيل، 29 سم - ذهبي خشبي,HO1122241GLD,1.0,136.0,136.0,5.45,130.55,KCH200,القاهرة,Cash On Delivery
2006429283,2026-10-01 16:37:01,Oct 01,raneen,raneen,Mixers &amp; Blenders,مضرب بيض فريش، 400 وات، 5 سرعات، بخاصية التربو، HM-400 - اسود فضي,EL1075115BLK,1.0,888.0,888.0,0.0,888.0,KCH200,القاهرة,Cash On Delivery
2006429283,2026-10-01 16:37:01,Oct 01,raneen,raneen,TV Table,ترابيزة تلفاز خشب شيب بورد بأرجل خشب زان، 120×32×48 سم، 2 عين - بني فاتح,HO1125808BEG,1.0,1199.0,1199.0,0.0,1199.0,KCH200,القاهرة,Cash On Delivery
2006429283,2026-10-01 16:37:01,Oct 01,raneen,raneen,Curtain,ستارة قطيفة سادة بالحلقات مخمل، 135×250 سم، 855 جرام تقريبا (قطعة واحدة),TX1131523KSH,2.0,465.0,930.0,0.0,930.0,KCH200,القاهرة,Cash On Delivery
2006429283,2026-10-01 16:37:01,Oct 01,raneen,raneen,Curtain,ستارة كتان سادة مخمل، 135×260 سم، 1500 جرام تقريبا - بيج (قطعة واحدة),TX1149970BEG,2.0,469.0,938.0,0.0,938.0,KCH200,القاهرة,Cash On Delivery
2006429283,2026-10-01 16:37:01,Oct 01,raneen,raneen,Kitchenware,مفرش سيليكون مستطيل لعمل البيتزا والفطائر، 36×43 سم - احمر,HO1075165RED,1.0,75.0,75.0,3.01,71.99,KCH200,القاهرة,Cash On Delivery
2006429283,2026-10-01 16:37:01,Oct 01,MP,juzoor,Kitchenware,نشابه خشب زان، 50 سم - خشبي,HO1103561BSC-juzoor,1.0,120.0,120.0,4.82,115.18,KCH200,القاهرة,Cash On Delivery
2006429283,2026-10-01 16:37:01,Oct 01,MP,lifecare,Kitchenware,لوح تقطيع خيزراني من IPEA بمقبض معدني - 32 × 22 سم - لوح تقطيع مطبخ متعدد الاستخدامات,RAN-UUK4MFW,1.0,166.0,166.0,6.66,159.34,KCH200,القاهرة,Cash On Delivery
2006429283,2026-10-01 16:37:01,Oct 01,MP,biti,Home Decor,علبة مناديل بلاستيكية أنيقة - شفافة,RAN-S78S9MV,1.0,175.0,175.0,0.0,175.0,KCH200,القاهرة,Cash On Delivery
2006429283,2026-10-01 16:37:01,Oct 01,raneen,raneen,Water Heaters,سخان مياه كهرباء يونيون اير سيجنتشر، ديجيتال، 1500 وات، 50 لتر، EWH50-C310-V-P-R-3 - اوف وايت,EL1118443WIT,1.0,3099.0,3099.0,0.0,3099.0,KCH200,القاهرة,Cash On Delivery
2006429283,2026-10-01 16:37:01,Oct 01,MP,lightsquare,Lighting Hanging,ثريا LED عصرية بثلاث حلقات متجانسة بتصميم لفافة، إضاءة أسود وأبيض للسقف في غرفة الطعام,RAN-ACVVR7C,1.0,990.0,990.0,0.0,990.0,KCH200,القاهرة,Cash On Delivery
2006429283,2026-10-01 16:37:01,Oct 01,MP,grandmakaa,Suction Fan,شفاط حائط فرست، 25 سم، ثنائي الاتجاه - ابيض,RAN-RJG2DH8,1.0,649.0,649.0,0.0,649.0,KCH200,القاهرة,Cash On Delivery
2006429283,2026-10-01 16:37:01,Oct 01,raneen,raneen,Cleaning Tools &amp; Supplies,باسكت قمامة بالدواسة الهدي، 3 لتر,HO1088470BR1,1.0,60.0,60.0,2.4,57.6,KCH200,القاهرة,Cash On Delivery
2006429283,2026-10-01 16:37:01,Oct 01,raneen,raneen,Cleaning Tools &amp; Supplies,باسكت قمامة بالدواسة الهدي، 3 لتر,HO1088470DGY,1.0,60.0,60.0,2.4,57.6,KCH200,القاهرة,Cash On Delivery
2006429283,2026-10-01 16:37:01,Oct 01,raneen,raneen,Cleaning Tools &amp; Supplies,باسكت قمامه بلاستيك مربع سفير، 15 لتر - كحلي,HO1131001NVY,1.0,80.0,80.0,3.21,76.79,KCH200,القاهرة,Cash On Delivery
2006429283,2026-10-01 16:37:01,Oct 01,MP,lifecare,Home Decor,حامل مناديل حديث بتصميم فقاعة مع قوس وردي - صندوق منظم أنيق للمناديل، موزع مناديل ديكوري لغرفة المعيشة,RAN-WZBVDGB,1.0,182.0,182.0,0.0,182.0,KCH200,القاهرة,Cash On Delivery
2006429283,2026-10-01 16:37:01,Oct 01,raneen,raneen,Cookware,براد شاى الومنيوم شكل جيرانيت بيد بكالايت فيلا، 1.5 لتر - بنفسجي,HO1062836PR1,1.0,499.0,499.0,20.02,478.98,KCH200,القاهرة,Cash On Delivery
2006429283,2026-10-01 16:37:01,Oct 01,raneen,raneen,Cleaning Tools &amp; Supplies,باسكت قمامة بلاستيك بغطاء تاتش حجازي، 7 لتر- ابيض بيج,HO1147789WIT,1.0,135.0,135.0,5.41,129.59,KCH200,القاهرة,Cash On Delivery
2006429283,2026-10-01 16:37:01,Oct 01,raneen,raneen,Knife &amp; Cutters,سكينة مطبخ اي ام دبليو، مقاس 5 - موف,HO1008971MOV,6.0,25.0,150.0,6.02,143.98,KCH200,القاهرة,Cash On Delivery
2006429283,2026-10-01 16:37:01,Oct 01,raneen,raneen,Knife &amp; Cutters,سكينة لحم اليكس ميتال، 8 بوصة - بني,HO1051256SLV,2.0,98.0,196.0,7.87,188.13,KCH200,القاهرة,Cash On Delivery
2006429283,2026-10-01 16:37:01,Oct 01,MP,biti,Kitchenware,قطاعة بيتزا ستانلس ستيل بيد معدن- اسود,20422-200219,1.0,104.0,104.0,4.18,99.82,KCH200,القاهرة,Cash On Delivery
2006429283,2026-10-01 16:37:01,Oct 01,raneen,raneen,Kitchenware,طقم مصفاة ستانلس ستيل، 3 قطع - فضي,HO1103694SLV,1.0,95.0,95.0,3.81,91.19,KCH200,القاهرة,Cash On Delivery
2006429283,2026-10-01 16:37:01,Oct 01,MP,safktna,Kitchen Accessories,ولاعة مطبخ - فضي,B097LL8CYJ-safktna,1.0,125.0,125.0,5.02,119.98,KCH200,القاهرة,Cash On Delivery
2006429283,2026-10-01 16:37:01,Oct 01,MP,lifecare,Kitchenware,ملقط مطبخ سيليكون جينيريك ستانلس ستيل - مقاوم للحرارة العالية - أداة طهي للشواء,RAN-K8EN8AY,1.0,119.0,119.0,4.78,114.22,KCH200,القاهرة,Cash On Delivery
4000170281,2026-10-01 16:36:15,Oct 01,MP,anfasstore,Makeup,L&#039;Oréal Paris Infallible Full Wear 330 Pecan Concealer For Women,MP30173651,1.0,555.0,555.0,27.75,527.25,BTY5,أسوان,Cash On Delivery
2006429271,2026-10-01 16:34:32,Oct 01,raneen,raneen,Fans,مروحة ستاند شبح فريش، 18 بوصة، 3 ريشة، متعددة السرعات - اسود احمر,EL1154957BLK,1.0,2099.0,2099.0,0.0,2099.0,,الجيزة,Premium Card
2006429271,2026-10-01 16:34:32,Oct 01,raneen,raneen,Kitchen Machine &amp; Kneading Machines,محضر طعام تورنيدو،1000 وات،3 سرعات، FP-1000SG - فضي,EL1020348SLV,4.0,3799.0,15196.0,0.0,15196.0,,الجيزة,Premium Card
2006429265,2026-10-01 16:33:54,Oct 01,MP,citytools,Car Care,كمبروسور توتال، 2 بستم، 12 فولت، TTAC2506 - تركواز فضى,TTAC2506-Citytools,1.0,1718.0,1718.0,0.0,1718.0,,الجيزة,Premium Card
2006429262,2026-10-01 16:33:45,Oct 01,MP,shoppingonline,Laptop Accessories,شنطة ظهر للابتوب للسفر جي واي شوب مضادة للسرقة، 17 بوصة - رمادي,B07ZFBGBYC,1.0,209.0,209.0,0.0,209.0,,أسيوط,Cash On Delivery
4000170278,2026-10-01 16:30:30,Oct 01,MP,bikya,Clothes Hangers,"Yaheetech Coat Rack, Coat Stands for Hallway with Bench, Entryway Shoe and Coat Rack Storage, 183cm Height Hall Tree with Shoe Bench, 23 Hooks, Rustic Brown",RAN-3GPSXUT,1.0,3400.0,3400.0,500.0,2900.0,OFF500,القاهرة,Cash On Delivery
4000170278,2026-10-01 16:30:30,Oct 01,MP,molanafortraining,Home &amp; Balcony Essentials,"9-Layer Dustproof Shoe Cabinet Shelf with Cover, Shoe Organizer - 60x30x160cm",RAN-86XNMCY,1.0,699.0,699.0,0.0,699.0,OFF500,القاهرة,Cash On Delivery
4000170275,2026-10-01 16:30:08,Oct 01,MP,anfasstore,Makeup,"Luminous Glow Skin Illuminator La Girl 691 La Girl, For Women",MP081555966911,1.0,225.0,225.0,0.0,225.0,,القاهرة,Cash On Delivery
2006429241,2026-10-01 16:27:46,Oct 01,MP,ocean,Fryers,قلايه هوائيه كينوود، بقوة 1800 وات، سعة 7 لتر، HFP80.000BK - اسود,EL1108703BLK-conf-ocean,1.0,6500.0,6500.0,0.0,6500.0,,القاهرة,Cash On Delivery
2006429241,2026-10-01 16:27:46,Oct 01,MP,primestore,Refrigerators &amp; Freezers,ثلاجة يونيون اير، نوفروست، 330 لتر، URN400DLBLBADTSRM - اسود,URN400DLBLBADTH-primestore,1.0,14403.0,14403.0,0.0,14403.0,,القاهرة,Cash On Delivery
2006429238,2026-10-01 16:27:22,Oct 01,raneen,raneen,Mobile Phones,موبايل سامسونج جالاكسى A16، جيجا بايت 128، 4  جيجا رام- رمادي,EL1122778GRY,2.0,9199.0,18398.0,0.0,18398.0,,سوهاج,Paymob Wallet
2006429217,2026-10-01 16:22:26,Oct 01,raneen,raneen,Mobile Phones,موبايل سامسونج جالاكسى A16، جيجا بايت 128، 4  جيجا رام- رمادي,EL1122778GRY,3.0,9199.0,27597.0,0.0,27597.0,,سوهاج,Paymob Wallet
2006429220,2026-10-01 16:22:24,Oct 01,MP,elbetar,Water Heaters,سخان مياة غاز بيكو، 6 لتر، شاشة ديجيتال، غاز طبيعى، BGWH6LS - فضي,1SBEHEGSBGWH6LS0L008-elbetar,1.0,4799.0,4799.0,0.0,4799.0,,الجيزة,Cash On Delivery
2006429211,2026-10-01 16:21:43,Oct 01,raneen,raneen,Cookware,طقم حلل كلاسيك ستانلس ستيل زهران، 10 قطع - فضي,HO1077779SLV,1.0,6499.0,6499.0,0.0,6499.0,,الجيزة,Credit/Debit Card
2006429208,2026-10-01 16:21:05,Oct 01,raneen,raneen,Mobile Phones,موبايل سامسونج جالاكسى A16، جيجا بايت 128، 4  جيجا رام- رمادي,EL1122778GRY,4.0,9199.0,36796.0,0.0,36796.0,,سوهاج,Cash On Delivery
2006429202,2026-10-01 16:19:13,Oct 01,MP,winwin,Mixers &amp; Blenders,خلاط بلاك +ديكر، 1 لتر، 400 وات، BX365J-B5 - اسود,BX365J-B5-winwin,1.0,1492.0,1492.0,0.0,1492.0,,الأسكندرية,valU
2006429199,2026-10-01 16:19:08,Oct 01,raneen,raneen,Mixers &amp; Blenders,هاند بلندر ساري، 1200 وات، 500 مل، HG7717 - اسود فضي,EL1148779BNS,1.0,1394.0,1394.0,0.0,1394.0,,الساحل الشمالي,Premium Card
2006429193,2026-10-01 16:18:54,Oct 01,MP,dukanabdelaziz,Suction Fan,شفاط زجاجي فريش، 37 وات، 20 سم، 500004529 - ابيض,MHMP500004529WHT-dukanabdelaziz,1.0,789.0,789.0,0.0,789.0,,القاهرة,Cash On Delivery
2006429190,2026-10-01 16:18:29,Oct 01,raneen,raneen,Dinnerware,طقم عشاء بورسلين مستدير لوتس دريم، 24 قطعة - متعدد الالوان,HO1111252MC1,1.0,1999.0,1999.0,99.95,1899.05,KCH200,سوهاج,Cash On Delivery
2006429190,2026-10-01 16:18:29,Oct 01,raneen,raneen,Dinnerware,طقم عشاء أركوبال أماراتى لومينارك، 24 قطعة - ابيض,HO1088626WIT,2.0,999.0,1998.0,99.9,1898.1,KCH200,سوهاج,Cash On Delivery
2006429187,2026-10-01 16:18:21,Oct 01,MP,attallah,Water Dispenser,مبرد مياه اي هوم، تحميل علوي، بارد / ساخن / فاتر / مزود بتلاجة وفريزر، ki777 - اسود احمر0,ki777-Hometech-attallah,1.0,4497.0,4497.0,0.0,4497.0,,الشرقية,Aman
2006429178,2026-10-01 16:17:13,Oct 01,raneen,raneen,Water Heaters,سخان مياه كهربائي اريستون، 50 لتر، RUBIS50VEG - ابيض,EL1129298WIT,1.0,3399.0,3399.0,0.0,3399.0,,القاهرة,Cash On Delivery
2006429175,2026-10-01 16:17:02,Oct 01,MP,vooc,Mobile Phones,موبايل سمارت سامسونج، جلاكسي، شريحتين اتصال، 6 جيجا رام، 128 جيجابايت، شبكة الجيل الرابع، A17 - اسود,samsung-a17-128gb-6gb-4g-black,1.0,12999.0,12999.0,0.0,12999.0,,الشرقية,Cash On Delivery
2006429166,2026-10-01 16:16:31,Oct 01,raneen,raneen,Plastic &amp; Paper Products,علبة فشار مستديرة بلاستيك، 2000 مل - متعدد الالوان,HO1125242BK1,2.0,42.0,84.0,4.2,79.8,KCH200,أسوان,Cash On Delivery
2006429166,2026-10-01 16:16:31,Oct 01,MP,steelsore,Bathroom Accessories,رف معلق معدن للفوط، 40×80×40 سم - اسود بيج,St405,1.0,999.0,999.0,49.95,949.05,KCH200,أسوان,Cash On Delivery
2006429160,2026-10-01 16:14:29,Oct 01,raneen,raneen,Wardrobe,دولاب خشب شيب بورد، 2 دلفة، 5 رفوف، شماعة ملابس، 80×40×192 سم - بيج خشبي,HO1135527BG1,1.0,3499.0,3499.0,0.0,3499.0,,القاهرة,Cash On Delivery
2006429154,2026-10-01 16:13:38,Oct 01,MP,nagfashop,Lighting Hanging,دلاية سقف مودرن الومنيوم، 20×20 سم، 1 لمبة - اسود,M7BNAG,1.0,299.0,299.0,25.59,273.41,Lit200,القاهرة,Cash On Delivery
2006429154,2026-10-01 16:13:38,Oct 01,MP,lightsquare,Lighting Hanging,مصباح سقف عصرية من الحديد الأسود بتصميم فريد، 3 أذرع، إضاءة مثالية,RAN-74UPVM8,2.0,265.0,530.0,45.35,484.65,Lit200,القاهرة,Cash On Delivery
2006429154,2026-10-01 16:13:38,Oct 01,MP,nagfashop,Lighting Hanging,دلاية سقف مودرن الومنيوم، 25×17 سم، 1 لمبة - فضي,M10SNAG,1.0,250.0,250.0,21.4,228.6,Lit200,القاهرة,Cash On Delivery
2006429154,2026-10-01 16:13:38,Oct 01,MP,bes,Lighting Hanging,نجفة معدنية مطلية بطبقة تحميها من الصدأ و التآكل، 70×70×30 سم - اسود,H-BES-3006,2.0,629.0,1258.0,107.66,1150.34,Lit200,القاهرة,Cash On Delivery
2006429151,2026-10-01 16:10:13,Oct 01,raneen,raneen,Cookware,طقم حلل جرانيت ويف ماستر، 11 قطعة، ويف - رمادي,HO1095454GRY,1.0,3999.0,3999.0,199.95,3799.05,KCH200,القاهرة,Cash On Delivery
4000170266,2026-10-01 16:09:00,Oct 01,MP,hadymix,TV Table,"MDF Tv Table, 200 X 35 X 30 Cm - White Brown",1170-hadymix,1.0,3749.0,3749.0,500.0,3249.0,off500,بور سعيد,Cash On Delivery
2006429145,2026-10-01 16:08:45,Oct 01,MP,meskstore,Office Supplies,آلة حاسبة علمية كاسيو ، FX-991ESPLUS-2BUWDT - ازرق,FX-991ESPLUS-2BUWDT,1.0,650.0,650.0,0.0,650.0,,الدقهلية,Cash On Delivery
2006429136,2026-10-01 16:06:00,Oct 01,raneen,raneen,Mobile Phones,موبايل سمارت هونرChoice T10 ، شريحتين ، 4 جيجا رام ، 64 جيجا بايت ، شبكه الجيل الرابع - أسود,EL1158057BLK,2.0,6399.0,12798.0,0.0,12798.0,,الغربية,Credit/Debit Card
2006429130,2026-10-01 16:04:17,Oct 01,MP,woodenfurniture,Coffee Corner,كوفي كورنر ام دي اف ، 60x30x82سم - بني ابيض,16531-wodo,1.0,3239.0,3239.0,500.0,2739.0,Off500,القاهرة,Cash On Delivery
2006429127,2026-10-01 16:03:50,Oct 01,raneen,raneen,Bed Sheets,طقم ملاية سرير المروة، 4 قطع، 215×235 سم، 750 جرام - متعدد الالوان,TX1142743MO9,1.0,189.0,189.0,9.45,179.55,Tex200,القاهرة,Cash On Delivery
2006429127,2026-10-01 16:03:50,Oct 01,raneen,raneen,Kitchenware,سكرية بلاستيك بغطاء ايليت، 350 ملي - أبيض,HO1097595WIT,4.0,25.0,100.0,0.0,100.0,Tex200,القاهرة,Cash On Delivery
2006429124,2026-10-01 16:02:46,Oct 01,raneen,raneen,Kids Bags,شنطة ظهر مدرسية وتر بروف للاولاد، 3 سوستة، 41×31 سم - كحلي برتقالي,HO1154811MC1,1.0,325.0,325.0,16.25,308.75,f150,السويس,Credit/Debit Card
2006429124,2026-10-01 16:02:46,Oct 01,MP,alaasasmarketplace,Underwear’s,طقم فانله حمالات للاطفال دايس ، 3 قطع,dm415315-359-Alaasasmarketplace,2.0,285.0,570.0,28.5,541.5,f150,السويس,Credit/Debit Card
2006429124,2026-10-01 16:02:46,Oct 01,raneen,raneen,Men&#039;s Accessories,حزام قماش للرجال، 4×120 سم - ازرق,BL1128087BL1,1.0,69.0,69.0,3.45,65.55,f150,السويس,Credit/Debit Card
2006429115,2026-10-01 16:02:08,Oct 01,raneen,raneen,Dinnerware,طقم عشاء أركوبال اماراتي لومينارك، 26 قطعة - ابيض,HO1124768WI1,1.0,1199.0,1199.0,0.0,1199.0,,الجيزة,Cash On Delivery
2006429112,2026-10-01 16:02:08,Oct 01,MP,ocean,Hair Care,مجفف الشعر سوكاني SK-14007 بقوة 2000 واط,MP--3800-OCEAN,1.0,750.0,750.0,75.0,675.0,App100,القاهرة,Cash On Delivery
2006429109,2026-10-01 16:01:17,Oct 01,raneen,raneen,Kitchenware,برطمان توابل اكريليك بغطاء خشب، 200 مل - شفاف خشبي,HO1126953CLR,5.0,29.0,145.0,0.0,145.0,,الجيزة,Cash On Delivery
2006429106,2026-10-01 16:01:16,Oct 01,raneen,raneen,Wardrobe,دولاب خشب شيب بورد، 2 دلفة، 5 رفوف، شماعة ملابس، 100×40×200 سم - بيج,HO1135528BG1,1.0,4499.0,4499.0,0.0,4499.0,,القاهرة,Cash On Delivery
2006429073,2026-10-01 15:56:53,Oct 01,raneen,raneen,Kitchenware,مطبقيه ومصفاة اطباق ستانلس ستيل×بلاستيك، 2 دور، بالاضافة الي حامل ملاعق واكواب، 53×27 سم - اسود ابيض,HO1143886BK1,1.0,578.0,578.0,28.9,549.1,KCH200,البحر الأحمر,Cash On Delivery
2006429070,2026-10-01 15:56:34,Oct 01,MP,alsaaty,Watches,ساعة رياضية ديجيتال سكيمي للرجال، سوار مطاط - أسود,B01HQ66TO6,1.0,500.0,500.0,20.0,480.0,WT100,القاهرة,Cash On Delivery
4000170257,2026-10-01 15:55:29,Oct 01,MP,furniturestore,Commode &amp; Drawer Units,"MDF Wood Commode, 45×41×30 Cm - white",AMKO9-furniturestore,1.0,1599.0,1599.0,0.0,1599.0,,القاهرة,Cash On Delivery
4000170257,2026-10-01 15:55:29,Oct 01,MP,skyfurniture,Bedrooms,"MDF Wood Bedroom Set, 3 Pieces - White",MHMPat33ih-skyfurniture,1.0,16999.0,16999.0,0.0,16999.0,,القاهرة,Cash On Delivery
2006429049,2026-10-01 15:52:56,Oct 01,raneen,raneen,Tanks,طقم كولمان بلاستيك ايس تانك، 3 قطع، ايس تانك 16 لتر مع ايس تانك 2.5 لتر مع زجاجة مياة 1000 مل - احمر ابيض,HO1149686MC1,1.0,699.0,699.0,0.0,699.0,,القاهرة,Aman
2006429046,2026-10-01 15:52:48,Oct 01,raneen,raneen,Wardrobe,دولاب خشب شيب بورد، 2 دلفة، 5 رفوف، شماعة ملابس، 80×40×192 سم - بيج خشبي,HO1135527BG1,1.0,3499.0,3499.0,0.0,3499.0,,السويس,Cash On Delivery
2006429040,2026-10-01 15:51:39,Oct 01,MP,dubaiphone,Mobile Phones,موبايل سمارت انفينكس Smart 20، شريحتين، شبكة الجل الرابع، 64 جيجا بايت، 4 جيجا رام - ازرق,4894947122637,2.0,7500.0,15000.0,0.0,15000.0,,الشرقية,Cash On Delivery
2006429034,2026-10-01 15:50:51,Oct 01,MP,dubaiphone,Mobile Phones,موبايل سمارت انفينكس Smart 20، شريحتين، شبكة الجل الرابع، 64 جيجا بايت، 4 جيجا رام - ازرق,4894947122637,3.0,7500.0,22500.0,0.0,22500.0,,الغربية,Cash On Delivery
2006429022,2026-10-01 15:47:09,Oct 01,raneen,raneen,Curtain,ستارة بلكونة قماش بحلقات، 260×240 سم، 2000 جرام، 16 حلقة - اسود رمادي (قطعة واحدة),TX1081911MR9,1.0,255.0,255.0,0.0,255.0,,السويس,Cash On Delivery
2006429019,2026-10-01 15:46:26,Oct 01,raneen,raneen,Mobile Phones,موبايل سمارت جالاكسي A27 سامسونج ، 256جيجابايت، 8 جيجابايت رام، شبكة الجيل الخامس - اسود,EL1151327BLK,1.0,19499.0,19499.0,0.0,19499.0,,الغربية,Credit/Debit Card
2006429007,2026-10-01 15:45:09,Oct 01,raneen,raneen,Mobile Phones,موبايل سمارت سامسونج، جلاكسي، شريحتين اتصال، 4 جيجا رام، 128 جيجابايت، شبكة الجيل الرابع، A17 - اسود ازرق,EL1138488BLK,3.0,10699.0,32097.0,0.0,32097.0,,سوهاج,Cash On Delivery
2006429001,2026-10-01 15:44:08,Oct 01,MP,elitefurniture,Mattress,مرتبة بسوستة متصلة 195×160×25 سم - ابيض + مخدة 160×45 سم - ابيض + خدادية 50×70 سم + طقم ملاية 3 قطعة 200×200 سم لون رمادى,elitefurniture-3-3-MP,1.0,4799.0,4799.0,0.0,4799.0,,الجيزة,Cash On Delivery
2006428992,2026-10-01 15:43:42,Oct 01,raneen,raneen,Home &amp; Balcony Essentials,دولاب ملابس بلاستيك الوطنية، 4 دور، 2 دلفه، 42×55×146 سم - رمادي ابيض,HO1145059GRY,1.0,2499.0,2499.0,0.0,2499.0,,القاهرة,Cash On Delivery
2006428989,2026-10-01 15:43:18,Oct 01,raneen,raneen,Nursery Furniture &amp; Decor,لعبة كرسي هزاز علي شكل حصان بلاستيك، 90×50 سم - ازرق,TY1101826BLU,1.0,249.0,249.0,0.0,249.0,,القاهرة,Cash On Delivery
2006428986,2026-10-01 15:43:10,Oct 01,MP,mam,Refrigerators &amp; Freezers,ثلاجة ديفروست يونيون اير جوستو، 2 باب، 370 لتر، ديجيتال تاتش، RD-380VVA-DSH - فضي,EL1143028SLV-mam,1.0,13099.0,13099.0,0.0,13099.0,,القاهرة,Cash On Delivery
2006428983,2026-10-01 15:41:29,Oct 01,raneen,raneen,Air Coolers,مبرد هواء فريش، 72 لتر، FA-M60 - ابيض رمادي فاتح,EL1069767WNG,1.0,4444.0,4444.0,0.0,4444.0,,القاهرة,Cash On Delivery
4000170254,2026-10-01 15:41:21,Oct 01,MP,ammerkatosh,Microwaves &amp; Ovens,"Fresh FR-4803RCL Crystal Electric Oven, 48 Liters, 2000 Watt - Black Silver",EL1131514BLK-ammerkatosh,1.0,2839.0,2839.0,0.0,2839.0,,القاهرة,Cash On Delivery
2006428980,2026-10-01 15:40:23,Oct 01,raneen,raneen,Dinnerware,طبق اركوبال عميق لومينارك، 23 سم - ابيض,HM1009087WIT,1.0,50.0,50.0,0.0,50.0,,القاهرة,Cash On Delivery
2006428980,2026-10-01 15:40:23,Oct 01,raneen,raneen,Kitchenware,طقم توزيع خشب زان أليت، 30 سم، 3 قطع - بيج,HO1103549BSC,1.0,78.0,78.0,0.0,78.0,,القاهرة,Cash On Delivery
2006428980,2026-10-01 15:40:23,Oct 01,raneen,raneen,Cookware,حلة زجاج حراري بالغطاء، 1.8 لتر - شفاف,HO1146475CLR,1.0,129.0,129.0,0.0,129.0,,القاهرة,Cash On Delivery
2006428980,2026-10-01 15:40:23,Oct 01,MP,lazord,Cookware,طقم أواني طهي لازورد ، 7 قطع ، تيفال - احمرداكن,16533,1.0,1099.0,1099.0,0.0,1099.0,,القاهرة,Cash On Delivery
2006428974,2026-10-01 15:39:05,Oct 01,raneen,raneen,Nursery Furniture &amp; Decor,لعبة زحليقة بلاستيك للاطفال، 4 درجات، 170×40 سم - اخضر برتقالي,TY1101827GNO,1.0,599.0,599.0,59.9,539.1,APP100,القاهرة,Cash On Delivery
2006428974,2026-10-01 15:39:05,Oct 01,raneen,raneen,Nursery Furniture &amp; Decor,لعبة حصان هزاز بلاستيك للاطفال، 90×50 سم - احمر داكن,TY1101826DRD,1.0,249.0,249.0,24.9,224.1,APP100,القاهرة,Cash On Delivery
2006428971,2026-10-01 15:39:04,Oct 01,MP,learnandhavefun,Bike &amp; Scooters,سكوتر قابلة للطي للاطفال، عجلات من البولي يوريثين، واضاءة LED - بينك,MHMPB09XTD1K2C,2.0,560.0,1120.0,0.0,1120.0,,القليوبية,Cash On Delivery
2006428965,2026-10-01 15:38:22,Oct 01,MP,lifecare,Appliances Parts &amp; Accessories,رولرات الأجهزة 4 حبة من Menkxi للغسالة والمجفف تحميل ثقيل قوي المتزلجات للأجهزة تمديد يصل إلى 28 بوصة للأثاث تحريك الثلاجة ضد الرطوبة للغسال,RAN-B9CE8XP,1.0,339.0,339.0,0.0,339.0,,الأسكندرية,Cash On Delivery
2006428962,2026-10-01 15:38:13,Oct 01,MP,lightsquare,Lighting Hanging,ثريا سبوتنيك حديثة بستة أذرع ذهبية مع 6 لمبات LED هدية,RAN-HN6Y2TV,1.0,649.0,649.0,0.0,649.0,,القاهرة,Cash On Delivery
2006428959,2026-10-01 15:38:12,Oct 01,raneen,raneen,Plastic &amp; Paper Products,رول مفرش سيليكون، 10 متر×45 سم - ابيض,HO1156968WI1,3.0,170.0,510.0,0.0,510.0,,القاهرة,Cash On Delivery
2006428953,2026-10-01 15:37:38,Oct 01,raneen,raneen,Mobile Phones,ابل ايفون 17 برو ماكس، 256 جيجابايت، eSIM &amp; SIM - برتقالى,EL1141274ORG,1.0,99951.0,99951.0,0.0,99951.0,,القاهرة,Free
2006428947,2026-10-01 15:36:21,Oct 01,raneen,raneen,Home Decor,شیالة حلويات زجاج، 3 دور، بالاضافة الي ستاند، بارتفاع 37 سم - شفاف ذهبي,HO1157070LBR,1.0,239.0,239.0,0.0,239.0,kch200,الأسماعيلية,Souhoola
2006428947,2026-10-01 15:36:21,Oct 01,raneen,raneen,Dinnerware,طبق بورسلين مسطح، 22 سم - روز اخضر,HO1146319MC1,1.0,100.0,100.0,5.0,95.0,kch200,الأسماعيلية,Souhoola
2006428947,2026-10-01 15:36:21,Oct 01,raneen,raneen,Dinnerware,طبق بورسلين عميق مربع، شكل قلاية، 22.5 سم - ابيض روز,HO1146360WI1,1.0,100.0,100.0,5.0,95.0,kch200,الأسماعيلية,Souhoola
2006428947,2026-10-01 15:36:21,Oct 01,MP,lightcart,Serveware,صينية عرض ديكورية زجاجية ومعدنية بمراية ، 28 سم - ذهبي,EIB-56901-LIGHT-CARD-6924,1.0,445.0,445.0,22.25,422.75,kch200,الأسماعيلية,Souhoola
2006428947,2026-10-01 15:36:21,Oct 01,raneen,raneen,Cleaning Tools &amp; Supplies,باسكت قمامة بلاستيك بغطاء تاتش حجازي، 7 لتر- ابيض بيج,HO1147789WIT,1.0,135.0,135.0,6.75,128.25,kch200,الأسماعيلية,Souhoola
2006428947,2026-10-01 15:36:21,Oct 01,raneen,raneen,Kitchenware,مقوار ستانلس بيد ستانلس ايه ام دبيلو، 17 سم - فضى,HO1089752SLV,1.0,14.0,14.0,0.7,13.3,kch200,الأسماعيلية,Souhoola
2006428935,2026-10-01 15:35:40,Oct 01,MP,craftfurniture,Wardrobe,دولاب خشب شيب بورد، 176×80×40 سم - ابيض,22022-1-craftfurniture,1.0,3499.0,3499.0,0.0,3499.0,,الجيزة,Cash On Delivery
2006428929,2026-10-01 15:33:48,Oct 01,MP,lightcart,Kitchenware,كوباية قياس زجاجية ، 500 مل - شفاف,EIB-56850-LIGHT-CARD-6873,1.0,252.0,252.0,0.0,252.0,,الجيزة,Cash On Delivery
2006428923,2026-10-01 15:33:09,Oct 01,MP,alamanih,Hair Care,مكواة شعر تورنيدو، 6 مستويات، 980 درجة حرارة - اسود,980TornBLK-alamanih,1.0,1709.54,1709.54,0.0,1709.54,,المنوفية,Cash On Delivery
2006428923,2026-10-01 15:33:09,Oct 01,MP,tal2aa,Beauty &amp; Body Care,وعاء تسخين شمع إزالة الشعر كوكو واكس - EW 2302 برو واكس 500,RAN-B2A2CXM,1.0,363.0,363.0,0.0,363.0,,المنوفية,Cash On Delivery
2006428914,2026-10-01 15:31:40,Oct 01,MP,salemelectric,Water Heaters,سخان مياه كهربائي ريلاكس فريش، 30 لتر، EWH RELAX 30l - ابيض,EL1055235WHT-salem,1.0,2764.0,2764.0,0.0,2764.0,,القاهرة,Cash On Delivery
2006428911,2026-10-01 15:31:20,Oct 01,MP,talhastore,Sports Equipment,قفازات شتوية بشاشة تعمل باللمس، مضادة للماء وحرارية، لون أسود، للجنسين البالغين، رياضية، للجري وركوب الدراجات، مانعة للانزلاق,RAN-XNARABF,1.0,195.0,195.0,0.0,195.0,,الأسكندرية,Cash On Delivery
2006428908,2026-10-01 15:29:44,Oct 01,raneen,raneen,Cleaning Tools &amp; Supplies,باسكت قمامة بلاستيك بغطاء تاتش حجازي، 7 لتر- ابيض بيج,HO1147789WIT,1.0,135.0,135.0,0.0,135.0,,القاهرة,Cash On Delivery
2006428908,2026-10-01 15:29:44,Oct 01,raneen,raneen,Tablecloth,مفرش سفره بلاستيك، 183×137 سم - ابيض اخضر,HO1139354GR1,1.0,79.0,79.0,0.0,79.0,,القاهرة,Cash On Delivery
2006428908,2026-10-01 15:29:44,Oct 01,raneen,raneen,Carpets,مشايه شانليا دابل فيس، 70×200 سم، 550 جرام تقربيا - اوف وايت اسود,TX1129590BK3,1.0,169.0,169.0,0.0,169.0,,القاهرة,Cash On Delivery
2006428908,2026-10-01 15:29:44,Oct 01,raneen,raneen,Tablecloth,مفرش سفرة شانليا، 125×200 سم، 300 جرام - ابيض,TX1121297WIT,1.0,129.0,129.0,0.0,129.0,,القاهرة,Cash On Delivery
2006428908,2026-10-01 15:29:44,Oct 01,raneen,raneen,Bed Sheets,طقم ملاية لازورد، 4 قطع، 215×235 سم - متعدد الالوان,TX1022398ME6,1.0,189.0,189.0,0.0,189.0,,القاهرة,Cash On Delivery
2006428908,2026-10-01 15:29:44,Oct 01,raneen,raneen,Bed Sheets,طقم ملاية جودي، 3 قطع، 240×170 سم، 650 جرام,TX1109918FC1,1.0,149.0,149.0,0.0,149.0,,القاهرة,Cash On Delivery
2006428908,2026-10-01 15:29:44,Oct 01,raneen,raneen,Bed Sheets,طقم ملاية لازورد، 4 قطع، 235×215 سم - روز,TX1022398MC0,1.0,189.0,189.0,0.0,189.0,,القاهرة,Cash On Delivery
2006428908,2026-10-01 15:29:44,Oct 01,raneen,raneen,Bed Sheets,طقم ملاية لازورد، 4 قطع، 215×235 سم - متعدد الالوان,TX1022398ME3,1.0,189.0,189.0,0.0,189.0,,القاهرة,Cash On Delivery
2006428908,2026-10-01 15:29:44,Oct 01,raneen,raneen,Carpets,سجادة صلاة قطيفه مطبوع، ظهر دوتس، 65×110 سم، 450 جرام تقريبا - متعدد الالوان,TX1130192ML4,1.0,115.0,115.0,0.0,115.0,,القاهرة,Cash On Delivery
2006428905,2026-10-01 15:28:46,Oct 01,MP,edgelighting,Lighting Hanging,نجفة سقف معدن، 40×60 سم - فضى,AMb159,1.0,2269.0,2269.0,0.0,2269.0,,القاهرة,Cash On Delivery
2006428905,2026-10-01 15:28:46,Oct 01,MP,nagfashop,Lighting Hanging,دلاية سقف مودرن خشب، 25×20×102 سم، 1 لمبة - شامبين,WNYC450NAG,2.0,279.0,558.0,0.0,558.0,,القاهرة,Cash On Delivery
2006428899,2026-10-01 15:27:37,Oct 01,raneen,raneen,Pressure Cooker,حلة ضغط ستانلس ستيل زينوكس، 12 لتر - فضي اسود,HO1090770BLK,1.0,1899.0,1899.0,94.95,1804.05,KCH200,الجيزة,Cash On Delivery
2006428896,2026-10-01 15:27:29,Oct 01,MP,coktailstore,Mats,سجادة حمام ويرسليم® الممتازة المانعة للانزلاق وخالية من التجاعيد,RAN-QE63Y7U,2.0,110.0,220.0,0.0,220.0,,الغربية,Cash On Delivery
2006428896,2026-10-01 15:27:29,Oct 01,MP,mattger,Drinkware,ترمس حراري ستانليس ستيل مزود بمصفاة داخلية وشاشة تاتش ديجيتال، 500 مللي - بينك,MFSteelThermosPNK,1.0,199.0,199.0,0.0,199.0,,الغربية,Cash On Delivery
2006428896,2026-10-01 15:27:29,Oct 01,raneen,raneen,Center Table,ترابيزة وسط خشب شيب بورد، 60×60×42 سم - بني فاتح ابيض,HO1127896BW1,1.0,725.0,725.0,0.0,725.0,,الغربية,Cash On Delivery
2006428890,2026-10-01 15:27:18,Oct 01,MP,lightsquare,Lighting Hanging,ثريا سبوتنيك حديثة بستة أذرع ذهبية مع 6 لمبات LED هدية,RAN-HN6Y2TV,1.0,649.0,649.0,0.0,649.0,,القاهرة,Cash On Delivery
2006428881,2026-10-01 15:25:55,Oct 01,MP,goodsportgroup,Sports Equipment,شنطة اثقال كرومية بوزن 50 كيلو - للرفع وتقوية العضلات,RAN-U97DVAZ,1.0,8990.0,8990.0,0.0,8990.0,,الجيزة,
2006428878,2026-10-01 15:25:44,Oct 01,raneen,raneen,Home &amp; Balcony Essentials,دولاب بلاستيك مينى إيليت الوطنية، 4 دور، 125×56×32 سم - اوف وايت,HO1124980OF1,1.0,1999.0,1999.0,0.0,1999.0,,الجيزة,Cash On Delivery
2006428866,2026-10-01 15:25:06,Oct 01,MP,hadymix,Shoe Rack,جزامة خشب شيب بورد، 2 درفة، 30x60x90 سم - بني,Hadymix-11011,1.0,999.0,999.0,0.0,999.0,,الشرقية,Cash On Delivery
2006428857,2026-10-01 15:23:36,Oct 01,MP,attallah,Kettles,غلاية كهربائية ستانلس ستيل فلامينجو ، 1.5 لتر، FM-3000 - فضي اسود,AAFM3000SLB,1.0,278.0,278.0,0.0,278.0,,الجيزة,Cash On Delivery
2006428851,2026-10-01 15:22:05,Oct 01,MP,amara,Hair Care,مجفف شعر سوكاني، 2400 وات، SK-x8 - ازرق داكن,SK-X8-amara,1.0,730.0,730.0,0.0,730.0,,الأسكندرية,Cash On Delivery
2006428851,2026-10-01 15:22:05,Oct 01,MP,coktailstore,Kitchen Accessories,رف خطافات حائط اكريليك شفاف، 5 خطافات ,RAN-8EKVDZ9,1.0,150.0,150.0,0.0,150.0,,الأسكندرية,Cash On Delivery
2006428851,2026-10-01 15:22:05,Oct 01,MP,lifecare,Kitchen Accessories,شماعة حائط ذايتة اللصق لتعليق الملابس من كيه دو فيب، لاصق سحري متين لأغراض التنظيم للمنزل والمطبخ والحمام وغرفة النوم والأبواب (شفافة - 6 خطافات تعليق),RAN-EQRCDV7,2.0,71.0,142.0,0.0,142.0,,الأسكندرية,Cash On Delivery
2006428851,2026-10-01 15:22:05,Oct 01,raneen,raneen,Shoe Rack,جزامة خشب شيب بورد، 3 ارفف، 2 دلفة، ارجل بلاستيك، 60×32×89 سم - بني,HO1145380BRN,1.0,1149.0,1149.0,0.0,1149.0,,الأسكندرية,Cash On Delivery
2006428851,2026-10-01 15:22:05,Oct 01,raneen,raneen,TV Table,ترابيزة تلفاز خشب شيب بورد بأرجل خشب زان، 120×32×48 سم، 2 عين - بني فاتح,HO1125808BEG,1.0,1199.0,1199.0,0.0,1199.0,,الأسكندرية,Cash On Delivery
2006428836,2026-10-01 15:17:50,Oct 01,raneen,raneen,Cookware,طقم بورجام زجاج حراري باشابتشي، قطعتين - شفاف,HO1111357CLR,1.0,349.0,349.0,17.45,331.55,KCH200,السويس,Paymob Wallet
2006428833,2026-10-01 15:14:25,Oct 01,raneen,raneen,Cleaning Tools &amp; Supplies,باسكت قمامة بلاستيك بغطاء تاتش حجازي، 7 لتر- ابيض بيج,HO1147789WIT,2.0,135.0,270.0,13.5,256.5,KCH200,القليوبية,Cash On Delivery
2006428812,2026-10-01 15:11:10,Oct 01,MP,craftfurniture,Center Table,ترابيزة وسط، خشب أم دي أف، 80×80×40 - بني,MZCTABLE1BRW-craftfurniture,1.0,1499.0,1499.0,0.0,1499.0,,القاهرة,Cash On Delivery
2006428809,2026-10-01 15:09:59,Oct 01,MP,attallah,Water Heaters,سخان مياه كهربائي فريش، 50 لتر - ابيض,B01KVAXKAUWHT,1.0,3375.0,3375.0,0.0,3375.0,,الجيزة,Cash On Delivery
2006428809,2026-10-01 15:09:59,Oct 01,MP,capitaltecheg,Cookers,بوتاجاز غاز تكنو جلاكسي، 4 شعله ، 55×55سم، ستانلس ستيل، Tg-4burner-gas- فضي,Tg-4burner-gas-capitaltecheg,1.0,3849.0,3849.0,0.0,3849.0,,الجيزة,Cash On Delivery
2006428809,2026-10-01 15:09:59,Oct 01,MP,dukanabdelaziz,Washers &amp; Dryer,غسالة ملابس فريش، ديجيتال فوق اوتوماتيك، تحميل علوي، 6 كجم، FTM-6S - فضى,FTM-6S-dukanabdelaziz,1.0,6944.0,6944.0,0.0,6944.0,,الجيزة,Cash On Delivery
2006428806,2026-10-01 15:09:50,Oct 01,MP,dukanalaa,Electronics Audio,راديو جولون، RX-608ACW - أسود بني,RX608ACWBNB,1.0,283.0,283.0,0.0,283.0,,الشرقية,Cash On Delivery
4000170233,2026-10-01 15:08:01,Oct 01,raneen,raneen,Home &amp; Balcony Essentials,"El Fath Fromaica Wooden Folding Table, 65×105×75 cm - Dark Brown",HO1058730BR1,1.0,849.0,849.0,0.0,849.0,,القاهرة,Cash On Delivery
4000170233,2026-10-01 15:08:01,Oct 01,MP,woodenfurniture,Center Table,"MDF Wood Modern Center Table, 80×40×45 cm - Brown Black",MFnct14fu-wooden,1.0,1099.0,1099.0,0.0,1099.0,,القاهرة,Cash On Delivery
4000170233,2026-10-01 15:08:01,Oct 01,MP,rofstore,Water Heaters,"Fresh Electric Water Heater, 100 Liters, Relax - White",EL1098490WIT-ROF,1.0,4199.0,4199.0,0.0,4199.0,,القاهرة,Cash On Delivery
4000170233,2026-10-01 15:08:01,Oct 01,MP,primestore,Refrigerators &amp; Freezers,"Unionaire Refrigerator, No Frost, 330 Liters, URN400DLBLBADTSRM - Black",URN400DLBLBADTH-primestore,1.0,14696.0,14696.0,0.0,14696.0,,القاهرة,Cash On Delivery
4000170233,2026-10-01 15:08:01,Oct 01,raneen,raneen,Bed Sheets,"Fabric Printed Bedding Sheet Set, 4 Pieces, 215×235 cm",TX1017810MY2,2.0,189.0,378.0,0.0,378.0,,القاهرة,Cash On Delivery
4000170233,2026-10-01 15:08:01,Oct 01,raneen,raneen,Sofa,"Two-piece L-shaped corner sofa, made of Mosky wood, linen fabric, 300x200x80x70 cm - Beige",HO1122845BEG1,1.0,10999.0,10999.0,0.0,10999.0,,القاهرة,Cash On Delivery
4000170233,2026-10-01 15:08:01,Oct 01,raneen,raneen,Fans,"ATA S96 Stand Fan, 18 Inch, 5 Blades, 4 Speeds - Black",EL1135325BLK,1.0,1060.0,1060.0,0.0,1060.0,,القاهرة,Cash On Delivery
4000170233,2026-10-01 15:08:01,Oct 01,MP,alahramappliances,Cookers,"Al-Ahram Cooker, Stainless steel Surface, 5 Burners, 80×60 cm - Silver Black",alahram-steel-80x60,1.0,5599.0,5599.0,0.0,5599.0,,القاهرة,Cash On Delivery
4000170233,2026-10-01 15:08:01,Oct 01,MP,futurefurniture,Beds,"Counter &amp; Beech Wood Bed, 195×120×120 Cm, Single Size - Grey With Connected Spring Mattress, 25×120×195 Cm (Gift) - White",SOLA100MCL-futurefurniture,2.0,5999.0,11998.0,0.0,11998.0,,القاهرة,Cash On Delivery
4000170233,2026-10-01 15:08:01,Oct 01,raneen,raneen,Kettles,"Dream DR-4070 Electric Water Kettle, 1.8 Liter, 1500 Watt",EL1114494WIT,1.0,509.0,509.0,0.0,509.0,,القاهرة,Cash On Delivery
2006428797,2026-10-01 15:05:52,Oct 01,MP,lightcart,Bowl,مجموعة أوعية خلط من الفولاذ المقاوم للصدأ مكونة من 5 قطع مع أغطية محكمة الإغلاق - لتحضير الطعام والسلطات والفواكه,RAN-WXUS4Y9,1.0,799.0,799.0,0.0,799.0,,الجيزة,Bank Misr Installments
2006428797,2026-10-01 15:05:52,Oct 01,raneen,raneen,Cookware,طقم قلاية تيفلون جولد تروفال، 3 قطع - رمادي,HO1139418GRY,1.0,1139.0,1139.0,0.0,1139.0,,الجيزة,Bank Misr Installments
2006428797,2026-10-01 15:05:52,Oct 01,MP,coktailstore,Kitchen Accessories,غطاء غسالة أوتوماتيكية أمامي متعدد الأشكال للحماية من الماء والغبار وأشعة الشمس، تصميم عصري يناسب جميع أحجام الغسالات الأمامية مع تنظيف سهل,RAN-757BEPD,2.0,145.0,290.0,0.0,290.0,,الجيزة,Bank Misr Installments
2006428797,2026-10-01 15:05:52,Oct 01,MP,dukanalaa,Hair Care,مكواة شعر تورنيدو، 6 مستويات، 980 درجة حرارة - اسود,980TornBLK,1.0,1145.0,1145.0,0.0,1145.0,,الجيزة,Bank Misr Installments
2006428797,2026-10-01 15:05:52,Oct 01,MP,citytools,Power &amp; Hand Tools,شنيور كهربائي لاسلكي توتال ، 20 فولت ، بطاريه - ازرق,TDLI205582-Citytools,1.0,2210.0,2210.0,0.0,2210.0,,الجيزة,Bank Misr Installments
2006428797,2026-10-01 15:05:52,Oct 01,raneen,raneen,Cleaning Tools &amp; Supplies,طبق غسيل بلاستيك، قابل للطى، 38 لتر - ابيض رمادي,HO1125130WNG,1.0,299.0,299.0,0.0,299.0,,الجيزة,Bank Misr Installments
2006428797,2026-10-01 15:05:52,Oct 01,MP,talhastore,Men&#039;s Accessories,محفظة جلدية ثلاثية الطي للرجال من هورس (أسود),RAN-SFMWQ9C,1.0,360.0,360.0,0.0,360.0,,الجيزة,Bank Misr Installments
2006428797,2026-10-01 15:05:52,Oct 01,MP,coktailstore,Chargers,شاحن سريع بقوة 120 وات GaN مع كابل شحن 4 في 1، شاحن جداري ثنائي المنفذ (USB + Type-C)، متوافق مع iPhone، Android,RAN-EB2FPXX,1.0,349.0,349.0,0.0,349.0,,الجيزة,Bank Misr Installments
2006428794,2026-10-01 15:03:15,Oct 01,raneen,raneen,Mobile Phones,موبايل هونر X7E، شريحتين اتصال، 6 جيجا رام، 128 جيجا بايت - برتقالي,EL1156553ORG,2.0,10499.0,20998.0,0.0,20998.0,,سوهاج,Cash On Delivery
2006428785,2026-10-01 15:01:18,Oct 01,MP,primestore,Water Filters Accessories,شمعه فلتر مياه باناسونيك ، قابله للفك ، TK-CS200C - رمادي,shpc200-primestore,3.0,1086.0,3258.0,162.9,3095.1,KCH200,الجيزة,Cash On Delivery
2006428779,2026-10-01 15:00:28,Oct 01,raneen,raneen,Mobile Phones,موبايل هونر X7E، شريحتين اتصال، 6 جيجا رام، 128 جيجا بايت - برتقالي,EL1156553ORG,3.0,10499.0,31497.0,0.0,31497.0,,سوهاج,Cash On Delivery
2006428773,2026-10-01 14:58:54,Oct 01,raneen,raneen,Home &amp; Balcony Essentials,كرسي بلاستيك فيردي الوطنية، 56.5×53 سم، ارتفاع 84 سم - ابيض,HO1127102WIT,1.0,799.0,799.0,0.0,799.0,,الجيزة,Cash On Delivery
2006428767,2026-10-01 14:57:41,Oct 01,raneen,raneen,Bed Sheets,طقم ملاية جودي، 3 قطع، 240×170 سم، 650 جرام,TX1109918FC1,2.0,149.0,298.0,7.0,291.0,TEX200,الشرقية,Cash On Delivery
2006428767,2026-10-01 14:57:41,Oct 01,MP,linesleep,Bedding,لحاف وجهين فايبر لاين سليب، 240×220 سم - بني بيج,QLT45240X220BRNBG,1.0,1260.0,1260.0,29.62,1230.38,TEX200,الشرقية,Cash On Delivery
2006428767,2026-10-01 14:57:41,Oct 01,raneen,raneen,Bed Sheets,طقم ملاية لازورد، 4 قطع، 215×235 سم - بنفسجي,TX1022398ME7,2.0,189.0,378.0,8.89,369.11,TEX200,الشرقية,Cash On Delivery
2006428767,2026-10-01 14:57:41,Oct 01,MP,linesleep,Bedding,لحاف وجهين فايبر لاين سليب، 220×180 سم - احمر رمادي غامق,QLT17220X180RDDGRY,1.0,1100.0,1100.0,25.87,1074.13,TEX200,الشرقية,Cash On Delivery
2006428767,2026-10-01 14:57:41,Oct 01,raneen,raneen,Bed Sheets,طقم ملاية سرير لازورد، 3 قطع، 170×240 سم - متعدد الالوان,TX1015868BB3,4.0,149.0,596.0,14.02,581.98,TEX200,الشرقية,Cash On Delivery
2006428767,2026-10-01 14:57:41,Oct 01,raneen,raneen,Bed Sheets,طقم ملاية سرير لازورد، 3 قطع، 170×240 سم - تركواز ابيض,TX1015868ME6,2.0,149.0,298.0,7.0,291.0,TEX200,الشرقية,Cash On Delivery
2006428767,2026-10-01 14:57:41,Oct 01,raneen,raneen,Bed Sheets,طقم ملاية جودي، 3 قطع، 240×170 سم، 650 جرام,TX1109918ML5,2.0,149.0,298.0,7.0,291.0,TEX200,الشرقية,Cash On Delivery
2006428767,2026-10-01 14:57:41,Oct 01,raneen,raneen,Bed Sheets,طقم ملاية جودي، 3 قطع، 240×170 سم، 650 جرام,TX1109918WT1,2.0,149.0,298.0,7.0,291.0,TEX200,الشرقية,Cash On Delivery
2006428767,2026-10-01 14:57:41,Oct 01,raneen,raneen,Bed Sheets,طقم ملاية سرير، 5 قطع، 220×240 سم,TX1048610MH6,2.0,219.0,438.0,10.3,427.7,TEX200,الشرقية,Cash On Delivery
2006428767,2026-10-01 14:57:41,Oct 01,raneen,raneen,Bed Sheets,طقم ملاية سرير، 5 قطع، 220×240 سم,TX1048610MH4,2.0,219.0,438.0,10.3,427.7,TEX200,الشرقية,Cash On Delivery
2006428767,2026-10-01 14:57:41,Oct 01,raneen,raneen,Bed Sheets,طقم ملاية سرير، 5 قطع، 220×240 سم,TX1048610WI9,2.0,219.0,438.0,10.3,427.7,TEX200,الشرقية,Cash On Delivery
2006428767,2026-10-01 14:57:41,Oct 01,raneen,raneen,Bed Sheets,طقم ملاية سرير، 5 قطع، 220×240 سم,TX1048610MG3,2.0,219.0,438.0,10.3,427.7,TEX200,الشرقية,Cash On Delivery
2006428767,2026-10-01 14:57:41,Oct 01,raneen,raneen,Bed Sheets,طقم ملاية سرير، 5 قطع، 220×240 سم,TX1048610NV3,2.0,219.0,438.0,10.3,427.7,TEX200,الشرقية,Cash On Delivery
2006428767,2026-10-01 14:57:41,Oct 01,raneen,raneen,Bed Sheets,طقم ملاية سرير، 5 قطع، 220×240 سم,TX1048610MB1,2.0,219.0,438.0,10.3,427.7,TEX200,الشرقية,Cash On Delivery
2006428767,2026-10-01 14:57:41,Oct 01,raneen,raneen,Bed Sheets,طقم ملاية لازورد، 4 قطع، 215×235 سم - متعدد الالوان,TX1022398MT6,2.0,189.0,378.0,8.89,369.11,TEX200,الشرقية,Cash On Delivery
2006428767,2026-10-01 14:57:41,Oct 01,raneen,raneen,Bed Sheets,طقم ملاية لازورد، 4 قطع، 235×215 سم - روز,TX1022398MC0,2.0,189.0,378.0,8.89,369.11,TEX200,الشرقية,Cash On Delivery
2006428767,2026-10-01 14:57:41,Oct 01,raneen,raneen,Bed Sheets,طقم ملاية اطفال لازورد، 3 قطع، 170×240 سم - ازرق فاتح,TX1048853BU2,4.0,149.0,596.0,14.02,581.98,TEX200,الشرقية,Cash On Delivery
2006428764,2026-10-01 14:56:25,Oct 01,MP,safktna,Beauty &amp; Body Care,طقم شنط مكياج وتر بروف مستطيلة، 3 قطع - تركواز,HO1118586TR1-safktna,2.0,195.0,390.0,0.0,390.0,,الجيزة,Cash On Delivery
2006428761,2026-10-01 14:55:11,Oct 01,raneen,raneen,Mattress,مرتبة سرير كلاسيك انجلندر، سوست متصلة، 120×195 سم، ارتفاع 24 سم - ابيض,TX1123275WI1,1.0,5299.0,5299.0,200.0,5099.0,TEX200,القاهرة,Cash On Delivery
4000170227,2026-10-01 14:53:21,Oct 01,MP,alaqmardesign,Floor Lamp,"Modern Musky Wood Lampadir, 1 Bulb, 40×165×40 cm - Off white",LamstMOFW313,1.0,999.0,999.0,99.9,899.1,LIT200,الغربية,Cash On Delivery
2006428755,2026-10-01 14:52:54,Oct 01,raneen,raneen,AirPods,سماعة أذن ايربودز انكر ساوند كور K20I بخاصيه تقليل الضوضاء - ازرق,EL1149844BLU,1.0,609.0,609.0,0.0,609.0,,سوهاج,Cash On Delivery
4000170224,2026-10-01 14:52:12,Oct 01,MP,alahramappliances,Cookers,"Al-Ahram Cooker, Stainless steel Surface, 5 Burners, 80×60 cm - Silver Black",alahram-steel-80x60,1.0,5599.0,5599.0,0.0,5599.0,,القاهرة,valU
2006428725,2026-10-01 14:39:50,Oct 01,MP,rafae3dotcom,Suction Fan,شفاط حائطى فرست، شفط وطرد، 25 سم  - ابيض,rafae3dotcom-11,1.0,650.0,650.0,0.0,650.0,,الشرقية,Cash On Delivery
2006428722,2026-10-01 14:39:47,Oct 01,raneen,raneen,Water Heaters,سخان مياه كهرباء يونيون اير سيجنتشر، ديجيتال، 1500 وات، 50 لتر، EWH50-C310-V-P-R-3 - اوف وايت,EL1118443WIT,1.0,3099.0,3099.0,0.0,3099.0,,القاهرة,Cash On Delivery
2006428719,2026-10-01 14:39:16,Oct 01,raneen,raneen,Cookware,طقم حلل جرانيت الفا، 11 قطعة - نحاسي,HO1155015BLK,1.0,2999.0,2999.0,149.95,2849.05,KCH200,الأسكندرية,Cash On Delivery
2006428713,2026-10-01 14:37:27,Oct 01,raneen,raneen,Cookware,طقم حلل جرانيت داي كاست الفا، 11 قطعة - اخضر داكن,HO1155017DGN,1.0,2999.0,2999.0,149.95,2849.05,KCH200,الأسكندرية,Cash On Delivery
2006428704,2026-10-01 14:36:03,Oct 01,raneen,raneen,Air Conditioner,تكييف سبليت كاريير، اكس كول، 1.5 حصان، بارد فقط، KHEFT12N - ابيض,EL1147500WIT,1.0,23999.0,23999.0,0.0,23999.0,,القاهرة,Cash On Delivery
2006428698,2026-10-01 14:35:41,Oct 01,raneen,raneen,Bedding,لحاف فايبر دبل  فيس موديل كريستال، 235×220 سم، 2750 جرام,TX1053106ME1,2.0,569.0,1138.0,56.9,1081.1,TEX200,الغربية,Cash On Delivery
2006428698,2026-10-01 14:35:41,Oct 01,raneen,raneen,Bedding,لحاف فايبر دبل  فيس موديل كريستال، 235×220 سم، 2750 جرام,TX1053106ME0,1.0,569.0,569.0,28.45,540.55,TEX200,الغربية,Cash On Delivery
2006428695,2026-10-01 14:35:39,Oct 01,raneen,raneen,Bowl,طقم بولة بورسلين مستديرة، 6 قطع، 12 سم - ابيض روز,HO1146476WI1,1.0,200.0,200.0,0.0,200.0,,الدقهلية,Free
2006428695,2026-10-01 14:35:39,Oct 01,raneen,raneen,Storage,طقم علب تخزين بقوليات بلاستيك حجازي بلاست، 5 قطع، 1.9 لتر، بالاضافة الي 5 قطع معيار، 180 مل - بينك تركواز,HO1107557MC1,1.0,100.0,100.0,0.0,100.0,,الدقهلية,Free
2006428695,2026-10-01 14:35:39,Oct 01,raneen,raneen,Storage,طقم علب تخزين بلاستيك الهدي، قطعتين - شفاف رمادي,HO1137691CL1,1.0,200.0,200.0,0.0,200.0,,الدقهلية,Free
2006428695,2026-10-01 14:35:39,Oct 01,raneen,raneen,Cleaning Tools &amp; Supplies,طقم باسكت قمامة بلاستيك الهدى، 3 قطع - رمادي داكن زيتوني,HO1137693OL1,1.0,200.0,200.0,0.0,200.0,,الدقهلية,Free
2006428695,2026-10-01 14:35:39,Oct 01,raneen,raneen,Cleaning Tools &amp; Supplies,باسكت قمامة بلاستيك بغطاء تاتش حجازي، 7 لتر- ابيض بيج,HO1147789WIT,3.0,135.0,405.0,0.0,405.0,,الدقهلية,Free
2006428686,2026-10-01 14:35:15,Oct 01,MP,attallah,Mixers &amp; Blenders,كبة و مفرمة سوكاني، وعاء أستانلس، 5.5 لتر، 3 سرعات، 6 شفرات، 1000واط، SK-7077N - فضي,7777031021555-Conf-attallah,1.0,1394.0,1394.0,0.0,1394.0,,القاهرة,Cash On Delivery
2006428680,2026-10-01 14:34:13,Oct 01,MP,coktailstore,Mats,سجادة حمام فاخرة بتصميم حصاة غير قابلة للانزلاق، لون برونزي، لمسة نهائية معدنية ذهبية او فضية، سجادة حمام مستطيلة، سجادة ارضية مقاومة للماء,RAN-3UB4HHZ,1.0,165.0,165.0,8.25,156.75,TEX200,المنيا,Cash On Delivery
2006428680,2026-10-01 14:34:13,Oct 01,MP,lightcart,Mats,سجادة حمام مستطيلة مصنوعة من PVC والتكنيكال فيلفيت باللون الأزرق، مصنوعة بالماكينة، فائقة الامتصاص وغير قابلة للانزلاق وسريعة الجفاف وطاردة للأوساخ. متوفرة بمقاس 50 × 80 سم,RAN-RT424DH,1.0,159.0,159.0,7.95,151.05,TEX200,المنيا,Cash On Delivery
2006428680,2026-10-01 14:34:13,Oct 01,MP,allhomez,Mats,سجادة زرقاء فائقة الامتصاص - 60x40 سم مع طبقة إسفنجية سريعة الجفاف وقاعدة مطاطية غير قابلة للانزلاق - مثالية للحمام والمطبخ ومداخل البيوت,RAN-8P7GVHF,1.0,137.0,137.0,6.85,130.15,TEX200,المنيا,Cash On Delivery
2006428671,2026-10-01 14:33:22,Oct 01,MP,alsorgy,Chargers,شاحن سامسونج، 25 وات، فائق السرعة،  EP-TA800NBEGGB - اسود,AC033-alsorgy,1.0,199.0,199.0,0.0,199.0,,الدقهلية,Free
2006428668,2026-10-01 14:33:04,Oct 01,raneen,raneen,Kitchenware,لوحة تقطيع مستطيلة بلاستيك الشيف، 38×30 سم - متعدد الالوان,HO1078703MC6,1.0,109.0,109.0,5.45,103.55,kch200,القاهرة,Premium Card
2006428668,2026-10-01 14:33:04,Oct 01,raneen,raneen,Water Filters,فلتر تانك باور، 3 مراحل - أبيض,HO1003959WIT,2.0,940.0,1880.0,0.0,1880.0,kch200,القاهرة,Premium Card
2006428662,2026-10-01 14:32:15,Oct 01,MP,lifecare,Kitchenware,مجموعة من 3 قوالب ثلج سيليكون مع غطاء، متعددة الألوان,RAN-ZQA6HGK,1.0,166.0,166.0,0.0,166.0,,السويس,Cash On Delivery
2006428662,2026-10-01 14:32:15,Oct 01,MP,amara,Mixers &amp; Blenders,مفرمة وخلاط ميانتا ، 1000 وات ، وعاء تقطيع سعة 2.5 لتر،3 سرعات ، شفشق خلاط بسعة 2 لتر، FP141435A - اسود,FP141435A-amara,1.0,2389.0,2389.0,0.0,2389.0,,السويس,Cash On Delivery
2006428662,2026-10-01 14:32:15,Oct 01,raneen,raneen,Refrigerators &amp; Freezers,ثلاجة ميني بار ديفروست بيكو، 116 لتر، TSE12340 S - فضي,EL1050935SLV,1.0,12689.0,12689.0,0.0,12689.0,,السويس,Cash On Delivery
2006428659,2026-10-01 14:32:11,Oct 01,raneen,raneen,Cookware,طقم حلل جرانيت داي كاست الفا، 11 قطعة - بيج,HO1155014BEG,1.0,2999.0,2999.0,149.95,2849.05,KCH200,الأسكندرية,Cash On Delivery
2006428650,2026-10-01 14:30:07,Oct 01,MP,goldena,Refrigerators &amp; Freezers,ثلاجة بيكو ، نوفروست ، 367 لتر ، انفرتر ، RDNE420K02DXIDTEG - فضي,9250000012,1.0,20055.0,20055.0,0.0,20055.0,,الجيزة,Cash On Delivery
2006428638,2026-10-01 14:29:00,Oct 01,MP,alarabycenter,Water Dispenser,مبرد مياه فريش، 100 وات، 2 حنفية، بارد/فاتر، FW-17VFBNL - اسود,EL1142020BLK-conf,1.0,5530.0,5530.0,0.0,5530.0,,القاهرة,Cash On Delivery
2006428638,2026-10-01 14:29:00,Oct 01,MP,radiotalaat,Fans,مروحة ستاند فريش، 16 بوصة، 500019464 - نبيتي,194152,1.0,1623.0,1623.0,0.0,1623.0,,القاهرة,Cash On Delivery
2006428629,2026-10-01 14:25:57,Oct 01,MP,aldora,Mattress,مرتبة سرير سوست متصلة سامبا الدورا، طول 195 سم، ارتفاع 23 سم,ALDOMATT8MCL,1.0,3831.0,3831.0,62.17,3768.83,TEX200,الأسكندرية,Cash On Delivery
2006428629,2026-10-01 14:25:57,Oct 01,MP,aldora,Mattress,مرتبة سرير سوست متصلة سامبا الدورا، طول 195 سم، ارتفاع 23 سم,ALDOMATT6MCL,1.0,3194.0,3194.0,51.84,3142.16,TEX200,الأسكندرية,Cash On Delivery
2006428629,2026-10-01 14:25:57,Oct 01,raneen,raneen,Mattress,مرتبة كونترا الدورا، سوست متصلة، 150×195 سم، بارتفاع 27 سم - ابيض رمادي,TX1110556WI1,1.0,5299.0,5299.0,86.0,5213.0,TEX200,الأسكندرية,Cash On Delivery
2006428626,2026-10-01 14:25:53,Oct 01,raneen,raneen,Shoes,شبشب سلايد جلد للاولاد كارلوس,SH1132025B19,1.0,65.0,65.0,0.0,65.0,kCH200,الجيزة,El-Ahly Installments
2006428626,2026-10-01 14:25:53,Oct 01,raneen,raneen,Shoes,شبشب سلايد جلد للرجال كارلوس,SH1132022BY1,1.0,109.0,109.0,0.0,109.0,kCH200,الجيزة,El-Ahly Installments
2006428626,2026-10-01 14:25:53,Oct 01,raneen,raneen,Water Heaters,سخان كهرباء بشاشة LED زانوسي، 50 لتر، ZYE05031WN - أبيض,EL1101598WIT,1.0,4149.0,4149.0,0.0,4149.0,kCH200,الجيزة,El-Ahly Installments
2006428626,2026-10-01 14:25:53,Oct 01,raneen,raneen,Cookware,طقم حلل جرانيت جراندي كوك، 11 قطعة مع هدية 2 قطعة توزيع - اسود,HO1081180BLK,1.0,1499.0,1499.0,74.95,1424.05,kCH200,الجيزة,El-Ahly Installments
2006428626,2026-10-01 14:25:53,Oct 01,raneen,raneen,Tops and T-shirts,سويت شيرت ميلتون للرجال,FS1141430BLK,1.0,255.0,255.0,0.0,255.0,kCH200,الجيزة,El-Ahly Installments
2006428620,2026-10-01 14:24:44,Oct 01,raneen,raneen,Televisions,تلفزيون سمارت سامسونج، 32 بوصة، LED ، HD، ريسيفر داخلي، ريموت كنترول، UA32H5000FUXEG - أسود,EL1137979BLK,2.0,8399.0,16798.0,0.0,16798.0,,القاهرة,Premium Card
2006428614,2026-10-01 14:21:21,Oct 01,MP,attallah,Mixers &amp; Blenders,كبة سوكاني، 400 وات، 2 لتر، SK-7020 - اسود فضى,el1096274blk-conf-attallah,1.0,642.0,642.0,0.0,642.0,,الأسكندرية,Cash On Delivery
2006428611,2026-10-01 14:20:44,Oct 01,raneen,raneen,Pressure Cooker,حلة ضغط ستانلس ستيل زينوكس، 12 لتر - فضي اسود,HO1090770BLK,1.0,1899.0,1899.0,0.0,1899.0,,الغربية,Credit/Debit Card
2006428608,2026-10-01 14:20:27,Oct 01,MP,coktailstore,Kitchenware,قالب مكعبات الثلج الأكريليك بتصميم أنيق وغطاء محكم,RAN-JGGEMZD,1.0,225.0,225.0,11.25,213.75,KCH200 ,بني سويف,Free
4000170218,2026-10-01 14:19:46,Oct 01,MP,elmasriastore,Laptop Accessories,Arctic Mx-6 Ultimate Performance Thermal Compound (4G),CLP016,1.0,150.0,150.0,0.0,150.0,,بور سعيد,Cash On Delivery
2006428605,2026-10-01 14:17:59,Oct 01,raneen,raneen,Dishwasher,غسالة اطباق اريستون، 13 فرد، 60 سم، 5 برامج، DFN436X - فضي,EL1150480SLV,1.0,21379.0,21379.0,0.0,21379.0,,سوهاج,Cash On Delivery
2006428596,2026-10-01 14:16:31,Oct 01,raneen,raneen,Cookware,صينية فرن بالغطاء الومنيوم ماجيك، 24 سم - فضي,HO1145777SLV,1.0,200.0,200.0,10.0,190.0,KCH200,أسيوط,Cash On Delivery
2006428596,2026-10-01 14:16:31,Oct 01,raneen,raneen,Cookware,صينية فرن الومنيوم شيف كوك، 24 سم - فضي,HO1147879SLV,1.0,115.0,115.0,5.75,109.25,KCH200,أسيوط,Cash On Delivery
2006428590,2026-10-01 14:16:07,Oct 01,raneen,raneen,Washers &amp; Dryer,غسالة ملابس هاف اوتوماتيك ايه تي ايه، حوضين، 10 كيلو، تحميل علوي، مزودة بطلمبة، AWH10TT910/P - ابيض ازرق فاتح,EL1156247WI1,1.0,5749.0,5749.0,0.0,5749.0,,الأسكندرية,Credit/Debit Card
2006428587,2026-10-01 14:15:47,Oct 01,raneen,raneen,Kettles,غلاية كهربائية فريش، 2200 وات، 1.7 لتر، ESK17154 - اسود,EL1059782SLV,1.0,829.0,829.0,0.0,829.0,,القاهرة,Cash On Delivery
2006428569,2026-10-01 14:12:48,Oct 01,MP,ocean,Shaving &amp; Grooming,ماكينة تشذيب شعر فى جى ار للرجال، 5 وات، VGR-105 - رمادي,OCEAn-2900,1.0,899.0,899.0,0.0,899.0,,الغربية,Cash On Delivery
2006428566,2026-10-01 14:12:44,Oct 01,MP,tatto,Water Heaters,سخان مياه كهرباء تورنيدو، 50 لتر، TEEE-50MW - ابيض,TEEE50MWWIT-tatto,1.0,6480.0,6480.0,0.0,6480.0,,الجيزة,Cash On Delivery
2006428560,2026-10-01 14:08:32,Oct 01,raneen,raneen,Cleaning Tools &amp; Supplies,جردل مسح 2 عين بالغطاء بلاستيك سمارت حجازي بلاست، مزود بماسحة باركية، 2 غيار، 22×19×37 سم - بيج رمادي,HO1114685BG1,2.0,200.0,400.0,20.0,380.0,kch200,الجيزة,Cash On Delivery
2006428560,2026-10-01 14:08:32,Oct 01,raneen,raneen,Dinnerware,طبق فاكهة باشابتشى، PA-10442 - شفاف,HO1043057CLR,1.0,200.0,200.0,10.0,190.0,kch200,الجيزة,Cash On Delivery
2006428560,2026-10-01 14:08:32,Oct 01,raneen,raneen,Home Decor,شیالة حلويات زجاج، 3 دور، بالاضافة الي ستاند، بارتفاع 37 سم - شفاف ذهبي,HO1157070LBR,1.0,239.0,239.0,0.0,239.0,kch200,الجيزة,Cash On Delivery
2006428560,2026-10-01 14:08:32,Oct 01,raneen,raneen,Serveware,طقم صوانى تقديم مستطيله ستانلس ستيل ارشيا، قطعتين - ذهبي,HO1143631GL5,1.0,699.0,699.0,34.95,664.05,kch200,الجيزة,Cash On Delivery
2006428560,2026-10-01 14:08:32,Oct 01,MP,safktna,Kitchenware,طقم توزيع للمطبخ سيليكون مكون من 12 قطعه - رمادي,3375640-safktna,1.0,325.0,325.0,16.25,308.75,kch200,الجيزة,Cash On Delivery
2006428560,2026-10-01 14:08:32,Oct 01,raneen,raneen,Knife &amp; Cutters,طقم سكاكين ستانلس ستيل باس، 7 قطع، بالحامل - اسود فضي,HO1044932BE7,1.0,599.0,599.0,29.95,569.05,kch200,الجيزة,Cash On Delivery
2006428548,2026-10-01 14:05:57,Oct 01,raneen,raneen,Water Heaters,سخان مياه كهربائي اريستون، 50 لتر، RUBIS50VEG - ابيض,EL1129298WIT,1.0,3659.0,3659.0,0.0,3659.0,,الجيزة,Cash On Delivery
2006428536,2026-10-01 14:04:44,Oct 01,raneen,raneen,Televisions,تلفزيون سمارت سامسونج، 75 بوصة، UHD، مزود برسيفر داخلى، UA75U8000HUXEG - اسود,EL1147150BLK,1.0,14.0,14.0,0.0,14.0,,المنوفية,Credit/Debit Card
2006428518,2026-10-01 14:01:06,Oct 01,MP,antikawoodfurniture,TV Table,ترابيزة تلفاز خشب أم دي أف، 140×30×40 سم - بنى,catTVCAT51-antikawoodfurniture,1.0,3339.0,3339.0,500.0,2839.0,OFF500,القاهرة,Cash On Delivery
2006428506,2026-10-01 13:58:13,Oct 01,MP,lazord,Cookware,طقم جريل مربع مع قلاية جرانيت لازورد، قطعتين - اسود,6224010564060,1.0,759.0,759.0,0.0,759.0,,الجيزة,Cash On Delivery
2006428494,2026-10-01 13:56:53,Oct 01,MP,elswalhy,Water Heaters,سخان مياة كهربائي فورى اريستون، 9.5 كيلو وات، AURES M 9.5 EU - ابيض اسود,199212090002-elswalhy,1.0,10699.0,10699.0,0.0,10699.0,,الجيزة,Cash On Delivery
2006428488,2026-10-01 13:56:13,Oct 01,MP,woodenfurniture,TV Table,ترابيزة تليفزيون خشب ام دي اف، 160x47x30 سم - ابيض بيج,MFE22Wooden,1.0,2249.0,2249.0,0.0,2249.0,,سوهاج,Cash On Delivery
2006428485,2026-10-01 13:55:58,Oct 01,MP,elitefurniture,Side Table,ترابيزة جانبية خشب ام دي اف، 35×50 سم - بينك اسود,elitefurniture-9,1.0,459.0,459.0,0.0,459.0,,الجيزة,Cash On Delivery
2006428476,2026-10-01 13:52:49,Oct 01,MP,alaasasmarketplace,Underwear’s,مجموعة ملابس داخلية للسيدات دايس، قطن، 6 قطع,3dice-under-print6-7-1191,1.0,529.0,529.0,0.0,529.0,KCH200,القليوبية,Free
2006428476,2026-10-01 13:52:49,Oct 01,raneen,raneen,Tanks,زجاجه مياه تانك، 0.75 لتر - رمادي ابيض,HO1003950GRY,1.0,129.0,129.0,6.45,122.55,KCH200,القليوبية,Free
2006428476,2026-10-01 13:52:49,Oct 01,raneen,raneen,Tanks,ايس تانك بالفلتر، 16 لتر - ازرق ابيض,HO1057296BLU,1.0,449.0,449.0,22.45,426.55,KCH200,القليوبية,Free
2006428476,2026-10-01 13:52:49,Oct 01,raneen,raneen,Tanks,ايس تانك بالفلتر، 16 لتر - احمر,HO1057296RED,1.0,449.0,449.0,22.45,426.55,KCH200,القليوبية,Free
2006428473,2026-10-01 13:52:18,Oct 01,raneen,raneen,Cookers,بوتاجاز غاز فريش ماستر، 4 شعلة،60×60 سم،نصف امان، شواية، 17281 - فضي,EL1110833SLV,1.0,8399.0,8399.0,0.0,8399.0,,الجيزة,Cash On Delivery
2006428473,2026-10-01 13:52:18,Oct 01,MP,salemelectric,Water Heaters,سخان مياه كهرباء ريلاكس فريش، 50 لتر - ابيض,500008902WIT-CONF-salemelectric,1.0,3129.0,3129.0,0.0,3129.0,,الجيزة,Cash On Delivery
2006428473,2026-10-01 13:52:18,Oct 01,MP,beharystores,Refrigerators &amp; Freezers,ثلاجة نوفروست ميديا، 2 باب، فريزر بالاعلى، 411 لتر، تكنولوجيا الانفرتر، MDRT580MTN45D - اسود,EL1150478BLK-beharystores,1.0,22799.0,22799.0,0.0,22799.0,,الجيزة,Cash On Delivery
2006428473,2026-10-01 13:52:18,Oct 01,MP,ammerkatosh,Washers &amp; Dryer,غسالة ملابس اتوماتيك فريش، تحميل علوي، 7 كيلو جرام، 500013520 - فضي,EL1130478SLV-AMMERKATOSH,1.0,8534.0,8534.0,0.0,8534.0,,الجيزة,Cash On Delivery
2006428467,2026-10-01 13:50:08,Oct 01,MP,attallah,Water Heaters,سخان مياه غاز فريش، 6 لتر - فضي,B09HL2KZSNSLV,1.0,4450.0,4450.0,0.0,4450.0,,القليوبية,Cash On Delivery
2006428455,2026-10-01 13:47:07,Oct 01,raneen,raneen,Water Heaters,سخان كهرباء اريستون، 30 لتر، 1200 وات، RUBIS30VEG - ابيض,EL1129296WIT,1.0,3479.0,3479.0,0.0,3479.0,,القاهرة,Cash On Delivery
2006428452,2026-10-01 13:46:50,Oct 01,raneen,raneen,Towels,برنس قطن السعداوي، 1200 جرام تقريبا، مقاس موحد - اوف وايت,TX1154366OFW,1.0,499.0,499.0,0.0,499.0,,الشرقية,Cash On Delivery
2006428452,2026-10-01 13:46:50,Oct 01,raneen,raneen,Bedding,دفاية سرير قطيفة، 220×230 سم - بني,TX1154371BRN,2.0,189.0,378.0,0.0,378.0,,الشرقية,Cash On Delivery
2006428452,2026-10-01 13:46:50,Oct 01,raneen,raneen,Bedding,دفاية سرير قطيفة دراجون، 210×210 سم، 750 جرام - بيج,TX1156362BEG,1.0,219.0,219.0,0.0,219.0,,الشرقية,Cash On Delivery
2006428452,2026-10-01 13:46:50,Oct 01,raneen,raneen,Bedding,دفاية سرير قطيفة، 220×230 سم - موف,TX1154371MOV,1.0,189.0,189.0,0.0,189.0,,الشرقية,Cash On Delivery
4000170215,2026-10-01 13:46:02,Oct 01,raneen,raneen,Mats,"Leather×Moquette Door Mat, 75×45 cm - Black",TX1090700BK3,1.0,299.0,299.0,14.95,284.05,TEX200,الجيزة,Cash On Delivery
4000170215,2026-10-01 13:46:02,Oct 01,MP,elsayaadmirror,Mirror,"Glass Aesthetic Modern Mirror with Led Lightning , Geometric Shape, 80×60 cm - Black",SAY-M57-60,1.0,1300.0,1300.0,0.0,1300.0,TEX200,الجيزة,Cash On Delivery
2006428425,2026-10-01 13:40:57,Oct 01,raneen,raneen,Fans,مروحة حائط جيت ماكس تاتش الزنوكى، 18 بوصة، 40165W - ابيض,EL1145650WIT,1.0,1409.0,1409.0,0.0,1409.0,,الجيزة,Cash On Delivery
2006428425,2026-10-01 13:40:57,Oct 01,raneen,raneen,Kettles,غلاية مياه كهربائية بيركس فريش، 1.7 لتر 2200 وات، EGK17000 - ازرق شفاف,EL1069768BL1,1.0,790.0,790.0,0.0,790.0,,الجيزة,Cash On Delivery
2006428422,2026-10-01 13:39:52,Oct 01,raneen,raneen,Tops and T-shirts,تيشيرت قطن نص كم للبنات,FS1144884MV0,1.0,85.0,85.0,4.25,80.75,F150,القاهرة,Cash On Delivery
2006428419,2026-10-01 13:37:37,Oct 01,raneen,raneen,Kitchenware,طقم مصفاه بلاستيك الهدي، 4 قطع - متعدد الالوان,HO1146967MA2,1.0,100.0,100.0,0.0,100.0,,القاهرة,Cash On Delivery
2006428419,2026-10-01 13:37:37,Oct 01,raneen,raneen,Storage,طقم علب ثلاجة بلاستيك الهدي، 14 قطعة - متعدد الالوان,HO1111641MC2,1.0,119.0,119.0,0.0,119.0,,القاهرة,Cash On Delivery
2006428419,2026-10-01 13:37:37,Oct 01,raneen,raneen,Drinkware,طقم مج زجاج لومينارك، 6 قطع، 220 مل - شفاف,HO1137741CLR,1.0,170.0,170.0,0.0,170.0,,القاهرة,Cash On Delivery
2006428419,2026-10-01 13:37:37,Oct 01,raneen,raneen,Kitchenware,طقم بلانشة تقطيع بلاستيك، 3 قطع - متعدد الالوان,HO1140823MC2,1.0,200.0,200.0,0.0,200.0,,القاهرة,Cash On Delivery
2006428419,2026-10-01 13:37:37,Oct 01,raneen,raneen,Storage,طقم علب بقوليات بلاستيك، 5 قطع - رمادي داكن,HO1147694DGY,1.0,100.0,100.0,0.0,100.0,,القاهرة,Cash On Delivery
2006428419,2026-10-01 13:37:37,Oct 01,raneen,raneen,Cookware,طقم طاجن فخار، 3 قطع - بني,HO1103090BR1,1.0,55.0,55.0,0.0,55.0,,القاهرة,Cash On Delivery
2006428419,2026-10-01 13:37:37,Oct 01,raneen,raneen,Serveware,طقم صواني تقديم ميلامين مستطيلة الشريف، 3 قطع - اسود اصفر,HO1116669MC9,1.0,249.0,249.0,0.0,249.0,,القاهرة,Cash On Delivery
2006428419,2026-10-01 13:37:37,Oct 01,raneen,raneen,Baking Tools,قالب شيكولاته سيليكون الشيف، 20×10 سم، 12 عين - كشمير,HO1005527KS5,1.0,39.0,39.0,0.0,39.0,,القاهرة,Cash On Delivery
2006428419,2026-10-01 13:37:37,Oct 01,raneen,raneen,Kitchenware,طقم توزيع سيليكون الشيف، بيد بلاستيك، 3 قطع - متعدد الالوان,HO1118973MZ2,1.0,74.0,74.0,0.0,74.0,,القاهرة,Cash On Delivery
2006428419,2026-10-01 13:37:37,Oct 01,raneen,raneen,Bowl,طقم بوله بلاستيك إيليت، 6 قطع، 11 سم - كشمير,HO1148725KSH,1.0,85.0,85.0,0.0,85.0,,القاهرة,Cash On Delivery
2006428419,2026-10-01 13:37:37,Oct 01,raneen,raneen,Drinkware,طقم كاسات عصير زجاج، 6 قطع، 350 مل - شفاف,HO1076520CLR,1.0,65.0,65.0,0.0,65.0,,القاهرة,Cash On Delivery
2006428419,2026-10-01 13:37:37,Oct 01,raneen,raneen,Bowl,بولة تسالي بالغطاء زجاج كارما، 200 مل - شفاف,HO1113603CLR,1.0,45.0,45.0,0.0,45.0,,القاهرة,Cash On Delivery
2006428419,2026-10-01 13:37:37,Oct 01,raneen,raneen,Home Decor,بونبونيرة زجاج بالغطاء جلاكسي جلاس، 13 سم - شفاف,HO1113400CLR,1.0,29.0,29.0,0.0,29.0,,القاهرة,Cash On Delivery
2006428419,2026-10-01 13:37:37,Oct 01,raneen,raneen,Drinkware,طقم أكواب زجاج بوهيما، 12 قطعة - شفاف ذهبي,HO1141082CL1,1.0,699.0,699.0,0.0,699.0,,القاهرة,Cash On Delivery
2006428419,2026-10-01 13:37:37,Oct 01,raneen,raneen,Drinkware,طقم كاس عصير زجاج باشابتشي، 12 قطعة - شفاف,HO1139846CLR,1.0,399.0,399.0,0.0,399.0,,القاهرة,Cash On Delivery
2006428419,2026-10-01 13:37:37,Oct 01,raneen,raneen,Cookware,طقم طاجن فخار، 6 قطع - بني,HO1109701BRN,1.0,100.0,100.0,0.0,100.0,,القاهرة,Cash On Delivery
2006428419,2026-10-01 13:37:37,Oct 01,MP,alliance,Kitchenware,مجموعة مصافي شبكية من الفولاذ المقاوم للصدأ، 3 قطع، مع مقابض مريحة للشاي والعصير والدقيق,RAN-PGBHBD7,1.0,93.0,93.0,0.0,93.0,,القاهرة,Cash On Delivery
2006428419,2026-10-01 13:37:37,Oct 01,raneen,raneen,Drinkware,كوب عصير زجاج، 400 مل - شفاف,HO1129659CL1,4.0,19.0,76.0,0.0,76.0,,القاهرة,Cash On Delivery
2006428419,2026-10-01 13:37:37,Oct 01,raneen,raneen,Kitchenware,طقم زجاجة زيت وخل زجاج، قطعتين، 250 مل - شفاف,HO1125133CLR,1.0,80.0,80.0,0.0,80.0,,القاهرة,Cash On Delivery
2006428419,2026-10-01 13:37:37,Oct 01,raneen,raneen,Storage,علبة تخزين بلاستيك ماكس بلاست، فتحة سكب، بغطاء 1.5 لتر - اسود,HO1110516BLK,1.0,42.0,42.0,0.0,42.0,,القاهرة,Cash On Delivery
2006428419,2026-10-01 13:37:37,Oct 01,raneen,raneen,Drinkware,طقم مج زجاج قنديل، 6 قطع، 130 مل - شفاف,HO1156601CLR,2.0,100.0,200.0,0.0,200.0,,القاهرة,Cash On Delivery
2006428419,2026-10-01 13:37:37,Oct 01,raneen,raneen,Serveware,طقم خشاف زجاج الماس جلاس، 6 قطع، 10 سم - شفاف,HO1136423CLR,1.0,75.0,75.0,0.0,75.0,,القاهرة,Cash On Delivery
2006428416,2026-10-01 13:36:53,Oct 01,raneen,raneen,Cookware,طقم حلل تيفال ارمتال بغطاء تيفال زهران، 7 قطع - احمر داكن,HO1063674DRD,1.0,3999.0,3999.0,0.0,3999.0,,البحيرة,Cash On Delivery
2006428413,2026-10-01 13:32:53,Oct 01,raneen,raneen,Dinnerware,طقم عشاء زجاج ريو جلاس، 18 قطعة - شفاف,HO1072659CL2,1.0,200.0,200.0,0.0,200.0,,أسيوط,Cash On Delivery
2006428407,2026-10-01 13:31:56,Oct 01,MP,antikawoodfurniture,Wardrobe,دولاب ملابس ماميز، مزود بارفف واسعة للتعليق والتخزين ، 100x200x50 سم، خشب خشب شيب بورد - ابيض,Mommies-antikawoodfurniture,1.0,7999.0,7999.0,500.0,7499.0,OFF500,القاهرة,Cash On Delivery
2006428398,2026-10-01 13:27:20,Oct 01,raneen,raneen,Cookware,طقم حلل ستانلس ستيل سمارت زينوكس، 10 قطع - فضي,HO1148366SLV,1.0,3199.0,3199.0,159.95,3039.05,KCH200,الشرقية,Cash On Delivery
2006428395,2026-10-01 13:26:24,Oct 01,MP,salemelectric,Dishwasher,غسالة أطباق بيكو، 60 سم، 14 فرد، 5 برنامج، BDFN15420S - فضي,EL1097221SLV-conf-salemelectric,1.0,18399.0,18399.0,0.0,18399.0,,الأسكندرية,Cash On Delivery
2006428392,2026-10-01 13:25:36,Oct 01,MP,abdelaziz,Shaving &amp; Grooming,ماكينة حلاقة الشعر برو لي اوتلاينر V 096 للرجال من في جي ار احترافية لاسلكية مع مجموعة بمحرك مزدوج وقت التشغيل: 400 دقيقة بطارية ليثيوم ايون 2000 مللي امبير الساعة ذهبي,V-096,1.0,1149.0,1149.0,0.0,1149.0,,القاهرة,El-Ahly Installments
2006428380,2026-10-01 13:19:46,Oct 01,MP,futurefurniture,Beds,سرير سوبر كينج زان ، قطيفه ، 160×200×120 سم - بيج,Futf23,1.0,6049.0,6049.0,500.0,5549.0,OFF500,الجيزة,Cash On Delivery
2006428365,2026-10-01 13:17:34,Oct 01,raneen,raneen,Dinnerware,طقم عشاء زجاج ريو جلاس، 18 قطعة - شفاف,HO1072659CL2,1.0,200.0,200.0,0.0,200.0,,أسيوط,Cash On Delivery
2006428362,2026-10-01 13:16:56,Oct 01,MP,ocean,Vacuum Cleaners,مكنسة كهربائية 2 في 1 BISSELL Featherweight، خفيفة الوزن وقوية، تنظيف سريع,RAN-N4W2NVX,1.0,3489.0,3489.0,0.0,3489.0,,المنوفية,Cash On Delivery
2006428362,2026-10-01 13:16:56,Oct 01,MP,coktailstore,Cleaning Tools &amp; Supplies,مساحة موب مع جردل 360 درجة - بعصارة ذكية للتنظيف الجاف والرطب - فوطتين - الوان متنوعة,RAN-B9HAJDM,1.0,450.0,450.0,0.0,450.0,,المنوفية,Cash On Delivery
2006428362,2026-10-01 13:16:56,Oct 01,raneen,raneen,Cookware,طقم حلل تيفال تروفال، 12 قطعة - احمر داكن,HO1139425DRD,1.0,1999.0,1999.0,0.0,1999.0,,المنوفية,Cash On Delivery
2006428362,2026-10-01 13:16:56,Oct 01,raneen,raneen,Cookware,طقم حلل ستانلس ستيل سمارت زينوكس، 10 قطع - فضي,HO1148366SLV,1.0,3199.0,3199.0,0.0,3199.0,,المنوفية,Cash On Delivery
2006428362,2026-10-01 13:16:56,Oct 01,raneen,raneen,Kitchenware,طقم برطمان توابل زجاج بغطاء بلاستيك، 15 قطعة، 120 مل، مزود بقمع تعبئة - اسود,HO1110579BLK,1.0,150.0,150.0,0.0,150.0,,المنوفية,Cash On Delivery
2006428362,2026-10-01 13:16:56,Oct 01,raneen,raneen,Cutlery &amp; Flatware Set,طقم ادوات مائدة ستانلس ستيل ارشيا دريم، 86 قطعة - فضي,HO1113771SLV,1.0,1999.0,1999.0,0.0,1999.0,,المنوفية,Cash On Delivery
2006428347,2026-10-01 13:14:47,Oct 01,MP,razgallery,Pillows,مجموعة 2 مخدة سرير فايبر، مع 2 خدادية - ابيض,MP9900-razgallery,1.0,854.0,854.0,42.7,811.3,tex200,القليوبية,Cash On Delivery
2006428347,2026-10-01 13:14:47,Oct 01,raneen,raneen,Mattress,مرتبة سرير سوست متصلة سامبا الدورا، طول 190 سم، ارتفاع 23 سم,TX1155034WI1,1.0,3029.0,3029.0,151.45,2877.55,tex200,القليوبية,Cash On Delivery
2006428341,2026-10-01 13:12:12,Oct 01,MP,asmagroup,Microwaves &amp; Ovens,ميكروويف توشيبا، 45 لتر، 1200 وات، اذابة الثلج، مستشعر ذكي، ديجيتال ML3-EM45PFI(MB) - اسود,ML3-EM45PFI(MB)-asmagroup,1.0,9499.0,9499.0,0.0,9499.0,,المنيا,Cash On Delivery
2006428338,2026-10-01 13:09:43,Oct 01,MP,thewonders,Cleaning Tools &amp; Supplies,مزيل وبر سوكاني، يعمل بالشحن، حاوية تجميع للوبر، Sk-882 - بينك,DASK882PNK-thewonders,1.0,210.0,210.0,10.5,199.5,KCH200,القاهرة,Paymob Wallet
2006428338,2026-10-01 13:09:43,Oct 01,MP,coktailstore,Cleaning Tools &amp; Supplies,مساحة شبابيك زجاجية قابلة للدوران 360 درجة لتنظيف المنزل مع مقبض طويل,RAN-E6Y2729,1.0,119.0,119.0,5.95,113.05,KCH200,القاهرة,Paymob Wallet
2006428338,2026-10-01 13:09:43,Oct 01,MP,tibatrading,Cleaning Tools &amp; Supplies,مساحة مضغوطة مسطحة من المايكروفايبر من جيه ام ايه ام 360 درجة مع عصر ذاتي بدون استخدام اليدين بدون دلو لتنظيف الارضيات الخشبية والرخام والبلاط للمنزل والمكتب، 1 وسادة مساحة اضافية (مساحة زرقاء، 1),RAN-C4J7P6U,1.0,150.0,150.0,7.5,142.5,KCH200,القاهرة,Paymob Wallet
2006428338,2026-10-01 13:09:43,Oct 01,MP,hometech2024,Cleaning Tools &amp; Supplies,زعافة تنظيف سقف من المايكروفايبر بيد تلسكوبية من الفولاذ المقاوم للصدأ حتى 2.5 متر – رأس مرنة قابلة للثني – للاستخدام,RAN-X2J6WVU,1.0,149.0,149.0,7.45,141.55,KCH200,القاهرة,Paymob Wallet
2006428338,2026-10-01 13:09:43,Oct 01,MP,coktailstore,Cleaning Tools &amp; Supplies,كبسولات تنظيف غسالة فوارة للصدأ وإزالة الترسبات في الموجودة في الغسالة - 12 كبسولة في كل علبة,RAN-HBSHMR7,1.0,89.0,89.0,4.45,84.55,KCH200,القاهرة,Paymob Wallet
2006428338,2026-10-01 13:09:43,Oct 01,raneen,raneen,Storage,تربو مطبخ معدن مستدير المغربي، 4 دور، 60×29 سم - اسود,HO1113181BK1,1.0,749.0,749.0,37.45,711.55,KCH200,القاهرة,Paymob Wallet
2006428338,2026-10-01 13:09:43,Oct 01,raneen,raneen,Bowl,عجان ستانلس ستيل، 32 سم - فضي,HO1156907SLV,1.0,127.0,127.0,6.35,120.65,KCH200,القاهرة,Paymob Wallet
2006428338,2026-10-01 13:09:43,Oct 01,raneen,raneen,Cleaning Tools &amp; Supplies,سبت غسيل الهلال والنجمة، 34×42 سم - بيج,HO1072544BEG,3.0,221.0,663.0,33.15,629.85,KCH200,القاهرة,Paymob Wallet
2006428338,2026-10-01 13:09:43,Oct 01,raneen,raneen,Plastic &amp; Paper Products,طقم شاليموه ستانلس ستيل، 7 قطع - فضي,HO1113522SLV,1.0,65.0,65.0,3.25,61.75,KCH200,القاهرة,Paymob Wallet
2006428332,2026-10-01 13:08:47,Oct 01,raneen,raneen,Dinnerware,طبق عميق بورسلين جروب تايجر، 20 سم - ابيض,HO1155083WI1,1.0,60.0,60.0,0.0,60.0,,دمياط,Cash On Delivery
2006428332,2026-10-01 13:08:47,Oct 01,raneen,raneen,Cleaning Tools &amp; Supplies,جردل مسح 2 عين بالغطاء بلاستيك سمارت حجازي بلاست، مزود بماسحة باركية، 2 غيار، 22×19×37 سم - بيج رمادي,HO1114685BG1,1.0,200.0,200.0,0.0,200.0,,دمياط,Cash On Delivery
2006428320,2026-10-01 13:03:59,Oct 01,raneen,raneen,Bed Sheets,طقم ملاية سرير لازورد، 3 قطع، 170×240 سم - بينك ابيض,TX1015868MZ2,1.0,149.0,149.0,7.45,141.55,TEX200,القاهرة,Credit/Debit Card
2006428320,2026-10-01 13:03:59,Oct 01,MP,attallah,Washers &amp; Dryer,غسالة ملابس فوق اوتوماتيك توشيبا، 9 كيلو، AW-J900DUPEG (MK) - فضي داكن,AW-J900DUPEG (MK)-attallah,1.0,13500.0,13500.0,0.0,13500.0,TEX200,القاهرة,Credit/Debit Card
2006428320,2026-10-01 13:03:59,Oct 01,raneen,raneen,Bed Sheets,طقم ملاية سرير لازورد، 3 قطع، 170×240 سم - ازرق احمر,TX1015868MZ8,1.0,149.0,149.0,7.45,141.55,TEX200,القاهرة,Credit/Debit Card
2006428320,2026-10-01 13:03:59,Oct 01,MP,pure,Pillows,مخدة براند بيور، فايبر ، 100 × 40 سم - ابيض,Relax Plus-13,1.0,249.0,249.0,12.45,236.55,TEX200,القاهرة,Credit/Debit Card
2006428320,2026-10-01 13:03:59,Oct 01,raneen,raneen,Cookers,بوتاجاز روك فريش، 5 شعلة، 60×90 سم، سطح ستانلس ستيل، امان كامل، اشعال ذاتي، مروحة، شوايه - فضي,EL1142745SLV,1.0,14099.0,14099.0,0.0,14099.0,TEX200,القاهرة,Credit/Debit Card
2006428317,2026-10-01 13:03:08,Oct 01,raneen,raneen,Air Conditioner,تكييف سبليت فريش، 1.25 حصان، بارد، تربو، FUFW09CO-X1 - ابيض,EL1143260WIT,1.0,15679.0,15679.0,0.0,15679.0,,القاهرة,Cash On Delivery
2006428317,2026-10-01 13:03:08,Oct 01,raneen,raneen,Storage,تروللي بلاستيك مستطيل الهدى، 5 دور، 105×44×30 سم - اسود رمادي,HO1141592BK1,1.0,200.0,200.0,0.0,200.0,,القاهرة,Cash On Delivery
2006428317,2026-10-01 13:03:08,Oct 01,MP,attallah,Washers &amp; Dryer,غسالة ملابس فريش ستار، حوضين، 7 كجم، Star - ابيض,RTRADE-KK-WIT-attallah,1.0,5740.0,5740.0,0.0,5740.0,,القاهرة,Cash On Delivery
2006428317,2026-10-01 13:03:08,Oct 01,MP,rafae3dotcom,Irons,مكواة جافة بقوة 1200 واط مع تحكم في درجة الحرارة - لون أبيض,RAN-BEU8BJV,1.0,489.0,489.0,0.0,489.0,,القاهرة,Cash On Delivery
2006428311,2026-10-01 13:01:26,Oct 01,MP,smartfuture,Water Dispenser,مبرد مياه سمارت ديجيتال مع ماكينة تحضير شاي بيورتي ، بارد - ساخن ، PFK68WH - ابيض,smartfuture115,4.0,10990.0,43960.0,0.0,43960.0,,الجيزة,Cash On Delivery
2006428305,2026-10-01 13:00:43,Oct 01,raneen,raneen,Home &amp; Balcony Essentials,كرسي بلاستيك، 80×45 سم - بني,HO1139514BR1,4.0,200.0,800.0,40.0,760.0,KCH200,القاهرة,Cash On Delivery
2006428305,2026-10-01 13:00:43,Oct 01,raneen,raneen,Home &amp; Balcony Essentials,ترابيزة بلاستيك مربعة سفير، برف سفلي، 60×65 سم - رمادي,HO1137090GRY,1.0,299.0,299.0,14.95,284.05,KCH200,القاهرة,Cash On Delivery
2006428299,2026-10-01 13:00:11,Oct 01,MP,attallah,Fans,مروحة حائط فريش شبح ، 18 بوصة، 500004473 - اسود احمر,IST50000447315-attallah,3.0,1802.0,5406.0,0.0,5406.0,,القاهرة,Cash On Delivery
2006428296,2026-10-01 12:59:56,Oct 01,MP,egyptlaptop,Printers,طابعة ايكوتانك ابسون، متعددة الوظائف، طباعة، نسخ، مسح ضوئي، L3250 - اسود,L3250-egyptlaptop,1.0,8999.0,8999.0,0.0,8999.0,,الأسكندرية,Cash On Delivery
2006428284,2026-10-01 12:58:19,Oct 01,raneen,raneen,Cookware,طقم طاجن فرن المونيوم الأهرام، 3 قطع - فضي,HO1109783SLV,1.0,1399.0,1399.0,0.0,1399.0,,المنوفية,Cash On Delivery
2006428281,2026-10-01 12:57:38,Oct 01,raneen,raneen,Air Conditioner,تكييف سبليت كاريير، اكس كول، 1.5 حصان، بارد فقط، KHEFT12N - ابيض,EL1147500WIT,1.0,23999.0,23999.0,0.0,23999.0,,القاهرة,Cash On Delivery
2006428281,2026-10-01 12:57:38,Oct 01,raneen,raneen,Air Conditioner,تكيف سبليت كاريير أكس كول، 2.25 حصان، بارد فقط، KHEFT18N8-708FR32 - ابيض,EL1147501WIT,1.0,34499.0,34499.0,0.0,34499.0,,القاهرة,Cash On Delivery
2006428266,2026-10-01 12:50:56,Oct 01,raneen,raneen,Air Conditioner,تكييف ارتيفاي يونيون اير، 1.5 حصان، بارد فقط، إنفرتر، بلازما، INV-ARTI012CY50XFR-SG-SER - ابيض,ELKIT1895WIT,1.0,17659.0,17659.0,0.0,17659.0,,القاهرة,Cash On Delivery
2006428257,2026-10-01 12:50:07,Oct 01,raneen,raneen,Refrigerators &amp; Freezers,ديب فريزر راسي نوفروست توشيبا، 238 لتر، 7 درج ، GR-RU312WE-DMN(37H) - رمادي داكن,EL1110864DGY,1.0,26899.0,26899.0,0.0,26899.0,,الجيزة,Cash On Delivery
2006428251,2026-10-01 12:49:15,Oct 01,raneen,raneen,Water Filters,فلتر مياه تانك باور بلس، 5 مراحل - ابيض,HO1003958WIT,1.0,1489.0,1489.0,0.0,1489.0,,القاهرة,El-Ahly Installments
2006428251,2026-10-01 12:49:15,Oct 01,raneen,raneen,Mixers &amp; Blenders,كبة لحوم فريش، 700 وات، 2 لتر، 6 شفرات، CH-700AS - اسود فضي,EL1116270BNS,1.0,1460.0,1460.0,0.0,1460.0,,القاهرة,El-Ahly Installments
2006428248,2026-10-01 12:48:38,Oct 01,raneen,raneen,Mattress,مرتبة رومبا دبل نت الدورا، سوست متصلة، 120×195 سم، بارتفاع 25 سم - ابيض بني,TX1110553WI2,1.0,3699.0,3699.0,184.95,3514.05,TEX200,الغربية,Cash On Delivery
2006428245,2026-10-01 12:48:02,Oct 01,raneen,raneen,Cookware,طقم طاجن زجاج حراري تركي بورجام، 5 قطع - شفاف,HO1097904CLR,2.0,599.0,1198.0,0.0,1198.0,,قنا,Paymob Wallet
2006428230,2026-10-01 12:45:36,Oct 01,MP,ocean,Irons,مكواة بخار فيليبس - تدفق بخار مستمر 25 جرام في الدقيقة و 90 جم/دقيقة مع زيادة للأقمشة الرقيقة/الخفيفة - 2000 واط - 220 مل - 50/60 هرتز - EasySpeed GC,RAN-WDFVU2Z,1.0,1780.0,1780.0,0.0,1780.0,,الشرقية,Cash On Delivery
2006428221,2026-10-01 12:44:22,Oct 01,raneen,raneen,Bed Sheets,طقم ملاية اطفال، 3 قطع، 240×170 سم - ابيض بينك,TX1017808MA3,1.0,149.0,149.0,0.0,149.0,,الأسكندرية,Cash On Delivery
2006428218,2026-10-01 12:43:59,Oct 01,MP,tatto,Water Heaters,سخان كهربائى ميكنيكال اريستون، 1200 وات، 50 لتر، R50/PRO150VEG - ابيض,PRO1R50-tatto,1.0,7995.0,7995.0,0.0,7995.0,,المنيا,Cash On Delivery
2006428206,2026-10-01 12:42:33,Oct 01,raneen,raneen,Cleaning Tools &amp; Supplies,جردل مسح 2 عين بالغطاء بلاستيك سمارت حجازي بلاست، مزود بماسحة باركية، 2 غيار، 22×19×37 سم - بيج رمادي,HO1114685BG1,1.0,200.0,200.0,0.0,200.0,,السويس,Cash On Delivery
2006428200,2026-10-01 12:42:18,Oct 01,MP,snooze,Pillows,طقم كيس مخده قطعتين سنوز ، 70×50 سم - متعدد الالوان,6222057311470,1.0,149.0,149.0,7.45,141.55,TEX200,الجيزة,Cash On Delivery
2006428200,2026-10-01 12:42:18,Oct 01,raneen,raneen,Bed Sheets,طقم ملايه قماش مطبوع، 4 قطع، 215×235 سم,TX1017810GB3,1.0,199.0,199.0,9.95,189.05,TEX200,الجيزة,Cash On Delivery
2006428200,2026-10-01 12:42:18,Oct 01,raneen,raneen,Bed Sheets,طقم ملايه قماش مطبوع، 4 قطع، 215×235 سم,TX1017810OL6,1.0,189.0,189.0,9.45,179.55,TEX200,الجيزة,Cash On Delivery
2006428194,2026-10-01 12:40:05,Oct 01,raneen,raneen,Dinnerware,طقم عشاء بورسلين لوتس، 33 قطعة - متعدد الالوان,HO1089988WI1,1.0,2699.0,2699.0,134.95,2564.05,KCH200,الأسكندرية,Cash On Delivery
2006428185,2026-10-01 12:37:46,Oct 01,raneen,raneen,Laptop Accessories,شنطة لاب توب ووتر بروف بانج، 4 سوستة، 19 بوصة، مخرج USB - اسود,HO1142666BLK,1.0,999.0,999.0,49.95,949.05,FLY200,القاهرة,valU
2006428185,2026-10-01 12:37:46,Oct 01,MP,shoppingonline,Men&#039;s Bags,شنطة ظهر مقاومة للماء أنيقة - أسود,B09QPSW8S7,1.0,175.75,175.75,8.79,166.96,FLY200,القاهرة,valU
2006428170,2026-10-01 12:34:16,Oct 01,raneen,raneen,Cookers,بوتاجاز كول إيزي زانوسي، 4 شعلة، 60 سم، مروحة تسخين وتبريد، أمان كامل، جانب من الإينوكس، ZCG62196XB - فضي اسود,EL1130615SLV,1.0,11199.0,11199.0,0.0,11199.0,,القاهرة,Cash On Delivery
2006428167,2026-10-01 12:34:10,Oct 01,raneen,raneen,Mattress,مرتبة سرير سامبا الدورا، سوست متصلة، 120×195 سم، الارتفاع 23 سم - ابيض رمادي,TX1069836WI2,1.0,3029.0,3029.0,151.45,2877.55,TEX200,الغربية,Cash On Delivery
2006428164,2026-10-01 12:33:24,Oct 01,raneen,raneen,Televisions,تلفزيون سمارت تورنيدو، 58 بوصة، DLED، 4K، بدون فريم 58US4600E - اسود,EL1131244BLK,1.0,19999.0,19999.0,0.0,19999.0,,سوهاج,Cash On Delivery
2006428152,2026-10-01 12:28:49,Oct 01,raneen,raneen,Mobile Phones,موبايل سمارت سامسونج جلاكسى A07، مساحة تخزين 256 جيجابايت، 8 جيجابايت رام، شبكة الجيل الرابع - اخضر,EL1142783GRN,1.0,12449.0,12449.0,0.0,12449.0,,القاهرة,
2006428152,2026-10-01 12:28:49,Oct 01,raneen,raneen,Televisions,تلفزيون سمارت سامسونج، 32 بوصة، LED ، HD، ريسيفر داخلي، ريموت كنترول، UA32H5000FUXEG - أسود,EL1137979BLK,1.0,8399.0,8399.0,0.0,8399.0,,القاهرة,
2006428149,2026-10-01 12:28:40,Oct 01,raneen,raneen,Televisions,تلفزيون سمارت جوجل هاير، 65 بوصة،4K ، مزود برسيفر داخلى، بدون اطار، ريموت بحث صوتى، H65K85GUX - اسود,EL1152357BLK,1.0,23999.0,23999.0,0.0,23999.0,,الجيزة,Free
2006428149,2026-10-01 12:28:40,Oct 01,raneen,raneen,Fryers,قلايه هوائيه كينوود، بقوة 1800 وات، سعة 7 لتر، HFP80.000BK - اسود,EL1108703BLK,1.0,6700.0,6700.0,0.0,6700.0,,الجيزة,Free
2006428149,2026-10-01 12:28:40,Oct 01,raneen,raneen,Fans,ATA مروحة ستاند، 18 بوصة، 3 سرعات، 3 ريشة، S1801 - اسود,EL1018813BLK,1.0,855.0,855.0,0.0,855.0,,الجيزة,Free
2006428149,2026-10-01 12:28:40,Oct 01,raneen,raneen,Grinders,مطحنة سوكانى، 500 وات سرعتان، SK-156 - فضى,EL1109103BNS,1.0,1679.0,1679.0,0.0,1679.0,,الجيزة,Free
2006428149,2026-10-01 12:28:40,Oct 01,raneen,raneen,Water Filters,فلتر تانك برو اس، 4 وظائف تنقية - ابيض,HO1121194WIT,1.0,1109.0,1109.0,0.0,1109.0,,الجيزة,Free
2006428149,2026-10-01 12:28:40,Oct 01,raneen,raneen,Cookers,بوتاجاز يونيون اير سيجنتشر3 ، 5 شعلة، 60×90 سم، ستانلس ستيل كامل،شاشة ديجيتال، C69SS-GC-383-ICPSF-1CH-OS3-2W-AL - فضي,EL1127042SLV,1.0,18989.0,18989.0,0.0,18989.0,,الجيزة,Free
2006428149,2026-10-01 12:28:40,Oct 01,raneen,raneen,Refrigerators &amp; Freezers,ثلاجة ميديا كومبي، نوفروست، 330 لتر، 2 باب، ديجيتال، استانلس استيل، MDRB489FGN46 - فضي,EL1135711SLV,2.0,21999.0,43998.0,0.0,43998.0,,الجيزة,Free
2006428146,2026-10-01 12:27:49,Oct 01,raneen,raneen,Water Heaters,سخان مياه كهربائي فينوس فريش، 30 لتر - أبيض,EL1044565WIT,1.0,2849.0,2849.0,0.0,2849.0,,القليوبية,Credit/Debit Card
2006428146,2026-10-01 12:27:49,Oct 01,raneen,raneen,Air Conditioner,تكييف ارتيفاي يونيون اير، 1.5 حصان، بارد فقط، إنفرتر، بلازما، INV-ARTI012CY50XFR-SG-SER - ابيض,ELKIT1895WIT,1.0,17659.0,17659.0,0.0,17659.0,,القليوبية,Credit/Debit Card
2006428146,2026-10-01 12:27:49,Oct 01,MP,ammerkatosh,Washers &amp; Dryer,غسالة ملابس اتوماتيك فريش، تحميل علوي، 7 كيلو جرام، 500013520 - فضي,EL1130478SLV-AMMERKATOSH,1.0,8534.0,8534.0,0.0,8534.0,,القليوبية,Credit/Debit Card
2006428143,2026-10-01 12:24:46,Oct 01,raneen,raneen,Water Heaters,سخان غاز اريستون، 10 لتر، مزود بمدخنه، SPEED EVO 10 NG - ابيض,EL1136211WIT,1.0,5649.0,5649.0,0.0,5649.0,,القاهرة,Souhoola
2006428140,2026-10-01 12:24:41,Oct 01,MP,learnandhavefun,Baby Gears,مشاية اطفال، مساعدة الطفل على تعلم المشى - ازرق رمادي,MPLFUNB0BRJZM26Q,1.0,1340.0,1340.0,0.0,1340.0,,الأسكندرية,
2006428140,2026-10-01 12:24:41,Oct 01,raneen,raneen,Mobile Phones,موبايل سمارت سامسونج جلاكسى A07، ٦٤ جيجابايت، ٤ جيجابايت رام، شبكة الجيل الرابع - اخضر داكن,EL1139853GRN,2.0,8753.0,17506.0,0.0,17506.0,,الأسكندرية,
2006428140,2026-10-01 12:24:41,Oct 01,MP,dukanalaa,Power &amp; Hand Tools,خرطوم مياه متعدد الوظائف ماجيك، 15 متر - اخضر,15magGRN,1.0,299.0,299.0,0.0,299.0,,الأسكندرية,
2006428128,2026-10-01 12:21:18,Oct 01,MP,coktailstore,Appliances Parts &amp; Accessories,غطاء تكييف هواء بقوة 1.5 حصان - مقاوم للماء والرطوبة - مانع للغبار - درع واقي للتكييف - تركيب وإزالة سهلة - لون ديسكو - مادة صناعية,RAN-SCSFGRT,1.0,99.0,99.0,0.0,99.0,,القاهرة,Cash On Delivery
2006428107,2026-10-01 12:10:35,Oct 01,MP,dukanalaa,Baby Care,مضخة الحليب الكهربائية المحمولة بـ 9 مستويات شفط وشاشة LED,RAN-QBC88UJ,1.0,475.0,475.0,0.0,475.0,,القاهرة,Cash On Delivery
2006428098,2026-10-01 12:05:52,Oct 01,raneen,raneen,Wardrobe,دولاب خشب شيب بورد، 2 دلفة، 5 رفوف، شماعة ملابس، 80×40×192 سم - بيج خشبي,HO1135527BG1,1.0,3499.0,3499.0,0.0,3499.0,,الأسكندرية,Cash On Delivery
2006428095,2026-10-01 12:05:50,Oct 01,raneen,raneen,Packaging,ملصق تأمين منتجات بلاستيك رنين، 100 قطعة - احمر,HO1113118RED,2.0,99.0,198.0,0.0,198.0,,الجيزة,Paymob Wallet
2006428089,2026-10-01 12:05:07,Oct 01,MP,naitghwooging,Center Table,ترابيزة وسط خشب أم دي اف اسبانى، 100X50X40 سم - بنى خشبى,naitghwooging-O323,1.0,2189.0,2189.0,0.0,2189.0,,القاهرة,Cash On Delivery
2006428077,2026-10-01 12:01:51,Oct 01,MP,jphome,Kitchenware,طقم توزيع سيليكون مع ستاند بلاستيك، 12 قطعة - بينك,JP1213456467,1.0,618.0,618.0,0.0,618.0,,القاهرة,
2006428074,2026-10-01 11:59:01,Oct 01,MP,tekra,AirPods,ايربودز أذن لاسلكية بلوتوث عالية الجودة مع حافظة شحن، إلغاء الضوضاء، مقاومة للماء IPX5، لأجهزة الآيفون والأندرويد,RAN-6HNCDCC,1.0,290.0,290.0,0.0,290.0,,الفيوم,Cash On Delivery
2006428062,2026-10-01 11:52:15,Oct 01,MP,attallah,Suction Fan,شفاط زجاجي اتجاة واحد بدون شبكة فريش،20 سم - ابيض,EL1044597WIT-CONF-attallah,2.0,918.0,1836.0,0.0,1836.0,,القاهرة,Cash On Delivery
2006428062,2026-10-01 11:52:15,Oct 01,MP,goldena,Suction Fan,شفاط حائط فريش، 20 سم، 30 وات، اتجاه واحد، 500017122 - أبيض,500017122,1.0,801.0,801.0,0.0,801.0,,القاهرة,Cash On Delivery
2006428059,2026-10-01 11:49:29,Oct 01,MP,naitghwooging,Wardrobe,دريسينج مكون من عدة ارفف وشمعات ، خشب ام دي اف تايلاندي، 200×160×40 سم - خشبى,naitghwooging-D21,1.0,6979.0,6979.0,500.0,6479.0,Off500,الأسكندرية,Cash On Delivery
2006428056,2026-10-01 11:46:42,Oct 01,raneen,raneen,Storage,تروللي بلاستيك مستطيل الهدى، 5 دور، 105×44×30 سم - اسود رمادي,HO1141592BK1,1.0,200.0,200.0,10.0,190.0,KCH200,الأسكندرية,Credit/Debit Card
2006428032,2026-10-01 11:34:45,Oct 01,raneen,raneen,Dinnerware,طقم عشاء أركوبال اماراتي لومينارك، 26 قطعة - ابيض,HO1124768WI1,1.0,1199.0,1199.0,59.95,1139.05,KCH200,القاهرة,valU
2006428017,2026-10-01 11:29:50,Oct 01,raneen,raneen,Built in,فرن غاز بلت ان بشواية فريش، 60 سم ، 110 لتر ، باب زجاج ، Fresh-500017516 - اسود,EL1116199SLV,1.0,14999.0,14999.0,1000.0,13999.0,FR1000,القاهرة,Cash On Delivery
2006428017,2026-10-01 11:29:50,Oct 01,raneen,raneen,Built in,بوتجاز مسطح بلت ان كهرباء فريش، 60 سم، 4 شعلة، سيراميك زجاج تاتش، 9861 - اسود,EL1120886BLK,1.0,15149.0,15149.0,1000.0,14149.0,FR1000,القاهرة,Cash On Delivery
2006428011,2026-10-01 11:27:30,Oct 01,raneen,raneen,Cleaning Tools &amp; Supplies,باسكت قمامة بلاستيك بغطاء تاتش حجازي، 7 لتر- ابيض بيج,HO1147789WIT,1.0,135.0,135.0,6.75,128.25,KCH200,السويس,Cash On Delivery
2006428011,2026-10-01 11:27:30,Oct 01,raneen,raneen,Dinnerware,طقم عشاء بورسلين مستدير لوتس، 18 قطعه - ابيض اسود,HO1110775WNB,1.0,999.0,999.0,49.95,949.05,KCH200,السويس,Cash On Delivery
2006427999,2026-10-01 11:24:39,Oct 01,MP,lazord,Cookware,طقم أواني طهي لازورد ، 9 قطع ، جرانيت - اسود,16531,1.0,1550.0,1550.0,77.5,1472.5,KCH200,القاهرة,Free
2006427999,2026-10-01 11:24:39,Oct 01,raneen,raneen,Kitchenware,طقم برطمان توابل اكريليك بغطاء بلاستيك، 12 قطعة، مع ستاند خشب - اسود ذهبي,HO1127056BNB,1.0,200.0,200.0,10.0,190.0,KCH200,القاهرة,Free
2006427996,2026-10-01 11:23:01,Oct 01,MP,ocean,Sandwich Waffle Makers,ماكينة صنع الوافل متعددة الوظائف سوكاني، 800 وات، SK-BBQ-137 - اسود,RAN-4NT2B2J,1.0,800.0,800.0,0.0,800.0,,القاهرة,Cash On Delivery
2006427993,2026-10-01 11:21:48,Oct 01,MP,radiotalaat,Suction Fan,شفاط حائط فريش، ، 30 سم - ابيض,190429,1.0,1247.0,1247.0,0.0,1247.0,,القاهرة,Bank Misr Installments
2006427990,2026-10-01 11:18:39,Oct 01,raneen,raneen,Dinnerware,طقم عشاء بورسلين لوتس، 26 قطعه - متعدد الالوان,HO1147350MC1,1.0,1499.0,1499.0,74.95,1424.05,KCH200,أسيوط,Cash On Delivery
2006427990,2026-10-01 11:18:39,Oct 01,raneen,raneen,Dinnerware,طبق بورسلين عميق مربع، شكل قلاية، 22.5 سم - ابيض روز,HO1146360WI1,1.0,100.0,100.0,5.0,95.0,KCH200,أسيوط,Cash On Delivery
2006427990,2026-10-01 11:18:39,Oct 01,raneen,raneen,Dinnerware,طقم عشاء أركوبال أماراتى لومينارك، 24 قطعة - ابيض,HO1088626WIT,1.0,999.0,999.0,49.95,949.05,KCH200,أسيوط,Cash On Delivery
2006427987,2026-10-01 11:17:25,Oct 01,raneen,raneen,Watches &amp; Alarms,ساعة حائط مربعة بلاستيك، 36 سم - بني اسود,HO1138168BNB,1.0,599.0,599.0,0.0,599.0,,الأسكندرية,valU
2006427984,2026-10-01 11:16:03,Oct 01,raneen,raneen,Cookware,طقم حلل جرانيت تيتانيوم جراندي كوك، غطاء ستانلس ستيل، 9 قطع - ازرق,HO1148752BL1,1.0,1999.0,1999.0,99.95,1899.05,KCH200,الشرقية,Cash On Delivery
2006427981,2026-10-01 11:15:35,Oct 01,raneen,raneen,Cookers,بوتاجاز روك فريش، 5 شعلة، 60×90 سم، سطح ستانلس ستيل، امان كامل، اشعال ذاتي، مروحة، شوايه - فضي,EL1142745SLV,1.0,14099.0,14099.0,1000.0,13099.0,FR1000,القاهرة,Cash On Delivery
2006427975,2026-10-01 11:14:24,Oct 01,raneen,raneen,Water Heaters,سخان كهرباء اتلانتيك، كونسبت، 1500 وات، سعة 50 لتر، 8414050 - ابيض,EL1123852WIT,1.0,3749.0,3749.0,0.0,3749.0,,الدقهلية,Cash On Delivery
2006427972,2026-10-01 11:12:21,Oct 01,raneen,raneen,Fans,ATA مروحة ستاند، 18 بوصة، 3 سرعات، 3 ريشة، S1801 - اسود,EL1018813BLK,1.0,855.0,855.0,0.0,855.0,,القاهرة,Cash On Delivery
2006427969,2026-10-01 11:11:13,Oct 01,raneen,raneen,Home Decor,برواز خشب قماش جوبلان، ايات اسلامية، 55×75 سم - متعدد الالوان,HO1133212GL1,1.0,200.0,200.0,10.0,190.0,KCH200,القاهرة,Cash On Delivery
2006427969,2026-10-01 11:11:13,Oct 01,raneen,raneen,Picture Frames,برواز خشب أيات قرأنية، 70×50 سم - اسود,HO1085409BNG,1.0,449.0,449.0,22.45,426.55,KCH200,القاهرة,Cash On Delivery
2006427948,2026-10-01 11:06:17,Oct 01,raneen,raneen,Storage,طقم علبة ايديال الهلال والنجمة، 3 قطع، 1 لتر - متعدد الالوان,HO1063399MC1,1.0,100.0,100.0,0.0,100.0,,الجيزة,Cash On Delivery
2006427948,2026-10-01 11:06:17,Oct 01,MP,lightcart,Drinkware,كوب زجاجي مضلع كلاسيكي بتصميم علبة مع غطاء من خشب البامبو وماصة زجاجية، مج قهوة زجاجي شفاف ومقاوم للحرارة للمشروبات الباردة، الآيس كوفي، والعصائر,RAN-SK5DPJ4,1.0,179.0,179.0,0.0,179.0,,الجيزة,Cash On Delivery
2006427948,2026-10-01 11:06:17,Oct 01,MP,lifecare,Kitchenware,قوالب صب الثلج من السيليكون مع أغطية، آمنة للطعام وسهلة الإزالة، مكدسة ومثالية للمشروبات، المياه، الفواكه، الكوكتيلات، قطعة واحدة,RAN-R525TPY,1.0,81.0,81.0,0.0,81.0,,الجيزة,Cash On Delivery
2006427948,2026-10-01 11:06:17,Oct 01,raneen,raneen,Storage,طقم لانش بوكس بلاستيك×ستانلس ستيل، 3 قطع - بني بيج,HO1143773BR1,1.0,299.0,299.0,0.0,299.0,,الجيزة,Cash On Delivery
2006427942,2026-10-01 11:05:12,Oct 01,raneen,raneen,Cleaning Tools &amp; Supplies,باسكت قمامة بلاستيك بغطاء تاتش حجازي، 7 لتر- ابيض بيج,HO1147789WIT,2.0,135.0,270.0,0.0,270.0,,الغربية,Cash On Delivery
2006427939,2026-10-01 11:05:10,Oct 01,raneen,raneen,Televisions,تلفزيون سمارت شاومي، 43 بوصة، LED، FHD، ريموت بحث صوتي، L43MB-AFME - اسود,EL1151044BLK,1.0,11499.0,11499.0,0.0,11499.0,,الشرقية,Credit/Debit Card
2006427924,2026-10-01 11:01:40,Oct 01,raneen,raneen,Cleaning Tools &amp; Supplies,جردل مسح بلاستيك بالعصارة الهدي، 20 لتر - فوشيا,HO1111813FCH,1.0,87.0,87.0,4.35,82.65,kch200,الجيزة,Cash On Delivery
2006427924,2026-10-01 11:01:40,Oct 01,raneen,raneen,Cleaning Tools &amp; Supplies,باسكت قمامة بلاستيك بغطاء متحرك الهدى، 20 لتر - رمادي اسود,HO1145752OL1,2.0,100.0,200.0,10.0,190.0,kch200,الجيزة,Cash On Delivery
2006427924,2026-10-01 11:01:40,Oct 01,raneen,raneen,Storage,استاند منزلي بلاستيك العالمية، 3 دور، 4 عجلة، 75×18×75 سم - رمادي,HO1135617LGY,1.0,115.0,115.0,5.75,109.25,kch200,الجيزة,Cash On Delivery
2006427915,2026-10-01 10:58:01,Oct 01,raneen,raneen,Cleaning Tools &amp; Supplies,جردل مسح بلاستيك الوطنية، 2 عين، مساحة فلات بلاستيك بيد ستانلس ستيل، 42×36×26 سم - احمر رمادي,HO1125270RNG,1.0,799.0,799.0,39.95,759.05,KCH200,القاهرة,Souhoola
2006427915,2026-10-01 10:58:01,Oct 01,raneen,raneen,Car Care,رياشه تنظيف السيارة ميكروفيبر كلينر، بيد بلاستيك، 41 سم - ازرق رمادي,HO1136800BNG,1.0,139.0,139.0,6.95,132.05,KCH200,القاهرة,Souhoola
2006427912,2026-10-01 10:57:39,Oct 01,MP,nexsell,AirPods,سماعات أذن لاسلكية فيليبس Series 1000 TAT1109BK، بلوتوث 5.4، تقليل ضوضاء بالذكاء الاصطناعي، IPX4 - أسود,TAT1109BK_97,1.0,799.0,799.0,0.0,799.0,,القاهرة,Cash On Delivery
4000170203,2026-10-01 10:56:42,Oct 01,raneen,raneen,Cookware,"Trueval Tefal Pots Set, 12 Pieces - Dark Red",HO1139425DRD,1.0,1999.0,1999.0,0.0,1999.0,,القاهرة,Cash On Delivery
2006427909,2026-10-01 10:54:28,Oct 01,MP,ammerkatosh,Suction Fan,شفاط مطبخ توشيبا، 20 سم، درج لتجميع الزيوت، VRH20J10C - كريمي,VRH20J10CCRM-ammerkatosh,1.0,1589.0,1589.0,0.0,1589.0,,الجيزة,Cash On Delivery
2006427903,2026-10-01 10:48:00,Oct 01,MP,etdonline,Electronics Audio,مضخم صوت، بلوتوث 2 × 1، اضاءة ، ريموت كنترول، 10 وات - اسود,etdonline-AH-4001,1.0,1650.0,1650.0,0.0,1650.0,,الجيزة,Cash On Delivery
2006427903,2026-10-01 10:48:00,Oct 01,raneen,raneen,Electronics Audio,مكبر صوت جاما، قطعتين، 5 فولت، 52 ملم × 2، GT-215 - بينك,EL1142683PNK,1.0,119.0,119.0,0.0,119.0,,الجيزة,Cash On Delivery
2006427900,2026-10-01 10:44:44,Oct 01,MP,radiotalaat,Water Heaters,سخان مياه غاز تورنيدو بشاشة ديجيتال، 6 لتر، GHE-C06CTE-W - أبيض,189214,1.0,5540.0,5540.0,0.0,5540.0,,بني سويف,Aman
4000170200,2026-10-01 10:42:50,Oct 01,MP,lawazem,Beauty &amp; Body Care,Ingrown Toenail Corrector - Gold,MZLWAZ64GLD,1.0,99.0,99.0,0.0,99.0,,القاهرة,Cash On Delivery
2006427888,2026-10-01 10:41:32,Oct 01,raneen,raneen,Water Heaters,سخان غاز اريستون، 10 لتر، مزود بمدخنه، SPEED EVO 10 NG - ابيض,EL1136211WIT,1.0,5649.0,5649.0,0.0,5649.0,,القاهرة,Cash On Delivery
2006427888,2026-10-01 10:41:32,Oct 01,raneen,raneen,Cookers,بوتاجاز كول كاست زانوسي، 4 شعلة، 60×60 سم، بالمروحة، أمان كامل، ZCG61296XB 943006575 - فضي اسود,EL1148087SLV,1.0,11999.0,11999.0,0.0,11999.0,,القاهرة,Cash On Delivery
2006427876,2026-10-01 10:38:22,Oct 01,raneen,raneen,Microwaves &amp; Ovens,فرن كهربائي بالشواية تورنيدو، 1800 وات، 48 لتر، TEO-48DGE(K) - اسود,EL1077728BLK,1.0,4150.0,4150.0,0.0,4150.0,,القليوبية,Cash On Delivery
2006427867,2026-10-01 10:37:28,Oct 01,MP,salemelectric,Water Heaters,سخان مياه كهرباء ريلاكس فريش، 50 لتر - ابيض,500008902WIT-CONF-salemelectric,1.0,3129.0,3129.0,0.0,3129.0,,القاهرة,Cash On Delivery
2006427861,2026-10-01 10:33:56,Oct 01,MP,penguinappliances,Refrigerators &amp; Freezers,ثلاجة ديفروست بينجوين، 330 لتر، 2 باب، FG330L 2D - فضي,6223011984259,1.0,12399.0,12399.0,0.0,12399.0,,الجيزة,valU
2006427852,2026-10-01 10:29:25,Oct 01,raneen,raneen,Cookware,طقم حلل تيفلون تروفال، 20 قطعة - احمر,HO1106794RED,1.0,3199.0,3199.0,152.4,3046.6,KCH200,الشرقية,Credit/Debit Card
2006427852,2026-10-01 10:29:25,Oct 01,raneen,raneen,Kettles,غلايه كهربائية سوكاني، 1.0 لتر، 1200 وات، SK-0808 - اسود,EL1086435BLK,1.0,579.0,579.0,0.0,579.0,KCH200,الشرقية,Credit/Debit Card
2006427852,2026-10-01 10:29:25,Oct 01,raneen,raneen,Dinnerware,طقم عشاء أركوبال أماراتى لومينارك، 24 قطعة - ابيض,HO1088626WIT,1.0,999.0,999.0,47.6,951.4,KCH200,الشرقية,Credit/Debit Card
4000170197,2026-10-01 10:27:25,Oct 01,MP,elmasriastore,Electronics Audio,"Wired USB speaker, computer compatible, LED - Black",SPW026,1.0,30.0,30.0,0.0,30.0,,بني سويف,Paymob Wallet
2006427834,2026-10-01 10:21:16,Oct 01,raneen,raneen,Pants,بنطلون جينز للرجال,FS1140341L32,1.0,385.0,385.0,0.0,385.0,,القليوبية,Free
2006427834,2026-10-01 10:21:16,Oct 01,raneen,raneen,Pants,بنطلون جينز للرجال,FS1136571BG2,1.0,365.0,365.0,0.0,365.0,,القليوبية,Free
2006427831,2026-10-01 10:20:37,Oct 01,raneen,raneen,Action Toys,لعبة مكعبات كبيرة بلاستيك بقطار للاطفال، 300 الى 350 جرام تقريباً - متعدد الالوان,TY1145428MC1,1.0,90.0,90.0,9.0,81.0,TOY150,الجيزة,Cash On Delivery
2006427831,2026-10-01 10:20:37,Oct 01,raneen,raneen,Nursery Furniture &amp; Decor,لعبة كرسي هزاز علي شكل حصان بلاستيك، 90×50 سم - ازرق,TY1101826BLU,1.0,249.0,249.0,24.9,224.1,TOY150,الجيزة,Cash On Delivery
2006427819,2026-10-01 10:15:05,Oct 01,MP,ocean,Air Conditioner,ستارة هوائية 120 سم - 2 محرك - إسكيمو,RAN-8HP5QUP,1.0,5299.0,5299.0,0.0,5299.0,,القاهرة,Paymob Wallet
2006427810,2026-10-01 10:13:36,Oct 01,raneen,raneen,Laptop &amp; Computer Tables,ترابيزة لاب توب خشب العالمية، ارجل معدن، قابلة للطي، 60×40×28 سم - بني اسود,HO1083579BB5,1.0,160.0,160.0,0.0,160.0,,القاهرة,Cash On Delivery
2006427795,2026-10-01 10:09:07,Oct 01,MP,radiotalaat,Cookers,بوتجاز غاز زانوسي، 4 شعلة، 60 سم، مروحة، اشعال ذاتي، ZCG622A6XB - فضي,195188,1.0,10103.0,10103.0,0.0,10103.0,,الجيزة,Cash On Delivery
2006427792,2026-10-01 10:07:47,Oct 01,MP,vooc,Mobile Audio,سماعة رأس لاسلكية بطوق حول الرقبة انكر لايف U2i انكر، A3213H11 - اسود,A3213H11Vooc,1.0,899.0,899.0,0.0,899.0,,القليوبية,Cash On Delivery
2006427786,2026-10-01 10:05:38,Oct 01,raneen,raneen,Mobile Phones,موبايل سمارت سامسونج جلاكسى A07، ٦٤ جيجابايت، ٤ جيجابايت رام، شبكة الجيل الرابع - اخضر داكن,EL1139853GRN,1.0,8753.0,8753.0,0.0,8753.0,,القاهرة,Premium Card
2006427783,2026-10-01 10:04:13,Oct 01,MP,snooze,Mattress,مرتبة ارضية قابلة للطى ميكروفايبر سنوز، 90×230 سم - تصميم بربل ميز,SNOOZE-6223015816471,1.0,1188.0,1188.0,0.0,1188.0,,المنوفية,Cash On Delivery
2006427780,2026-10-01 10:04:02,Oct 01,MP,goldena,Vacuum Cleaners,مكنسة كهربائية فريش فولكانو، 1800 وات - احمر,500013961,1.0,3453.0,3453.0,0.0,3453.0,,الأسكندرية,El-Ahly Installments
2006427756,2026-10-01 09:51:23,Oct 01,raneen,raneen,Cookware,حلة تحمير تيفلون بالمصافة وغطاء بيمو كوك، 3 لتر - روز,HO1127601ROS,1.0,325.0,325.0,16.25,308.75,KCH200,القاهرة,Cash On Delivery
2006427750,2026-10-01 09:50:06,Oct 01,MP,abozied,Kitchen Machine &amp; Kneading Machines,عجان كهربائى رافال، 2200 وات، 10 لتر، 3×1 عجان/مفرمة/خلاط، متعدد الوظائف، RA0540 - فضي,MPELKABEERRA0540SLV-abozied,1.0,9739.0,9739.0,0.0,9739.0,,القاهرة,Bank Misr Installments
2006427750,2026-10-01 09:50:06,Oct 01,MP,attallah,Fryers,قلاية بدون زيت ديجيتال كينوود، 7 لتر، 1800 وات، HFM80.000SS - اسود فضي,MHMPHFM80-attallah,1.0,6599.0,6599.0,0.0,6599.0,,القاهرة,Bank Misr Installments
2006427750,2026-10-01 09:50:06,Oct 01,MP,goldena,Dishwasher,غسالة أطباق بيكو، 45 سم، 10 أفراد، شاشة ليد، DVS05020S - فضي,7655105135,1.0,15305.0,15305.0,0.0,15305.0,,القاهرة,Bank Misr Installments
2006427744,2026-10-01 09:47:42,Oct 01,MP,mtbestbuy,Car Parts And Services,مجموعة شفرات ممسحة الزجاج الأمامي من المطاط الطبيعي، 26/17 بوصة - أسود,87-QDCN-ELJU,1.0,279.0,279.0,0.0,279.0,,القليوبية,Credit/Debit Card
2006427744,2026-10-01 09:47:42,Oct 01,MP,lifecare,Power &amp; Hand Tools,شريط اصلاح شبكة النافذة ذاتي اللصق، 5 سم × 2 متر، لشبكة الحماية من الحشرات (رمادي),RAN-KTNNAQ7,1.0,81.0,81.0,0.0,81.0,,القليوبية,Credit/Debit Card
2006427741,2026-10-01 09:46:16,Oct 01,raneen,raneen,Mobile Phones,موبايل سمارت سامسونج، جلاكسي، شريحتين اتصال، 4 جيجا رام، 128 جيجابايت، شبكة الجيل الرابع، A17 - اسود ازرق,EL1138488BLK,1.0,11883.0,11883.0,0.0,11883.0,,القاهرة,
2006427735,2026-10-01 09:44:49,Oct 01,raneen,raneen,Televisions,تلفزيون سمارت سامسونج، 55 بوصة، UHD، مزود برسيفر داخلى، UA55U8000HUXEG - اسود,EL1147148BLK,1.0,20499.0,20499.0,0.0,20499.0,,الدقهلية,Cash On Delivery
2006427726,2026-10-01 09:41:05,Oct 01,MP,craftfurniture,Wardrobe,دولاب خشب شيب بورد، 176×80×40 سم - ابيض,22022-1-craftfurniture,1.0,3499.0,3499.0,500.0,2999.0,OFF500,الجيزة,Souhoola
2006427723,2026-10-01 09:41:00,Oct 01,raneen,raneen,Water Filters Accessories,شمعة فلتر برو اس تانك، 18 سم - ابيض,HO1121847WI1,1.0,329.0,329.0,0.0,329.0,,القاهرة,Credit/Debit Card
2006427720,2026-10-01 09:37:49,Oct 01,raneen,raneen,Kitchenware,ماسك تحمير سيليكون بيد ستانلس ستيل، 30 سم - رمادي فضي,HO1056595GRY,1.0,74.0,74.0,0.0,74.0,,الأسكندرية,Free
2006427720,2026-10-01 09:37:49,Oct 01,raneen,raneen,Kitchenware,ماسك تحمير خشب زان أليت، 29 سم - بيج,HO1103550BSC,1.0,26.0,26.0,0.0,26.0,,الأسكندرية,Free
2006427720,2026-10-01 09:37:49,Oct 01,raneen,raneen,Kitchenware,طقم زاوية امان سيليكون للترابيزة، 4 قطع - شفاف,HO1117781CLR,1.0,37.0,37.0,0.0,37.0,,الأسكندرية,Free
2006427720,2026-10-01 09:37:49,Oct 01,MP,lifecare,Bathroom Accessories,حامل فرشاة الأسنان والمستلزمات (مجموعة من 2 قطعة) بلاستيكي متعدد الألوان، ضد الماء، بلاصق ذاتي الالتصاق من وولبين - دب تيدي,RAN-47CST72,1.0,94.0,94.0,0.0,94.0,,الأسكندرية,Free
2006427714,2026-10-01 09:33:59,Oct 01,raneen,raneen,Bedding,دفاية فرو ساراتوجا سادة، 210×240 سم ، 1500 جرام تقريباً,TX1065289BG2,1.0,299.0,299.0,0.0,299.0,KCH200,الجيزة,Cash On Delivery
2006427714,2026-10-01 09:33:59,Oct 01,MP,lazord,Cookware,طقم أواني طهي لازورد ، 7 قطع ، تيفال - احمرداكن,16533,1.0,1099.0,1099.0,54.95,1044.05,KCH200,الجيزة,Cash On Delivery
2006427714,2026-10-01 09:33:59,Oct 01,MP,molanafortraining,Knife &amp; Cutters,طقم سكاكين مطبخ من جرانيت ومعدن ، 6 قطع - أسود فضي,EIB-56855-6878-molanafortraining,1.0,384.0,384.0,19.2,364.8,KCH200,الجيزة,Cash On Delivery
2006427711,2026-10-01 09:33:01,Oct 01,MP,ocean,Irons,مكواة بخار سوكاني YPF-2016 2200 واط,RAN-8T64KZ9,1.0,999.0,999.0,0.0,999.0,,دمياط,Cash On Delivery
2006427705,2026-10-01 09:31:25,Oct 01,MP,elswalhy,Dishwasher,غسالة أطباق بيكو، 60 سم، 14 فرد، 5 برنامج، BDFN15420S - فضي,EL1097221SLV-elsawalhy,1.0,17999.0,17999.0,0.0,17999.0,,القاهرة,Cash On Delivery
2006427702,2026-10-01 09:29:17,Oct 01,raneen,raneen,Shoes,حذاء بلارينا فلات تريكو للسيدات، 40 EU - بيج,SH1149657CF0,1.0,99.0,99.0,0.0,99.0,,القاهرة,Cash On Delivery
2006427702,2026-10-01 09:29:17,Oct 01,raneen,raneen,Shoes,حذاء بلارينا فلات تريكو للسيدات، 39 EU - بيج,SH1149657B19,1.0,99.0,99.0,0.0,99.0,,القاهرة,Cash On Delivery
2006427702,2026-10-01 09:29:17,Oct 01,raneen,raneen,Shoes,حذاء بلارينا فلات تريكو للسيدات، 40 EU - بني,SH1149657HF0,1.0,99.0,99.0,0.0,99.0,,القاهرة,Cash On Delivery
2006427702,2026-10-01 09:29:17,Oct 01,raneen,raneen,Shoes,حذاء بلارينا فلات تريكو للسيدات، 39 EU - بني,SH1149657H19,1.0,99.0,99.0,0.0,99.0,,القاهرة,Cash On Delivery
2006427702,2026-10-01 09:29:17,Oct 01,raneen,raneen,Shoes,حذاء بلارينا فلات تريكو للسيدات، 41 EU - بيج,SH1149657B41,1.0,99.0,99.0,0.0,99.0,,القاهرة,Cash On Delivery
4000170194,2026-10-01 09:26:36,Oct 01,raneen,raneen,Drinkware,"Lotus Porcelain Tea Cup and Saucer Set, 12 Pieces, 90 ml, 16 cm - White Blue",HO1140199MC0,1.0,329.0,329.0,0.0,329.0,,القاهرة,Cash On Delivery
4000170194,2026-10-01 09:26:36,Oct 01,raneen,raneen,Drinkware,"Glass Coffee Cups Set, 12 pieces, 70 ml - Clear",HO1129350CLR,1.0,142.0,142.0,0.0,142.0,,القاهرة,Cash On Delivery
4000170194,2026-10-01 09:26:36,Oct 01,raneen,raneen,Dinnerware,"Graned Arcopal Dinner Set, 24 Pieces - White Black",HO1140980MA1,1.0,499.0,499.0,0.0,499.0,,القاهرة,Cash On Delivery
4000170194,2026-10-01 09:26:36,Oct 01,raneen,raneen,Side Table,"AL EALAMIA MDF Wood Round Nesting Side Table Set, 3 Pieces - Beige Wooden",HO1128880MC5,1.0,649.0,649.0,0.0,649.0,,القاهرة,Cash On Delivery
4000170194,2026-10-01 09:26:36,Oct 01,raneen,raneen,Serveware,"Al manar Melamine Serving Trays Set, 6 Pieces, 17 cm - Multicolor",HO1150433MC1,1.0,200.0,200.0,0.0,200.0,,القاهرة,Cash On Delivery
4000170194,2026-10-01 09:26:36,Oct 01,raneen,raneen,Serveware,"wooden square serving tray set, 3 pieces - Wooden",HO1157777BSC,1.0,160.0,160.0,0.0,160.0,,القاهرة,Cash On Delivery
4000170194,2026-10-01 09:26:36,Oct 01,raneen,raneen,Serveware,"Acrylic Serving Tray set, 3 Pieces - Clear Gold",HO1143829GL1,1.0,399.0,399.0,0.0,399.0,,القاهرة,Cash On Delivery
4000170194,2026-10-01 09:26:36,Oct 01,raneen,raneen,Drinkware,"Aquatic Drinkware Set, 18 Pieces - Clear",HO1093911CLR,1.0,200.0,200.0,0.0,200.0,,القاهرة,Cash On Delivery
4000170191,2026-10-01 09:23:12,Oct 01,MP,hadymix,TV Table,"MDF Tv Table, 200 X 35 X 30 Cm - White Brown",1170-hadymix,1.0,3749.0,3749.0,500.0,3249.0,OFF500,الشرقية,Cash On Delivery
2006427693,2026-10-01 09:21:14,Oct 01,raneen,raneen,Cleaning Tools &amp; Supplies,طبق غسيل بلاستيك، قابل للطى، 38 لتر - ابيض رمادي,HO1125130WNG,1.0,299.0,299.0,0.0,299.0,,الأسماعيلية,Credit/Debit Card
2006427693,2026-10-01 09:21:14,Oct 01,MP,safktna,Bathroom Accessories,موزعات صابون إيمرسون مع مضخات من الفولاذ المقاوم للصدأ + صينية خشب البامبو 100% | لمنطقة المطبخ وغسيل اليدين في الحمام | زجاجات صابون وماء اليد | مقاو,RAN-FUFANEC,1.0,240.0,240.0,0.0,240.0,,الأسماعيلية,Credit/Debit Card
2006427693,2026-10-01 09:21:14,Oct 01,raneen,raneen,Storage,علبه تخزين بلاستيك بغطاء كليبس، 9 لتر - شفاف كشمير,HO1144021CL1,1.0,182.0,182.0,0.0,182.0,,الأسماعيلية,Credit/Debit Card
2006427693,2026-10-01 09:21:14,Oct 01,raneen,raneen,Cleaning Tools &amp; Supplies,باسكت قمامة بلاستيك بغطاء تاتش حجازي، 7 لتر- ابيض بيج,HO1147789WIT,3.0,135.0,405.0,0.0,405.0,,الأسماعيلية,Credit/Debit Card
2006427693,2026-10-01 09:21:14,Oct 01,raneen,raneen,Kitchenware,طقم برطمان توابل اكريليك، غطاء خشب، 8 قطع، 250 مل، 2 استاند اكريليك، 8 معلقة بلاستيك هدية - شفاف خشبي,HO1125144CLR,1.0,299.0,299.0,0.0,299.0,,الأسماعيلية,Credit/Debit Card
2006427693,2026-10-01 09:21:14,Oct 01,raneen,raneen,Storage,طقم علب تخزين بقوليات بلاستيك حجازي، 8 قطع - رمادي داكن,HO1143891DG1,2.0,200.0,400.0,0.0,400.0,,الأسماعيلية,Credit/Debit Card
2006427687,2026-10-01 09:18:57,Oct 01,MP,attallah,Fans,مروحة حائط فريش شبح ، 18 بوصة، 500004473 - اسود احمر,IST50000447315-attallah,2.0,1802.0,3604.0,0.0,3604.0,,القاهرة,Cash On Delivery
2006427678,2026-10-01 09:13:29,Oct 01,raneen,raneen,Office Chairs,كرسي مكتب معدن ظهر شبك، هيدروليك، مسند فيبر متحرك، 5 عجلات، 130×52×50 سم - اسود,HO1139741BLK,1.0,3299.0,3299.0,500.0,2799.0,OFF500,القاهرة,Credit/Debit Card
2006427675,2026-10-01 09:12:44,Oct 01,MP,lightcart,Shoe Care &amp; Accessories,شنطة أحذية للسفر مقاومة للماء والغبار مع نافذة شفافة ورباط إغلاق، منظم أحذية كبير الحجم للسفر والجيم والتخزين المنزلي,RAN-PC4P38R,1.0,99.0,99.0,0.0,99.0,,القاهرة,Cash On Delivery
2006427675,2026-10-01 09:12:44,Oct 01,MP,lifecare,Bathroom Accessories,مجموعة أكياس تعبئة Wayfare، مرتبة السفر، 6 قطع (وردي),RAN-RMP9WTX,1.0,199.0,199.0,0.0,199.0,,القاهرة,Cash On Delivery
2006427672,2026-10-01 09:12:39,Oct 01,MP,alsorgy,Mobile Phones,نوكيا 5310 TA-1212 بشريحتين اتصال، 2.4 بوصة، 16 ميجابايت، 8 ميجابايت رام، شبكة الجيل الرابع ال تي اي - اسود واحمر,nokia5310-black-alsorgy,1.0,799.0,799.0,0.0,799.0,,الجيزة,Cash On Delivery
2006427660,2026-10-01 09:09:12,Oct 01,MP,carina,Underwear’s,حمالة صدر كارينا قطن للسيدات,70076-03-XL,1.0,92.0,92.0,0.0,92.0,KCH200,القليوبية,Cash On Delivery
2006427660,2026-10-01 09:09:12,Oct 01,raneen,raneen,Bed Sheets,طقم ملاية سرير مايكروفايبر، 4 قطع، 220×240 سم، 800 جرام - بيج زيتوني,TX1154433MC9,1.0,219.0,219.0,0.0,219.0,KCH200,القليوبية,Cash On Delivery
2006427660,2026-10-01 09:09:12,Oct 01,raneen,raneen,Bed Sheets,طقم ملايه قماش مطبوع، 4 قطع، 215×235 سم,TX1017810OL6,1.0,199.0,199.0,0.0,199.0,KCH200,القليوبية,Cash On Delivery
2006427660,2026-10-01 09:09:12,Oct 01,raneen,raneen,Dinnerware,طقم عشاء أركوبال أماراتى لومينارك، 24 قطعة - ابيض,HO1088626WIT,1.0,999.0,999.0,49.95,949.05,KCH200,القليوبية,Cash On Delivery
2006427657,2026-10-01 09:07:47,Oct 01,MP,babrizqappliances,Microwaves &amp; Ovens,ميكرويف فريش، 25 لتر، 850 وات، ديجيتال، FMW-25KC-SW - فضي اسود,20529-babrizqappliances,1.0,5449.0,5449.0,0.0,5449.0,,الجيزة,Cash On Delivery
2006427648,2026-10-01 09:06:22,Oct 01,MP,elkabeer,Kettles,غلاية كهربائية زجاجية، 1.8 لتر، 1500 وات - فضي اسود,MFkebeertappMF,1.0,650.0,650.0,0.0,650.0,,البحيرة,Cash On Delivery
2006427645,2026-10-01 09:04:09,Oct 01,MP,attallah,Washers &amp; Dryer,غسالة اطفال فريش، 5 كيلو، شطورة - ابيض,ISTFWSSHATOORAI-CONF-attallah,1.0,3129.0,3129.0,0.0,3129.0,,الأسكندرية,Cash On Delivery
2006427636,2026-10-01 09:03:33,Oct 01,MP,coktailstore,Power &amp; Hand Tools,عجلات نقل الأثاث والأجهزة الكهربائية 2 قاعدة مع فرامل | حامل ثقيل للثلاجة وغسالة الملابس 300 كجم,RAN-HU39H7X,1.0,275.0,275.0,0.0,275.0,,البحيرة,Cash On Delivery
2006427624,2026-10-01 08:58:45,Oct 01,MP,craftfurniture,Shoe Rack,جزامة خشب ام دي اف ، 100x90x40 سم - ابيض بيج,craft-sh-1,1.0,3499.0,3499.0,500.0,2999.0,OFF500,القاهرة,Cash On Delivery
2006308771,2026-10-01 08:57:29,Oct 01,MP,goldena,Refrigerators &amp; Freezers,ثلاجة تورنيدو نوفروست، 351 لتر، انفرتر، RF-45FTV-DST - فضى,101210071,1.0,23834.0,23834.0,0.0,23834.0,,سوهاج,Cash On Delivery
2006427612,2026-10-01 08:51:01,Oct 01,MP,decorista,Coffee Corner,كوفي كورنر | أبيض | 120 × 40 × 80 | CC1,RAN-65NPBRD,1.0,5466.67,5466.67,500.0,4966.67,OFF500,القاهرة,Cash On Delivery
2006427609,2026-10-01 08:46:53,Oct 01,MP,lightcart,Cleaning Tools &amp; Supplies,ممسحة باركيه ذكية بالبخاخ مع 2 غيار مايكروفايبر أصلي في الكرتونة - مساحة أرضيات دوارة 360 درجة لتنظيف البقع والأسطح بلمسة واحدة,RAN-Z9XD5UV,1.0,269.0,269.0,13.45,255.55,KCH200,الجيزة,Cash On Delivery
2006427609,2026-10-01 08:46:53,Oct 01,raneen,raneen,Storage,استاند مطبخ بلاستيك حجازي بلاست، 4 دور، 90×54×15.5 سم - رمادي فاتح,HO1070313LGY,1.0,170.0,170.0,8.5,161.5,KCH200,الجيزة,Cash On Delivery
2006427606,2026-10-01 08:46:52,Oct 01,raneen,raneen,Microwaves &amp; Ovens,ميكروويف ايه تى ايه،، 20 لتر، 1200 وات، MW20LN002 - رمادي,EL1120811GRY,1.0,2999.0,2999.0,0.0,2999.0,,القاهرة,Cash On Delivery
2006427600,2026-10-01 08:46:08,Oct 01,MP,pure,Mattress,مرتبة سرير براند بيور، سوست متصلة، 195×150×25 سم - ابيض,Relax Plus-7,1.0,3599.0,3599.0,179.95,3419.05,TEX200,الأسكندرية,Cash On Delivery
2006427594,2026-10-01 08:39:49,Oct 01,MP,dukanalaa,Personal Care,شرائط الأنف المغناطيسية - لتخفيف الشخير، تحسين التنفس، للاستخدام أثناء النوم والرياضة (30 زوج),RAN-7X6H9EH,1.0,190.0,190.0,0.0,190.0,,القاهرة,Cash On Delivery
2006427594,2026-10-01 08:39:49,Oct 01,MP,asouaaq,Personal Care,مدلك وجه بنوع الرولر ثلاثي الأبعاد,RAN-PETF5SS,1.0,150.0,150.0,0.0,150.0,,القاهرة,Cash On Delivery
2006427594,2026-10-01 08:39:49,Oct 01,MP,muk,Personal Care,كرات الثلج لتدليك الوجه، أدوات باردة للوجه لتخفيف الانتفاخ، زجاج سميك إضافي آمن للتجميد للعناية اليومية بالبشرة,RAN-2YJTB4M,1.0,150.0,150.0,0.0,150.0,,القاهرة,Cash On Delivery
2006427588,2026-10-01 08:33:10,Oct 01,raneen,raneen,Serveware,صينية تقديم استانلس مستديرة عبده ستيل، 50 سم - فضي,HO1102024SL1,1.0,100.0,100.0,5.0,95.0,KCH200,الجيزة,Cash On Delivery
2006427588,2026-10-01 08:33:10,Oct 01,raneen,raneen,Cutlery &amp; Flatware Set,طقم ادوات مائده ستانلس ستيل الهدي، 24 قطعة - فضي,HO1118745SL1,1.0,100.0,100.0,5.0,95.0,KCH200,الجيزة,Cash On Delivery
2006427588,2026-10-01 08:33:10,Oct 01,raneen,raneen,Kitchenware,طقم برطمان توابل زجاج بغطاء بلاستيك، 15 قطعة، 120 مل، مزود بقمع تعبئة - اسود,HO1110579BLK,1.0,150.0,150.0,7.5,142.5,KCH200,الجيزة,Cash On Delivery
2006427588,2026-10-01 08:33:10,Oct 01,raneen,raneen,Drinkware,طقم اكواب اكواتك، 18 قطعة - شفاف,HO1093911CLR,1.0,200.0,200.0,10.0,190.0,KCH200,الجيزة,Cash On Delivery
2006427582,2026-10-01 08:31:20,Oct 01,raneen,raneen,Home &amp; Balcony Essentials,جزامة بلاستيك بأرجل، 4 رف، 70×31×49 سم - بني بيج,HO1145864BR1,1.0,200.0,200.0,10.0,190.0,kch200,المنوفية,Credit/Debit Card
2006427567,2026-10-01 08:22:57,Oct 01,raneen,raneen,Bed Sheets,طقم ملاية سرير قطن التلاوي، 4 قطع، 240×270 سم، 2600 جرام - موف,TX1151210MV1,1.0,1249.0,1249.0,0.0,1249.0,,القاهرة,QNB Installments
2006427567,2026-10-01 08:22:57,Oct 01,raneen,raneen,Mattress,مرتبة سرير اكسترا جولد دبل نت يانسن، سوست متصلة، 160×195 سم، ارتفاع 24 سم - ابيض بيج,TX1104263WI4,1.0,6949.0,6949.0,0.0,6949.0,,القاهرة,QNB Installments
2006427567,2026-10-01 08:22:57,Oct 01,raneen,raneen,Mattress,مرتبة سيلفر سليبي، سوست متصلة، 120×195 سم، ارتفاع 24 سم - ابيض,TX1113472WIT,4.0,4399.0,17596.0,0.0,17596.0,,القاهرة,QNB Installments
2006427567,2026-10-01 08:22:57,Oct 01,raneen,raneen,Bed Sheets,طقم ملاية جودي، 3 قطع، 240×170 سم، 650 جرام,TX1109918FC2,4.0,149.0,596.0,0.0,596.0,,القاهرة,QNB Installments
2006427561,2026-10-01 08:21:11,Oct 01,MP,etdonline,TV Stand &amp; Accessories,حامل تلفاز تلفاز اي تى اي، متوافق مع شاشات من 26 الى 55 بوصة، TX40 - اسود,Toptech-tx40-BLK-etdonline,1.0,251.0,251.0,0.0,251.0,KCH200,الجيزة,Credit/Debit Card
2006427561,2026-10-01 08:21:11,Oct 01,raneen,raneen,Cleaning Tools &amp; Supplies,جردل مسح فوريرة الشبح الهلال و النجمة -احمر اسود,HO1025158BNR,2.0,549.0,1098.0,54.9,1043.1,KCH200,الجيزة,Credit/Debit Card
2006427561,2026-10-01 08:21:11,Oct 01,raneen,raneen,Cookers,بوتاجاز غاز يونيون اير فانتوم، 4 شعلة، مفتاح للفرن ومفتاح للشواية /ستانلس كامل/ اشعال/لمبه/موتور شواية/تايمر، 60×60 سم، نصف امان، C66SS-GC-426-SOF-A - اسود,EL1144264BNS,1.0,8499.0,8499.0,0.0,8499.0,KCH200,الجيزة,Credit/Debit Card
2006427552,2026-10-01 08:10:16,Oct 01,raneen,raneen,Dinnerware,طقم عشاء بورسلين لوتس، 18 قطعه - ابيض تركواز فاتح,HO1130563MC1,2.0,999.0,1998.0,0.0,1998.0,,دمياط,Cash On Delivery
2006427537,2026-10-01 08:03:19,Oct 01,MP,lifecare,Vacuum Cleaners,مكنسة كهربائية صغيرة لاسلكية بوظيفة شفط ونفخ/مصباح LED، لتنظيف السيارة والمنزل والمكتب وللحيوانات الأليفة، تنظيف الفرش ,RAN-QYFGUYX,1.0,181.0,181.0,0.0,181.0,,القاهرة,Cash On Delivery
2006427519,2026-10-01 07:58:31,Oct 01,MP,elswedymobile,Mobile Phones,موبايل سمارت تكنو كامون 40 برو، شريحتين، شبكة الجيل الخامس، 256 جيجا بايت، 12 جيجا رام - أخضر زمردي &quot; نسخة الشرق الاوسط&quot;,Camon-40Pro-5G-256-12GRN,1.0,19999.0,19999.0,0.0,19999.0,,الغربية,Cash On Delivery
2006427510,2026-10-01 07:56:22,Oct 01,raneen,raneen,Washers &amp; Dryer,غسالة ملابس نصف اوتوماتيك فريش، تحميل علوي، سعة 14 كيلو جرام، 1350 لفة/ دقيقة، DFWM14000PD - ابيض,EL1140488WIT,1.0,9399.0,9399.0,0.0,9399.0,,الجيزة,El-Ahly Installments
2006427507,2026-10-01 07:55:24,Oct 01,raneen,raneen,Bedding,بطانية قطيفة اصلان، 220×240 سم، 7 كجم - متعدد الالوان,TX1074891BG1,1.0,1669.0,1669.0,0.0,1669.0,,القليوبية,Cash On Delivery
2006427507,2026-10-01 07:55:24,Oct 01,raneen,raneen,Cookware,طقم طاجن فخار، 3 قطع - بني,HO1103090BR1,2.0,55.0,110.0,0.0,110.0,,القليوبية,Cash On Delivery
2006427501,2026-10-01 07:52:32,Oct 01,raneen,raneen,Drinkware,طقم زجاج فيرست وان، 24 قطعه - شفاف,HO1115388CLR,2.0,200.0,400.0,20.0,380.0,KCH200,الأسكندرية,Cash On Delivery
2006427501,2026-10-01 07:52:32,Oct 01,raneen,raneen,Kitchenware,طقم توابل زجاج بالغطاء هيرينسيا، 3 قطع، 350 مل - شفاف,HO1148800CLR,1.0,100.0,100.0,5.0,95.0,KCH200,الأسكندرية,Cash On Delivery
2006427501,2026-10-01 07:52:32,Oct 01,raneen,raneen,Bowl,طقم مج شوربه زجاج، قطعتين، 480 مل - شفاف,HO1147698CLR,2.0,50.0,100.0,5.0,95.0,KCH200,الأسكندرية,Cash On Delivery
2006427501,2026-10-01 07:52:32,Oct 01,raneen,raneen,Dinnerware,طقم اطباق زجاج، 6 قطع، 20 سم - شفاف,HO1121644CLR,1.0,55.0,55.0,2.75,52.25,KCH200,الأسكندرية,Cash On Delivery
2006427501,2026-10-01 07:52:32,Oct 01,raneen,raneen,Laptop &amp; Computer Tables,ترابيزة لاب توب ثري دي خشب بأرجل معدن العالمية، سهلة الطى، 60×40×28 سم - متعدد الالوان,HO1106687MP0,1.0,180.0,180.0,0.0,180.0,KCH200,الأسكندرية,Cash On Delivery
2006427501,2026-10-01 07:52:32,Oct 01,raneen,raneen,Laptop &amp; Computer Tables,ترابيزة لاب توب ثري دي خشب بأرجل معدن العالمية، سهلة الطى، 60×40×28 سم - متعدد الالوان,HO1106687MN6,1.0,180.0,180.0,0.0,180.0,KCH200,الأسكندرية,Cash On Delivery
2006427501,2026-10-01 07:52:32,Oct 01,raneen,raneen,Laptop &amp; Computer Tables,ترابيزة لاب توب ثري دي خشب بأرجل معدن العالمية، سهلة الطى، 60×40×28 سم - متعدد الالوان,HO1106687MU2,1.0,180.0,180.0,0.0,180.0,KCH200,الأسكندرية,Cash On Delivery
2006427501,2026-10-01 07:52:32,Oct 01,raneen,raneen,Cleaning Tools &amp; Supplies,جردل مسح 2 عين بالغطاء بلاستيك سمارت حجازي بلاست، مزود بماسحة باركية، 2 غيار، 22×19×37 سم - بيج رمادي,HO1114685BG1,2.0,200.0,400.0,20.0,380.0,KCH200,الأسكندرية,Cash On Delivery
2006427501,2026-10-01 07:52:32,Oct 01,raneen,raneen,Drinkware,طقم اكواب بلاستيك للاطفال ماكس بلاست، 4 قطع - متعدد الالوان,HO1003576MC4,1.0,35.0,35.0,1.75,33.25,KCH200,الأسكندرية,Cash On Delivery
2006427501,2026-10-01 07:52:32,Oct 01,MP,coktailstore,Cutlery &amp; Flatware Set,مجموعة شوك الفواكه البلاستيكية القابلة للتصرف، 150 قطعة,RAN-6KJZFR8,2.0,75.0,150.0,7.5,142.5,KCH200,الأسكندرية,Cash On Delivery
2006427501,2026-10-01 07:52:32,Oct 01,raneen,raneen,Kitchenware,طقم برطمان توابل اكريليك، بغطاء بلاستيك، 4 قطع، 90 مل، بالأضافة الى استاند خشب - شفاف اسود,HO1141802BNC,2.0,50.0,100.0,5.0,95.0,KCH200,الأسكندرية,Cash On Delivery
2006427501,2026-10-01 07:52:32,Oct 01,raneen,raneen,Kitchenware,طقم برطمان توابل اكريليك، غطاء خشب، 8 قطع، 250 مل، 2 استاند اكريليك، 8 معلقة بلاستيك هدية - شفاف خشبي,HO1125144CLR,1.0,299.0,299.0,14.95,284.05,KCH200,الأسكندرية,Cash On Delivery
2006427501,2026-10-01 07:52:32,Oct 01,raneen,raneen,Drinkware,مج بورسلين، 400 مل - زيتوني,HO1153670OLV,2.0,39.0,78.0,3.9,74.1,KCH200,الأسكندرية,Cash On Delivery
2006427501,2026-10-01 07:52:32,Oct 01,raneen,raneen,Drinkware,طقم مج بورسلين لوتس دريم، 4 قطع، 350 مللي - متعدد الالوان,HO1110779MC4,1.0,200.0,200.0,10.0,190.0,KCH200,الأسكندرية,Cash On Delivery
2006427501,2026-10-01 07:52:32,Oct 01,raneen,raneen,Drinkware,طقم مج بورسلين، قطعتين، 350 مل - رمادي روز,HO1143927MC1,1.0,116.0,116.0,5.8,110.2,KCH200,الأسكندرية,Cash On Delivery
2006427501,2026-10-01 07:52:32,Oct 01,raneen,raneen,Drinkware,طقم مج بورسلين، قطعتين، 350 مل - زيتوني فاتح,HO1143927OL1,1.0,100.0,100.0,5.0,95.0,KCH200,الأسكندرية,Cash On Delivery
2006427501,2026-10-01 07:52:32,Oct 01,raneen,raneen,Drinkware,طقم مجات بورسلين لوتس، 4 قطع، بالأضافة ستاند معدن - ابيض بني,HO1073247ME1,1.0,200.0,200.0,10.0,190.0,KCH200,الأسكندرية,Cash On Delivery
2006427501,2026-10-01 07:52:32,Oct 01,raneen,raneen,Drinkware,مج بورسلين، 350 مل - متعدد الالوان,HO1146460MC3,2.0,50.0,100.0,5.0,95.0,KCH200,الأسكندرية,Cash On Delivery
2006427501,2026-10-01 07:52:32,Oct 01,raneen,raneen,Drinkware,طقم مجات بورسلين لوتس، 4 قطع، بالأضافة ستاند معدن - متعدد الالوان,HO1073247MA5,1.0,200.0,200.0,10.0,190.0,KCH200,الأسكندرية,Cash On Delivery
2006427501,2026-10-01 07:52:32,Oct 01,raneen,raneen,Drinkware,طقم مجات بورسلين لوتس، 4 قطع، بالأضافة ستاند معدن - ابيض بني,HO1073247ME4,1.0,200.0,200.0,10.0,190.0,KCH200,الأسكندرية,Cash On Delivery
2006427501,2026-10-01 07:52:32,Oct 01,MP,smbfortrade,Drinkware,طقم مجات بورسلين، 3 قطع - متعدد الالوان,7865353533727,1.0,129.0,129.0,6.45,122.55,KCH200,الأسكندرية,Cash On Delivery
2006427501,2026-10-01 07:52:32,Oct 01,raneen,raneen,Kitchenware,طقم برطمان توابل اكريليك بغطاء بلاستيك نانو بلاست، 16 قطعة، مع ستاند دوار بلاستيك، 16×28 سم - اسود ذهبي,HO1127045BNG,1.0,349.0,349.0,17.45,331.55,KCH200,الأسكندرية,Cash On Delivery
2006427501,2026-10-01 07:52:32,Oct 01,raneen,raneen,Drinkware,مج زجاج غطاء خشب، بالشاليموه، 500 مل - شفاف خشبي,HO1143968CL6,6.0,50.0,300.0,15.0,285.0,KCH200,الأسكندرية,Cash On Delivery
2006427489,2026-10-01 07:48:55,Oct 01,raneen,raneen,Fryers,قلاية هوائية تورنيدو ستانلس، 1800 وات، 8 لتر، ديجيتال، TFE-A1808TS1A - اسود فضى,EL1139683BNS,1.0,7399.0,7399.0,0.0,7399.0,,الجيزة,Cash On Delivery
2006427489,2026-10-01 07:48:55,Oct 01,raneen,raneen,Microwaves &amp; Ovens,فرن كهربائي بالشواية تورنيدو، 1800 وات، 48 لتر، TEO-48DGE(K) - اسود,EL1077728BLK,1.0,4150.0,4150.0,0.0,4150.0,,الجيزة,Cash On Delivery
2006427483,2026-10-01 07:45:28,Oct 01,MP,radiotalaat,Hair Care,مكواة فرد الشعر الاحترافية SK 993 من سوكاني، متعدد الالوان,RAN-67F3RJZ,1.0,372.0,372.0,0.0,372.0,,كفر الشيخ,Cash On Delivery
2006427468,2026-10-01 07:39:24,Oct 01,raneen,raneen,Dinnerware,طقم عشاء أركوبال أماراتى لومينارك، 24 قطعة - ابيض,HO1088626WIT,1.0,999.0,999.0,49.95,949.05,KCH200,القاهرة,Cash On Delivery
2006427468,2026-10-01 07:39:24,Oct 01,MP,smbfortrade,Dinnerware,طقم اطباق، بورسلين، 2 قطعة - متعدد الالوان,6223015243680,1.0,263.0,263.0,13.15,249.85,KCH200,القاهرة,Cash On Delivery
2006427468,2026-10-01 07:39:24,Oct 01,raneen,raneen,Dinnerware,طقم اطباق زجاج مستدير، 6 قطع، 16 سم - شفاف,HO1081560CL2,1.0,73.0,73.0,3.65,69.35,KCH200,القاهرة,Cash On Delivery
2006427468,2026-10-01 07:39:24,Oct 01,raneen,raneen,Cookware,طقم حلل جرانيت جراندي كوك، 11 قطعة مع هدية 2 قطعة توزيع - اسود,HO1081180BLK,1.0,1499.0,1499.0,74.95,1424.05,KCH200,القاهرة,Cash On Delivery
2006427462,2026-10-01 07:37:04,Oct 01,MP,alaasasmarketplace,Underwear’s,مجموعة بوكسر قصير قطن للرجال قطونيل، مقاس M، 4 قطع - متعدد الالوان,BikinDigital-4-5-alaasasmarketplace,1.0,395.0,395.0,0.0,395.0,,القاهرة,Cash On Delivery
2006427462,2026-10-01 07:37:04,Oct 01,raneen,raneen,Shoes,شبشب فليب فلوب جلد للرجال، EU 41 - بني,SH1155563BR1,1.0,189.0,189.0,0.0,189.0,,القاهرة,Cash On Delivery
2006427462,2026-10-01 07:37:04,Oct 01,raneen,raneen,Shoes,شبشب فليب فلوب جلد طبيعي للرجال، EU 41 - بني,SH1156903B11,1.0,165.0,165.0,0.0,165.0,,القاهرة,Cash On Delivery
2006427453,2026-10-01 07:32:41,Oct 01,MP,grohy,Fans,مروحة ستاند جروهي، 18 بوصة، 5 ريشة، 3 سرعات، USS-18026 - اسود احمر,USS-18026,1.0,980.0,980.0,0.0,980.0,,القاهرة,Cash On Delivery
2006427447,2026-10-01 07:31:33,Oct 01,MP,dukanabdelaziz,Water Heaters,سخان مياه غاز فريش، 10 لتر، SPA - فضي,EL1060464SLV-conf-dukanabdelaziz,1.0,5900.0,5900.0,0.0,5900.0,TEX200,القاهرة,Credit/Debit Card
2006427447,2026-10-01 07:31:33,Oct 01,MP,americanhouse,Mattress,مرتبة قطن امريكان هاوس، سوست منفصلة، 27x100x190 سم - متعدد الالوان,m2-1-americanhouse,1.0,5550.0,5550.0,200.0,5350.0,TEX200,القاهرة,Credit/Debit Card
2006427447,2026-10-01 07:31:33,Oct 01,MP,attallah,Refrigerators &amp; Freezers,ثلاجة ديفروست فريش، 294 لتر، 2باب، FDD-B315BS - فضي,EL1022000conf-awladghanem-conf-attallah,1.0,14311.0,14311.0,0.0,14311.0,TEX200,القاهرة,Credit/Debit Card
2006427447,2026-10-01 07:31:33,Oct 01,MP,attallah,Built in,شفاط بلت ان فريش، 90 سم، 2 موتور، Classic 90-ST - فضي,ROFA500015907ATT,1.0,5496.0,5496.0,0.0,5496.0,TEX200,القاهرة,Credit/Debit Card
2006427447,2026-10-01 07:31:33,Oct 01,raneen,raneen,Televisions,تلفزيون سمارت بدون إطار توشيبا، 43 بوصة، FHD، مزود برسيفر داخلى، 43V35RP - اسود,EL1149716BLK,1.0,13979.0,13979.0,0.0,13979.0,TEX200,القاهرة,Credit/Debit Card
2006427447,2026-10-01 07:31:33,Oct 01,raneen,raneen,Microwaves &amp; Ovens,ميكروويف بشواية تورنيدو، 25 لتر، 900 وات، MOM-C25BBE-BK - اسود,EL1094257BLK,1.0,7391.0,7391.0,0.0,7391.0,TEX200,القاهرة,Credit/Debit Card
2006427441,2026-10-01 07:25:00,Oct 01,MP,coktailstore,Clothes Hangers,حامل ملابس بقضبان مزدوجة بعجلات من ليينسيا ,RAN-HNKXDWG,1.0,850.0,850.0,0.0,850.0,,الجيزة,Cash On Delivery
2006427435,2026-10-01 07:19:45,Oct 01,MP,talhastore,Men&#039;s Bags,حقيبة ماء سوداء مضادة للماء | حقيبة خصر وكتف متقاطعة | مناسبة للجنسين,RAN-9M6VGE4,1.0,110.0,110.0,5.5,104.5,F150,أسوان,Cash On Delivery
2006427432,2026-10-01 07:18:37,Oct 01,MP,smbfortrade,Drinkware,طقم مجات بورسلين ديليسيا، 4 قطع - متعدد الالوان,7865156666103,1.0,173.0,173.0,8.65,164.35,kcH200,الأسكندرية,Cash On Delivery
2006427432,2026-10-01 07:18:37,Oct 01,raneen,raneen,Storage,شانون بلاستيك اليجانس بيوتي، 4 دور، 85×40 سم - بني بيج,HO1009510BG1,2.0,425.0,850.0,42.5,807.5,kcH200,الأسكندرية,Cash On Delivery
2006427429,2026-10-01 07:15:28,Oct 01,MP,lazord,Cookware,طقم أواني طهي لازورد ، 9 قطع ، جرانيت - اسود,16531,1.0,1550.0,1550.0,77.5,1472.5,KCH200,القليوبية,Credit/Debit Card
2006427429,2026-10-01 07:15:28,Oct 01,raneen,raneen,Dinnerware,طقم عشاء اركوبال لوفوشيا، 42 قطعة - متعدد الالوان,HO1136628BNW,1.0,999.0,999.0,49.95,949.05,KCH200,القليوبية,Credit/Debit Card
2006427429,2026-10-01 07:15:28,Oct 01,raneen,raneen,Cutlery &amp; Flatware Set,طقم ادوات مائده ستانلس ستيل الهدي، 24 قطعة - فضي,HO1118744SL1,1.0,100.0,100.0,5.0,95.0,KCH200,القليوبية,Credit/Debit Card
2006427426,2026-10-01 07:13:55,Oct 01,MP,shahrazad,Mattress,غطاء مرتبة بوليستر، قطعة واحدة، 100X200سم - ابيض,B091JHTC4Q,2.0,185.0,370.0,0.0,370.0,,أسيوط,Credit/Debit Card
4000170188,2026-10-01 07:06:57,Oct 01,MP,pure,Pillows,"Pure Brand Medical Pillow, Fiber, 70X50 Cm - White",Relax Plus-12,1.0,185.0,185.0,9.25,175.75,TEX200,أسيوط,Paymob Wallet
2006427417,2026-10-01 07:02:01,Oct 01,MP,radiotalaat,Suction Fan,شفاط حائطي بشبكة تورنيدو، 30 سم، TVS-30CM - اوف وايت,194844,1.0,1700.0,1700.0,0.0,1700.0,,القاهرة,Cash On Delivery
2006427405,2026-10-01 06:58:21,Oct 01,MP,alaaeldin,Action Toys,لعبة المطرقة الممتعة - متعدد الألوان,TD-IUC1-X603,1.0,129.0,129.0,0.0,129.0,TOY150,الشرقية,Cash On Delivery
2006427405,2026-10-01 06:58:21,Oct 01,raneen,raneen,Nursery Furniture &amp; Decor,لعبة مرجيحة بلاستيك للاطفال، 100×50 سم - ازرق,TY1101960BLU,1.0,299.0,299.0,29.9,269.1,TOY150,الشرقية,Cash On Delivery
2006427396,2026-10-01 06:52:20,Oct 01,raneen,raneen,Cookware,طقم طاجن فخار، 6 قطع - بني,HO1109701BRN,1.0,100.0,100.0,0.0,100.0,,الجيزة,Cash On Delivery
2006427396,2026-10-01 06:52:20,Oct 01,MP,lifecare,Knife &amp; Cutters,قاطع تقطيع فواكه وخضروات من الفولاذ المقاوم للصدأ Spaceshoop,RAN-JY6NUJ2,1.0,94.0,94.0,0.0,94.0,,الجيزة,Cash On Delivery
2006427396,2026-10-01 06:52:20,Oct 01,MP,coktailstore,Kitchenware,قشارة خضار وفاكهة 3 في 1 بمقبض خشبي وشفرة استانلس ستيل - قشارة سمك وفتاحة زجاجات,RAN-YUKCVYQ,1.0,149.0,149.0,0.0,149.0,,الجيزة,Cash On Delivery
4000170185,2026-10-01 06:46:26,Oct 01,MP,attallah,Washers &amp; Dryer,"Fresh Duetto Washing Machine, Twin Tub, 5 Kg - White",DUETTOWHI-CONF-attallah,1.0,5125.0,5125.0,0.0,5125.0,,القاهرة,Cash On Delivery
4000170185,2026-10-01 06:46:26,Oct 01,MP,mam,Refrigerators &amp; Freezers,"Unionaire RD-320VVA-DAH Defrost Refrigerator, 2 Doors, 310 Liters, Digital Defrost - Silver",EL1153508SLV-mam,1.0,11199.0,11199.0,0.0,11199.0,,القاهرة,Cash On Delivery
2006427378,2026-10-01 06:38:24,Oct 01,MP,caesar,Pants,شورت باسكوتا للرجال من سيزار مع جيوب جانبية – شورت كاجوال صيفي – أزرق كحلي وأبيض,RAN-HA58RMP,1.0,232.0,232.0,0.0,232.0,,القاهرة,Cash On Delivery
2006427378,2026-10-01 06:38:24,Oct 01,raneen,raneen,Bathroom Accessories,ركنه حمام اكريلك مستطيله، قوائم ستانلس ستيل، 23×8×26 سم - شفاف فضي,HO1137177CL1,1.0,95.0,95.0,0.0,95.0,,القاهرة,Cash On Delivery
2006427378,2026-10-01 06:38:24,Oct 01,raneen,raneen,Bathroom Accessories,ركنه حمام اكريلك مستديرة، قوائم ستانلس ستيل، 23×22 سم - شفاف فضي,HO1137179CL1,1.0,95.0,95.0,0.0,95.0,,القاهرة,Cash On Delivery
2006427378,2026-10-01 06:38:24,Oct 01,MP,alaqmardesign,Floor Lamp,لمبادير مودرن خشب موسكي، 1 لمبة، 40×165×40 سم - بيج اوف وايت,LamstOFW3+16,1.0,1299.0,1299.0,0.0,1299.0,,القاهرة,Cash On Delivery
2006427378,2026-10-01 06:38:24,Oct 01,MP,unclesamlighting,Home Decor,اناء زرع بلاستيك ، 2 قطع - ابيض اخضر,17-unclesamlighting,1.0,130.0,130.0,0.0,130.0,,القاهرة,Cash On Delivery
2006427378,2026-10-01 06:38:24,Oct 01,raneen,raneen,Kitchenware,مضرب بيض يدوي ستانلس ستيل ، 30 سم - فضي,HO1157069SL1,1.0,65.0,65.0,0.0,65.0,,القاهرة,Cash On Delivery
2006427378,2026-10-01 06:38:24,Oct 01,MP,asouaaq,Hair Care,مجفف شعر مطور مع فرشاة 4 في 1، مجفف ومكثف ومصفف للشعر,MP-UO-3ETR-D10Q,1.0,410.0,410.0,0.0,410.0,,القاهرة,Cash On Delivery
2006427366,2026-10-01 06:33:54,Oct 01,MP,linesleep,Mattress,مرتبة تطرية لاين سليب حشو فايبر، ، 200×200 سم - ابيض,LS-L-109-7-White,1.0,855.0,855.0,42.75,812.25,TEX200,الغربية,Paymob Wallet
2006427360,2026-10-01 06:29:00,Oct 01,MP,edgelighting,Lighting Hanging,نجفة سقف، 50×50 سم، 5 لمبة - اسود ذهبي,C450BLG,1.0,1289.0,1289.0,128.9,1160.1,LIT200,القاهرة,Credit/Debit Card
2006427360,2026-10-01 06:29:00,Oct 01,MP,edgelighting,Lighting Hanging,نجفة سقف، 40×15 سم، 1 لمبة - ذهبي,C458GLD,1.0,219.0,219.0,21.9,197.1,LIT200,القاهرة,Credit/Debit Card
4000170182,2026-10-01 06:26:28,Oct 01,raneen,raneen,Televisions,"Xiaomi L43MB-AFME Smart TV, 43 Inch, LED, FHD, Voice Search Remote - Black",EL1151044BLK,1.0,11499.0,11499.0,0.0,11499.0,,الجيزة,Credit/Debit Card
2006427351,2026-10-01 06:23:40,Oct 01,MP,elgebalytex,Mattress,واقي مرتبة مقاوم للماء - رمادي,5372-KH-375434,2.0,351.0,702.0,0.0,702.0,,الجيزة,Cash On Delivery
2006427351,2026-10-01 06:23:40,Oct 01,MP,linesleep,Mattress,مرتبة تطرية فايبر لاين سليب، 195×90 سم - بنفسجي,MTRS36195X90PRP,1.0,525.0,525.0,0.0,525.0,,الجيزة,Cash On Delivery
2006427348,2026-10-01 06:21:51,Oct 01,MP,shoppingonline,Laptop Accessories,شنطة ظهر للابتوب للسفر مقاومة للماء بتصميم أنيق، 15.6 بوصة ,B09LS9BVXZ,1.0,209.0,209.0,0.0,209.0,,الغربية,Cash On Delivery
2006427336,2026-10-01 06:16:38,Oct 01,MP,gomlacenter,Hair Care,مجفف الشعر ماكس MA-803 32ق بقوة 4000 واط - لون أحمر,RAN-K8228RR,1.0,575.0,575.0,0.0,575.0,,الدقهلية,Cash On Delivery
2006427336,2026-10-01 06:16:38,Oct 01,MP,dukanalaa,Hair Care,مكواة شعر تورنيدو، 6 مستويات، 980 درجة حرارة - اسود,980TornBLK,1.0,1145.0,1145.0,0.0,1145.0,,الدقهلية,Cash On Delivery
2006427312,2026-10-01 05:52:39,Oct 01,MP,elpasha,Irons,مكواة بخار تاتش الزنوكى تاتش الزنوكى، 2600 وات، 40401-ZNK,EL1020593WNP-elbasha,1.0,1300.0,1300.0,0.0,1300.0,,الدقهلية,Cash On Delivery
2006427306,2026-10-01 05:48:42,Oct 01,MP,dukanalaa,PlayStation Games &amp; Accessories,جهاز تحكم ألعاب محمول من Amztour بستة أصابع و 6 مشغلات,RAN-GD4QSCC,1.0,175.0,175.0,0.0,175.0,,الأسكندرية,Cash On Delivery
2006427303,2026-10-01 05:46:40,Oct 01,MP,coktailstore,Table Lighting,لمبة ضوء LED بحساس - أبيض,CK2-14,1.0,225.0,225.0,22.5,202.5,LIT200,الأسكندرية,Cash On Delivery
2006427300,2026-10-01 05:46:39,Oct 01,raneen,raneen,Water Filters,فلتر تانك برو، ديجيتال، 6 وظائف تنقية - اسود,HO1121193BLK,1.0,2114.0,2114.0,0.0,2114.0,,القاهرة,Aman
2006427297,2026-10-01 05:45:08,Oct 01,raneen,raneen,Shoe Rack,جزامة خشب شيب بورد، 3 رف، 2 درفة، 29×60×86 سم,HO1119887BNB,1.0,1199.0,1199.0,0.0,1199.0,,القاهرة,Cash On Delivery
2006427294,2026-10-01 05:43:11,Oct 01,MP,dukanalaa,Islamic,خاتم تسبيح ذكري ذكي من ايكيبلا لون رمادي مقاس 20 ملم,RAN-DC52NAS,1.0,799.0,799.0,0.0,799.0,,الجيزة,Cash On Delivery
2006427291,2026-10-01 05:42:14,Oct 01,MP,lightcart,Kitchenware,رف مزدوج معدني للميكروويف - فضي,EIB-56834-LIGHT-CARD-6857,1.0,472.0,472.0,0.0,472.0,,القليوبية,Cash On Delivery
2006427291,2026-10-01 05:42:14,Oct 01,raneen,raneen,Kitchenware,مطبقية بلاستيك بالطبق، 30.50×44×37 سم، 2 دور - اسود,HO1111810BNB,1.0,100.0,100.0,0.0,100.0,,القليوبية,Cash On Delivery
2006427282,2026-10-01 05:38:40,Oct 01,raneen,raneen,Pressure Cooker,حلة ضغط ستانلس ستيل زينوكس، 12 لتر - فضي اسود,HO1090770BLK,1.0,1899.0,1899.0,0.0,1899.0,,الجيزة,Cash On Delivery
2006427273,2026-10-01 05:36:31,Oct 01,raneen,raneen,Cookware,طقم حلل ستانلس ستيل سمارت زينوكس، 10 قطع - فضي,HO1148366SLV,1.0,3299.0,3299.0,0.0,3299.0,,المنوفية,Cash On Delivery
2006427246,2026-10-01 05:17:03,Oct 01,raneen,raneen,Side Table,ترابيزة خشب جانبية ام دي اف العالمية، 35×50 سم - ابيض بني,HO1128879WI1,1.0,200.0,200.0,0.0,200.0,KCH200,الشرقية,Cash On Delivery
2006427246,2026-10-01 05:17:03,Oct 01,raneen,raneen,Storage &amp; Organization,غطاء بدلة وتر بروف، 80×50×90 سم - ابيض,HO1138212WI1,1.0,50.0,50.0,2.5,47.5,KCH200,الشرقية,Cash On Delivery
2006427246,2026-10-01 05:17:03,Oct 01,raneen,raneen,Tanks,طقم كولمان بلاستيك ايس تانك، 3 قطع، ايس تانك 16 لتر مع ايس تانك 2.5 لتر مع زجاجة مياة 1000 مل - احمر ابيض,HO1149686MC1,1.0,699.0,699.0,34.95,664.05,KCH200,الشرقية,Cash On Delivery
2006427246,2026-10-01 05:17:03,Oct 01,raneen,raneen,Kitchenware,منظم ثلاجة بلاستيك اليت، 19×28×11 سم - شفاف,HO1104044CLR,2.0,45.0,90.0,4.5,85.5,KCH200,الشرقية,Cash On Delivery
2006427246,2026-10-01 05:17:03,Oct 01,raneen,raneen,Storage,استاند منزلي بلاستيك العالمية، 3 دور، 4 عجلة، 75×18×75 سم - رمادي,HO1135617LGY,2.0,115.0,230.0,11.5,218.5,KCH200,الشرقية,Cash On Delivery
2006427246,2026-10-01 05:17:03,Oct 01,raneen,raneen,Cookware,طقم قلاية الومنيوم شيف كوك، 3 قطع - فضي,HO1129642SLV,1.0,200.0,200.0,10.0,190.0,KCH200,الشرقية,Cash On Delivery
2006427246,2026-10-01 05:17:03,Oct 01,raneen,raneen,Storage,طقم علب تخزين بلاستيك الهدي، قطعتين - شفاف رمادي,HO1137691CL1,1.0,200.0,200.0,10.0,190.0,KCH200,الشرقية,Cash On Delivery
2006427246,2026-10-01 05:17:03,Oct 01,raneen,raneen,Kitchen Accessories,شماعة بناطيل بلاستيك، 24×33 سم، 5 دور - كشمير,HO1098330KSH,3.0,26.0,78.0,3.9,74.1,KCH200,الشرقية,Cash On Delivery
2006427246,2026-10-01 05:17:03,Oct 01,raneen,raneen,Cookware,طاجن الومنيوم مستطيل ماجيك، 25 سم - فضي,HO1109906SLV,1.0,100.0,100.0,5.0,95.0,KCH200,الشرقية,Cash On Delivery
2006427246,2026-10-01 05:17:03,Oct 01,raneen,raneen,Kitchenware,مطبقية بلاستيك بالطبق، 30.50×44×37 سم، 2 دور - اسود,HO1111810BNB,1.0,100.0,100.0,5.0,95.0,KCH200,الشرقية,Cash On Delivery
2006427240,2026-10-01 05:14:25,Oct 01,raneen,raneen,Microwaves &amp; Ovens,ميكروويف ايه تى ايه،، 20 لتر، 1200 وات، MW20LN002 - رمادي,EL1120811GRY,1.0,2999.0,2999.0,0.0,2999.0,,الجيزة,Cash On Delivery
2006427195,2026-10-01 04:52:37,Oct 01,MP,craftfurniture,TV Table,ترابيزة تلفاز خشب شيب بورد، 140×40×30 - ابيض,MZTVTABLE6WIT-craftfurniture,1.0,1199.0,1199.0,0.0,1199.0,,الجيزة,Cash On Delivery
4000170179,2026-10-01 04:48:47,Oct 01,MP,dukanalaa,Hair Care,Professional Hair Dryer Brush 2500W - Multi Function 3 Heat Levels,RAN-MB33HMR,1.0,399.0,399.0,0.0,399.0,,الجيزة,Cash On Delivery
4000170173,2026-10-01 04:44:50,Oct 01,MP,mostafapharmacy,Skin Care,The Ordinary Organic Face Oil for All Skin Types - 30 ml,mBhyFoqyAD,1.0,600.0,600.0,0.0,600.0,,الأسكندرية,Cash On Delivery
2006427183,2026-10-01 04:43:51,Oct 01,raneen,raneen,Cookware,حلة زجاج حراري بالغطاء، 1.8 لتر - شفاف,HO1146475CLR,1.0,129.0,129.0,0.0,129.0,,الجيزة,Cash On Delivery
2006427183,2026-10-01 04:43:51,Oct 01,raneen,raneen,Cleaning Tools &amp; Supplies,جردل مسح 2 عين بالغطاء بلاستيك سمارت حجازي بلاست، مزود بماسحة باركية، 2 غيار، 22×19×37 سم - بيج رمادي,HO1114685BG1,1.0,200.0,200.0,0.0,200.0,,الجيزة,Cash On Delivery
2006427180,2026-10-01 04:41:06,Oct 01,raneen,raneen,Carpets,سجادة رابر نيو جاكارتا ماك، 210×150 سم - رمادي داكن,TX1156005DGY,1.0,349.0,349.0,17.45,331.55,TEX200,الشرقية,Cash On Delivery
2006427168,2026-10-01 04:39:01,Oct 01,MP,elitefurniture,Side Table,ترابيزة جانبية صغيرة بتصميم موفر للمساحة بسطح خشب وإطار معدني، 45×60×30 سم ، خشب PVC و معدن - بنى,elitefurniture2-sidetable,3.0,630.0,1890.0,18.76,1871.24,OFF500,الأسكندرية,Cash On Delivery
2006427168,2026-10-01 04:39:01,Oct 01,MP,elmotahida,Office Chairs,كرسي مكتب، 125×45×60 سم - اسود,FOX444BLK,1.0,2750.0,2750.0,27.3,2722.7,OFF500,الأسكندرية,Cash On Delivery
2006427168,2026-10-01 04:39:01,Oct 01,MP,lightsquare,Wall Lamp Lights,أبليك ليد سوداء موديل LWB9005 بثلاثة ألوان مختلفة,RAN-AZG4TBG,2.0,359.0,718.0,7.13,710.87,OFF500,الأسكندرية,Cash On Delivery
2006427168,2026-10-01 04:39:01,Oct 01,MP,abhfurniture,Clothes Hangers,شماعة ملابس ستيل، 180×40×100 - اسود,MZel3aClothsHanger11BLK,1.0,1717.0,1717.0,17.04,1699.96,OFF500,الأسكندرية,Cash On Delivery
2006427168,2026-10-01 04:39:01,Oct 01,MP,antikawoodfurniture,Coffee Corner,ترابيزة قهوة خشب ام دي اف، 80x30x60 سم - بني,MFCT1014fm-antikawoodfurniture,1.0,1999.0,1999.0,19.85,1979.15,OFF500,الأسكندرية,Cash On Delivery
2006427168,2026-10-01 04:39:01,Oct 01,MP,molanafortraining,Home Decor,منظم وحامل مناديل بلاستيك ايكوكو - بيج بينك,EIB-56805-6828-molanafortraining,1.0,399.0,399.0,3.96,395.04,OFF500,الأسكندرية,Cash On Delivery
2006427168,2026-10-01 04:39:01,Oct 01,MP,nagfashop,Table Lighting,اباجورة مودرن خشب، 20×30×45 سم، 1 لمبة - اوف وايت بنى,TB52-VBNSNAG,1.0,659.0,659.0,6.54,652.46,OFF500,الأسكندرية,Cash On Delivery
2006427168,2026-10-01 04:39:01,Oct 01,MP,alameerlighting,Lighting Hanging,نجفه الامير ، سلب ، 10x10x90 سم - بيج,1948-alameer,2.0,256.0,512.0,5.08,506.92,OFF500,الأسكندرية,Cash On Delivery
2006427168,2026-10-01 04:39:01,Oct 01,MP,woodenfurniture,Storage Units,بوفيه دلفتين و 6 درج ، ام دي اف ، 160×40×90 سم - بني,30-bofeh,1.0,9169.0,9169.0,91.02,9077.98,OFF500,الأسكندرية,Cash On Delivery
2006427168,2026-10-01 04:39:01,Oct 01,MP,woodrate,Commode &amp; Drawer Units,مجموعة ادراج تخزين خشب ام دي اف، 6 ادراج، 70x120x40 سم - ابيض,MP1033,1.0,6332.0,6332.0,62.85,6269.15,OFF500,الأسكندرية,Cash On Delivery
2006427168,2026-10-01 04:39:01,Oct 01,MP,ikea,Home Decor,فازة نباتات صناعية ايكيا، بلاستيك، 6 سم، 3 قطع - ابيض,2TBD43DV9HDA,1.0,360.0,360.0,3.58,356.42,OFF500,الأسكندرية,Cash On Delivery
2006427168,2026-10-01 04:39:01,Oct 01,MP,unclesamlighting,Home Decor,إناء زرع بلاستيك ، 6 قطع ، أبيض أخضر,SAM102,1.0,338.0,338.0,3.35,334.65,OFF500,الأسكندرية,Cash On Delivery
2006427168,2026-10-01 04:39:01,Oct 01,MP,jokylights,Floor Lamp,لمبادير ستيل دهان الكتروستاتيك جوكى، 50×40 سم - اسود,joky573,1.0,1859.0,1859.0,18.46,1840.54,OFF500,الأسكندرية,Cash On Delivery
2006427168,2026-10-01 04:39:01,Oct 01,MP,craftfurniture,Center Table,ترابيزة وسط، خشب أم دي أف، 120×40×60 - بني,MZCTABLE2BRW-craftfurniture,1.0,1499.0,1499.0,14.88,1484.12,OFF500,الأسكندرية,Cash On Delivery
2006427168,2026-10-01 04:39:01,Oct 01,raneen,raneen,Sofa,ركنة شكل L خشب طبيعي قطعتين، قماش كتان، 300x200x80x70 سم - ابيض,HO1122845WIT1,1.0,10999.0,10999.0,109.18,10889.82,OFF500,الأسكندرية,Cash On Delivery
2006427168,2026-10-01 04:39:01,Oct 01,MP,inhomestore,Desks,مكتب خشب ام دي اف، 50×160×80 سم - ابيض,MHMPat26ih,1.0,9169.0,9169.0,91.02,9077.98,OFF500,الأسكندرية,Cash On Delivery
2006427159,2026-10-01 04:29:30,Oct 01,raneen,raneen,Cleaning Tools &amp; Supplies,يد خشب، مقاس 120 سم - بنى,HO1042929BSC,2.0,26.0,52.0,0.0,52.0,,الأسكندرية,Cash On Delivery
2006427159,2026-10-01 04:29:30,Oct 01,raneen,raneen,Cookware,طقم قلاية الومنيوم ماجيك، قطعتين - فضي,HO1145771SLV,1.0,200.0,200.0,0.0,200.0,,الأسكندرية,Cash On Delivery
2006427159,2026-10-01 04:29:30,Oct 01,MP,juzoor,Kitchenware,شاكوش خشب زان أليت، 32×10 سم - خشبى,HO1103543BSC-juzoor,1.0,60.0,60.0,0.0,60.0,,الأسكندرية,Cash On Delivery
2006427159,2026-10-01 04:29:30,Oct 01,raneen,raneen,Cookware,طقم طاجن بورجام زجاج حرارى تركى  بيضاوى مقاس (1.55لتر-3.2لتر)، قطعتين،- شفاف,HO1012435CLR,1.0,320.0,320.0,0.0,320.0,,الأسكندرية,Cash On Delivery
2006427159,2026-10-01 04:29:30,Oct 01,MP,grandmakaa,Mixers &amp; Blenders,صانع الكبة الأبيض لايف 3 لتر، 1200 واط، فولاذ مقاوم للصدأ، 3 سرعات,RAN-SA8738W,1.0,849.0,849.0,0.0,849.0,,الأسكندرية,Cash On Delivery
2006427141,2026-10-01 04:09:02,Oct 01,raneen,raneen,Bedding,كوفرتة جاكار المأمون، 220×240 سم، 1660 جرام - متعدد الالوان,TX1145258MC4,2.0,375.0,750.0,0.0,750.0,,الجيزة,Cash On Delivery
2006427141,2026-10-01 04:09:02,Oct 01,raneen,raneen,Bedding,كوفرتة جاكار المأمون، 220×180 سم، 1150 جرام - متعدد الالوان,TX1145259MC5,2.0,299.0,598.0,0.0,598.0,,الجيزة,Cash On Delivery
2006427141,2026-10-01 04:09:02,Oct 01,raneen,raneen,Bedding,دفاية فرو ساراتوجا سادة، 210×240 سم ، 1500 جرام تقريباً,TX1065289RED,3.0,299.0,897.0,0.0,897.0,,الجيزة,Cash On Delivery
2006427138,2026-10-01 04:08:17,Oct 01,raneen,raneen,Home &amp; Balcony Essentials,ترابيزة بلاستيك مستطيلة وينر بلاست، 59×43 سم - بيج,HO1093269BG1,2.0,311.0,622.0,31.1,590.9,kch200,القاهرة,Cash On Delivery
2006427135,2026-10-01 04:08:01,Oct 01,raneen,raneen,Dinnerware,طقم عشاء اركوبال جراند، 24 قطعة - متعدد الالوان,HO1140980WI2,1.0,499.0,499.0,24.95,474.05,KCH200,القاهرة,Cash On Delivery
2006427132,2026-10-01 04:06:56,Oct 01,raneen,raneen,Nursery Furniture &amp; Decor,كرسى اطفال بلاستيك سفير، 36×38×53 سم - اخضر,HO1131018GRN,1.0,100.0,100.0,10.0,90.0,toy150,القاهرة,Cash On Delivery
2006427132,2026-10-01 04:06:56,Oct 01,raneen,raneen,Nursery Furniture &amp; Decor,كرسى اطفال بلاستيك سفير، 36×38×53 سم - اصفر,HO1131018YLU,1.0,100.0,100.0,10.0,90.0,toy150,القاهرة,Cash On Delivery
2006427132,2026-10-01 04:06:56,Oct 01,raneen,raneen,Nursery Furniture &amp; Decor,كرسى اطفال بلاستيك سفير، 36×38×53 سم - احمر,HO1131018RED,1.0,100.0,100.0,10.0,90.0,toy150,القاهرة,Cash On Delivery
2006427132,2026-10-01 04:06:56,Oct 01,raneen,raneen,Nursery Furniture &amp; Decor,كرسى اطفال بلاستيك سفير، 36×38×53 سم - بترولي,HO1131018PT1,1.0,100.0,100.0,10.0,90.0,toy150,القاهرة,Cash On Delivery
2006427129,2026-10-01 04:02:21,Oct 01,raneen,raneen,Laptop Accessories,شنطة لاب توب قماش×جلد بلاك، 18 بوصة، 5 سوسته - كافية اسود,HO1152462GY1,1.0,549.0,549.0,27.45,521.55,FLY200,الغربية,Aman
2006427114,2026-10-01 03:56:28,Oct 01,raneen,raneen,Cutlery &amp; Flatware Set,طقم ادوات مائده ستانلس ستيل الهدي، 24 قطعة - فضي,HO1118744SL1,2.0,100.0,200.0,0.0,200.0,,الجيزة,Cash On Delivery
2006427108,2026-10-01 03:53:24,Oct 01,raneen,raneen,Bedding,دفاية سرير قطيفة نانا سيكريت، 220×150 سم، 470 جرام - احمر داكن,TX1156543MA8,1.0,99.0,99.0,0.0,99.0,,الجيزة,Cash On Delivery
2006427108,2026-10-01 03:53:24,Oct 01,raneen,raneen,Bedding,دفاية سرير قطيفة نانا سيكريت، 220×150 سم، 470 جرام - احمر داكن,TX1156543MA3,3.0,99.0,297.0,0.0,297.0,,الجيزة,Cash On Delivery
2006427102,2026-10-01 03:51:07,Oct 01,MP,modernhomeelectric,Washers &amp; Dryer,غسالة فول اتوماتيك ال جى، تحميل امامى، 8 كيلو، انفرتر 1400 لفة/ دقيقة، F4Y2TYG6X - أسود,2426,1.0,21500.0,21500.0,0.0,21500.0,,القاهرة,Cash On Delivery
2006427099,2026-10-01 03:45:14,Oct 01,raneen,raneen,Office Chairs,كرسي مكتب معدن عالي ظهر شبك، هيدروليك، مسند فيبر، 5 عجلات، 120×45×50 سم - اسود,HO1139738BLK,1.0,1499.0,1499.0,0.0,1499.0,,الشرقية,Cash On Delivery
2006427099,2026-10-01 03:45:14,Oct 01,MP,woodrate,Desks,مكتب مودرن ام دي اف، 1 درج، 1 رف، 78x120x50سم - أبيض,1149-woodrate,1.0,3563.0,3563.0,0.0,3563.0,,الشرقية,Cash On Delivery
2006427099,2026-10-01 03:45:14,Oct 01,MP,tibatrading,Vacuum Cleaners,مكنسة كهربائية لاسلكية محمولة 4 في 1 مزودة بلفتر وقابلة لإعادة الشحن، مكنسة كهربائية فائقة الشفط لتنظيف المنزل والمكتب وأرضيات السيارة,RAN-PSAEJHK,1.0,599.0,599.0,0.0,599.0,,الشرقية,Cash On Delivery
2006427081,2026-10-01 03:41:42,Oct 01,MP,lightcart,Kitchenware,جهاز غلق الاكياس بالحرارة  - محمول صغير مع قاطع مدمج، طاقة USB قابلة لإعادة الشحن,RAN-M6AHNKB,1.0,169.0,169.0,8.45,160.55,KCH200,كفر الشيخ,Cash On Delivery
2006427063,2026-10-01 03:38:18,Oct 01,raneen,raneen,Pressure Cooker,حلة ضغط ستانلس ستيل زينوكس، 12 لتر - فضي اسود,HO1090770BLK,2.0,1899.0,3798.0,189.9,3608.1,kch200,الشرقية,Cash On Delivery
2006427057,2026-10-01 03:36:36,Oct 01,raneen,raneen,Air Coolers,مبرد هواء فريش، 72 لتر، FA-M60 - ابيض رمادي فاتح,EL1069767WNG,1.0,3999.0,3999.0,0.0,3999.0,,الشرقية,Cash On Delivery
2006427054,2026-10-01 03:31:27,Oct 01,raneen,raneen,Cleaning Tools &amp; Supplies,طقم فوطة مطبخ قماش، 2 وجه، 3 قطع، 24 سم - متعدد الالوان,TX1128939MC1,1.0,37.0,37.0,1.85,35.15,KCH200,القاهرة,Cash On Delivery
2006427054,2026-10-01 03:31:27,Oct 01,raneen,raneen,Dinnerware,طقم عشاء أركوبال أماراتى لومينارك، 24 قطعة - ابيض,HO1088626WIT,1.0,999.0,999.0,49.95,949.05,KCH200,القاهرة,Cash On Delivery
2006427051,2026-10-01 03:25:10,Oct 01,MP,safktna,Beauty &amp; Body Care,مجموعة جيلت فينوس كومفورت جلايد بريز - 4 قطع للعناية الشخصية والحلاقة,RAN-MY95ESC,1.0,350.0,350.0,0.0,350.0,,الجيزة,Cash On Delivery
2006427048,2026-10-01 03:24:12,Oct 01,raneen,raneen,Water Heaters,سخان مياه كهرباء يونيون اير سيجنتشر، ديجيتال، 1500 وات، 50 لتر، EWH50-C310-V-P-R-3 - اوف وايت,EL1118443WIT,1.0,3099.0,3099.0,0.0,3099.0,,القاهرة,Cash On Delivery
2006427045,2026-10-01 03:17:14,Oct 01,raneen,raneen,Drinkware,طقم كاسات زجاج قنديل، 6 قطع، 340 مل - شفاف,HO1156602CLR,1.0,100.0,100.0,0.0,100.0,,القاهرة,Cash On Delivery
2006427039,2026-10-01 03:10:27,Oct 01,MP,dukanabdelaziz,Microwaves &amp; Ovens,فرن كهربائى فريش، 65 لتر 2200 وات، FR-6503RCL - ذهبى,500013410GLD-dukanabdelaziz,1.0,4100.0,4100.0,0.0,4100.0,,القاهرة,Cash On Delivery
2006427036,2026-10-01 03:10:18,Oct 01,raneen,raneen,Cookware,طقم حلل المونيوم الاهرام، 10 قطعة - فضي,HO1114445SLV,1.0,2999.0,2999.0,149.95,2849.05,KCH200 ,البحيرة,Cash On Delivery
2006427015,2026-10-01 02:53:14,Oct 01,raneen,raneen,Televisions,تلفزيون سمارت فريش، Google OS، UHD، QLED، بدون إطار، 50 بوصة، بالاضافة الي حامل حائط هدية، 50MFQ435G - اسود,EL1142785BLK,1.0,15555.0,15555.0,0.0,15555.0,,الجيزة,
2006427012,2026-10-01 02:51:25,Oct 01,MP,craftfurniture,Center Table,ترابيزة وسط، خشب أم دي أف، 80×80×40 - بني,MZCTABLE1BRW-craftfurniture,2.0,1499.0,2998.0,0.0,2998.0,,القاهرة,Cash On Delivery
2006427006,2026-10-01 02:49:41,Oct 01,raneen,raneen,Tops and T-shirts,طقم كاجوال سمر ميلتون للسيدات سيزر، قطعتين,FS1128222BNW,1.0,385.0,385.0,19.25,365.75,f150,الجيزة,Credit/Debit Card
2006426997,2026-10-01 02:46:09,Oct 01,raneen,raneen,Smart Watches,ساعة سمارت اس 9 الترا كونيكت مي، 49 مم، 2 سوار,EL1114349WNB,1.0,399.0,399.0,0.0,399.0,,الجيزة,Cash On Delivery
2006426994,2026-10-01 02:45:14,Oct 01,raneen,raneen,Cookware,طقم حلل جرانيت جراندي كوك، 11 قطعة مع هدية 2 قطعة توزيع - اسود,HO1081180BLK,1.0,1499.0,1499.0,74.95,1424.05,KCH200,القاهرة,Credit/Debit Card
4000170164,2026-10-01 02:43:28,Oct 01,MP,ocean,Hair Care,"VGR V-450 Professional Salon Hair Dryer - 2400W AC Motor, Ionic Technology",RAN-HZ4F6D9,1.0,1100.0,1100.0,0.0,1100.0,,الغربية,Credit/Debit Card
4000170164,2026-10-01 02:43:28,Oct 01,MP,abdelaziz,Hair Care,VGR V-586 Multi-Purpose Use Hair Straightening Comb For women - White,V-586,1.0,625.0,625.0,0.0,625.0,,الغربية,Credit/Debit Card
2006426988,2026-10-01 02:42:23,Oct 01,MP,hometech2024,Plastic &amp; Paper Products,ورق إير فراير دائري 100 ورقة صحي للاستخدام مع القلاية الهوائية مقاس 200 × 45 مم مقاوم للالتصاق وسهل الاستخدام,RAN-SFB97SJ,1.0,115.0,115.0,0.0,115.0,,القاهرة,Cash On Delivery
2006426988,2026-10-01 02:42:23,Oct 01,MP,nshopping,Fryers,قلاية هوائية كينوود 10 لتر – 3600 وات بشاشة ديجيتال,RAN-GS4GZYM-nshopping,1.0,2899.0,2899.0,0.0,2899.0,,القاهرة,Cash On Delivery
2006426979,2026-10-01 02:39:23,Oct 01,raneen,raneen,Drinkware,طقم اكواب زجاج باشابتشي، 30 قطعة - شفاف ذهبي,HO1139841CL1,1.0,1199.0,1199.0,59.95,1139.05,KCH200,القليوبية,Cash On Delivery
2006426979,2026-10-01 02:39:23,Oct 01,raneen,raneen,Cookware,حلة تحمير تيفلون بالمصافة وغطاء بيمو كوك، 3 لتر - روز,HO1127601ROS,1.0,325.0,325.0,16.25,308.75,KCH200,القليوبية,Cash On Delivery
2006426979,2026-10-01 02:39:23,Oct 01,raneen,raneen,Bowl,طقم بوله بورسلين مستديره، 3 قطع، 11 سم - ابيض,HO1126393WI6,1.0,100.0,100.0,5.0,95.0,KCH200,القليوبية,Cash On Delivery
2006426979,2026-10-01 02:39:23,Oct 01,raneen,raneen,Cleaning Tools &amp; Supplies,باسكت قمامة بلاستيك بغطاء تاتش حجازي، 7 لتر- ابيض بيج,HO1147789WIT,5.0,135.0,675.0,33.75,641.25,KCH200,القليوبية,Cash On Delivery
2006426964,2026-10-01 02:36:58,Oct 01,MP,abdelaziz,Fans,مروحة مكتبية بريفكس، 21 بوصة، 3 سرعات، 5 ريش، WFE-210 - أسود,Prifix-WFE-210,1.0,2149.0,2149.0,0.0,2149.0,,الدقهلية,Cash On Delivery
2006426958,2026-10-01 02:35:54,Oct 01,MP,faroukstore,Car Care,مروحة 10 بوصه اسود بالمشبك وزرار للتشغيل تعمل على ولاعة السيارة 12 فولت 5 ريشة ،5042016 -اسود,5042016,1.0,754.0,754.0,0.0,754.0,,القليوبية,El-Ahly Installments
2006426955,2026-10-01 02:35:30,Oct 01,MP,ocean,Shaving &amp; Grooming,ماكينة حلاقة الجسم اللاسلكية فيليبس BG3007/01 للرجال | تقنية حماية البشرة | مثالية لكافة مناطق الجسم والأجزاء الحميمة | مقص الشعر الودود للبشرة والعانة,MP--4916-OCEAN,1.0,2699.0,2699.0,0.0,2699.0,,الغربية,Credit/Debit Card
2006426940,2026-10-01 02:32:04,Oct 01,raneen,raneen,Storage,طقم علب تخزين بقوليات بلاستيك حجازي بلاست، 5 قطع، 1.9 لتر، بالاضافة الي 5 قطع معيار، 180 مل - بينك تركواز,HO1107557MC1,1.0,100.0,100.0,5.0,95.0,kch200,الشرقية,Cash On Delivery
2006426940,2026-10-01 02:32:04,Oct 01,raneen,raneen,Microwaves &amp; Ovens,ميكروويف ايه تى ايه،، 20 لتر، 1200 وات، MW20LN002 - رمادي,EL1120811GRY,1.0,2999.0,2999.0,0.0,2999.0,kch200,الشرقية,Cash On Delivery
4000170161,2026-10-01 02:29:47,Oct 01,MP,alliance,Kitchenware,"Soup ladle with strainer, 8 x 3 x 25 cm - Pink",TAM-001,1.0,61.0,61.0,0.0,61.0,,القاهرة,Cash On Delivery
4000170161,2026-10-01 02:29:47,Oct 01,raneen,raneen,Kitchenware,"Elite Beech wood Spatula, 31 cm - Wooden",HO1103541BSC,1.0,55.0,55.0,0.0,55.0,,القاهرة,Cash On Delivery
4000170161,2026-10-01 02:29:47,Oct 01,raneen,raneen,Kitchenware,"Green Life Wooden Stirring Spoon, 28 cm - Wooden",HO1143864BSC,1.0,70.0,70.0,0.0,70.0,,القاهرة,Cash On Delivery
4000170161,2026-10-01 02:29:47,Oct 01,raneen,raneen,Cookware,"Borcam Pyrex Oven Dish Set, 5 Pieces - Clear",HO1097904CLR,1.0,599.0,599.0,0.0,599.0,,القاهرة,Cash On Delivery
4000170161,2026-10-01 02:29:47,Oct 01,raneen,raneen,Cookware,"Kazan Granite Pots Set, 10 Pieces - Mauve",HO1119579MOV,1.0,5999.0,5999.0,0.0,5999.0,,القاهرة,Cash On Delivery
2006426928,2026-10-01 02:27:22,Oct 01,MP,ammerkatosh,Refrigerators &amp; Freezers,ديب فريزر أفقى فريش، 334 لتر، FDF-400 - فضي,500010799-ammerkatosh,1.0,14447.0,14447.0,0.0,14447.0,,الجيزة,Credit/Debit Card
2006426922,2026-10-01 02:26:32,Oct 01,raneen,raneen,Bed Sheets,طقم ملاية سرير، 5 قطع، 220×240 سم - ابيض احمر,TX1048610WR5,1.0,219.0,219.0,0.0,219.0,,القاهرة,Cash On Delivery
4000170158,2026-10-01 02:21:43,Oct 01,raneen,raneen,Televisions,Samsung UA75U8000HUXEG 75-inch UHD Smart TV with Built-in Receiver - Black,EL1147150BLK,2.0,14.0,28.0,0.0,28.0,,الجيزة,Paymob Wallet
2006426916,2026-10-01 02:21:19,Oct 01,MP,dukanalaa,Heaters,دفاية كهربائية هاي واي، 1800 وات، 3 شمعات، kh-2820 - اسود,DOKkh-2820,1.0,395.0,395.0,0.0,395.0,,أسيوط,Cash On Delivery
2006426910,2026-10-01 02:18:01,Oct 01,raneen,raneen,Shoes,شبشب كلوج للاولاد اوندا - اسود,SH1113689NV7,1.0,99.0,99.0,4.95,94.05,F150,القليوبية,El-Ahly Installments
2006426910,2026-10-01 02:18:01,Oct 01,MP,alaasasmarketplace,Shoes,شبشب للرجال - اسود,od42H-42,1.0,133.44,133.44,6.67,126.77,F150,القليوبية,El-Ahly Installments
2006426910,2026-10-01 02:18:01,Oct 01,MP,talhastore,Kids Bags,حقيبة ظهر للأطفال باللون الأزرق من شركة blue tree - سعة 11 لتر - هدية للأطفال بعمر 3-5 سنوات (عنكبوت أحمر),RAN-S8WWUN5,1.0,350.0,350.0,17.5,332.5,F150,القليوبية,El-Ahly Installments
4000170155,2026-10-01 02:17:12,Oct 01,raneen,raneen,Televisions,Samsung UA75U8000HUXEG 75-inch UHD Smart TV with Built-in Receiver - Black,EL1147150BLK,1.0,14.0,14.0,0.0,14.0,,الجيزة,Paymob Wallet
2006426907,2026-10-01 02:15:55,Oct 01,MP,alsorgy,AirPods,سماعات M10 اللاسلكية بتقنية البلوتوث 5.1، صوت ستيريو حقيقي، شاشة رقمية، لمس، شحن سريع، صوت عالي الجودة، 280 ساعة وضع الاستعداد,RAN-8ESP2VG-alsorgy,1.0,199.0,199.0,0.0,199.0,,القاهرة,Cash On Delivery
2006426907,2026-10-01 02:15:55,Oct 01,raneen,raneen,Electronics Audio,سماعة بلوتوث جاما، محمولة، مزدوجة، 3 بوصة، 1200 مللي امبير، تايب سي، GT-323 - اسود,EL1145733BK1,1.0,349.0,349.0,0.0,349.0,,القاهرة,Cash On Delivery
2006426904,2026-10-01 02:15:13,Oct 01,raneen,raneen,Storage,استاند مطبخ بلاستيك حجازي بلاست، 4 دور، 90×54×15.5 سم - رمادي فاتح,HO1070313LGY,1.0,170.0,170.0,8.5,161.5,KCH200,الجيزة,Cash On Delivery
2006426904,2026-10-01 02:15:13,Oct 01,raneen,raneen,Cutlery &amp; Flatware Set,طقم ادوات مائده ستانلس ستيل الهدي، 24 قطعة - فضي,HO1118745SL1,1.0,100.0,100.0,5.0,95.0,KCH200,الجيزة,Cash On Delivery
2006426904,2026-10-01 02:15:13,Oct 01,raneen,raneen,Dinnerware,طقم عشاء بلاستيك الوطنية، 47 قطعة - رمادي,HO1145044GY1,1.0,1199.0,1199.0,59.95,1139.05,KCH200,الجيزة,Cash On Delivery
2006426898,2026-10-01 02:13:42,Oct 01,raneen,raneen,Air Coolers,مبرد هواء فريش، 72 لتر، FA-M60 - ابيض رمادي فاتح,EL1069767WNG,1.0,3999.0,3999.0,0.0,3999.0,,القاهرة,Aman
2006426892,2026-10-01 02:12:58,Oct 01,raneen,raneen,Dinnerware,طقم اطباق زجاج، 6 قطع، 15 سم - شفاف,HO1145984CL1,1.0,100.0,100.0,2.6,97.4,KCH200,الجيزة,Cash On Delivery
2006426892,2026-10-01 02:12:58,Oct 01,raneen,raneen,Dinnerware,طقم اطباق زجاج زينيا، قطعتين، 32 سم - شفاف,HO1144588CLR,1.0,200.0,200.0,5.2,194.8,KCH200,الجيزة,Cash On Delivery
2006426892,2026-10-01 02:12:58,Oct 01,raneen,raneen,Drinkware,طقم زجاج فيرست وان، 24 قطعه - شفاف,HO1115388CLR,1.0,200.0,200.0,5.2,194.8,KCH200,الجيزة,Cash On Delivery
2006426892,2026-10-01 02:12:58,Oct 01,raneen,raneen,Dinnerware,طقم عشاء بورسلين لوتس، 26 قطعه - ابيض ازرق,HO1147331MC1,1.0,1599.0,1599.0,41.56,1557.44,KCH200,الجيزة,Cash On Delivery
2006426892,2026-10-01 02:12:58,Oct 01,raneen,raneen,Dinnerware,طقم عشاء اركوبال لوفوشيا، 42 قطعة - متعدد الالوان,HO1136628BNW,1.0,999.0,999.0,25.96,973.04,KCH200,الجيزة,Cash On Delivery
2006426892,2026-10-01 02:12:58,Oct 01,raneen,raneen,Drinkware,طقم اكواب زجاج باشابتشي، 30 قطعة - شفاف ذهبي,HO1139479CL1,1.0,1399.0,1399.0,36.35,1362.65,KCH200,الجيزة,Cash On Delivery
2006426892,2026-10-01 02:12:58,Oct 01,raneen,raneen,Drinkware,طقم اكواب اكواتك، 18 قطعة - شفاف,HO1093911CLR,1.0,200.0,200.0,5.2,194.8,KCH200,الجيزة,Cash On Delivery
2006426892,2026-10-01 02:12:58,Oct 01,MP,lazord,Cookware,طقم حلل جرانيت لازورد، 11 قطعة - اسود,6224010564459,1.0,2999.0,2999.0,77.93,2921.07,KCH200,الجيزة,Cash On Delivery
2006426880,2026-10-01 02:10:00,Oct 01,MP,muk,Mobile Audio,سماعات أذن بلوتوث لاسلكية للارتداء حول الرقبة، سماعات مغناطيسية بصوت هاي فاي وخاصية إلغاء الضوضاء وميكروفون مدمج متوافقة مع الهواتف الذكية، YD-24,RAN-R9ZRMTY,1.0,500.0,500.0,0.0,500.0,,القليوبية,Premium Card
2006426880,2026-10-01 02:10:00,Oct 01,MP,aufgroup,Shampoos &amp; Conditioners,مجموعه شامبو وبلسم بلوب للجنسين - 2000 مل,6223003504700,1.0,299.0,299.0,0.0,299.0,,القليوبية,Premium Card
2006426880,2026-10-01 02:10:00,Oct 01,MP,tal2aa,Shampoos &amp; Conditioners,شامبو سكاي إيفين للأطفال 250 مل، للنساء,3012705,1.0,116.0,116.0,0.0,116.0,,القليوبية,Premium Card
2006426880,2026-10-01 02:10:00,Oct 01,MP,tal2aa,Shampoos &amp; Conditioners,شامبو بالأفوكادو وزيت الزيتون لمكافحة تجعيد الشعر / غني بالمكونات الطبيعية / 170 مل,RAN-PU4C5JH,1.0,78.0,78.0,0.0,78.0,,القليوبية,Premium Card
2006426877,2026-10-01 02:09:25,Oct 01,MP,glitter,Shoes,حذاء رياضي نسائي جلييتر، جلد صناعي - أبيض,GSH382136WHT,1.0,320.0,320.0,16.0,304.0,F150,الأسكندرية,Cash On Delivery
2006426874,2026-10-01 02:06:01,Oct 01,raneen,raneen,Bed Sheets,طقم ملاية قطن لافي، 4 قطع، 240×260 سم، 1300 جرام,TX1116931MO8,1.0,699.0,699.0,32.85,666.15,TEX200,القاهرة,Bank Misr Installments
2006426874,2026-10-01 02:06:01,Oct 01,raneen,raneen,Bedding,دفاية قطيفة، 220×240 سم، 1500 جرام,TX1137601BG1,1.0,599.0,599.0,28.15,570.85,TEX200,القاهرة,Bank Misr Installments
2006426874,2026-10-01 02:06:01,Oct 01,raneen,raneen,Bedding,لحاف فايبر بد اند بد، 230×220سم، 3 قطع,TX1015143BR1,1.0,1169.0,1169.0,54.94,1114.06,TEX200,القاهرة,Bank Misr Installments
2006426874,2026-10-01 02:06:01,Oct 01,raneen,raneen,Bedding,دفاية سرير قطيفة دراجون، 210×190 سم، 860 جرام - رمادي,TX1156365GY1,2.0,239.0,478.0,22.47,455.53,TEX200,القاهرة,Bank Misr Installments
2006426874,2026-10-01 02:06:01,Oct 01,MP,linesleep,Bedding,لحاف وجهين فايبر لاين سليب، 220×180 سم - ازرق رمادي غامق,QLT18220X180BUDGRY,2.0,655.0,1310.0,61.58,1248.42,TEX200,القاهرة,Bank Misr Installments
2006426868,2026-10-01 02:01:21,Oct 01,MP,ocean,Shaving &amp; Grooming,مجموعة العناية الاحترافية 6 في 1 V-106 من في جي ار، ماكينة حلاقة مع شاشة LED للتشذيب، وقت تشغيل 180 دقيقة و16 اعداد للاطوال المختلفة (ذهبي),RAN-9KF97P7,1.0,966.0,966.0,0.0,966.0,,القاهرة,
2006426868,2026-10-01 02:01:21,Oct 01,MP,ocean,Power &amp; Hand Tools,مثقاب قابل للفصل والتوصيل بدون شاحن فولت TDLI12428 - TYPE C TOTAL 12,RAN-4DJCB7Q,1.0,729.0,729.0,0.0,729.0,,القاهرة,
2006426868,2026-10-01 02:01:21,Oct 01,MP,faroukstore,Car Care,فانوس لايت بار، 240 وات، 100 سم - ابيض,5032923,1.0,830.0,830.0,0.0,830.0,,القاهرة,
2006426868,2026-10-01 02:01:21,Oct 01,MP,mtbestbuy,Car Care,ضوء محيط بلاستيكي لسقف السيارة، إسقاط ليزر USB، أسود,MT-0053,1.0,86.0,86.0,0.0,86.0,,القاهرة,
2006426865,2026-10-01 02:01:01,Oct 01,raneen,raneen,Kitchenware,نشابه خشب زان، 50 سم - خشبي,HO1103561BSC,1.0,147.0,147.0,7.35,139.65,KCH200,القاهرة,Cash On Delivery
2006426865,2026-10-01 02:01:01,Oct 01,raneen,raneen,Cleaning Tools &amp; Supplies,جردل مسح ايزى رينج تشيكي تربو سمارت مصفاه بلاستيك فيليدا، 43×25 سم، يد معدن وغيار قطن - رمادي داكن احمر,HO1082455DG1,1.0,1499.0,1499.0,74.95,1424.05,KCH200,القاهرة,Cash On Delivery
2006426862,2026-10-01 01:59:05,Oct 01,MP,goldena,Washers &amp; Dryer,غسالة ملابس فوق اوتوماتيك فريش، 10 كيلو، 500018260 FTM-P10S - رمادي,500018260,1.0,11886.0,11886.0,0.0,11886.0,,الجيزة,Credit/Debit Card
2006426862,2026-10-01 01:59:05,Oct 01,raneen,raneen,Shoe Rack,جزامة خشب شيبورد، 60×89×32 سم، 3 ارفف، 2 دلفة,HO1117857BG1,1.0,1199.0,1199.0,0.0,1199.0,,الجيزة,Credit/Debit Card
2006426859,2026-10-01 01:56:58,Oct 01,MP,alreem,Tops and T-shirts,تيشيرت رجالي نصف كم قطن – مريح للارتداء اليومي,ts0031,1.0,250.0,250.0,0.0,250.0,,القليوبية,Cash On Delivery
2006426856,2026-10-01 01:55:44,Oct 01,MP,katoshappliances,Cookers,بوتاجاز غاز تكنو فاير، 4 شعلة، 55x55 سم، اشعال ذاتي، TF-85-SH - فضي اسود,2161,1.0,4335.0,4335.0,0.0,4335.0,,الشرقية,Cash On Delivery
2006426844,2026-10-01 01:49:43,Oct 01,MP,elmonamodernfurniture,Shoe Rack,جزامة خشب أم دي أف، 200×40×60 سم - ابيض,CS1WIT,1.0,6249.0,6249.0,500.0,5749.0,Off500,القاهرة,valU
2006426838,2026-10-01 01:48:25,Oct 01,MP,hometech,Air Conditioner,تكييف سبلت بروفيشنال تربو فريش، 1.5 حصان بارد فقط، (FUFW12C/O-X2)-(FUFW12C/IW-AG) - ابيض,EL1068594WIT-Hometech,1.0,17640.0,17640.0,0.0,17640.0,,سوهاج,Cash On Delivery
2006426832,2026-10-01 01:44:38,Oct 01,MP,asouaaq,Beauty &amp; Body Care,فينيشينج توتش B071KW9GTT تعمل مع جاف للنساء - اجهزة نزع الشعر,RAN-25Z7VP4,1.0,145.0,145.0,0.0,145.0,,القاهرة,Aman
2006426832,2026-10-01 01:44:38,Oct 01,raneen,raneen,Water Heaters,سخان كهرباء اوليمبيك، 1500 وات، 50 لتر، OYE05061WN - ابيض,EL1094896WIT,1.0,3949.0,3949.0,0.0,3949.0,,القاهرة,Aman
2006426826,2026-10-01 01:42:27,Oct 01,MP,electricshop,Water Heaters,سخان مياه كهرباء تورنيدو، 50 لتر، إينامل، لمبة ليد، TEEE-50MW - ابيض,TEEE-50MW-rofaeeltrade-electricshop,1.0,5900.0,5900.0,0.0,5900.0,,القليوبية,Credit/Debit Card
2006426820,2026-10-01 01:41:35,Oct 01,MP,shoppingonline,Laptop Accessories,شنطة لابتوب مقاومة للماء، 15.6 بوصة - أسود,B08MZPZQGR,1.0,152.0,152.0,0.0,152.0,,القاهرة,Cash On Delivery
2006426805,2026-10-01 01:39:13,Oct 01,MP,faroukstore,Car Care,كوريك تمساح 2 طن,RAN-C9EWZBT,1.0,1349.0,1349.0,0.0,1349.0,,القاهرة,Cash On Delivery
2006426799,2026-10-01 01:38:41,Oct 01,raneen,raneen,Dinnerware,طقم عشاء أركوبال أماراتى لومينارك، 24 قطعة - ابيض,HO1088626WIT,1.0,999.0,999.0,0.0,999.0,,الجيزة,Cash On Delivery
2006426799,2026-10-01 01:38:41,Oct 01,raneen,raneen,Dinnerware,طقم عشاء بورسلين مستدير لوتس، 18 قطعه - ابيض اسود,HO1110775WNB,1.0,999.0,999.0,0.0,999.0,,الجيزة,Cash On Delivery
2006426772,2026-10-01 01:28:02,Oct 01,MP,citytools,Garden Tools,بخاخه مياه ، 2 لتر ، THSPP20202 - ازرق,THSPP20202,1.0,270.0,270.0,0.0,270.0,,القاهرة,Paymob Wallet
2006426763,2026-10-01 01:26:53,Oct 01,raneen,raneen,Mattress,مرتبة سرير سوست متصلة سامبا الدورا، طول 195 سم، ارتفاع 23 سم,TX1069836WI2,1.0,3029.0,3029.0,0.0,3029.0,,الأسكندرية,Premium Card
2006426763,2026-10-01 01:26:53,Oct 01,MP,elmanzalawy,Mattress,مرتبة سرير ليزا سوست متصلة، 28×160×195 - ابيض ازرق,MANZMAT8WNB,1.0,5200.0,5200.0,0.0,5200.0,,الأسكندرية,Premium Card
2006426757,2026-10-01 01:25:28,Oct 01,raneen,raneen,Men&#039;s Bags,شنطة يد ووتربروف، 2 سوستة، 12×20 سم - كحلي,HO1089928NV1,1.0,80.0,80.0,0.0,80.0,,الجيزة,Cash On Delivery
2006426748,2026-10-01 01:24:52,Oct 01,raneen,raneen,Shoes,شبشب فليب فلوب بلاستيك للرجال كارلوس,SH1152401OL2,1.0,89.0,89.0,0.0,89.0,,الجيزة,Cash On Delivery
2006426748,2026-10-01 01:24:52,Oct 01,raneen,raneen,Shoes,شبشب فليب فلوب بلاستيك للرجال,SH1134340CF2,1.0,99.0,99.0,0.0,99.0,,الجيزة,Cash On Delivery
2006426739,2026-10-01 01:23:18,Oct 01,MP,container,Smart Watches,ساعة سمارت نابي، متوافقة مع الاطفال، Z7A - احمر ازرق,MACSMNB002RD,1.0,899.0,899.0,0.0,899.0,,القاهرة,Cash On Delivery
2006426733,2026-10-01 01:21:30,Oct 01,MP,dukanalaa,Hair Care,فرشاة هواء ساخن سوكاني 5 في 1، 1400 واط، لتجفيف وتمليس وتجعيد وتكثيف الشعر، SK-15034، سلك دوار 360 درجة، مقبض مريح – أسود,sk-15034,1.0,1595.0,1595.0,0.0,1595.0,,الجيزة,Cash On Delivery
2006426724,2026-10-01 01:20:07,Oct 01,MP,futurefurniture,Sofa,كنبة  حرف L خشب زان  ، 2 خداديه ، 3 كوشن، قماش كتان كويا ، 300×200×75 سم - بيج فاتح,conal660-futurefurniture,1.0,11499.0,11499.0,500.0,10999.0,OFF500,الجيزة,Cash On Delivery
2006426721,2026-10-01 01:19:18,Oct 01,raneen,raneen,Bedding,طقم لحاف قطن وجهين رونزا هوم، 3 قطع، 240×250 سم، 4800 جرام,TX1116928GY1,1.0,1399.0,1399.0,69.95,1329.05,TEX200,القاهرة,Cash On Delivery
2006426721,2026-10-01 01:19:18,Oct 01,raneen,raneen,Bed Sheets,طقم ملاية سرير، 5 قطع، 220×240 سم,TX1048610RS9,1.0,219.0,219.0,10.95,208.05,TEX200,القاهرة,Cash On Delivery
2006426721,2026-10-01 01:19:18,Oct 01,raneen,raneen,Bed Sheets,طقم ملاية سرير، 5 قطع، 220×240 سم,TX1048610OL9,1.0,219.0,219.0,10.95,208.05,TEX200,القاهرة,Cash On Delivery
2006426721,2026-10-01 01:19:18,Oct 01,raneen,raneen,Bed Sheets,طقم ملاية سرير، 5 قطع، 220×240 سم,TX1048610MS2,1.0,219.0,219.0,10.95,208.05,TEX200,القاهرة,Cash On Delivery
2006426721,2026-10-01 01:19:18,Oct 01,raneen,raneen,Bedding,مفرش دفاية قطيفة، 180×200 سم، 600 جرام - اخضر,TX1132246MS1,4.0,129.0,516.0,25.8,490.2,TEX200,القاهرة,Cash On Delivery
2006426721,2026-10-01 01:19:18,Oct 01,raneen,raneen,Bedding,دفاية سرير قطيفة دراجون، 210×190 سم، 730 جرام - كشمير,TX1156369KSH,1.0,189.0,189.0,9.45,179.55,TEX200,القاهرة,Cash On Delivery
2006426721,2026-10-01 01:19:18,Oct 01,raneen,raneen,Bedding,دفاية سرير قطيفة نانا سيكريت، 220×150 سم، 470 جرام - احمر داكن,TX1156543MA3,2.0,99.0,198.0,9.9,188.1,TEX200,القاهرة,Cash On Delivery
2006426721,2026-10-01 01:19:18,Oct 01,raneen,raneen,Bedding,دفاية سرير قطيفة دراجون، 210×210 سم، 750 جرام - رمادي,TX1156362GRY,1.0,219.0,219.0,10.95,208.05,TEX200,القاهرة,Cash On Delivery
2006426721,2026-10-01 01:19:18,Oct 01,raneen,raneen,Bedding,دفاية سرير قطيفة، 220×230 سم - اخضر داكن,TX1154371DGN,2.0,189.0,378.0,18.9,359.1,TEX200,القاهرة,Cash On Delivery
2006426718,2026-10-01 01:18:58,Oct 01,MP,elswalhy,Dishwasher,غسالة أطباق بيكو، 60 سم، 14 فرد، 5 برنامج، BDFN15420S - فضي,EL1097221SLV-elsawalhy,1.0,17999.0,17999.0,0.0,17999.0,,المنوفية,Bank Misr Installments
2006426715,2026-10-01 01:18:36,Oct 01,MP,radioelzaim,Mobile Phones,موبايل اوبو رينو 15 ثنائي الشريحة ، 256 جيجا، 12 جيجا بايت رام ، شبكة الجيل الخامس - ابيض,6932169393683-radioelzaim,1.0,33000.0,33000.0,0.0,33000.0,,القليوبية,Cash On Delivery
2006426712,2026-10-01 01:18:29,Oct 01,MP,dukanalaa,Hair Care,فرشاة الهواء الساخن سوكوني 5 في 1 1400 واط - سوداء - تصفيف الشعر - ضمان 2 سنة,RAN-R6AY9SH,1.0,1850.0,1850.0,0.0,1850.0,,الجيزة,Cash On Delivery
2006426703,2026-10-01 01:18:27,Oct 01,raneen,raneen,TV Table,ترابيزة تلفاز خشب شيب بورد، 160×30×45 سم، 1 دلفة، 2 رف جانبي - بيج ابيض,HO1127858BG1,1.0,1999.0,1999.0,317.5,1681.5,OFF500,الشرقية,Cash On Delivery
2006426703,2026-10-01 01:18:27,Oct 01,raneen,raneen,Shoe Rack,جزامة خشب شيب بورد، 3 ارفف، 2 دلفة، ارجل بلاستيك، 60×32×89 سم - بني,HO1145380BRN,1.0,1149.0,1149.0,182.5,966.5,OFF500,الشرقية,Cash On Delivery
2006426697,2026-10-01 01:18:03,Oct 01,raneen,raneen,Dinnerware,طقم عشاء بورسلين لوتس ريمونتادا ، 60 قطعة - متعدد الالوان,HO1139518MC1,1.0,3299.0,3299.0,164.95,3134.05,KCH200,الشرقية,Cash On Delivery
4000170152,2026-10-01 01:11:23,Oct 01,raneen,raneen,Bedding,"Saratoga Fur Heater, 210×240 cm, 1500 gm",TX1065289BG2,1.0,299.0,299.0,14.95,284.05,TEX200,القاهرة,Cash On Delivery
4000170152,2026-10-01 01:11:23,Oct 01,MP,goldenbeds,Bedding,"Golden Bed Large Bed Winter Comforter With High Comfortable Loft and Dense, 230x240 CM - Café",dafaya 3,1.0,585.0,585.0,29.25,555.75,TEX200,القاهرة,Cash On Delivery
4000170152,2026-10-01 01:11:23,Oct 01,MP,goldenbeds,Bedding,"Golden Bed Large Bed Winter Comforter With High Comfortable Loft and Dense, 230x240 CM - Grey",dafaya 5,1.0,585.0,585.0,29.25,555.75,TEX200,القاهرة,Cash On Delivery
2006426679,2026-10-01 01:11:06,Oct 01,MP,alsorgy,Mobile Phones,موبايل نوكيا 105، بشريحتين اتصال، 1.77 بوصة، 800 مللي أمبير، Ta-1416 Ds - رمادى داكن,EL1130759DGY-alsorgy,1.0,499.0,499.0,0.0,499.0,,البحيرة,Cash On Delivery
2006426676,2026-10-01 01:10:54,Oct 01,MP,woodrate,Shoe Rack,جزامة شيب بورد، 97×80×32 سم، 3 ارفف، 2 دلفة - بيج,SH-V-2-Woodrate,1.0,1499.0,1499.0,0.0,1499.0,,القاهرة,Paymob Wallet
2006426673,2026-10-01 01:10:38,Oct 01,MP,alaasasmarketplace,Underwear’s,طقم بوكسر قطن للرجال قطونيل، 4 قطع - متعدد الالوان,Qa-186,1.0,350.4,350.4,17.52,332.88,F150,الجيزة,Cash On Delivery
2006426673,2026-10-01 01:10:38,Oct 01,MP,alaasasmarketplace,Underwear’s,طقم تي شيرتات داخلية قطن قطونيل للرجال، 3 قطع - أبيض,AM-714-1Cottonil34-670-alaasasmarketplace,1.0,445.0,445.0,22.25,422.75,F150,الجيزة,Cash On Delivery
2006426664,2026-10-01 01:09:38,Oct 01,MP,lightcart,Storage &amp; Organization,شنطة عربة تسوق بعجل قابلة للطي مع إطار معدني متين للمشتريات والخضروات، حقيبة سوق محمولة وعملية (ألوان متعددة عشوائية),RAN-3QJEDAF,1.0,577.0,577.0,28.85,548.15,KCH200,القاهرة,Cash On Delivery
2006426661,2026-10-01 01:09:18,Oct 01,raneen,raneen,Dinnerware,طقم عشاء اركوبال، 60 قطعه - ابيض اسود,HO1147397WNB,1.0,3899.0,3899.0,0.0,3899.0,,القاهرة,Cash On Delivery
2006426658,2026-10-01 01:07:30,Oct 01,MP,ocean,Microwaves &amp; Ovens,ميكروويف بالشواية ال جي، 42 لتر، 1200 وات، سمارت انفرتر، MH8265DIS - اسود,EL1102819BLKocean,1.0,10700.0,10700.0,0.0,10700.0,,البحيرة,Cash On Delivery
4000170143,2026-10-01 01:02:47,Oct 01,MP,anfasstore,Perfumes,Oud Interior Eau De Parfum - For Unisex (inspiredOud Ispahan by Christian Dior ),MP-6423080733233,1.0,870.0,870.0,0.0,870.0,,الأسكندرية,Cash On Delivery
2006426634,2026-10-01 00:59:29,Oct 01,raneen,raneen,Home &amp; Balcony Essentials,جزامة قماش العالمية، 9 ارفف، 160×30×60 سم - موف,HO1043921MOV,1.0,320.0,320.0,0.0,320.0,,السويس,Cash On Delivery
2006426631,2026-10-01 00:58:12,Oct 01,raneen,raneen,Washers &amp; Dryer,غسالة ملابس فول اوتوماتيك فريش ، انفرتر،  7 كيلو  ، BLDS 23158 - اسود,EL1155973BLK,1.0,15149.0,15149.0,1000.0,14149.0,FR1000,سوهاج,Cash On Delivery
2006426613,2026-10-01 00:49:44,Oct 01,raneen,raneen,Bedding,بطانية قطيفة حفر ليزر روتانا طبقه واحده نانا سيكريت، 240×220 سم، 2 كجم تقريبا - بيج,TX1084625BG7,1.0,419.0,419.0,20.95,398.05,TEX200,الجيزة,Cash On Delivery
2006426613,2026-10-01 00:49:44,Oct 01,raneen,raneen,Bedding,بطانية قطيفة طبقة واحدة روتانا نانا سيكريت، 240×220 سم، 2 كجم - بيج بني,TX1084625BE4,1.0,419.0,419.0,20.95,398.05,TEX200,الجيزة,Cash On Delivery
4000170137,2026-10-01 00:48:35,Oct 01,raneen,raneen,Cutlery &amp; Flatware Set,"Arsha Stainless Steel Cutlery Set, 87 Pieces - Silver",HO1118791SV2,1.0,999.0,999.0,49.38,949.62,KCH200,القاهرة,Cash On Delivery
4000170137,2026-10-01 00:48:35,Oct 01,raneen,raneen,Cutlery &amp; Flatware Set,"Arshia Stainless Steel Cutlery Set, 87 Pieces - Silver",HO1118787SR1,1.0,999.0,999.0,49.38,949.62,KCH200,القاهرة,Cash On Delivery
4000170137,2026-10-01 00:48:35,Oct 01,raneen,raneen,Storage,"Rattan Trolley Wood Chassis, 3 Levels, 93×30×30 cm, with Top Shelf - Light Blue Beige",HO1091444BL1,1.0,549.0,549.0,27.14,521.86,KCH200,القاهرة,Cash On Delivery
4000170137,2026-10-01 00:48:35,Oct 01,raneen,raneen,Cookware,"Grandi Cook Marble Granite Pots set, 11 piece, stainless steel lid, with a free 2-piece serving set - Grey",HO1081180DG1,1.0,1499.0,1499.0,74.1,1424.9,KCH200,القاهرة,Cash On Delivery
2006426610,2026-10-01 00:47:26,Oct 01,MP,lifecare,Kitchenware,صانع همبرغر وباتيهات وعصارة لحم مطبخ أدوات طهي من الألمنيوم - فضي,RAN-76ZKESD,1.0,105.0,105.0,0.0,105.0,,قنا,Cash On Delivery
2006426610,2026-10-01 00:47:26,Oct 01,MP,lightcart,Kitchenware,حامل مناشف ورقية خشبي - رف تعليق المناشف الورقية,RAN-3DAT8YH,1.0,209.0,209.0,0.0,209.0,,قنا,Cash On Delivery
2006426610,2026-10-01 00:47:26,Oct 01,raneen,raneen,Cookware,حلة زجاج حراري بالغطاء، 1.8 لتر - شفاف,HO1146475CLR,1.0,129.0,129.0,0.0,129.0,,قنا,Cash On Delivery
2006426610,2026-10-01 00:47:26,Oct 01,MP,nilestore,Water Dispenser,مبرد مياه كولدير، بارد وفاتر، 2 حنفية، KWD CB - اسود ,KWDCBBLK,1.0,6150.0,6150.0,0.0,6150.0,,قنا,Cash On Delivery
2006426610,2026-10-01 00:47:26,Oct 01,raneen,raneen,Cleaning Tools &amp; Supplies,صندوق تخزين المسحوق بلاستيك بالغطاء الوطنية، 30x19 سم - ابيض اسود,HO1058282WIT,1.0,175.0,175.0,0.0,175.0,,قنا,Cash On Delivery
2006426601,2026-10-01 00:44:19,Oct 01,raneen,raneen,Cleaning Tools &amp; Supplies,طقم اقراص تنظيف تواليت، 10 قطع - ازرق,HO1154393MC1,2.0,30.0,60.0,3.0,57.0,KCH200,سوهاج,Credit/Debit Card
2006426601,2026-10-01 00:44:19,Oct 01,raneen,raneen,Plastic &amp; Paper Products,طقم قفازات بلاستيك، 100 قطعة - شفاف,HO1078387CLR,1.0,20.0,20.0,1.0,19.0,KCH200,سوهاج,Credit/Debit Card
2006426601,2026-10-01 00:44:19,Oct 01,raneen,raneen,Kitchenware,شيالة مكرونة بلاستيك، 32 سم - برتقالي,HO1141070ORG,2.0,14.0,28.0,1.4,26.6,KCH200,سوهاج,Credit/Debit Card
2006426601,2026-10-01 00:44:19,Oct 01,raneen,raneen,Cleaning Tools &amp; Supplies,باسكت قمامة بلاستيك بغطاء تاتش حجازي، 7 لتر- ابيض بيج,HO1147789WIT,4.0,135.0,540.0,27.0,513.0,KCH200,سوهاج,Credit/Debit Card
2006426601,2026-10-01 00:44:19,Oct 01,raneen,raneen,Drinkware,طقم قارورة عصير بالاكواب زجاج زينيا، 7 قطع - شفاف,HO1126430CL4,2.0,200.0,400.0,20.0,380.0,KCH200,سوهاج,Credit/Debit Card
2006426595,2026-10-01 00:42:48,Oct 01,raneen,raneen,Cookware,طقم حلل تيفلون تروفال، 20 قطعة - احمر,HO1106794RED,1.0,3199.0,3199.0,159.95,3039.05,KCH200,القاهرة,Cash On Delivery
2006426592,2026-10-01 00:42:48,Oct 01,raneen,raneen,Cookware,طقم صواني فرن الومنيوم شيف كوك، قطعتين - فضي,HO1145776SLV,1.0,200.0,200.0,0.0,200.0,,الجيزة,Cash On Delivery
2006426592,2026-10-01 00:42:48,Oct 01,MP,lazord,Cookware,قلاية عميقة لابيس جرانيت، 28 سم، قطعة واحدة - اسود,6224003525214,1.0,569.0,569.0,0.0,569.0,,الجيزة,Cash On Delivery
2006426565,2026-10-01 00:38:15,Oct 01,raneen,raneen,Electronics Audio,سماعة صب ووفر لا سلكي جاما، 10 وات، 13×16×38 سم، بلوتوث، GT-443 - اسود احمر,EL1145735BK1,1.0,479.0,479.0,0.0,479.0,,الأسكندرية,Cash On Delivery
2006426556,2026-10-01 00:36:48,Oct 01,MP,elmanzalawy,Refrigerators &amp; Freezers,ثلاجة ديفروست يونيون اير جوستو، 2 باب، 310 لتر، ديجيتال تاتش، RD-320VVA-DHGHUSTO - فضي,RD-320VV-DHGHUSTO-elmanzalawy,1.0,12100.0,12100.0,0.0,12100.0,,الشرقية,Cash On Delivery
2006426556,2026-10-01 00:36:48,Oct 01,raneen,raneen,Cookware,طقم حلل جرانيت ماربل جراندي كوك، 11 قطعة، غطاء ستانلس ستيل، مع هدية 2 قطعة توزيع - موف,HO1081180MV2,1.0,1499.0,1499.0,0.0,1499.0,,الشرقية,Cash On Delivery
2006426556,2026-10-01 00:36:48,Oct 01,MP,attallah,Air Conditioner,تكييف سبليت فريش تربو، 1.5 حصان، بارد فقط، بدون بلازما، FUFW12C/O-X2-HV FUFW12C/IW-AG - ابيض,MPAER500011943-attallah,1.0,17687.0,17687.0,0.0,17687.0,,الشرقية,Cash On Delivery
2006426556,2026-10-01 00:36:48,Oct 01,raneen,raneen,Kitchenware,طقم برطمان توابل زجاج بغطاء بلاستيك، 15 قطعة، 120 مل، مزود بقمع تعبئة - اسود,HO1110579BLK,1.0,150.0,150.0,0.0,150.0,,الشرقية,Cash On Delivery
2006426556,2026-10-01 00:36:48,Oct 01,MP,attallah,Cookers,بوتوجاز غاز برستيج يونيون جاز، 5 شعلة، 60×85 سم، سطح ستانلس سنيل، اشعال ذاتي، شواية - اسود فضي,capitaltecheg238-attallah,1.0,5899.0,5899.0,0.0,5899.0,,الشرقية,Cash On Delivery
2006426556,2026-10-01 00:36:48,Oct 01,raneen,raneen,Washers &amp; Dryer,غسالة ملابس فوق اتوماتيك فريش، تحميل علوي، 8 كجم، جسم معدني، Ftm-08F12S - فضي,EL1130479SLV,1.0,9089.0,9089.0,0.0,9089.0,,الشرقية,Cash On Delivery
2006426553,2026-10-01 00:36:20,Oct 01,MP,mostawdaa,Mirror,مرآة الحمام تاتش د. جريش، باضاءة ليد ابيض، 60 سم × 80 سم,MS126,1.0,1129.0,1129.0,0.0,1129.0,,الجيزة,Cash On Delivery
2006426538,2026-10-01 00:33:17,Oct 01,raneen,raneen,Pillows,مخدة فايبر بد اند بد، 160×45 سم - ابيض,TX1015140WIT,1.0,449.0,449.0,0.0,449.0,,القليوبية,Cash On Delivery
2006426532,2026-10-01 00:31:12,Oct 01,raneen,raneen,Cookware,طقم حلل جرانيت داي كاست الفا، 11 قطعة - رمادي,HO1155016GRY,1.0,2999.0,2999.0,149.95,2849.05,kch200,القاهرة,Credit/Debit Card
2006426529,2026-10-01 00:27:53,Oct 01,MP,salemelectric,Air Conditioner,تكييف سبليت بيكو ، 1.5 حصان ، بارد ساخن ، انفرتر ، BIE 121 - ابيض,5888-salemelectric,2.0,19730.0,39460.0,0.0,39460.0,,الدقهلية,Cash On Delivery
2006426529,2026-10-01 00:27:53,Oct 01,MP,asmagroup,Televisions,تلفزيون سمارت سامسونج، 50 بوصة، 4K، HDR، تقنية Dynamic Crystal Color، واي فاي، HG50AU800AUXEG - اسود,HG50AU800AUXEG,1.0,18499.0,18499.0,0.0,18499.0,,الدقهلية,Cash On Delivery
2006426526,2026-10-01 00:27:11,Oct 01,raneen,raneen,Dinnerware,طقم عشاء اركوبال جراند، 24 قطعة - متعدد الالوان,HO1140980WI2,1.0,499.0,499.0,24.95,474.05,KCH200,أسوان,Cash On Delivery
2006426523,2026-10-01 00:25:33,Oct 01,raneen,raneen,Water Heaters,سخان مياه كهربائي اريستون، 50 لتر، RUBIS50VEG - ابيض,EL1129298WIT,2.0,3659.0,7318.0,0.0,7318.0,,الأقصر,Aman
2006426511,2026-10-01 00:21:42,Oct 01,raneen,raneen,Water Heaters,سخان مياه كهربائي فينوس فريش، 30 لتر - أبيض,EL1044565WIT,1.0,2849.0,2849.0,0.0,2849.0,,الغربية,Cash On Delivery
2006426505,2026-10-01 00:20:36,Oct 01,raneen,raneen,Kitchenware,قالب ثلج بلاستيك بالغطاء وينر بلاست، 18 عين، 27×16 سم - بيج,HO1144018BG1,1.0,39.0,39.0,0.0,39.0,,القاهرة,Cash On Delivery
2006426505,2026-10-01 00:20:36,Oct 01,raneen,raneen,Kitchenware,قالب ثلج بلاستيك بالغطاء دنيا، 22 سم - ابيض رمادي,HO1132926GY1,1.0,85.0,85.0,0.0,85.0,,القاهرة,Cash On Delivery
2006426499,2026-10-01 00:18:49,Oct 01,MP,grohy,Televisions,تلفزيون سمارت ايفولف، LED ،HD، ٤٣ بوصة، Vld43Sd - اسود,Vld43Sd,1.0,8949.0,8949.0,0.0,8949.0,,الشرقية,Aman
2006426493,2026-10-01 00:17:15,Oct 01,MP,radiotalaat,Mobile Phones,موبايل سمارت سامسونج، جلاكسي، شريحتين اتصال، 6 جيجا رام، 128 جيجابايت، شبكة الجيل الرابع، A17 - اسود,196615,1.0,13630.0,13630.0,0.0,13630.0,,الجيزة,Aman
2006426487,2026-10-01 00:15:45,Oct 01,raneen,raneen,Mixers &amp; Blenders,كبة سوناي، 1.5 لتر، 3 سلاح، 700 وات، MAR-3077 - اسود,EL1115730WIT,1.0,1090.0,1090.0,0.0,1090.0,,كفر الشيخ,Paymob Wallet
2006426481,2026-10-01 00:14:45,Oct 01,raneen,raneen,Fans,مروحه ستاند رويال، 18 بوصة، 3 سرعات، BF1830 - أسود,EL1058951BLK,1.0,924.0,924.0,0.0,924.0,,الجيزة,Cash On Delivery
2006426478,2026-10-01 00:14:36,Oct 01,MP,lazord,Cookware,طقم أواني طهي لازورد ، 7 قطع ، تيفال - احمرداكن,16533,1.0,1099.0,1099.0,0.0,1099.0,,القاهرة,Aman
2006426475,2026-10-01 00:11:36,Oct 01,raneen,raneen,Mattress,مرتبة دبل نت اكسترا جولد يانسن، سوست متصلة ، 100×195 سم، بارتفاع 24 سم - ابيض بيج,TX1104260WI2,1.0,4199.0,4199.0,0.0,4199.0,,القليوبية,Cash On Delivery
2006426472,2026-10-01 00:11:23,Oct 01,MP,katoshappliances,Washers &amp; Dryer,غسالة ملابس فول اوتوماتيك سامسونج، بتقنية الانفرتر، 9 كجم، WW90CGC0EDAB - اسود,katoshAppliances-2211,1.0,27435.0,27435.0,0.0,27435.0,,القاهرة,Credit/Debit Card
2006426469,2026-10-01 00:10:04,Oct 01,MP,salemelectric,Water Heaters,سخان مياه كهربائي ريلاكس فريش، 30 لتر، EWH RELAX 30l - ابيض,EL1055235WHT-salem,1.0,2764.0,2764.0,0.0,2764.0,,الجيزة,Credit/Debit Card
2006426457,2026-10-01 00:07:24,Oct 01,MP,herman,Bean Bags,بين باج كبير ووتر بروف، 70×60×90 سم - اسود,beanbagl,2.0,1680.0,3360.0,500.0,2860.0,OFF500,الجيزة,Aman
2006426454,2026-10-01 00:07:14,Oct 01,raneen,raneen,Cookware,طقم صينية زجاج حرارى بورجام باشابتشى، قطعتين - شفاف,HO1031083CLR,1.0,499.0,499.0,24.95,474.05,KCH200,الجيزة,Cash On Delivery
2006426454,2026-10-01 00:07:14,Oct 01,raneen,raneen,Cutlery &amp; Flatware Set,طقم شوك ستانلس ستيل اليجانت، 6 قطع، 20 سم - فضي,HO1155689SLV,2.0,80.0,160.0,8.0,152.0,KCH200,الجيزة,Cash On Delivery
2006426454,2026-10-01 00:07:14,Oct 01,raneen,raneen,Cutlery &amp; Flatware Set,طقم ملعقة طعام ستانلس ستيل اليجانت، 6 قطع، 20 سم - فضي,HO1155680SLV,2.0,80.0,160.0,8.0,152.0,KCH200,الجيزة,Cash On Delivery
2006426454,2026-10-01 00:07:14,Oct 01,raneen,raneen,Cutlery &amp; Flatware Set,طقم ملاعق شاي اليكس ميتال، 6 قطع - فضي,HO1024177SLV,2.0,61.0,122.0,6.1,115.9,KCH200,الجيزة,Cash On Delivery
2006426454,2026-10-01 00:07:14,Oct 01,raneen,raneen,Cutlery &amp; Flatware Set,طقم شوك جاتو زيبرا اليكس ميتال، 6 قطع - فضي,HO1028367SLV,2.0,61.0,122.0,6.1,115.9,KCH200,الجيزة,Cash On Delivery
2006426454,2026-10-01 00:07:14,Oct 01,raneen,raneen,Serveware,طقم كأس جيلى زجاج، 3 قطع، 145 مل - شفاف,HO1147074CLR,2.0,75.0,150.0,7.5,142.5,KCH200,الجيزة,Cash On Delivery
2006426454,2026-10-01 00:07:14,Oct 01,raneen,raneen,Bowl,طقم بولة ايس كريم زجاج بلينك ماكس، 6 قطع، 230 مل - شفاف,HO1117889CLR,1.0,270.0,270.0,13.5,256.5,KCH200,الجيزة,Cash On Delivery
4000170134,2026-10-01 00:04:45,Oct 01,MP,woodrate,Shoe Rack,"Chipboard Shoe Rack, 110×60×30 Cm, With Five Shelves - Brown",SH-V-5-Woodrate,1.0,2199.0,2199.0,0.0,2199.0,,الجيزة,Cash On Delivery
2006426448,2026-10-01 00:04:45,Oct 01,MP,molanafortraining,Baby Care,سلم بوتى مقعد حمام تدريب الأطفال مع سلم (بينك ) | مقابض جانبية وسلم متكامل,RAN-BFC8ABZ,1.0,678.0,678.0,0.0,678.0,,أسيوط,Cash On Delivery
2006426433,2026-10-01 00:03:11,Oct 01,raneen,raneen,Cookware,صينية فرن جرانيت مستديرة عابدين، 22 سم - ازرق,HO1133162LB1,1.0,200.0,200.0,10.0,190.0,KCH200,القاهرة,Credit/Debit Card
2006426418,2026-10-01 00:00:40,Oct 01,MP,rafae3dotcom,Beauty &amp; Body Care,ماكينه حلاقه فى جى ار متعددة الاستخدام للنساء، 700 مللي أمبير، V-706 - أبيض,V-706-rafae3dotcom,1.0,479.99,479.99,0.0,479.99,,الأسكندرية,Cash On Delivery
2006426415,2026-10-01 00:00:18,Oct 01,MP,ocean,Sandwich Waffle Makers,صانع الوافل سوكاني، 1500 وات، Sk-08031 - أسود فضى,3174-ocean,1.0,1599.0,1599.0,0.0,1599.0,,القاهرة,Cash On Delivery
