Order #,Purchase Date,Day,Marketplace Seller,Seller_Raw,Attribute Set,Name,SKU,Qty Ordered,Item Price,Row Total,Discount Amount,Value After Discounts,Coupon Code,Customer Region,Payment Method
2006397735,2026-09-24 15:27:20,Sep 24,MP,linesleep,Bedding,لحاف فايبر لاين سليب، 220×180 سم - بيج فاتح,QLT23220X180LBG,1.0,655.0,655.0,32.75,622.25,tex200,الجيزة,Souhoola
2006397732,2026-09-24 15:26:42,Sep 24,raneen,raneen,Bedding,دفاية فرو ساراتوجا سادة، 210×240 سم ، 1500 جرام تقريباً,TX1065289OLV,1.0,279.0,279.0,0.0,279.0,,القاهرة,Cash On Delivery
2006397732,2026-09-24 15:26:42,Sep 24,raneen,raneen,Bedding,دفاية فرو ساراتوجا سادة، 210×240 سم ، 1500 جرام تقريباً,TX1065289KSH,1.0,279.0,279.0,0.0,279.0,,القاهرة,Cash On Delivery
2006397732,2026-09-24 15:26:42,Sep 24,MP,attallah,Water Heaters,سخان مياه كهربائي ريلاكس فريش، 30 لتر، EWH RELAX 30l - ابيض,EL1055235WHT-conf-attallah,1.0,2847.0,2847.0,0.0,2847.0,,القاهرة,Cash On Delivery
2006397729,2026-09-24 15:26:05,Sep 24,MP,linesleep,Bedding,لحاف فايبر لاين سليب، 220×180 سم - بيج فاتح,QLT23220X180LBG,1.0,655.0,655.0,32.75,622.25,tex200,الجيزة,Souhoola
2006397726,2026-09-24 15:26:02,Sep 24,MP,alistore,Washers &amp; Dryer,غسالة ملابس فوق اتوماتيك تورنيدو ، 13 كجم، انفرتر، TWE-TLD13RBK - اسود,EL1100931BNS-alistore,1.0,21900.0,21900.0,0.0,21900.0,,القاهرة,Cash On Delivery
2006397723,2026-09-24 15:24:40,Sep 24,raneen,raneen,Air Conditioner,تكييف سبليت هاير + كابول ، 3 حصان، انفرتر ايكو، بارد فقط، HSU-24KCRIA- ابيض,ELKIT1835WIT,1.0,41999.0,41999.0,0.0,41999.0,,القاهرة,valU
2006397720,2026-09-24 15:24:02,Sep 24,raneen,raneen,Water Heaters,سخان مياه فورى فريش، 9 كيلو وات - ابيض,EL1079888WIT,1.0,6899.0,6899.0,344.95,6554.05,LA400,الأسكندرية,Bank Misr Installments
2006397717,2026-09-24 15:23:41,Sep 24,raneen,raneen,Dinnerware,طقم عشاء اركوبال لوفوشيا، 42 قطعة - متعدد الالوان,HO1136627BNW,1.0,999.0,999.0,0.0,999.0,,الأسكندرية,Cash On Delivery
2006397717,2026-09-24 15:23:41,Sep 24,MP,radiotalaat,Electronics Audio,راديو كلاسيك جولون، عداد رقمي، RX-608ACW - بني,RT12175BRN,1.0,350.0,350.0,0.0,350.0,,الأسكندرية,Cash On Delivery
2006397714,2026-09-24 15:22:24,Sep 24,raneen,raneen,Bike &amp; Scooters,عجلة تريو تايك بلاستيك للاطفال، اربع عجلات، صوت وضوء - ازرق فاتح ابيض,TY1143811LBL,1.0,699.0,699.0,69.9,629.1,TOY150,الغربية,Cash On Delivery
2006397711,2026-09-24 15:22:14,Sep 24,raneen,raneen,Air Conditioner,تكييف سبليت هاير + كابول ، 3 حصان، انفرتر ايكو، بارد فقط، HSU-24KCRIA- ابيض,ELKIT1835WIT,1.0,41999.0,41999.0,0.0,41999.0,,القاهرة,valU
2006397711,2026-09-24 15:22:14,Sep 24,raneen,raneen,Air Conditioner,تكييف سبلت سمارت كول هاير، 1.5 حصان، بارد فقط، واي فاي، HSU-12KCROC-R32 - ابيض,ELKIT1871WIT,1.0,18359.0,18359.0,0.0,18359.0,,القاهرة,valU
2006397708,2026-09-24 15:21:39,Sep 24,MP,razgallery,Mattress,كفر مرتبة قطن وتربروف، طول 200 سم,WIT200X160-razgallery,1.0,359.0,359.0,17.95,341.05,TEX200,القاهرة,Cash On Delivery
2006397705,2026-09-24 15:18:22,Sep 24,raneen,raneen,Air Conditioner,تكييف سبلت سمارت كول هاير، 1.5 حصان، بارد فقط، واي فاي، HSU-12KCROC-R32 - ابيض,ELKIT1871WIT,1.0,18359.0,18359.0,0.0,18359.0,,القاهرة,valU
2006397702,2026-09-24 15:17:29,Sep 24,raneen,raneen,Air Conditioner,تكييف سبلت سمارت كول هاير، 1.5 حصان، بارد فقط، واي فاي، HSU-12KCROC-R32 - ابيض,ELKIT1871WIT,1.0,18359.0,18359.0,0.0,18359.0,,القاهرة,Souhoola
2006397699,2026-09-24 15:12:08,Sep 24,raneen,raneen,TV Table,ترابيزة تلفزيون خشب شيب بورد، 140×32×45 سم، بأرجل خشب زان، 2 عين، دلفة قلاب - بني ابيض,HO1145433BG1,1.0,1799.0,1799.0,0.0,1799.0,,القاهرة,Cash On Delivery
2006397696,2026-09-24 15:11:19,Sep 24,raneen,raneen,Sofa,كنبة ركنة سرير حرف L خشب موسكي زان، قطعتين، 3 خدادية، 276x136x81 سم - رمادي,HO1093570GRY,1.0,9799.0,9799.0,0.0,9799.0,,القليوبية,valU
2006397693,2026-09-24 15:10:55,Sep 24,MP,primestore,Fans,مروحة حائط ايه تى ايه، 5 ريشة، 18 بوصة، 3 سرعات، 18B01P5 - ابيض ازرق,18B01P5-primestore,1.0,904.0,904.0,0.0,904.0,,الأسكندرية,Souhoola
2006397690,2026-09-24 15:10:47,Sep 24,MP,mam,Refrigerators &amp; Freezers,ثلاجه ديفروست يونيون اير ، 350 لتر ، 2 باب ، فريزر بالاعلي ، RD-350VVA-DSH - رمادي,RD350VVDHGHUSTO-mam,1.0,12599.0,12599.0,0.0,12599.0,,القاهرة,Cash On Delivery
2006397687,2026-09-24 15:10:02,Sep 24,MP,homegolden,Home Decor,شجره صناعي ديكور ، 30×30×150 سم ، اكليرك ضد الكسر - متعدد الالوان,gh30,1.0,769.0,769.0,0.0,769.0,,أسوان,Cash On Delivery
2006397684,2026-09-24 15:08:42,Sep 24,raneen,raneen,Pillows,خدادية فايبر لازورد، 70×50 سم، 1000 جرام - ابيض,TX1152102WIT,2.0,109.0,218.0,10.9,207.1,Tex200,القاهرة,Cash On Delivery
2006397684,2026-09-24 15:08:42,Sep 24,raneen,raneen,Mattress,مرتبة سرير سوست متصلة سامبا الدورا، طول 195 سم، ارتفاع 23 سم,TX1069836WI2,1.0,3099.0,3099.0,154.95,2944.05,Tex200,القاهرة,Cash On Delivery
4000169093,2026-09-24 15:08:28,Sep 24,MP,ocean,Coffee Makers,"De&#039;Longhi ECAM450.86.T Eletta Explore Cold Brew, 1450 Watt - Silver",RAN-UHX36UY,1.0,63999.0,63999.0,0.0,63999.0,,الأسكندرية,Souhoola
2006397681,2026-09-24 15:07:30,Sep 24,MP,skyfurniture,Bedrooms,غرفة نوم مودرن كاملة خشب ام دي اف، 6 قطع، سرير، دولاب، 2 كمود، ترابيزة تسريحة، مرايا - بيج,HOMZBRHM04-skyfurniture,1.0,33999.0,33999.0,3399.9,30599.1,MORE10,المنيا,Cash On Delivery
2006397678,2026-09-24 15:07:15,Sep 24,raneen,raneen,Televisions,تلفزيون سمارت جوجل هاير، 65 بوصة،4K ، مزود برسيفر داخلى، بدون اطار، ريموت بحث صوتى، H65K85GUX - اسود,EL1152357BLK,1.0,23999.0,23999.0,0.0,23999.0,KCH200,كفر الشيخ,El-Ahly Installments
2006397678,2026-09-24 15:07:15,Sep 24,MP,nanosamy,Cleaning Tools &amp; Supplies,جردل بعصارة مزود بمساحة موب مسطحة مزدوجة وقطعتين غيار، ألوان متنوعة,RAN-YVE9QJ8,1.0,550.0,550.0,27.5,522.5,KCH200,كفر الشيخ,El-Ahly Installments
2006397678,2026-09-24 15:07:15,Sep 24,MP,tibatrading,Bathroom Accessories,حقيبة تخزين كبيرة بنافذة شفافة، رمادي، قماش غير محبوك مبطن، منظم قابل للطي للبطانيات والملابس,RAN-AMXSPMY,2.0,155.0,310.0,15.5,294.5,KCH200,كفر الشيخ,El-Ahly Installments
2006397678,2026-09-24 15:07:15,Sep 24,MP,mattger,Skin Care,حليب للجسم برائحة التوليب والورد 300 مل من Shaan,MATTGAR-RAN-FC18CBD,1.0,226.0,226.0,0.0,226.0,KCH200,كفر الشيخ,El-Ahly Installments
2006397678,2026-09-24 15:07:15,Sep 24,MP,tal2aa,Skin Care,سيروم رموش العين ايتود هاوس ماي آي للنساء، 1 قطعة,TAL2A-3095-L,1.0,194.0,194.0,0.0,194.0,KCH200,كفر الشيخ,El-Ahly Installments
2006397675,2026-09-24 15:06:40,Sep 24,MP,homegolden,Home Decor,شجره صناعي ديكور ، 30×30×165 سم ، اكليرك ضد الكسر - متعدد الالوان,gh24,1.0,1199.0,1199.0,0.0,1199.0,,القاهرة,Cash On Delivery
2006397675,2026-09-24 15:06:40,Sep 24,MP,homegolden,Home Decor,شجره صناعي ديكور ، 30×30×160 سم ، اكليرك ضد الكسر - متعدد الالوان,gh33,1.0,899.0,899.0,0.0,899.0,,القاهرة,Cash On Delivery
2006397675,2026-09-24 15:06:40,Sep 24,MP,homegolden,Home Decor,شجره صناعي ديكور ، 30×30×95 سم ، اكليرك ضد الكسر - متعدد الالوان,gh01,1.0,419.0,419.0,0.0,419.0,,القاهرة,Cash On Delivery
2006397675,2026-09-24 15:06:40,Sep 24,MP,lifecare,Drinkware,مجموعة أكواب قهوة زجاجية حرارية - 6 قطع، اللون الأصفر، سعة 120 جرام,RAN-DTPTUVZ,1.0,164.0,164.0,0.0,164.0,,القاهرة,Cash On Delivery
2006397672,2026-09-24 15:06:02,Sep 24,MP,alsaaty,Watches,ساعة ديجيتال انالوج سكيمي للرجال، سوار مطاط - ذهبى أسود,B09XN598PM,1.0,650.0,650.0,0.0,650.0,,الأسكندرية,QNB Installments
4000169090,2026-09-24 15:05:48,Sep 24,MP,ocean,Coffee Makers,"De&#039;Longhi ECAM450.86.T Eletta Explore Cold Brew, 1450 Watt - Silver",RAN-UHX36UY,1.0,63999.0,63999.0,0.0,63999.0,,الأسكندرية,Paymob Wallet
2006397669,2026-09-24 15:04:35,Sep 24,raneen,raneen,Shoe Rack,جزامة خشب شيب بورد، 3 ارفف، 2 دلفة، ارجل بلاستيك، 60×32×89 سم - بني,HO1145380BRN,1.0,1149.0,1149.0,0.0,1149.0,,الجيزة,Cash On Delivery
4000169084,2026-09-24 15:04:08,Sep 24,MP,ocean,Coffee Makers,"De&#039;Longhi ECAM450.86.T Eletta Explore Cold Brew, 1450 Watt - Silver",RAN-UHX36UY,1.0,63999.0,63999.0,0.0,63999.0,,الأسكندرية,El-Ahly Installments
2006397666,2026-09-24 15:03:27,Sep 24,raneen,raneen,Shoe Rack,جزامة خشب شيب بورد، 3 ارفف، 2 دلفة، ارجل بلاستيك، 60×32×89 سم - بني,HO1145380BRN,1.0,1149.0,1149.0,0.0,1149.0,,الجيزة,Cash On Delivery
2006397660,2026-09-24 15:02:43,Sep 24,MP,katoshappliances,Fryers,قلاية فرن فريش، 25 لتر، 1600 وات، F-25BLLED - اسود,4896,1.0,4233.0,4233.0,0.0,4233.0,,القاهرة,Bank Misr Installments
2006397663,2026-09-24 15:02:42,Sep 24,raneen,raneen,Washers &amp; Dryer,غسالة فول اوتوماتيك ستيم ماكس زانوسي، 8 كيلو، موتور انفرتر، ZWF8221BL8 914909459 - اسود,EL1148090BLK,1.0,21349.0,21349.0,1500.0,19849.0,zan1500,الجيزة,Premium Card
2006397663,2026-09-24 15:02:42,Sep 24,raneen,raneen,Televisions,تلفزيون سمارت سامسونج ، 65 بوصة ، 4K UHD ، بريسيفر داخلي ، UA65U8000HUXEG - اسود,EL1147149BLK,2.0,25699.0,51398.0,0.0,51398.0,zan1500,الجيزة,Premium Card
2006397657,2026-09-24 15:01:21,Sep 24,raneen,raneen,Bike &amp; Scooters,لعبة حصان بلاستيك هزاز بلال بلاست، 85×45 سم - بينك,TY1060221PK4,1.0,200.0,200.0,20.0,180.0,TOY150,القاهرة,Cash On Delivery
2006397651,2026-09-24 14:59:54,Sep 24,MP,goodsportgroup,Sports Equipment,منحني رياضة للقدمين راغانيت، دراجة تمرينية قابلة للطي مع شاشة LED ومقاومة قابلة للتعديل، استخدام محترف أو منزلي، تأهيل وتقوية,RAN-EC7MAYZ,1.0,1211.0,1211.0,0.0,1211.0,,القاهرة,Bank Misr Installments
2006397648,2026-09-24 14:59:51,Sep 24,MP,carina,Underwear’s,مجموعة من 5 بانتي بريف كامل ملون,56622-99-2XL,1.0,413.0,413.0,0.0,413.0,,القاهرة,Free
2006397645,2026-09-24 14:58:13,Sep 24,raneen,raneen,Home &amp; Balcony Essentials,جزامة قماش العالمية، 7 ارفف ، 125×30×60 سم - بني,HO1043922BRN,1.0,200.0,200.0,10.0,190.0,kch200,الأسكندرية,Cash On Delivery
2006397636,2026-09-24 14:57:38,Sep 24,MP,grandmakaa,Pressure Cooker,طنجرة ضغط City سعة 7 لتر بنظام أمان وطهي سريع - مناسبة لجميع أنواع المواقد,RAN-NQ94TZU,1.0,1799.0,1799.0,89.95,1709.05,KCH200,القليوبية,Cash On Delivery
2006397630,2026-09-24 14:56:29,Sep 24,raneen,raneen,Televisions,تلفزيون سمارت جوجل هاير، 65 بوصة،4K ، مزود برسيفر داخلى، بدون اطار، ريموت بحث صوتى، H65K85GUX - اسود,EL1152357BLK,1.0,23999.0,23999.0,0.0,23999.0,KCH200,كفر الشيخ,Cash On Delivery
2006397630,2026-09-24 14:56:29,Sep 24,MP,nanosamy,Cleaning Tools &amp; Supplies,جردل بعصارة مزود بمساحة موب مسطحة مزدوجة وقطعتين غيار، ألوان متنوعة,RAN-YVE9QJ8,1.0,550.0,550.0,27.5,522.5,KCH200,كفر الشيخ,Cash On Delivery
2006397630,2026-09-24 14:56:29,Sep 24,MP,tibatrading,Bathroom Accessories,حقيبة تخزين كبيرة بنافذة شفافة، رمادي، قماش غير محبوك مبطن، منظم قابل للطي للبطانيات والملابس,RAN-AMXSPMY,2.0,155.0,310.0,15.5,294.5,KCH200,كفر الشيخ,Cash On Delivery
2006397630,2026-09-24 14:56:29,Sep 24,MP,mattger,Shampoos &amp; Conditioners,شامبو وبلسم تريسمي (1+1) 400 مل للشعر الجاف والمجعد,568-mattger,1.0,360.0,360.0,0.0,360.0,KCH200,كفر الشيخ,Cash On Delivery
2006397630,2026-09-24 14:56:29,Sep 24,MP,mattger,Skin Care,لوشن الكاكاو المنعش للعناية المركزة، 400 مل من Vaseline,MATTGAR-RAN-B41C684,1.0,240.0,240.0,0.0,240.0,KCH200,كفر الشيخ,Cash On Delivery
2006397630,2026-09-24 14:56:29,Sep 24,MP,mattger,Skin Care,حليب للجسم برائحة التوليب والورد 300 مل من Shaan,MATTGAR-RAN-FC18CBD,1.0,226.0,226.0,0.0,226.0,KCH200,كفر الشيخ,Cash On Delivery
2006397630,2026-09-24 14:56:29,Sep 24,MP,tal2aa,Skin Care,سيروم رموش العين ايتود هاوس ماي آي للنساء، 1 قطعة,TAL2A-3095-L,1.0,194.0,194.0,0.0,194.0,KCH200,كفر الشيخ,Cash On Delivery
2006397624,2026-09-24 14:55:11,Sep 24,MP,attallah,Ladders &amp; Clothes Dryer,منشر غسيل معدني جوهار - فضي,MZDRYER3SLV-CONF-attallah,1.0,999.0,999.0,0.0,999.0,,الجيزة,Premium Card
2006397621,2026-09-24 14:50:23,Sep 24,raneen,raneen,Office Chairs,كرسي مكتب معدن وسط ظهر شبك، هيدروليك، مسند فيبر، 5 عجلات، 50×50×110 سم - اسود,HO1139739BLK,1.0,1399.0,1399.0,0.0,1399.0,,الأسكندرية,Cash On Delivery
2006397618,2026-09-24 14:50:03,Sep 24,MP,lightcart,Home Decor,قطعة صندوق تخزين مستحضرات التجميل سطح المكتب منظم درج مكتب متعدد الوظائف حقيبة Pp مجموعة الخياطة المنزلية Mint green البولي بروبلين,RAN-ECZ9H5C,1.0,169.0,169.0,0.0,169.0,,القاهرة,Credit/Debit Card
2006397618,2026-09-24 14:50:03,Sep 24,raneen,raneen,Home &amp; Balcony Essentials,جزامة بلاستيك بأرجل، 4 رف، 70×31×49 سم - بني بيج,HO1145864BR1,1.0,200.0,200.0,0.0,200.0,,القاهرة,Credit/Debit Card
2006397618,2026-09-24 14:50:03,Sep 24,raneen,raneen,Home &amp; Balcony Essentials,جزامة بلاستيك العالمية، غطاء قماش، 7 رف، 120×60×30 سم - موف,HO1116022MOV,1.0,350.0,350.0,0.0,350.0,,القاهرة,Credit/Debit Card
2006397615,2026-09-24 14:49:43,Sep 24,raneen,raneen,Refrigerators &amp; Freezers,ثلاجة نوفروست يونيون اير، 420 لتر، 2 باب، فريزر بالاعلى، شاشة ديجيتال تاتش، URN-500LBLBA-DTSR - اسود,EL1142604BLK,1.0,17599.0,17599.0,400.0,17199.0,LA400,القاهرة,Paymob Wallet
2006397612,2026-09-24 14:49:18,Sep 24,raneen,raneen,Refrigerators &amp; Freezers,ديب فريزر أفقى اكسترا فريش، 180 لتر، تجميد سريع، FDF-220 - رمادي,EL1129451SLV,1.0,10389.0,10389.0,0.0,10389.0,,القاهرة,Aman
2006397606,2026-09-24 14:49:06,Sep 24,MP,cornerhouse,Built in,شفاط مطبخ بلت ان بيورتي، 3 سرعات، Ptslim X 90Cm - فضي,smf089-cornerhouse,1.0,3920.0,3920.0,0.0,3920.0,,الجيزة,Souhoola
2006397609,2026-09-24 14:49:03,Sep 24,raneen,raneen,Microwaves &amp; Ovens,فرن كهربائي بالشواية تاتش الزنوكى، 2000 وات، 50 لتر - اسود,EL1065136BLK,1.0,3222.0,3222.0,0.0,3222.0,,الجيزة,Cash On Delivery
2006397603,2026-09-24 14:48:47,Sep 24,raneen,raneen,Refrigerators &amp; Freezers,ثلاجة دي فروست يونيون اير، 2باب، 310 لتر، دي فروست ديجيتال، RD-320VVA-DAH - فضى,EL1153508SLV,1.0,11199.0,11199.0,400.0,10799.0,LA400,المنوفية,Credit/Debit Card
2006397600,2026-09-24 14:47:28,Sep 24,MP,coktailstore,Clothes Hangers,رف ملابس معدني مزدوج مع رفوف - منظم للملابس والأحذية والحقائب - عصري ومتين - حامل أرضي,RAN-TEWM2YR,1.0,799.0,799.0,79.9,719.1,More10,الأسكندرية,Credit/Debit Card
2006397597,2026-09-24 14:47:26,Sep 24,raneen,raneen,Kids Bags,شنطة ظهر مدرسية 3D وتر بروف للاولاد، 18 بوصة، 3 سوستة - متعدد الالوان,HO1156135MC5,1.0,399.0,399.0,19.95,379.05,FLY200,الجيزة,Cash On Delivery
2006397594,2026-09-24 14:46:50,Sep 24,MP,hometech2024,Water Dispenser,مبرد مياه اكاي ، 3 حنفيه ، ساخن /بارد /فاتر بثلاجة، AK-W-D3 - اسود,AKA1-325MN,1.0,4617.0,4617.0,0.0,4617.0,,القاهرة,Cash On Delivery
2006397591,2026-09-24 14:46:17,Sep 24,raneen,raneen,Water Heaters,سخان مياه كهربائي اريستون، 50 لتر، RUBIS50VEG - ابيض,EL1129298WIT,3.0,3649.0,10947.0,0.0,10947.0,,قنا,Cash On Delivery
2006397588,2026-09-24 14:46:16,Sep 24,raneen,raneen,Televisions,تلفزيون سمارت ال جى، 50 بوصة، UHD، مزود برسيفر داخلى، ماجيك ريموت، 50NU850B6LA - اسود,EL1148627BLK,1.0,19899.0,19899.0,0.0,19899.0,,السويس,Aman
2006397585,2026-09-24 14:45:43,Sep 24,MP,maccarpet,Carpets,سجادة موسكو ماك كاربت، 160×230 سم - متعدد الالوان,KH6117517001MC4,1.0,1440.0,1440.0,72.0,1368.0,TEX200,القاهرة,Free
2006397582,2026-09-24 14:45:29,Sep 24,MP,bestbuyelectronic,Mobile Phones,موبايل سمارت هونر بلاي 20A، شبكة الجيل الرابع، شريحتين، 64 جيجا بايت، 4 جيجا رام - اسود,6942785114890,1.0,7499.0,7499.0,0.0,7499.0,,سوهاج,Bank Misr Installments
2006397579,2026-09-24 14:45:02,Sep 24,raneen,raneen,Refrigerators &amp; Freezers,ثلاجة دي فروست يونيون اير، 2باب، 310 لتر، دي فروست ديجيتال، RD-320VVA-DAH - فضى,EL1153508SLV,1.0,11199.0,11199.0,400.0,10799.0,LA400,المنوفية,Credit/Debit Card
2006397576,2026-09-24 14:45:01,Sep 24,raneen,raneen,Mixers &amp; Blenders,خلاط كهربائي ميانتا، 1.75 لتر، 2 مطحنة، 700 وات، BL1291G - اسود، بالاضافة الي طقم علب ثلاجة بلاستيك هدية، 3 قطع - شفاف ازرق فاتح,EL1142772BLK,1.0,1649.0,1649.0,0.0,1649.0,,أسوان,Premium Card
2006397573,2026-09-24 14:44:56,Sep 24,raneen,raneen,Microwaves &amp; Ovens,ميكروويف ايه تى ايه،، 20 لتر، 1200 وات، MW20LN002 - رمادي,EL1120811GRY,1.0,2999.0,2999.0,0.0,2999.0,,القاهرة,Cash On Delivery
2006397570,2026-09-24 14:44:43,Sep 24,MP,hometech2024,Heaters,سخان تاتش الزنوكي بريستيج 41111 - تسخين إشعاعي 2000 واط - أبيض - قائم على الأرض/تثبيت على الحائط,RAN-BVW2Q74,1.0,1498.0,1498.0,0.0,1498.0,,القاهرة,Cash On Delivery
2006397570,2026-09-24 14:44:43,Sep 24,MP,tibatrading,Heaters,دفاية بمروحة بتأثير لهب حقيقي بتقنية الليد قابلة للحمل والدوران بزاوية 180 درجة من ايباسكيت,RAN-PVX4VWC,1.0,679.0,679.0,0.0,679.0,,القاهرة,Cash On Delivery
2006397570,2026-09-24 14:44:43,Sep 24,raneen,raneen,Bedding,دفاية سرير قطيفة نانا سيكريت، 220×150 سم، 470 جرام - احمر داكن,TX1156543MA0,1.0,99.0,99.0,0.0,99.0,,القاهرة,Cash On Delivery
2006397570,2026-09-24 14:44:43,Sep 24,raneen,raneen,Bedding,دفاية سرير قطيفة نانا سيكريت، 220×150 سم، 470 جرام - متعدد الالوان,TX1156543MC5,1.0,99.0,99.0,0.0,99.0,,القاهرة,Cash On Delivery
2006397570,2026-09-24 14:44:43,Sep 24,raneen,raneen,Bedding,دفاية سرير قطيفة نانا سيكريت، 220×150 سم، 470 جرام - متعدد الالوان,TX1156543MC4,1.0,99.0,99.0,0.0,99.0,,القاهرة,Cash On Delivery
2006397570,2026-09-24 14:44:43,Sep 24,raneen,raneen,Bedding,دفاية سرير قطيفة نانا سيكريت، 220×150 سم، 470 جرام - احمر اسود,TX1156543MC7,1.0,99.0,99.0,0.0,99.0,,القاهرة,Cash On Delivery
2006397570,2026-09-24 14:44:43,Sep 24,raneen,raneen,Bedding,دفاية سرير قطيفة نانا سيكريت، 220×150 سم، 470 جرام - بنفسجي,TX1156543MA4,1.0,99.0,99.0,0.0,99.0,,القاهرة,Cash On Delivery
2006397570,2026-09-24 14:44:43,Sep 24,raneen,raneen,Bedding,دفاية سرير قطيفة نانا سيكريت، 220×150 سم، 470 جرام - بيج,TX1156543MA9,1.0,99.0,99.0,0.0,99.0,,القاهرة,Cash On Delivery
2006397570,2026-09-24 14:44:43,Sep 24,raneen,raneen,Serveware,صينية عشاء ستانلس ستيل مستديرة ماجستيك، 50 سم، 600 جرام تقريبا - فضي,HO1119873SLV,3.0,100.0,300.0,0.0,300.0,,القاهرة,Cash On Delivery
4000169081,2026-09-24 14:44:32,Sep 24,MP,talhastore,Luggage,"Sports travel bag,Women &amp; Men Duffle Bag For Travel, Small Waterproof Gym Sport Shoulder Bag With Shoe Compartment Carry On Backpack For Weekender Workout Overnight Camping, black",RAN-NQKBQ4W,1.0,450.0,450.0,22.5,427.5,FLY200,القاهرة,Cash On Delivery
2006397567,2026-09-24 14:44:10,Sep 24,raneen,raneen,Pressure Cooker,حلة ضغط ستانلس ستيل زينوكس، 12 لتر - فضي اسود,HO1090770BLK,1.0,1999.0,1999.0,0.0,1999.0,,القاهرة,Cash On Delivery
2006397564,2026-09-24 14:42:51,Sep 24,MP,talhastore,Luggage,حقيبة رياضية سوداء عصرية للصالة الرياضية بجيب للأحذية وحزام قابل للتعديل - سعة 30 لتر,RAN-UVFXRNA,1.0,350.0,350.0,17.5,332.5,FLY200,كفر الشيخ,Cash On Delivery
2006397561,2026-09-24 14:41:51,Sep 24,MP,alahramappliances,Cookers,بوتاجاز الاهرام، سطح ستانلس ستيل، 4 شعلة، 50×50 سم - فضى اسود,alahram-steel-50x50,1.0,3599.0,3599.0,179.95,3419.05,GET400,الجيزة,Cash On Delivery
2006397558,2026-09-24 14:41:15,Sep 24,MP,attallah,Washers &amp; Dryer,غسالة تحميل علوي فريش، 4 كيلو جرام ، FWS400ND - ابيض,ISTFWS400ND37-conf-attallah,1.0,2334.0,2334.0,0.0,2334.0,Get400,الدقهلية,Cash On Delivery
2006397558,2026-09-24 14:41:15,Sep 24,raneen,raneen,Burner,ATA بوتاجاز غاز مسطح، 3 شعلة، J-GC401، فضي,EL1018814SLV,1.0,899.0,899.0,0.0,899.0,Get400,الدقهلية,Cash On Delivery
2006397558,2026-09-24 14:41:15,Sep 24,raneen,raneen,TV Stand &amp; Accessories,سيستم دش كامل دالي اكسبورت، 4×1، بدون سلك - ابيض,EL1117140WIT,1.0,1099.0,1099.0,0.0,1099.0,Get400,الدقهلية,Cash On Delivery
2006397558,2026-09-24 14:41:15,Sep 24,raneen,raneen,Fans,ATA مروحة ستاند، 18 بوصة، 3 سرعات، 3 ريشة، S1801 - اسود,EL1018813BLK,2.0,855.0,1710.0,0.0,1710.0,Get400,الدقهلية,Cash On Delivery
2006397558,2026-09-24 14:41:15,Sep 24,MP,etdonline,TV Stand &amp; Accessories,حامل شاشة تلفاز معدن فالكون، شاشات من 19 الى 43 بوصة، T-110 - اسود,etdonline-k110,1.0,190.0,190.0,0.0,190.0,Get400,الدقهلية,Cash On Delivery
2006397558,2026-09-24 14:41:15,Sep 24,MP,alarabycenter,Televisions,تلفزيون ATA، 32 بوصة، HD، LED، AtA32H0n - اسود,3503932001-alarabycenter,1.0,4565.4,4565.4,0.0,4565.4,Get400,الدقهلية,Cash On Delivery
2006397558,2026-09-24 14:41:15,Sep 24,MP,attallah,Water Heaters,سخان مياه كهربائي ريلاكس فريش، 30 لتر، EWH RELAX 30l - ابيض,EL1055235WHT-conf-attallah,1.0,2847.0,2847.0,0.0,2847.0,Get400,الدقهلية,Cash On Delivery
2006397558,2026-09-24 14:41:15,Sep 24,MP,mam,Refrigerators &amp; Freezers,ثلاجة دي فروست يونيون اير، 2باب، 310 لتر، دي فروست ديجيتال، RD-320VVA-DAH - فضى,EL1153508SLV-mam,1.0,11230.0,11230.0,400.0,10830.0,Get400,الدقهلية,Cash On Delivery
2006397555,2026-09-24 14:39:47,Sep 24,raneen,raneen,Water Heaters,سخان كهرباء اوليمبيك، 1500 وات، 50 لتر، OYE05061WN - ابيض,EL1094896WIT,1.0,3959.0,3959.0,0.0,3959.0,,الشرقية,Bank Misr Installments
2006397552,2026-09-24 14:38:49,Sep 24,MP,relaxationstore,Dining Rooms,ترابيزة معدن و 2 مقعد  75x110x60 سم -اسود بنى,R.S 063,1.0,6200.0,6200.0,500.0,5700.0,off500,القاهرة,Cash On Delivery
2006397549,2026-09-24 14:38:47,Sep 24,raneen,raneen,Office Chairs,كرسي مكتب معدن عالي ظهر شبك، هيدروليك، مسند تنجيد، 5 عجلات، 125×50×48 سم - اسود,HO1139732BLK,2.0,1999.0,3998.0,500.0,3498.0,off500,أسيوط,Cash On Delivery
2006397543,2026-09-24 14:37:19,Sep 24,MP,msk,Cookware,قلاية جرانيت بلس من نوفال ، سمك 3.5 مم ، مقاس 20 - احمر بوردو,MSK77,1.0,435.0,435.0,21.75,413.25,KCH200,القاهرة,Cash On Delivery
2006397540,2026-09-24 14:35:23,Sep 24,MP,tatto,Water Heaters,سخان مياه كهرباء تورنيدو، 50 لتر، TEEE-50MW - ابيض,TEEE50MWWIT-tatto,1.0,6480.0,6480.0,0.0,6480.0,,الجيزة,Cash On Delivery
2006397534,2026-09-24 14:32:41,Sep 24,MP,nshopping,Irons,مكواة ملابس باناسونيك 2400 وات - بخار قوي - قاعدة سيراميك - مقبض مريح,RAN-B5MCJ2Q-nshopping,1.0,1349.0,1349.0,0.0,1349.0,,كفر الشيخ,Cash On Delivery
2006397531,2026-09-24 14:31:55,Sep 24,MP,futurefurniture,Sofa,كنبة خشب زان شكل حرف L، قماش كتان كويا، 300×200×75 سم - بيج فاتح,conal660-futurefurniture,1.0,11499.0,11499.0,0.0,11499.0,,القاهرة,Cash On Delivery
2006397528,2026-09-24 14:30:19,Sep 24,raneen,raneen,Drinkware,طقم مج شاي زجاج، 6 قطع، 280 مل - شفاف,HO1127069CLR,1.0,122.0,122.0,6.1,115.9,KCH200,الأسكندرية,valU
2006397528,2026-09-24 14:30:19,Sep 24,raneen,raneen,Dinnerware,طقم عشاء اركوبال جراند، 24 قطعة - ابيض ازرق,HO1140980MC8,1.0,499.0,499.0,24.95,474.05,KCH200,الأسكندرية,valU
2006397522,2026-09-24 14:28:03,Sep 24,raneen,raneen,Fans,مروحة حائط ايه تى ايه، 16 بوصة، 3 سرعات، 5 ريشة، B1605 - ابيض احمر,EL1018812WNR,2.0,680.0,1360.0,0.0,1360.0,,الجيزة,Paymob Wallet
2006397516,2026-09-24 14:27:14,Sep 24,MP,mam,Refrigerators &amp; Freezers,ثلاجة توشيبا، انفرتر نوفروست 338 لتر، GR-RT468WE-PMN(37) - فضى,40060247SLV-mam,1.0,19999.0,19999.0,0.0,19999.0,,سوهاج,Cash On Delivery
2006397507,2026-09-24 14:25:49,Sep 24,MP,norlight,Lighting Hanging,نجف ليد سقف مودرن تصميمات عصريه وحديثه لون شامبين 3 اضاءه ولجميع الغرف والفنادق,RAN-SH32VF2,1.0,999.0,999.0,0.0,999.0,,القليوبية,Cash On Delivery
2006397507,2026-09-24 14:25:49,Sep 24,MP,norlight,Lighting Hanging,نجفه مودرن ليد، 45سم ، ابيض و اصفر وورم - ذهبى,21-norlight,1.0,999.0,999.0,0.0,999.0,,القليوبية,Cash On Delivery
2006397504,2026-09-24 14:24:09,Sep 24,MP,grandmakaa,Water Filters,طقم غيار فلتر تانك برو 6 مراحل لتنقية المياه,RAN-BUDF6VS,1.0,795.0,795.0,39.75,755.25,KCH200,المنوفية,Cash On Delivery
4000169075,2026-09-24 14:23:03,Sep 24,raneen,raneen,Laptop &amp; Computer Tables,"Alaalmia 3D Wood Laptop Table with Metal Legs, Easy to Fold, 60×40×28 cm - Multicolor",HO1106687MP6,1.0,180.0,180.0,0.0,180.0,,القاهرة,Cash On Delivery
4000169075,2026-09-24 14:23:03,Sep 24,raneen,raneen,Laptop &amp; Computer Tables,"Alaalmia 3D Wood Laptop Table with Metal Legs, Easy to Fold, 60×40×28 cm - Multicolor",HO1106687MW5,1.0,180.0,180.0,0.0,180.0,,القاهرة,Cash On Delivery
4000169075,2026-09-24 14:23:03,Sep 24,raneen,raneen,Laptop &amp; Computer Tables,"Alaalmia 3D Wood Laptop Table with Metal Legs, Easy to Fold, 60×40×28 cm - Multicolor",HO1106687MR0,1.0,180.0,180.0,0.0,180.0,,القاهرة,Cash On Delivery
2006397498,2026-09-24 14:21:18,Sep 24,MP,citytools,Power &amp; Hand Tools,بلاور كهربائي كراون، 710 وات، CT17010 - بيج,CT17010V-Citytools,1.0,979.0,979.0,0.0,979.0,,الشرقية,Aman
2006397498,2026-09-24 14:21:18,Sep 24,MP,molanafortraining,Baby Care,مقعد حمام تدريب الأطفال على المرحاض مع سلم ومقابض جانبية,RAN-7M478ND,1.0,678.0,678.0,0.0,678.0,,الشرقية,Aman
2006397495,2026-09-24 14:21:12,Sep 24,MP,dukanalaa,Beauty &amp; Body Care,ماكينة إزالة شعر براون، سيلك ابيل 3 3170 - بنفسجي,braun 3000,1.0,2499.0,2499.0,0.0,2499.0,,أسوان,Cash On Delivery
2006397489,2026-09-24 14:19:33,Sep 24,raneen,raneen,Home &amp; Balcony Essentials,جزامة بلاستيك بأرجل، 4 رف، 70×31×49 سم - بني بيج,HO1145864BR1,1.0,200.0,200.0,0.0,200.0,,القاهرة,Cash On Delivery
2006397480,2026-09-24 14:18:22,Sep 24,raneen,raneen,Mixers &amp; Blenders,كبة خضروات ستانلس ستيل سوكاني، 3 شفرات، 300 وات، 2 لتر، SK-7006 - اخضر,EL1085131GR1,1.0,349.0,349.0,0.0,349.0,KCH200,الأسكندرية,Aman
2006397480,2026-09-24 14:18:22,Sep 24,MP,alrhma,Beauty &amp; Body Care,ماكينة إزالة شعر الوجه للنساء، 2 في 1، قابلة لإعادة الشحن - متعدد الألوان,B0BTX3LMBT,1.0,180.0,180.0,0.0,180.0,KCH200,الأسكندرية,Aman
2006397480,2026-09-24 14:18:22,Sep 24,raneen,raneen,Cleaning Tools &amp; Supplies,فرشاة تواليت بلاستيك الهلال والنجمة، 12×40 سم - احمر,HO1118118RED,1.0,95.0,95.0,4.75,90.25,KCH200,الأسكندرية,Aman
2006397480,2026-09-24 14:18:22,Sep 24,raneen,raneen,Cleaning Tools &amp; Supplies,جردل بلاستيك بالعصارة اوفال الهلال و النجمة، 20 لتر، موب قطن هدية - اسود احمر,HO1118122BNR,1.0,249.0,249.0,12.45,236.55,KCH200,الأسكندرية,Aman
2006397480,2026-09-24 14:18:22,Sep 24,MP,tibatrading,Home &amp; Balcony Essentials,رف أحذية من الحديد باللون الأحمر، مقاوم للغبار وقابل للطي وموفر للمساحة، مقاس 125 سم × 60 سم,RAN-488MAEZ,1.0,389.0,389.0,19.45,369.55,KCH200,الأسكندرية,Aman
2006397480,2026-09-24 14:18:22,Sep 24,MP,homeplus,Water Filters Accessories,عبوة شمع فلتر مياه باور تانك، مع 2 شمع باور 1 - متعدد الالوان,Tank-Power-RO-Eco-Pack-Cartridges-homeplus,1.0,369.0,369.0,18.45,350.55,KCH200,الأسكندرية,Aman
2006397474,2026-09-24 14:16:36,Sep 24,raneen,raneen,Water Heaters,سخان مياه كهربائي اريستون، 50 لتر، RUBIS50VEG - ابيض,EL1129298WIT,2.0,3649.0,7298.0,364.9,6933.1,la400,قنا,Cash On Delivery
2006397468,2026-09-24 14:15:33,Sep 24,MP,katoshappliances,Water Heaters,سخان كهرباء زانوسي، تيرمو بلس، ديجيتال، 50 لتر، 1200 وات، 945105422 - ابيض,4281-katoshappliances,1.0,4999.0,4999.0,0.0,4999.0,,دمياط,Cash On Delivery
2006397465,2026-09-24 14:15:19,Sep 24,raneen,raneen,AirPods,سماعة أذن لاسلكيه انكر ساوند كور ، بخاصيه إلغاء الضوضاء ،R50i NC - ازرق فاتح,EL1149838BLU,1.0,1399.0,1399.0,0.0,1399.0,,الأسكندرية,QNB Installments
2006397462,2026-09-24 14:14:50,Sep 24,raneen,raneen,Coffee Makers,كنكة قهوة بلاستيك ڤيرتو تك، 0.5 لتر، 350 وات، VE-CM25 - بنفسجي,EL1156280PPR,1.0,149.0,149.0,0.0,149.0,,بور سعيد,Cash On Delivery
2006397462,2026-09-24 14:14:50,Sep 24,raneen,raneen,Electronics Audio,طقم سماعات صب ووفر جولدي، 20×16×37 سم، 5 بوصة، قطعتين، V-502 - اسود فضي,EL1102346BK6,1.0,949.0,949.0,0.0,949.0,,بور سعيد,Cash On Delivery
2006397456,2026-09-24 14:12:20,Sep 24,MP,katoshappliances,Washers &amp; Dryer,غسالة ملابس فوق أوتوماتيك تورنيدو، طلمبة، 9 كيلو جرام، TWE-TLN09RSL - فضي اسود,katoshAppliances-3539,1.0,12288.0,12288.0,0.0,12288.0,,الفيوم,Cash On Delivery
2006397453,2026-09-24 14:12:04,Sep 24,MP,elswalhy,Water Heaters,سخان مياه كهربائي اريستون، 30 لتر، ميكانيكال، RS 30 - ابيض,ELRS30WIT-CONF-elswalhy,1.0,5599.0,5599.0,0.0,5599.0,,القاهرة,Cash On Delivery
2006397450,2026-09-24 14:10:18,Sep 24,MP,mam,Washers &amp; Dryer,غسالة ملابس فول اوتوماتيك ميديا، 7 كيلو، شاشة ديجيتال، 1400 دورة في الدقيقة، MF100W70B/TT - فضى داكن,EL1111827SLV-conf-mam,1.0,15999.0,15999.0,0.0,15999.0,,الأسكندرية,Cash On Delivery
2006397447,2026-09-24 14:08:40,Sep 24,raneen,raneen,Dinnerware,طقم عشاء أركوبال اماراتي لومينارك، 26 قطعة - ابيض,HO1124768WI1,2.0,1199.0,2398.0,0.0,2398.0,,دمياط,Cash On Delivery
2006397441,2026-09-24 14:06:53,Sep 24,raneen,raneen,Nursery Furniture &amp; Decor,لعبة زحليقة بلاستيك للاطفال، 3 درجات - اصفر بنفسجي,TY1101828RNO,1.0,499.0,499.0,49.9,449.1,Toy150,القليوبية,Cash On Delivery
2006397441,2026-09-24 14:06:53,Sep 24,raneen,raneen,Nursery Furniture &amp; Decor,كرسى اطفال بلاستيك سفير، 36×38×53 سم - بترولي,HO1131018PT1,1.0,100.0,100.0,10.0,90.0,Toy150,القليوبية,Cash On Delivery
2006397438,2026-09-24 14:04:53,Sep 24,MP,nagfashop,Lighting Hanging,دلاية سقف مودرن الومنيوم، 25×17 سم، 1 لمبة - كريمي,M10CNAG,1.0,290.0,290.0,29.0,261.0,LIT200,القاهرة,Cash On Delivery
2006397426,2026-09-24 14:00:06,Sep 24,raneen,raneen,Dinnerware,طقم عشاء زجاج، 18 قطعة - شفاف,HO1126298CL2,1.0,149.0,149.0,7.45,141.55,kch200,القاهرة,Cash On Delivery
2006397426,2026-09-24 14:00:06,Sep 24,raneen,raneen,Cookware,صينية بالغطاء بورجام، 30×20 سم- شفاف,HO1012475CLR,1.0,279.0,279.0,13.95,265.05,kch200,القاهرة,Cash On Delivery
2006397426,2026-09-24 14:00:06,Sep 24,MP,lazord,Cookware,طقم أواني طهي لازورد ، 9 قطع ، جرانيت - اسود,16531,1.0,1550.0,1550.0,77.5,1472.5,kch200,القاهرة,Cash On Delivery
2006397426,2026-09-24 14:00:06,Sep 24,raneen,raneen,Serveware,طقم صواني تقديم خشب، قاعدة زجاج، 3 قطع - متعدد الالوان,HO1098335MC5,1.0,225.0,225.0,11.25,213.75,kch200,القاهرة,Cash On Delivery
2006397417,2026-09-24 13:57:38,Sep 24,raneen,raneen,Bowl,مج شوربة زجاج بلينك ماكس، 470 مللي - شفاف,HO1053989CLR,5.0,77.0,385.0,19.25,365.75,KCH200,القاهرة,Cash On Delivery
2006397414,2026-09-24 13:55:33,Sep 24,MP,radioelzaim,Mobile Phones,موبايل سمارت ريلمي 15 ، 256 جيجابايت، 12 جيجابايت رام ، شبكة الجيل الخامس - تيتانيوم,realme-15-5g-256gb-12gb-titanium-radioelzaim,1.0,21700.0,21700.0,0.0,21700.0,,البحيرة,Cash On Delivery
2006397408,2026-09-24 13:54:21,Sep 24,MP,grandmakaa,Mixers &amp; Blenders,خلاط متعدد الاستخدامات من سيتي - 7 سرعات، 6500 واط، سعة 2 لتر,RAN-N9UMKSA,1.0,1249.0,1249.0,0.0,1249.0,,دمياط,Paymob Wallet
2006397402,2026-09-24 13:51:01,Sep 24,MP,alrawy,Dinnerware,طقم اطباق ميلامين علي شكل رمضان، 24 قطعة - متعدد الألوان,AL-Rawey-1549-288,1.0,445.0,445.0,0.0,445.0,,سوهاج,Cash On Delivery
2006397402,2026-09-24 13:51:01,Sep 24,MP,alrawy,Dinnerware,طقم اطباق ميلامين علي شكل رمضان، 24 قطعة - متعدد الألوان,AL-Rawey-1549-287,1.0,445.0,445.0,0.0,445.0,,سوهاج,Cash On Delivery
2006397399,2026-09-24 13:50:23,Sep 24,raneen,raneen,Dinnerware,طقم عشاء بورسلين لوتس، 18 قطعة - ابيض برتقالي,HO1110776RNW,1.0,999.0,999.0,49.95,949.05,KCH200,الجيزة,Cash On Delivery
2006397399,2026-09-24 13:50:23,Sep 24,raneen,raneen,Cookware,طقم حلل جرانيت داي كاست الفا، 11 قطعة - بيج,HO1155014BEG,1.0,2999.0,2999.0,149.95,2849.05,KCH200,الجيزة,Cash On Delivery
2006397393,2026-09-24 13:45:34,Sep 24,raneen,raneen,Dinnerware,طقم عشاء اركوبال برادا، 42 قطعة - ابيض,HO1119358WI5,1.0,899.0,899.0,0.0,899.0,,الغربية,Cash On Delivery
2006397393,2026-09-24 13:45:34,Sep 24,raneen,raneen,Drinkware,طقم مج زجاج، 6 قطع، 150 مل - شفاف,HO1148801CLR,2.0,50.0,100.0,0.0,100.0,,الغربية,Cash On Delivery
2006397393,2026-09-24 13:45:34,Sep 24,raneen,raneen,Drinkware,طقم مج شاى زجاج بالاطباق جلاكسي جلاس، 12 قطعه، 190 مل - شفاف,HO1136418CL1,1.0,100.0,100.0,0.0,100.0,,الغربية,Cash On Delivery
2006397393,2026-09-24 13:45:34,Sep 24,raneen,raneen,Cookware,طقم طاجن زجاج، قطعتين - شفاف,HO1155456CLR,1.0,132.0,132.0,0.0,132.0,,الغربية,Cash On Delivery
2006397393,2026-09-24 13:45:34,Sep 24,raneen,raneen,Drinkware,طقم مج زجاج قنديل، 6 قطع، 130 مل - شفاف,HO1156601CLR,1.0,100.0,100.0,0.0,100.0,,الغربية,Cash On Delivery
2006397393,2026-09-24 13:45:34,Sep 24,MP,tibatrading,Drinkware,طقم شاي زجاجي مع براد شاي و4 أكواب، أواني زجاجية مقاومة للحرارة، شفاف,RAN-Z5MUUDE,1.0,155.0,155.0,0.0,155.0,,الغربية,Cash On Delivery
2006397393,2026-09-24 13:45:34,Sep 24,raneen,raneen,Drinkware,طقم مج استكانة زجاج، 6 قطع، 210 مل - شفاف,HO1130157CL1,2.0,50.0,100.0,0.0,100.0,,الغربية,Cash On Delivery
2006397393,2026-09-24 13:45:34,Sep 24,raneen,raneen,Cookware,طقم طاجن زجاج حراري تركي بورجام، 5 قطع - شفاف,HO1097904CLR,1.0,599.0,599.0,0.0,599.0,,الغربية,Cash On Delivery
2006397393,2026-09-24 13:45:34,Sep 24,raneen,raneen,Dinnerware,طقم عشاء زجاج، 18 قطعة - شفاف,HO1126298CL2,2.0,149.0,298.0,0.0,298.0,,الغربية,Cash On Delivery
2006397393,2026-09-24 13:45:34,Sep 24,raneen,raneen,Bowl,طقم مج شوربة زجاج سيتي جلاس، قطعتين، 400 مل - شفاف,HO1126433CLR,3.0,80.0,240.0,0.0,240.0,,الغربية,Cash On Delivery
2006397384,2026-09-24 13:41:47,Sep 24,MP,rofaeeltrade,Built in,فرن بلت ان فريش، 60 سم، غاز، 21668 - فضي,21668,1.0,13310.0,13310.0,0.0,13310.0,,بور سعيد,Cash On Delivery
2006397384,2026-09-24 13:41:47,Sep 24,MP,rofaeeltrade,Built in,شفاط بلت ان فريش، كلاسيك، 90 سم، 2 موتور، 3 سرعات، HB01-03TR - فضي,HB01-03TR-rofaeeltrade,1.0,5399.0,5399.0,0.0,5399.0,,بور سعيد,Cash On Delivery
2006397384,2026-09-24 13:41:47,Sep 24,MP,rofaeeltrade,Built in,مسطح غاز بلت ان فريش، 90 سم، 21663 - فضي,21663,1.0,9898.0,9898.0,0.0,9898.0,,بور سعيد,Cash On Delivery
2006397381,2026-09-24 13:39:30,Sep 24,raneen,raneen,Vacuum Cleaners,مكنسة كهربائية توربين بلس تاتش الزنوكى، 2600 وات، 21 لتر، 40805 - أسود  فضي,EL1125229BNS,1.0,5350.0,5350.0,0.0,5350.0,,المنيا,Aman
2006397372,2026-09-24 13:38:30,Sep 24,MP,sawfatoys,Dolls,لعبة عروسة بيبى مع عجلة الصفوة للبنات - بينك,T-231-1,1.0,475.0,475.0,0.0,475.0,,الأسكندرية,Aman
2006397372,2026-09-24 13:38:30,Sep 24,MP,learnandhavefun,Action Toys,سيارة ركوب للاطفال، بلاستيك - احمر,MHMPB093DSG81K,1.0,757.0,757.0,0.0,757.0,,الأسكندرية,Aman
2006397372,2026-09-24 13:38:30,Sep 24,raneen,raneen,Bowl,بوله زجاج مستديرة بلينك ماكس، 16.5 سم - شفاف,HO1069400CLR,1.0,87.0,87.0,0.0,87.0,,الأسكندرية,Aman
2006397372,2026-09-24 13:38:30,Sep 24,raneen,raneen,Bowl,بولة تسالي بالغطاء زجاج كارما، 200 مل - شفاف,HO1113603CLR,2.0,45.0,90.0,0.0,90.0,,الأسكندرية,Aman
2006397372,2026-09-24 13:38:30,Sep 24,raneen,raneen,Laptop Accessories,شنطة لاب توب كتان لوبو بيانكو، 5 سوستة، 17 بوصة - اسود,HO1146979BLK,1.0,799.0,799.0,0.0,799.0,,الأسكندرية,Aman
2006397372,2026-09-24 13:38:30,Sep 24,raneen,raneen,Home Decor,تابلوه خشب مودرن، 20×15 سم - متعدد الالوان,HO1067002MT7,1.0,21.0,21.0,0.0,21.0,,الأسكندرية,Aman
2006397372,2026-09-24 13:38:30,Sep 24,raneen,raneen,Home Decor,بونبونيرة زجاج بالغطاء كايرو جلاسس، 12×23 سم - شفاف,HO1076526CLR,1.0,60.0,60.0,0.0,60.0,,الأسكندرية,Aman
2006397372,2026-09-24 13:38:30,Sep 24,MP,maccarpet,Mats,دواسة مطبخ اتش دي ماك كاربت، 50×80 سم - متعدد الالوان,KT6107972001MC1,1.0,175.0,175.0,0.0,175.0,,الأسكندرية,Aman
2006397369,2026-09-24 13:37:54,Sep 24,MP,linesleep,Bedding,لحاف وجهين فايبر لاين سليب، 240×220 سم - زيتوني اصفر,QLT26240X220OLVYLW,1.0,685.0,685.0,0.0,685.0,,الجيزة,Credit/Debit Card
2006397369,2026-09-24 13:37:54,Sep 24,raneen,raneen,Bedding,بطانية قطيفة طبقتين اصلان، 240×220 سم، 6 كجم - متعدد الالوان,TX1084636DG1,1.0,1619.0,1619.0,0.0,1619.0,,الجيزة,Credit/Debit Card
2006397369,2026-09-24 13:37:54,Sep 24,MP,linesleep,Bedding,لحاف وجهين فايبر لاين سليب، 220×180 سم - بنفسجي بنفسجي داكن,QLT43220X180PRPDPRP,1.0,665.0,665.0,0.0,665.0,,الجيزة,Credit/Debit Card
2006397369,2026-09-24 13:37:54,Sep 24,MP,linesleep,Bedding,لحاف وجهين فايبر لاين سليب، 220×180 سم - احمر رمادي غامق,QLT17220X180RDDGRY,1.0,655.0,655.0,0.0,655.0,,الجيزة,Credit/Debit Card
2006397369,2026-09-24 13:37:54,Sep 24,MP,linesleep,Bedding,لحاف وجهين فايبر لاين سليب، 220×180 سم - ليموني رمادي,QLT10220X180LMNGRY,1.0,570.0,570.0,0.0,570.0,,الجيزة,Credit/Debit Card
2006397369,2026-09-24 13:37:54,Sep 24,raneen,raneen,Bedding,بطانية قطيفة طبقتين اصلان، 240×220 سم، 6 كجم - موف,TX1084636MV4,1.0,1619.0,1619.0,0.0,1619.0,,الجيزة,Credit/Debit Card
2006397369,2026-09-24 13:37:54,Sep 24,raneen,raneen,Bedding,بطانية قطيفة طبقتين اصلان، 240×220 سم، 6 كجم - متعدد الالوان,TX1084636NV4,1.0,1619.0,1619.0,0.0,1619.0,,الجيزة,Credit/Debit Card
2006397366,2026-09-24 13:37:05,Sep 24,raneen,raneen,Water Heaters,سخان مياه كهربائي اريستون، 50 لتر، RUBIS50VEG - ابيض,EL1129298WIT,1.0,3649.0,3649.0,181.39,3467.61,LA400,قنا,Cash On Delivery
2006397366,2026-09-24 13:37:05,Sep 24,raneen,raneen,Suction Fan,شفاط حائطي بشبكة رويال، 35 سم، اتجاهين، RH35 - ابيض,EL1114991WIT,1.0,649.0,649.0,32.26,616.74,LA400,قنا,Cash On Delivery
2006397366,2026-09-24 13:37:05,Sep 24,raneen,raneen,Water Heaters,سخان مياه هيرو لايت أوليمبك، 50 لتر، 945105408 - ابيض,EL1123366WIT,1.0,3749.0,3749.0,186.35,3562.65,LA400,قنا,Cash On Delivery
2006397363,2026-09-24 13:37:00,Sep 24,MP,goldena,Water Heaters,سخان مياه كهربائي اريستون، 40 لتر، RUBIS40VEG - ابيض,4015074,1.0,3645.0,3645.0,0.0,3645.0,,الأسكندرية,Cash On Delivery
2006397354,2026-09-24 13:36:04,Sep 24,MP,dukanalaa,Power &amp; Hand Tools,خرطوم حديقة قابل للتمدد بطول 30 مترًا – مرن وخفيف الوزن مع مسدس رش – أزرق,RAN-ZBYB8AH,1.0,525.0,525.0,0.0,525.0,,القليوبية,Cash On Delivery
2006397348,2026-09-24 13:35:23,Sep 24,MP,abdelaziz,Shaving &amp; Grooming,ماكينة حلاقة الشعر برو لي اوتلاينر V 096 للرجال من في جي ار احترافية لاسلكية مع مجموعة بمحرك مزدوج وقت التشغيل: 400 دقيقة بطارية ليثيوم ايون 2000 مللي امبير الساعة ذهبي,V-096,1.0,1149.0,1149.0,0.0,1149.0,,الجيزة,Bank Misr Installments
2006397342,2026-09-24 13:33:55,Sep 24,raneen,raneen,Microwaves &amp; Ovens,ميكروويف ايه تى ايه،، 20 لتر، 1200 وات، MW20LN002 - رمادي,EL1120811GRY,1.0,2999.0,2999.0,0.0,2999.0,,القاهرة,Aman
4000169072,2026-09-24 13:33:24,Sep 24,raneen,raneen,Cutlery &amp; Flatware Set,"3S Dining Knife Set, 6 Pieces - Silver",HO1024181SLV,5.0,319.0,1595.0,0.0,1595.0,,القاهرة,Cash On Delivery
4000169072,2026-09-24 13:33:24,Sep 24,raneen,raneen,Cutlery &amp; Flatware Set,"Alex Metal Tea Spoons Set, 6 Pieces - Silver",HO1024180SLV,5.0,116.0,580.0,0.0,580.0,,القاهرة,Cash On Delivery
4000169072,2026-09-24 13:33:24,Sep 24,MP,jphome,Cookware,"Stainless Steel Teapot with Hammered Handle, 1.5 Liter - Silver",JP1213456548,5.0,450.0,2250.0,0.0,2250.0,,القاهرة,Cash On Delivery
4000169072,2026-09-24 13:33:24,Sep 24,raneen,raneen,Serveware,"Elite Plastic Serving Tray, 45×29 cm - Clear",HO1148727CLR,2.0,95.0,190.0,0.0,190.0,,القاهرة,Cash On Delivery
4000169072,2026-09-24 13:33:24,Sep 24,raneen,raneen,Serveware,صينية تقديم بلاستيك أيليت، 52×36 سم - زيتوني,HO1104933TRQ,2.0,100.0,200.0,0.0,200.0,,القاهرة,Cash On Delivery
4000169072,2026-09-24 13:33:24,Sep 24,raneen,raneen,Serveware,"Al Shreif Rectangular Melamine Serving Tray, 51.5×31.1×5.3 cm - Multicolor",HO1007055MC0,2.0,150.0,300.0,0.0,300.0,,القاهرة,Cash On Delivery
4000169072,2026-09-24 13:33:24,Sep 24,MP,lazord,Cookware,"Lazurd Cookware Set, 7 Pieces, Tefal - Dark Red",16533,1.0,1099.0,1099.0,0.0,1099.0,,القاهرة,Cash On Delivery
4000169072,2026-09-24 13:33:24,Sep 24,MP,lazord,Cookware,"Lazurd Cookware Set, 9 Pieces, Granite - Black",16531,2.0,1550.0,3100.0,0.0,3100.0,,القاهرة,Cash On Delivery
4000169072,2026-09-24 13:33:24,Sep 24,raneen,raneen,Cookware,"Trueval Tefal Pots Set, 12 Pieces - Red",HO1139425RED,1.0,1999.0,1999.0,0.0,1999.0,,القاهرة,Cash On Delivery
2006397333,2026-09-24 13:31:03,Sep 24,raneen,raneen,Shoe Rack,جزامة خشب شيب بورد، 3 ارفف، 2 دلفة، ارجل بلاستيك، 60×32×89 سم - بني,HO1145380BRN,1.0,1149.0,1149.0,0.0,1149.0,,القاهرة,Cash On Delivery
2006397318,2026-09-24 13:22:32,Sep 24,raneen,raneen,Water Heaters,سخان كهرباء اريستون روبيس ، سعة 55 لتر ، RUBIS55VEG - ابيض,EL1139441WIT,1.0,3779.0,3779.0,188.95,3590.05,la400,القليوبية,Cash On Delivery
2006397318,2026-09-24 13:22:32,Sep 24,raneen,raneen,Electronics Audio,طقم سماعات صب ووفر جولدي، 13×17×30 سم، 4 بوصة، قطعتين، Gs-D401 - اسود فضي,EL1102343BK6,1.0,699.0,699.0,0.0,699.0,la400,القليوبية,Cash On Delivery
2006397312,2026-09-24 13:20:35,Sep 24,raneen,raneen,Kitchenware,طقم ملعقة ايس كريم بلاستيك، 12 قطعه - متعدد الالوان,HO1116065MC1,1.0,42.0,42.0,0.0,42.0,,الأسكندرية,Cash On Delivery
2006397303,2026-09-24 13:18:26,Sep 24,MP,woodenfurniture,Center Table,ترابيزة وسط مودرن خشب MDF، 45x50x95 سم - بني,nct24-wooden,1.0,1419.0,1419.0,141.9,1277.1,MORE10,الأسكندرية,Cash On Delivery
2006397297,2026-09-24 13:17:08,Sep 24,MP,attallah,Mixers &amp; Blenders,كبة فريش، 1500 وات، 6 لتر، CH1500W - فضى,EL1128857BNS-attallah,1.0,2504.0,2504.0,0.0,2504.0,,القاهرة,Cash On Delivery
2006397297,2026-09-24 13:17:08,Sep 24,MP,katoshappliances,Washers &amp; Dryer,غسالة ملابس اوتوماتيك زانوسي، تحميل امامي، 9 كيلو، 1200 دورة في الدقيقة، انفرتر، ZWF9221SB7 - فضي,5495,1.0,21999.0,21999.0,0.0,21999.0,,القاهرة,Cash On Delivery
2006397291,2026-09-24 13:16:31,Sep 24,MP,ammerkatosh,Suction Fan,شفاط حائط فريش، 20 سم، 30 وات، اتجاه واحد، 500017122 - أبيض,Fresh20WHI-ammerkatosh,4.0,885.0,3540.0,0.0,3540.0,,القاهرة,Cash On Delivery
2006397291,2026-09-24 13:16:31,Sep 24,MP,ammerkatosh,Suction Fan,شفاط حائط فريش، 25 سم، اتجاهين، 500004583 - ابيض,500004583WHT-ammerkatosh,2.0,1089.0,2178.0,0.0,2178.0,,القاهرة,Cash On Delivery
2006397288,2026-09-24 13:15:33,Sep 24,MP,lifecare,Mixers &amp; Blenders,مضرب يدوي بسرعة 7 سرعات من سكارليت مع مجموعة مكونة من مضربين كروم وخطافين للعجين,RAN-MG2PC8V,1.0,204.0,204.0,0.0,204.0,,الجيزة,Cash On Delivery
2006397279,2026-09-24 13:12:23,Sep 24,raneen,raneen,AirPods,ايربودز لاسلكية هوكو ، بلوتوث ، EQ24 - اسود,EL1148304BLK,1.0,599.0,599.0,0.0,599.0,,الجيزة,Credit/Debit Card
2006397270,2026-09-24 13:11:06,Sep 24,raneen,raneen,Kitchenware,طقم برطمانات توابل اكريليك بغطاء بلاستيك العبد، غطاء بلاستيك، 12 قطعة، 80 مل، بالاضافة الي ستاند - شفاف اسود,HO1141969MC1,2.0,100.0,200.0,10.0,190.0,kch200,البحيرة,Paymob Wallet
2006397270,2026-09-24 13:11:06,Sep 24,raneen,raneen,Kitchenware,طقم برطمان توابل اكريليك، بغطاء بلاستيك، 4 قطع، 90 مل، بالأضافة الى استاند خشب - شفاف اسود,HO1141802BNC,1.0,50.0,50.0,2.5,47.5,kch200,البحيرة,Paymob Wallet
2006397270,2026-09-24 13:11:06,Sep 24,raneen,raneen,Cleaning Tools &amp; Supplies,باسكت قمامة بلاستيك بغطاء تاتش حجازي، 7 لتر- ابيض بيج,HO1147789WIT,2.0,135.0,270.0,13.5,256.5,kch200,البحيرة,Paymob Wallet
2006397270,2026-09-24 13:11:06,Sep 24,raneen,raneen,Home &amp; Balcony Essentials,ترابيزة بلاستيك مربعة، 60×60×68 سم - بيج,HO1149338BEG,1.0,200.0,200.0,10.0,190.0,kch200,البحيرة,Paymob Wallet
2006397270,2026-09-24 13:11:06,Sep 24,MP,allhomez,Kitchenware,قاطع خضار وفواكه متعدد الوظائف 6 في 1 بشفرة فولاذية عالية الكربون يدوي مع شفرات قابلة للتبديل لتقطيع وتقشير وفرم الخضار والفواكه - أحمر,RAN-X593YR9,1.0,225.0,225.0,11.25,213.75,kch200,البحيرة,Paymob Wallet
2006397270,2026-09-24 13:11:06,Sep 24,raneen,raneen,Storage,طقم علب بقوليات بلاستيك، 6 قطع - رمادي داكن,HO1147695DGY,3.0,100.0,300.0,15.0,285.0,kch200,البحيرة,Paymob Wallet
2006397267,2026-09-24 13:11:06,Sep 24,raneen,raneen,Washers &amp; Dryer,غسالة ملابس اوتوماتيك زانوسي، تحميل امامي 8 كيلو جرام، انفرتر، ZWF8221SL8 - فضي,EL1138301SLV,1.0,20999.0,20999.0,1500.0,19499.0,Zan1500,الأسكندرية,Cash On Delivery
2006397261,2026-09-24 13:10:12,Sep 24,MP,ocean,Shaving &amp; Grooming,ماكينة حلاقة 6 في 1 من براون 3 MGK3221 تشذيب اللحية وقص الشعر الكل واحد مع شفرات حادة طويلة الامد و5 ملحقات لتشذيب شعر الاذن والانف لون اسود اخضر فيشة بريطاني بدبوسين,RAN-3YHFRJ6,1.0,2570.0,2570.0,0.0,2570.0,,القاهرة,Cash On Delivery
2006397252,2026-09-24 13:08:43,Sep 24,raneen,raneen,Mattress,غطاء مرتبة ميلتون قطيفة المأمون، 120 سم - ابيض,TX1015163WIT,1.0,449.0,449.0,22.45,426.55,Tex200,المنيا,Cash On Delivery
2006397252,2026-09-24 13:08:43,Sep 24,raneen,raneen,Pillows,خدادية فريش بلس مايكروفايبر ناعم المأمون، 60×45 سم، 1000 جرام - ابيض,TX1102203WIT,2.0,439.0,878.0,43.9,834.1,Tex200,المنيا,Cash On Delivery
2006397243,2026-09-24 13:07:34,Sep 24,raneen,raneen,Water Heaters,سخان غاز اريستون، 10 لتر، مزود بمدخنه، SPEED EVO 10 NG - ابيض,EL1136211WIT,1.0,5679.0,5679.0,283.95,5395.05,LA400,القاهرة,Cash On Delivery
2006397231,2026-09-24 13:02:45,Sep 24,raneen,raneen,Air Coolers,مبرد هواء تربو ميكانيكال فريش، 40 لتر، FA-T40M - اسود,EL1116285BLK,1.0,3714.0,3714.0,185.7,3528.3,LA400,القاهرة,Cash On Delivery
2006397228,2026-09-24 13:01:56,Sep 24,raneen,raneen,Mattress,مرتبة سرير سوست متصلة سامبا الدورا، طول 195 سم، ارتفاع 23 سم,TX1069836WI2,1.0,3099.0,3099.0,154.95,2944.05,TEX200,الجيزة,Cash On Delivery
2006397222,2026-09-24 13:01:31,Sep 24,raneen,raneen,Bowl,طقم بولة زجاج ريان، 6 قطع، غطاء بلاستيك، 14 سم - شفاف اوف وايت,HO1155971OFW,1.0,154.0,154.0,0.0,154.0,,القاهرة,Paymob Wallet
2006397216,2026-09-24 12:59:33,Sep 24,raneen,raneen,Dinnerware,طقم عشاء بلاستيك الوطنية، 47 قطعة - رمادي,HO1145044GY1,4.0,1199.0,4796.0,0.0,4796.0,,القاهرة,valU
2006397204,2026-09-24 12:58:29,Sep 24,raneen,raneen,Cleaning Tools &amp; Supplies,جاروف بلاستيك باليد الهلال والنجمة الفضية، 79×24 سم - فوشيا رمادي,HO1023383FC3,1.0,106.0,106.0,5.3,100.7,kch200,الأسكندرية,valU
2006397204,2026-09-24 12:58:29,Sep 24,raneen,raneen,Cleaning Tools &amp; Supplies,باسكت قمامة بلاستيك بغطاء متحرك الهدى، 20 لتر - رمادي اسود,HO1145752OL1,1.0,100.0,100.0,5.0,95.0,kch200,الأسكندرية,valU
2006397204,2026-09-24 12:58:29,Sep 24,raneen,raneen,Iron Tables,ترابيزة مكواة معدن قابلة للطي لابوار، 90×40×163 سم - متعدد الالوان,HO1140942MT3,1.0,999.0,999.0,49.95,949.05,kch200,الأسكندرية,valU
2006397198,2026-09-24 12:56:12,Sep 24,raneen,raneen,Fans,ATA مروحة ستاند، 18 بوصة، 3 سرعات، 3 ريشة، S1801 - اسود,EL1018813BLK,1.0,855.0,855.0,0.0,855.0,,الجيزة,Cash On Delivery
2006397192,2026-09-24 12:53:44,Sep 24,raneen,raneen,Kitchen Accessories,غطاء غسالة فوق اوتوماتيك ستان العالمية، 16/15/14 كجم - احمر اسود,HO1025082RD1,1.0,250.0,250.0,0.0,250.0,TEX200,القاهرة,Cash On Delivery
2006397192,2026-09-24 12:53:44,Sep 24,raneen,raneen,Bedding,دفاية فرو ساراتوجا سادة، 210×240 سم ، 1500 جرام تقريباً,TX1065289MV3,1.0,279.0,279.0,13.95,265.05,TEX200,القاهرة,Cash On Delivery
2006397192,2026-09-24 12:53:44,Sep 24,raneen,raneen,Bedding,دفاية فرو ساراتوجا، 210×240 سم ، 1500 جرام - موف,TX1065289MV2,1.0,279.0,279.0,13.95,265.05,TEX200,القاهرة,Cash On Delivery
2006397192,2026-09-24 12:53:44,Sep 24,raneen,raneen,Bedding,دفاية فرو ساراتوجا، 210×240 سم ، 1500 جرام - أحمر داكن,TX1065289DRD,1.0,279.0,279.0,13.95,265.05,TEX200,القاهرة,Cash On Delivery
2006397192,2026-09-24 12:53:44,Sep 24,raneen,raneen,Bedding,دفاية فرو ساراتوجا، 210×240 سم ، 1500 جرام - موف,TX1065289MV3,1.0,279.0,279.0,13.95,265.05,TEX200,القاهرة,Cash On Delivery
2006397192,2026-09-24 12:53:44,Sep 24,raneen,raneen,Bedding,دفاية فرو ساراتوجا، 210×240 سم ، 1500 جرام - كاشمير,TX1065289KSH,1.0,279.0,279.0,13.95,265.05,TEX200,القاهرة,Cash On Delivery
2006397186,2026-09-24 12:53:09,Sep 24,MP,aeroegy,Chairs Cover,كفر كنبة بتصميم متداخل انترلوك، مقاس كبير جامبو، 3 مقعد - رمادي,aeroegy-1004,2.0,618.0,1236.0,0.0,1236.0,,القاهرة,Cash On Delivery
2006397186,2026-09-24 12:53:09,Sep 24,raneen,raneen,Fans,مروحة ستاند زادا،18 بوصة،3 سرعات، ZSF182 - اسود,EL1046741BLK,1.0,999.0,999.0,0.0,999.0,,القاهرة,Cash On Delivery
2006397186,2026-09-24 12:53:09,Sep 24,MP,craftfurniture,Center Table,ترابيزة وسط، خشب أم دي أف، 120×40×60 - بني,MZCTABLE2BRW-craftfurniture,1.0,1499.0,1499.0,0.0,1499.0,,القاهرة,Cash On Delivery
2006397177,2026-09-24 12:50:19,Sep 24,MP,lightcart,Storage &amp; Organization,شنطة عربة تسوق بعجل قابلة للطي مع إطار معدني متين للمشتريات والخضروات، حقيبة سوق محمولة وعملية (ألوان متعددة عشوائية),RAN-3QJEDAF,1.0,577.0,577.0,28.85,548.15,KCH200,القاهرة,Cash On Delivery
2006397177,2026-09-24 12:50:19,Sep 24,raneen,raneen,Kettles,غلاية مياه كهربائية ستانلس ستيل سيلكت، 1.5 لتر، 1500 وات - اسود فضي,EL1137877BNS,1.0,209.0,209.0,0.0,209.0,KCH200,القاهرة,Cash On Delivery
2006397174,2026-09-24 12:49:50,Sep 24,MP,woodrate,Shoe Rack,جزامة شيب بورد، 97×80×32 سم، 3 ارفف، 2 دلفة - بيج,SH-V-2-Woodrate,1.0,1499.0,1499.0,0.0,1499.0,,الأسكندرية,valU
2006397174,2026-09-24 12:49:50,Sep 24,raneen,raneen,TV Table,ترابيزة تلفاز خشب شيب بورد، 120×30×44 سم، 1 دلفة، 2 رف جانبي - بيج ابيض,HO1124251BNW,1.0,1599.0,1599.0,0.0,1599.0,,الأسكندرية,valU
2006397174,2026-09-24 12:49:50,Sep 24,MP,moblianamodel,Sofa,ركنة شكل ال خشب زان، قماش قطيفه،2 خدادية، 280x85x180 سم - بيج,MOBMA311,1.0,12999.0,12999.0,0.0,12999.0,,الأسكندرية,valU
2006397171,2026-09-24 12:49:38,Sep 24,raneen,raneen,Microwaves &amp; Ovens,ميكروويف بشواية تورنيدو، 25 لتر، 900 وات، MOM-C25BBE-BK - اسود,EL1094257BLK,1.0,7391.0,7391.0,369.55,7021.45,La400,القاهرة,Credit/Debit Card
2006397165,2026-09-24 12:46:53,Sep 24,raneen,raneen,Televisions,تلفزيون سمارت توشيبا، 32 بوصة، FHD، LED، بدون اطار، رسيفر داخلي، 32V35RP - اسود,EL1149715BLK,1.0,8399.0,8399.0,300.0,8099.0,tv300,القاهرة,Aman
4000169069,2026-09-24 12:44:17,Sep 24,raneen,raneen,Water Heaters,"Zanussi ZYE05031WN Electric Water Heater, LED Display, 50 Liters - White",EL1101598WIT,1.0,4199.0,4199.0,209.95,3989.05,LA400,القاهرة,Credit/Debit Card
2006397159,2026-09-24 12:42:36,Sep 24,MP,linesleep,Bedding,لحاف سرير شتوي من المايكروفايبر، لحاف فايبر بديل للريش، لحاف، 180×220 سم- كحلي,quilt182SH-linesleep,1.0,655.0,655.0,0.0,655.0,,أسيوط,Cash On Delivery
2006397156,2026-09-24 12:42:05,Sep 24,MP,alsorgy,Mobile Phones,نوكيا 5310 TA-1212 بشريحتين اتصال، 2.4 بوصة، 16 ميجابايت، 8 ميجابايت رام، شبكة الجيل الرابع ال تي اي - اسود واحمر,nokia5310-black-alsorgy,1.0,799.0,799.0,0.0,799.0,,القاهرة,Bank Misr Installments
2006397147,2026-09-24 12:38:14,Sep 24,MP,elbetar,Refrigerators &amp; Freezers,ديب فريزر رأسي نوفروست بيكو، 404 لتر، 8 ادراج، RFNE448E35XB - فضي,7278440598SLV-conf-elbetar,1.0,36889.0,36889.0,0.0,36889.0,,القليوبية,Cash On Delivery
2006397141,2026-09-24 12:35:38,Sep 24,raneen,raneen,Televisions,"تلفزيون سمارت سامسونج، 50 بوصة، LED، UHD، ريسيفر داخلي, UA50U8000HUXEG - اسود",EL1147147BLK,1.0,18799.0,18799.0,300.0,18499.0,tv300,القاهرة,Aman
2006397138,2026-09-24 12:34:25,Sep 24,MP,lifecare,Kitchen Accessories,شماعات تعليق على الباب من ناندي - قطعتين - معدن أسود,RAN-R9U24SH,1.0,127.0,127.0,0.0,127.0,,القاهرة,Cash On Delivery
2006397138,2026-09-24 12:34:25,Sep 24,MP,homedecoration,Desks,مكتب خشب كونتر و معدن، 120x60x75 سم - اسود بيج,YMHIDK103BNB,1.0,3550.0,3550.0,0.0,3550.0,,القاهرة,Cash On Delivery
2006397135,2026-09-24 12:32:49,Sep 24,raneen,raneen,Activities &amp; Books,لعبة مكياج بلاستيك للبنات، 3 دور - متعدد الالوان,TY1109980MC1,1.0,200.0,200.0,20.0,180.0,TOY150,القاهرة,Souhoola
2006397135,2026-09-24 12:32:49,Sep 24,raneen,raneen,Nursery Furniture &amp; Decor,لعبة زحليقة بلاستيك للاطفال، 3 درجات - اصفر بنفسجي,TY1101828RNO,1.0,499.0,499.0,49.9,449.1,TOY150,القاهرة,Souhoola
2006397132,2026-09-24 12:32:27,Sep 24,raneen,raneen,Office Chairs,كرسي مكتب معدن عالي ظهر شبك، هيدروليك، مسند فيبر، 5 عجلات، 120×45×50 سم - اسود,HO1139738BLK,2.0,1599.0,3198.0,500.0,2698.0,OFF500,الجيزة,Cash On Delivery
2006397123,2026-09-24 12:31:02,Sep 24,raneen,raneen,Kitchenware,طقم برطمان توابل زجاج بغطاء بلاستيك، 15 قطعة، 120 مل، مزود بقمع تعبئة - اسود,HO1110579BLK,1.0,150.0,150.0,7.5,142.5,KCH200,القاهرة,Credit/Debit Card
2006397114,2026-09-24 12:28:49,Sep 24,raneen,raneen,Refrigerators &amp; Freezers,ثلاجة ديفروست زانوسي، 320 لتر، ZRA32103XA - فضي,EL1107448DSL,1.0,12899.0,12899.0,0.0,12899.0,,القاهرة,Aman
2006397111,2026-09-24 12:26:05,Sep 24,MP,craftfurniture,TV Table,"ترابيزة تلفزيون خشب ام دي اف, 200x30x35 سم - ابيض بني",VC-TV-23,1.0,3649.0,3649.0,0.0,3649.0,,القاهرة,Cash On Delivery
4000169066,2026-09-24 12:25:30,Sep 24,MP,lotus,Perfumes,Avon Wish Of Love - EDT- For Women- 50ml,RAN-QPW2GCX,1.0,519.0,519.0,0.0,519.0,,القاهرة,Aman
4000169066,2026-09-24 12:25:30,Sep 24,MP,carina,Underwear’s,Pack of 3 Colored Brief Panties,56609-99-XL,1.0,225.0,225.0,0.0,225.0,,القاهرة,Aman
4000169066,2026-09-24 12:25:30,Sep 24,MP,lotus,Perfumes,Avon Far Away Shine - EDP - For Women - 50ml,RAN-P2HE4CN,1.0,629.0,629.0,0.0,629.0,,القاهرة,Aman
4000169066,2026-09-24 12:25:30,Sep 24,MP,lotus,Perfumes,Avon Perceive - EDT - For Men - 100ml,RAN-MWH2QHZ,1.0,629.0,629.0,0.0,629.0,,القاهرة,Aman
2006397105,2026-09-24 12:22:58,Sep 24,raneen,raneen,Action Toys,لعبة مسدس مياه بلاستيك للاطفال، 34 سم - متعدد الالوان,TY1149329MC1,2.0,60.0,120.0,12.0,108.0,TOY150,الجيزة,Cash On Delivery
2006397105,2026-09-24 12:22:58,Sep 24,raneen,raneen,Action Toys,لايف جاكيت للأطفال بلاستيك فالمر، مقاس 17 - اصفر,TY1129998YLW,2.0,60.0,120.0,12.0,108.0,TOY150,الجيزة,Cash On Delivery
2006397105,2026-09-24 12:22:58,Sep 24,raneen,raneen,Action Toys,طقم جردل بحر بلاستيك للاطفال فارو بلاست، 7 قطع - متعدد الالوان,TY1084259RD1,1.0,70.0,70.0,7.0,63.0,TOY150,الجيزة,Cash On Delivery
2006397102,2026-09-24 12:19:40,Sep 24,raneen,raneen,Televisions,"تلفزيون سمارت سامسونج، 50 بوصة، LED، UHD، ريسيفر داخلي, UA50U8000HUXEG - اسود",EL1147147BLK,1.0,18799.0,18799.0,300.0,18499.0,TV300,الشرقية,Aman
2006397096,2026-09-24 12:16:07,Sep 24,raneen,raneen,Washers &amp; Dryer,غسالة أوتوماتيك بيرلاماكس زانوسي، 8 كجم، تحميل امامى، 1200 لفة، ZWF8240SS6 - فضي,EL1134557SLV,1.0,16999.0,16999.0,400.0,16599.0,LA400,سوهاج,Aman
2006397093,2026-09-24 12:15:50,Sep 24,raneen,raneen,Towels,طقم فوط قطن جكار السعادة، 4 قطع، 55×100 سم، 300 جرام تقريبا - متعدد الالوان,TX1149268MC1,1.0,539.0,539.0,26.95,512.05,TEX200,القاهرة,Cash On Delivery
2006397093,2026-09-24 12:15:50,Sep 24,raneen,raneen,Cleaning Tools &amp; Supplies,طبق غسيل بلاستيك الهلال والنجمة، 35 سم - احمر,HO1116860RED,1.0,55.0,55.0,0.0,55.0,TEX200,القاهرة,Cash On Delivery
2006397093,2026-09-24 12:15:50,Sep 24,raneen,raneen,Drinkware,زجاجة مياه زجاج، 1 لتر - شفاف بني فاتح,HO1152328LBR,1.0,75.0,75.0,0.0,75.0,TEX200,القاهرة,Cash On Delivery
2006397090,2026-09-24 12:14:12,Sep 24,MP,coktailstore,Vacuum Cleaners,مكنسة كهربائية محمولة لاسلكية بقوة 120 واط، شحن، أسود,RAN-K7FRT2D,1.0,999.0,999.0,0.0,999.0,,الجيزة,Cash On Delivery
2006397087,2026-09-24 12:13:57,Sep 24,raneen,raneen,Kitchen Accessories,طقم مشبك بلاستيك باسوني بلاست، 12 قطعة، 6 سم - متعدد الالوان,HO1112761MC1,2.0,32.0,64.0,0.0,64.0,,الجيزة,Cash On Delivery
2006397087,2026-09-24 12:13:57,Sep 24,raneen,raneen,Water Filters,فلتر تانك برو، ديجيتال، 6 وظائف تنقية - اسود,HO1121193BLK,1.0,2114.0,2114.0,0.0,2114.0,,الجيزة,Cash On Delivery
2006397075,2026-09-24 12:05:41,Sep 24,raneen,raneen,Home &amp; Balcony Essentials,جزامة بلاستيك بأرجل، 4 رف، 70×31×49 سم - بني بيج,HO1145864BR1,1.0,200.0,200.0,10.0,190.0,KCH200,القاهرة,Cash On Delivery
2006397075,2026-09-24 12:05:41,Sep 24,raneen,raneen,Storage,تروللي بلاستيك مستطيل الهدى، 5 دور، 105×44×30 سم - اسود رمادي,HO1141592BK1,2.0,200.0,400.0,20.0,380.0,KCH200,القاهرة,Cash On Delivery
2006397072,2026-09-24 12:04:40,Sep 24,raneen,raneen,Kitchenware,هراسة ثوم ستانلس ستيل، 15 سم - فضي,HO1075154SLV,1.0,107.0,107.0,5.35,101.65,KCH200,الجيزة,Cash On Delivery
2006397072,2026-09-24 12:04:40,Sep 24,raneen,raneen,Kitchenware,مقوار فيونكة ستانلس ستيل بيد خشب روكى، 21 سم - فضى,HO1087312SLV,1.0,71.0,71.0,3.55,67.45,KCH200,الجيزة,Cash On Delivery
2006397072,2026-09-24 12:04:40,Sep 24,raneen,raneen,Kitchenware,طقم مصفاة ستانلس ستيل فالمر، 3×1، 26 سم - فضي,HO1118932SLV,1.0,200.0,200.0,10.0,190.0,KCH200,الجيزة,Cash On Delivery
2006397069,2026-09-24 12:03:24,Sep 24,raneen,raneen,Home &amp; Balcony Essentials,كرسي بلاستيك شكل راتان، 58×87×45 سم - بيج,HO1090915BEG,1.0,349.0,349.0,0.0,349.0,,الأسكندرية,Cash On Delivery
2006397063,2026-09-24 12:01:17,Sep 24,MP,attallah,Fans,مروحة بوكس فريش ، 12 بوصة ، 3 سرعات - ابيض,EL1049874GRY-attallah,1.0,956.0,956.0,0.0,956.0,,القاهرة,Credit/Debit Card
2006397060,2026-09-24 12:00:14,Sep 24,raneen,raneen,Dishwasher,غسالة اطباق وايت بوينت، 10 افراد، 5 برامج، WPD105DS - فضي,EL1065755SLV,1.0,15699.0,15699.0,0.0,15699.0,,الجيزة,Free
2006397057,2026-09-24 11:57:40,Sep 24,MP,attallah,Washers &amp; Dryer,غسالة ملابس توشيبا، تحميل علوى، 11 كيلو، AW-UK1100HUPEG - فضى,EL1091301SLV-attallah,1.0,15498.0,15498.0,0.0,15498.0,,البحيرة,El-Ahly Installments
2006397054,2026-09-24 11:57:25,Sep 24,raneen,raneen,Carpets,مشاية قطيفة ظهر دوتس، 70×200 سم، 900 جرام تقريبا - احمر داكن اخضر,TX1152324DR6,1.0,200.0,200.0,0.0,200.0,,البحر الأحمر,Cash On Delivery
2006397054,2026-09-24 11:57:25,Sep 24,raneen,raneen,Bedding,كوفرتة سرير جاكار سفري شبل، 150×200 سم، 1000 جرام - زيتوني,TX1082822MC7,1.0,139.0,139.0,0.0,139.0,,البحر الأحمر,Cash On Delivery
2006397054,2026-09-24 11:57:25,Sep 24,raneen,raneen,Bedding,كوفرتة سرير جاكار سفري، 150×200 سم,TX1082822MT7,1.0,139.0,139.0,0.0,139.0,,البحر الأحمر,Cash On Delivery
2006397054,2026-09-24 11:57:25,Sep 24,raneen,raneen,Bedding,كوفرتة نسيجية بيبرس، 200×210 سم، 1400 جرام - بني,TX1048491MC3,1.0,199.0,199.0,0.0,199.0,,البحر الأحمر,Cash On Delivery
2006397054,2026-09-24 11:57:25,Sep 24,raneen,raneen,Bedding,كوفرتة سرير جاكار سفري شبل، 150×200 سم، 1000 جرام - ازرق,TX1082822MC2,1.0,139.0,139.0,0.0,139.0,,البحر الأحمر,Cash On Delivery
2006397054,2026-09-24 11:57:25,Sep 24,raneen,raneen,Bedding,كوفرتة نسيجية بيبرس، 200×210 سم، 1400 جرام - احمر,TX1048491RD4,1.0,199.0,199.0,0.0,199.0,,البحر الأحمر,Cash On Delivery
2006397054,2026-09-24 11:57:25,Sep 24,raneen,raneen,Serveware,طقم صواني تقديم خشب السلسبيل، قطعتين - بيج ذهبي,HO1141748BS5,1.0,499.0,499.0,0.0,499.0,,البحر الأحمر,Cash On Delivery
2006397033,2026-09-24 11:48:10,Sep 24,MP,steelsore,Shoe Rack,جزمات الممرات، شكل مستطيل، 60×40×90 سم - رمادي ذهبي,AMst180MCL,1.0,1999.0,1999.0,199.9,1799.1,More10,القليوبية,Cash On Delivery
2006397027,2026-09-24 11:46:42,Sep 24,MP,ocean,Irons,مكواه بخار ايزي جليس تيفال، 2500 وات، FV5718 - ابيض تركواز,tefal-fv.5718,2.0,2567.0,5134.0,0.0,5134.0,,الجيزة,Cash On Delivery
2006397027,2026-09-24 11:46:42,Sep 24,raneen,raneen,Refrigerators &amp; Freezers,ثلاجة نوفروست فريش، 397 لتر، 2 باب، ميكانيكال، فريزر بالأعلي، FNT-BS470KT - فضي,EL1142831SLV,1.0,20799.0,20799.0,0.0,20799.0,,الجيزة,Cash On Delivery
2006397027,2026-09-24 11:46:42,Sep 24,MP,attallah,Cookers,بوتوجاز غاز برستيج يونيون جاز، 5 شعلة، 60×85 سم، سطح ستانلس سنيل، اشعال ذاتي، شواية - اسود فضي,capitaltecheg238-attallah,2.0,5899.0,11798.0,0.0,11798.0,,الجيزة,Cash On Delivery
2006397027,2026-09-24 11:46:42,Sep 24,MP,rofaeeltrade,Washers &amp; Dryer,غسالة ملابس فريش، تحميل علوى، 7 كيلو، 500019400 - فضي,5000127-rofaeeltrade,2.0,8985.0,17970.0,0.0,17970.0,,الجيزة,Cash On Delivery
2006397024,2026-09-24 11:45:13,Sep 24,MP,ocean,Ladders &amp; Clothes Dryer,الوطنية منشر غسيل لينو بيج، بلاستيك,RAN-ZYDUJD3,1.0,859.0,859.0,42.95,816.05,kch200,الأسكندرية,valU
2006397018,2026-09-24 11:44:07,Sep 24,raneen,raneen,Mobile Phones,موبايل سمارت انفنكس هوت 70 ، شريحتين اتصال ، 256 جيجابايت ، 8 جيجا رام ، شبكة الجيل الرابع - فضي+هدية مجانية GT Buds 4 XE35 (قد يختلف لون الهدية) - إصدار الشرق الاوسط,EL1152344SLV,1.0,13999.0,13999.0,0.0,13999.0,,بني سويف,Cash On Delivery
2006397015,2026-09-24 11:43:34,Sep 24,raneen,raneen,Cookers,بوتاجاز روك فريش، 5 شعلة، 60×90 سم، سطح ستانلس ستيل، امان كامل، اشعال ذاتي، مروحة، شوايه - فضي,EL1142745SLV,1.0,14099.0,14099.0,1000.0,13099.0,fr1000,قنا,Cash On Delivery
2006397009,2026-09-24 11:42:34,Sep 24,MP,dukanabdelaziz,Washers &amp; Dryer,غسالة ملابس فوق اتوماتيك فريش، 10كجم، مزودة بمضخة لصرف المياه - اسود,500016799-dukanabdelaziz,1.0,11940.0,11940.0,0.0,11940.0,,البحر الأحمر,Cash On Delivery
2006397006,2026-09-24 11:41:49,Sep 24,raneen,raneen,Burner,بوتجاز مسطح غاز ستانلس ستيل اوتو، 3 شعلة - فضي,EL1149119SLV,1.0,1309.0,1309.0,65.45,1243.55,LA400,المنيا,Premium Card
2006397006,2026-09-24 11:41:49,Sep 24,raneen,raneen,Burner,بوتجاز مسطح غاز ستانلس ستيل اوتو، 3 شعلة - فضي,EL1149120SLV,3.0,1089.0,3267.0,163.35,3103.65,LA400,المنيا,Premium Card
2006397003,2026-09-24 11:40:53,Sep 24,raneen,raneen,Cookware,طقم صواني فرن زجاج حرارى بورجام، قطعتين - شفاف,HO1102093CLR,1.0,349.0,349.0,17.45,331.55,KCH200,القاهرة,Cash On Delivery
2006397003,2026-09-24 11:40:53,Sep 24,MP,tibatrading,Cookware,مجموعة قوالب صينية كيك تفلون بطلاء غير لاصق من كيارا إنتربرايز، 3 قطع، بأشكال قلب ومربع ودائرة مع قاعدة قابلة للفصل وسهلة الغسل ومناسبة للفرن، لون أسود,RAN-GN6TAZ2,1.0,218.0,218.0,10.9,207.1,KCH200,القاهرة,Cash On Delivery
2006396994,2026-09-24 11:39:32,Sep 24,raneen,raneen,Water Heaters,سخان مياه كهربائي اريستون، 50 لتر، RUBIS50VEG - ابيض,EL1129298WIT,1.0,3649.0,3649.0,182.45,3466.55,LA400,القاهرة,Cash On Delivery
2006396991,2026-09-24 11:36:04,Sep 24,raneen,raneen,Bed Sheets,طقم ملاية اطفال لازورد، 3 قطع، 170×240 سم - ازرق فاتح,TX1048853BU2,1.0,139.0,139.0,6.95,132.05,TEX200,القاهرة,Paymob Wallet
2006396991,2026-09-24 11:36:04,Sep 24,raneen,raneen,Bed Sheets,طقم ملاية اطفال لازورد، 3 قطع، 170×240 سم - ابيض احمر,TX1048853MT2,2.0,139.0,278.0,13.9,264.1,TEX200,القاهرة,Paymob Wallet
2006396991,2026-09-24 11:36:04,Sep 24,raneen,raneen,Bed Sheets,طقم ملاية، 5 قطع، 220×240 سم - روز,TX1048610WF6,1.0,219.0,219.0,10.95,208.05,TEX200,القاهرة,Paymob Wallet
2006396985,2026-09-24 11:33:23,Sep 24,raneen,raneen,Packaging,طقم اكياس فلاير بلاستيك مطبوع، 50 قطعة، 35×40 سم، 40 ميكرون - رمادي,HO1154971GRY,1.0,129.0,129.0,0.0,129.0,,القاهرة,Cash On Delivery
2006396985,2026-09-24 11:33:23,Sep 24,raneen,raneen,Packaging,طقم اكياس فلاير بلاستيك مطبوع، 50 قطعة، 35×25 سم، 40 ميكرون - رمادي,HO1154970GRY,2.0,89.0,178.0,0.0,178.0,,القاهرة,Cash On Delivery
2006396985,2026-09-24 11:33:23,Sep 24,raneen,raneen,Packaging,طقم اكياس فلاير بلاستيك مطبوع، 50 قطعة، 55×50 سم، 40 ميكرون - رمادي,HO1154972GRY,1.0,229.0,229.0,0.0,229.0,,القاهرة,Cash On Delivery
2006396985,2026-09-24 11:33:23,Sep 24,raneen,raneen,Packaging,ملصق تأمين منتجات بلاستيك رنين، 100 قطعة - احمر,HO1113118RED,1.0,99.0,99.0,0.0,99.0,,القاهرة,Cash On Delivery
2006396982,2026-09-24 11:32:30,Sep 24,raneen,raneen,Kitchen Machine &amp; Kneading Machines,محضر طعام تورنيدو،1000 وات،3 سرعات، فضي - FP-1000SG,EL1020348SLV,65.0,4249.0,276185.0,0.0,276185.0,,الجيزة,Cash On Delivery
2006396979,2026-09-24 11:31:56,Sep 24,MP,ammerkatosh,Cookers,بوتاجاز فريش، 4 شعلة، مروحة، 60×60 سم، MILANO - فضى,RTRADE-EE-SLV-AMMERKATOSH,1.0,8489.0,8489.0,0.0,8489.0,,الأسكندرية,Cash On Delivery
2006396973,2026-09-24 11:30:21,Sep 24,raneen,raneen,Towels,بشكير قطن ساده، 70×140 سم، 580 جرام تقريبا - هافان,TX1138127HF3,1.0,169.0,169.0,0.0,169.0,,الأسكندرية,Cash On Delivery
2006396973,2026-09-24 11:30:21,Sep 24,raneen,raneen,Towels,فوطه قطن، 50×90 سم، 290 جرام تقريبا - هافان,TX1138123HF2,1.0,89.0,89.0,0.0,89.0,,الأسكندرية,Cash On Delivery
2006396973,2026-09-24 11:30:21,Sep 24,raneen,raneen,Towels,فوطه قطن ساده، 50×90 سم، 290 جرام تقريبا - رمادي,TX1130512GY3,1.0,89.0,89.0,0.0,89.0,,الأسكندرية,Cash On Delivery
2006396973,2026-09-24 11:30:21,Sep 24,raneen,raneen,Towels,فوطه قطن ساده، 50×90 سم، 290 جرام تقريبا - بنفسجي,TX1138125PR5,1.0,89.0,89.0,0.0,89.0,,الأسكندرية,Cash On Delivery
2006396973,2026-09-24 11:30:21,Sep 24,raneen,raneen,Towels,فوطه قطن ساده، 50×90 سم، 290 جرام تقريبا - بني فاتح,TX1130517BR5,1.0,89.0,89.0,0.0,89.0,,الأسكندرية,Cash On Delivery
2006396973,2026-09-24 11:30:21,Sep 24,raneen,raneen,Bed Sheets,طقم ملاية سرير مايكروفايبر شنغاهاي، 4 قطع، 210×235 سم، 1200 جرام - متعدد الالوان,TX1136225MN0,1.0,279.0,279.0,0.0,279.0,,الأسكندرية,Cash On Delivery
2006396973,2026-09-24 11:30:21,Sep 24,raneen,raneen,Bed Sheets,طقم ملاية مايكروفايبر، 4 قطع، 225×240 سم، 1050 جرام - متعدد الالوان,TX1125298LG2,1.0,259.0,259.0,0.0,259.0,,الأسكندرية,Cash On Delivery
2006396973,2026-09-24 11:30:21,Sep 24,raneen,raneen,Bed Sheets,طقم ملاية سرير مايكروفايبر، 4 قطع، 220×240 سم، 800 جرام - متعدد الالوان,TX1154433MS4,1.0,229.0,229.0,0.0,229.0,,الأسكندرية,Cash On Delivery
2006396973,2026-09-24 11:30:21,Sep 24,raneen,raneen,Bed Sheets,طقم ملاية سرير مايكروفايبر، 4 قطع، 220×240 سم، 800 جرام - متعدد الالوان,TX1154433MT7,1.0,229.0,229.0,0.0,229.0,,الأسكندرية,Cash On Delivery
2006396973,2026-09-24 11:30:21,Sep 24,raneen,raneen,Bed Sheets,طقم ملاية سرير مايكروفايبر، 4 قطع، 220×240 سم، 800 جرام - متعدد الالوان,TX1154433WI1,1.0,229.0,229.0,0.0,229.0,,الأسكندرية,Cash On Delivery
2006396973,2026-09-24 11:30:21,Sep 24,raneen,raneen,Bed Sheets,طقم ملاية سرير مايكروفايبر، 4 قطع، 220×240 سم، 800 جرام - بيج روز,TX1154433WI5,1.0,229.0,229.0,0.0,229.0,,الأسكندرية,Cash On Delivery
2006396973,2026-09-24 11:30:21,Sep 24,raneen,raneen,Bed Sheets,طقم ملاية سرير مايكروفايبر، 4 قطع، 220×240 سم، 800 جرام - متعدد الالوان,TX1154433MC2,1.0,229.0,229.0,0.0,229.0,,الأسكندرية,Cash On Delivery
2006396973,2026-09-24 11:30:21,Sep 24,raneen,raneen,Bed Sheets,طقم ملاية سرير مايكروفايبر، 4 قطع، 220×240 سم، 800 جرام - متعدد الالوان,TX1154433MC3,1.0,229.0,229.0,0.0,229.0,,الأسكندرية,Cash On Delivery
2006396973,2026-09-24 11:30:21,Sep 24,raneen,raneen,Bed Sheets,طقم ملاية سرير مايكروفايبر، 4 قطع، 220×240 سم، 800 جرام - متعدد الالوان,TX1154433WI4,1.0,229.0,229.0,0.0,229.0,,الأسكندرية,Cash On Delivery
2006396973,2026-09-24 11:30:21,Sep 24,raneen,raneen,Bed Sheets,طقم ملاية قماش مطبوع، 4 قطع، 215×235 سم - كحلي ابيض,TX1017810MK2,1.0,199.0,199.0,0.0,199.0,,الأسكندرية,Cash On Delivery
2006396970,2026-09-24 11:29:59,Sep 24,MP,attallah,Microwaves &amp; Ovens,ميكروويف فرن بالشواية فريش، سعة 36 لتر، 1000/1300 وات، FMW-36KCG-SSG - فضي,MHMPARFMW36KCGSSG,1.0,8899.0,8899.0,0.0,8899.0,,القاهرة,El-Ahly Installments
2006396961,2026-09-24 11:27:50,Sep 24,raneen,raneen,Electronics Audio,مكبر صوت لاسلكي للحفلات بلاتنيوم، 12 بوصة، 80 وات، 100×35×35 سم، ريموت كنترول، AH-12500 - اسود,EL1130323BLK,1.0,11499.0,11499.0,0.0,11499.0,,القاهرة,valU
2006396958,2026-09-24 11:27:27,Sep 24,raneen,raneen,Packaging,رول استرتش للتغليف، العرض 50 سم، 3 كجم - شفاف,HO1114678WIT,1.0,399.0,399.0,0.0,399.0,,القاهرة,Cash On Delivery
2006396958,2026-09-24 11:27:27,Sep 24,raneen,raneen,Packaging,رول تغليف بابلز بلاستيك، 50 سم×100 متر - شفاف,HO1113113CLR,5.0,149.0,745.0,0.0,745.0,,القاهرة,Cash On Delivery
2006396955,2026-09-24 11:24:51,Sep 24,raneen,raneen,Drinkware,مج بورسلين، 400 مل - ابيض احمر,HO1143959WI2,1.0,50.0,50.0,0.0,50.0,,القاهرة,Cash On Delivery
2006396955,2026-09-24 11:24:51,Sep 24,raneen,raneen,Mixers &amp; Blenders,كبة لحمة فريش، 2 لتر، 500 وات، CH500 - ابيض,EL1120383WIT,1.0,1104.0,1104.0,0.0,1104.0,,القاهرة,Cash On Delivery
2006396952,2026-09-24 11:22:27,Sep 24,MP,linesleep,Bedding,لحاف وجهين فايبر لاين سليب، 220×180 سم - ازرق رمادي غامق,QLT18220X180BUDGRY,1.0,655.0,655.0,0.0,655.0,,الشرقية,Cash On Delivery
2006396952,2026-09-24 11:22:27,Sep 24,MP,linesleep,Carpets Accessories,حافظة سجاد مع ضهر دوتس مانع للانزلاق، 200 × 300 سم - متعدد الألوان,LS306024-3,1.0,855.0,855.0,0.0,855.0,,الشرقية,Cash On Delivery
2006396949,2026-09-24 11:20:28,Sep 24,MP,dukanabdelaziz,Kettles,"غلاية كهربائية فريش, 2200 وات, 1.7 لتر, EGK17000 -  اسود",500011386BLK-CONF-awladghanem-dukanabdelaziz,1.0,817.0,817.0,0.0,817.0,,القاهرة,Cash On Delivery
4000169057,2026-09-24 11:19:36,Sep 24,MP,yarlin,Bed Sheets,"Yarlin Fitted Sheet Set, Cotton Blend, 3 Pieces, 200X180cm, Pink Lotus Flower Design - Multicolor",Yar-395,1.0,588.0,588.0,29.4,558.6,TEX200,كفر الشيخ,Cash On Delivery
4000169057,2026-09-24 11:19:36,Sep 24,raneen,raneen,Bed Sheets,"Keeva Cotton Bed Sheet Set, 4 Pieces, 240x260 cm, 1900 gm",TX1116595WG1,1.0,619.0,619.0,30.95,588.05,TEX200,كفر الشيخ,Cash On Delivery
4000169057,2026-09-24 11:19:36,Sep 24,MP,snooze,Bed Sheets,"Cotton blend sheet set, 3 pieces, 700 gm - Multicolor",6222057311876,1.0,444.0,444.0,22.2,421.8,TEX200,كفر الشيخ,Cash On Delivery
4000169057,2026-09-24 11:19:36,Sep 24,MP,snooze,Pillows,"Microfiber Tiba Pillow, 45×65 cm, Two Pieces - White",MP-6223015811889,1.0,288.0,288.0,14.4,273.6,TEX200,كفر الشيخ,Cash On Delivery
4000169057,2026-09-24 11:19:36,Sep 24,MP,yarlin,Bed Sheets,"Blended Cotton Bedding Sheet Set,200x160 cm, 3 Pieces - Multicolor",Yar-887,1.0,578.0,578.0,28.9,549.1,TEX200,كفر الشيخ,Cash On Delivery
2006396943,2026-09-24 11:16:50,Sep 24,MP,dukanalaa,Coffee Makers,مضرب حليب يدوي قابل لإعادة الشحن باللون الأسود - جسم معدني,RAN-U7K772A,1.0,175.0,175.0,0.0,175.0,,القاهرة,Cash On Delivery
2006396943,2026-09-24 11:16:50,Sep 24,raneen,raneen,Storage,طقم علب ثلاجه بغطاء كليبس القائد بلاست، 4 قطع - شفاف,HO1100279CLR,1.0,150.0,150.0,0.0,150.0,,القاهرة,Cash On Delivery
2006396943,2026-09-24 11:16:50,Sep 24,raneen,raneen,Dinnerware,طقم عشاء زجاج ريو جلاس، 18 قطعة - شفاف,HO1072659CL2,1.0,200.0,200.0,0.0,200.0,,القاهرة,Cash On Delivery
2006396943,2026-09-24 11:16:50,Sep 24,raneen,raneen,Drinkware,طقم شوب عصير زجاج، 6 قطع، 250 مل - شفاف,HO1145119MC1,1.0,50.0,50.0,0.0,50.0,,القاهرة,Cash On Delivery
2006396943,2026-09-24 11:16:50,Sep 24,raneen,raneen,Drinkware,طقم زجاج فيرست وان، 24 قطعه - شفاف,HO1115388CLR,1.0,200.0,200.0,0.0,200.0,,القاهرة,Cash On Delivery
2006396940,2026-09-24 11:16:31,Sep 24,MP,newair,Refrigerators &amp; Freezers,ديب فريزر رأسى سيلتال، 6 درج ، VF2029 - فضى,NEI500628,1.0,12598.0,12598.0,0.0,12598.0,,الجيزة,Souhoola
4000169054,2026-09-24 11:16:10,Sep 24,MP,shoppingonline,Laptop Accessories,USB Charging Port Travel Laptop Backpack - Black Grey,B0C9W2L3KN,1.0,266.0,266.0,0.0,266.0,,الجيزة,Cash On Delivery
2006396934,2026-09-24 11:15:23,Sep 24,MP,ocean,Microwaves &amp; Ovens,ميكروويف بالشواية ال جي، 42 لتر، 1200 وات، سمارت انفرتر، MH8265DIS - اسود,EL1102819BLKocean,1.0,10700.0,10700.0,0.0,10700.0,,الجيزة,Cash On Delivery
2006396916,2026-09-24 11:02:42,Sep 24,raneen,raneen,Cookware,حلة زجاج حراري بالغطاء، 1.8 لتر - شفاف,HO1146475CLR,1.0,129.0,129.0,0.0,129.0,,القاهرة,Cash On Delivery
2006396916,2026-09-24 11:02:42,Sep 24,raneen,raneen,Bed Sheets,طقم ملاية اطفال لازورد، 3 قطع، 170×240 سم - ابيض احمر,TX1048853MT2,2.0,139.0,278.0,0.0,278.0,,القاهرة,Cash On Delivery
2006396916,2026-09-24 11:02:42,Sep 24,raneen,raneen,Bedding,دفاية سرير قطيفة نانا سيكريت، 220×150 سم، 470 جرام - بيج,TX1156543MA9,1.0,99.0,99.0,0.0,99.0,,القاهرة,Cash On Delivery
2006396916,2026-09-24 11:02:42,Sep 24,raneen,raneen,Bedding,دفاية سرير قطيفة نانا سيكريت، 220×150 سم، 470 جرام - احمر,TX1156543MA7,1.0,99.0,99.0,0.0,99.0,,القاهرة,Cash On Delivery
2006396916,2026-09-24 11:02:42,Sep 24,raneen,raneen,Bed Sheets,طقم ملاية اطفال لازورد، 3 قطع، 170×240 سم - متعدد الالوان,TX1048853ML4,2.0,139.0,278.0,0.0,278.0,,القاهرة,Cash On Delivery
2006396913,2026-09-24 11:02:31,Sep 24,raneen,raneen,Serveware,طقم صينيه تقديم خشب زان روز وود، قطعتين، 30×19 سم - بني,HO1141687BSC,1.0,200.0,200.0,10.0,190.0,KCH200,الجيزة,Credit/Debit Card
2006396913,2026-09-24 11:02:31,Sep 24,raneen,raneen,Mats,دواسة باب بولي بروبيلين نيو فاميلي النساجون الشرقيون، 60×90 سم - متعدد الالوان,TX1080955BG7,1.0,200.0,200.0,0.0,200.0,KCH200,الجيزة,Credit/Debit Card
2006396910,2026-09-24 11:02:12,Sep 24,raneen,raneen,Storage,تربو مطبخ معدن مستدير الحياة، 5 دور، 99×28 سم - اسود,HO1135252BLK,1.0,999.0,999.0,49.95,949.05,KCH200,الجيزة,Cash On Delivery
2006396910,2026-09-24 11:02:12,Sep 24,raneen,raneen,Cleaning Tools &amp; Supplies,جردل موب بلاستيك، 2 عين، يد معدن، 2 غيار، 11 لتر، 46×27 سم - اوف وايت,HO1126579WI1,1.0,645.0,645.0,32.25,612.75,KCH200,الجيزة,Cash On Delivery
2006396907,2026-09-24 11:01:46,Sep 24,MP,tibatrading,Kitchen Scale,ميزان مطبخ رقمي بشاشة LCD، سعة 10 كيلوجرام، أزرق وأسود,RAN-GY4SU3S,1.0,355.0,355.0,0.0,355.0,,الغربية,Credit/Debit Card
2006396898,2026-09-24 10:59:04,Sep 24,MP,elzoz,AirPods,سماعة اذن لاسلكية، بلوتوث، مزودة ببور بنك، M28 - أسود,M28-elzoz,1.0,360.0,360.0,0.0,360.0,,الأسكندرية,Cash On Delivery
2006396895,2026-09-24 10:58:50,Sep 24,MP,alkhashab,Recliner,كرسي استرخاء ليزي بوي ، 85×100×90 سم ، زان + ام دى اف - كافيه,56165133-alkhashab,1.0,13599.0,13599.0,1359.9,12239.1,MORE10,الأسكندرية,Cash On Delivery
2006396886,2026-09-24 10:55:51,Sep 24,MP,dukanalaa,Sports Equipment,مجموعة أويليك لتقوية قبضة اليد، 5 قطع معدات تدريب القوة للساعدين والأصابع، ممدد الأصابع، مقابض اليد قابلة للتعديل، حلقة تمرين وكرة قبض,RAN-4KA8ME5,1.0,255.0,255.0,0.0,255.0,,القليوبية,Cash On Delivery
2006396880,2026-09-24 10:53:52,Sep 24,MP,ammerkatosh,Refrigerators &amp; Freezers,ديب فريزر أفقى فريش، 334 لتر، FDF-400 - فضي,500010799-ammerkatosh,1.0,14775.0,14775.0,0.0,14775.0,,القاهرة,Cash On Delivery
4000169051,2026-09-24 10:51:25,Sep 24,raneen,raneen,Serveware,"Lotus Porcelain Cake and Tea Serving, 24 Pieces - Multicolor",HO1094928PNK,1.0,2999.0,2999.0,0.0,2999.0,,الدقهلية,Cash On Delivery
2006396877,2026-09-24 10:51:20,Sep 24,raneen,raneen,Storage,استاند منزلي بلاستيك العالمية، 4 دور، 4 عجلات، 54×100 سم - رمادي فاتح,HO1135324OL1,1.0,200.0,200.0,10.0,190.0,KCH200,القاهرة,Cash On Delivery
2006396877,2026-09-24 10:51:20,Sep 24,raneen,raneen,Baking Tools,طقم قالب كيك تيفلون، 3 قطع - رمادى,HO1044662GY1,1.0,149.0,149.0,7.45,141.55,KCH200,القاهرة,Cash On Delivery
2006396877,2026-09-24 10:51:20,Sep 24,raneen,raneen,Cookware,جريل بورسلين مربع بيد لوتس، 18×14 سم - رمادي,HO1089797GY1,1.0,115.0,115.0,5.75,109.25,KCH200,القاهرة,Cash On Delivery
2006396877,2026-09-24 10:51:20,Sep 24,raneen,raneen,Cleaning Tools &amp; Supplies,جردل مسح 2 عين بالغطاء بلاستيك سمارت حجازي بلاست، مزود بماسحة باركية، 2 غيار، 22×19×37 سم - بيج رمادي,HO1114685BG1,1.0,200.0,200.0,10.0,190.0,KCH200,القاهرة,Cash On Delivery
2006396877,2026-09-24 10:51:20,Sep 24,raneen,raneen,Cookware,طقم طاجن زجاج حراري تركي بورجام، 5 قطع - شفاف,HO1097904CLR,1.0,599.0,599.0,29.95,569.05,KCH200,القاهرة,Cash On Delivery
2006396868,2026-09-24 10:50:09,Sep 24,MP,amara,Sandwich Waffle Makers,جهاز صنع الساندويش ميانتا، 1200 وات، SM27609A - فضي اسود,EL1091377BNS-amara,1.0,3499.0,3499.0,0.0,3499.0,,القاهرة,Cash On Delivery
2006396859,2026-09-24 10:48:36,Sep 24,MP,mostawdaa,Mirror,مرايا LED تعمل باللمس، 45×80 سم - شفاف,MZLEDTCH01MOSTAW,1.0,999.0,999.0,0.0,999.0,,القاهرة,Cash On Delivery
2006396850,2026-09-24 10:46:06,Sep 24,MP,evotech,Security &amp; Surveillance Systems,مجموعة كاميرات مراقبة هاي لوك، (4) كاميرا خارجية بدقة 2 ميجابكسل + (4) كاميرا داخلية، بدقة 2 ميجابكسل + مسجل فيديو رقمي تيربو دي في ار هاى لوك، 8 قنوات، 1080 بيكسل، 9 قطع، THC-B120-PC / THC-T120-PC/ DDVR-108G-M1 - أبيض,EVOTECH-SYSTEM-2,1.0,4945.0,4945.0,0.0,4945.0,,الأسكندرية,Cash On Delivery
2006396844,2026-09-24 10:45:29,Sep 24,MP,ocean,Home &amp; Balcony Essentials,طاولة بلاستيكية قابلة للطي للمنزل والنزهة - بيج - قابلة للتعديل - 60x60x68 سم,RAN-JDYHC4R,1.0,419.0,419.0,0.0,419.0,,القاهرة,Cash On Delivery
2006396844,2026-09-24 10:45:29,Sep 24,raneen,raneen,Home &amp; Balcony Essentials,كرسي بلاستيك سفير، 52×57×76 سم - بيج,HO1131010BEG,1.0,299.0,299.0,0.0,299.0,,القاهرة,Cash On Delivery
2006396835,2026-09-24 10:42:32,Sep 24,raneen,raneen,Mattress,مرتبة دبل نت اكسترا جولد يانسن، سوست متصلة، 120×195 سم، ارتفاع 24 سم - ابيض بيج,TX1104261WI3,1.0,5199.0,5199.0,200.0,4999.0,TEX200,القاهرة,Cash On Delivery
2006396832,2026-09-24 10:42:09,Sep 24,raneen,raneen,Fans,مروحة ستاند تورنيدو، 18 بوصة، 4 ريشة، 3 سرعات، TSF-18XW - أسود,EL1071300BLK,1.0,2404.0,2404.0,120.2,2283.8,LA400,البحيرة,Paymob Wallet
2006396826,2026-09-24 10:40:35,Sep 24,raneen,raneen,Shoes,شبشب كلوج بلاستيك للاولاد كارلوس، EU 37 - اسود اخضر,SH1152404B17,1.0,99.0,99.0,0.0,99.0,,سوهاج,Free
2006396823,2026-09-24 10:40:16,Sep 24,raneen,raneen,Mattress,مرتبة دبل نت اكسترا جولد يانسن، سوست متصلة، 120×195 سم، ارتفاع 24 سم - ابيض بيج,TX1104261WI3,1.0,5199.0,5199.0,200.0,4999.0,TEX200,القاهرة,Cash On Delivery
2006396820,2026-09-24 10:40:09,Sep 24,raneen,raneen,Cookware,صينية مخبوزات الومنيوم نوفال، 35 سم - فضي,HO1112938SLV,1.0,445.0,445.0,0.0,445.0,,القاهرة,Aman
2006396820,2026-09-24 10:40:09,Sep 24,MP,tibatrading,Cookware,طاسة من هوم برو مصنوعة حديد مصبوب بمقاس 30 سم، متعدد الألوان,RAN-3GEVSXS,1.0,910.0,910.0,0.0,910.0,,القاهرة,Aman
2006396820,2026-09-24 10:40:09,Sep 24,MP,lightcart,Kitchenware,ملقط مطبخ سيليكون - رمادي,EIB-56842-LIGHT-CARD-6865,1.0,137.0,137.0,0.0,137.0,,القاهرة,Aman
2006396820,2026-09-24 10:40:09,Sep 24,raneen,raneen,Kitchenware,مغرفة مسطحة من الداخل خشب سرسوع روز وود، 34×9 سم - بني,HO1096728BRN,1.0,200.0,200.0,0.0,200.0,,القاهرة,Aman
2006396814,2026-09-24 10:39:39,Sep 24,MP,whitetechnologyy,Air Conditioner,تكييف سبلت سمارت كول هاير، 1.5 حصان، بارد فقط، HSU-12KCROC-R32-IN - ابيض,ELKiT1720WIT-whitetechnologyy,1.0,18774.0,18774.0,0.0,18774.0,,الجيزة,Cash On Delivery
2006396811,2026-09-24 10:38:21,Sep 24,MP,elzoz,AirPods,سماعة اذن لاسلكية، بلوتوث، مزودة ببور بنك، M28 - أسود,M28-elzoz,1.0,360.0,360.0,0.0,360.0,,الأسكندرية,Cash On Delivery
2006396808,2026-09-24 10:38:00,Sep 24,MP,lightcart,Kitchenware,ملعقة تقديم آيس كريم من الستانلس ستيل – فضي,RAN-2HB3ERJ,1.0,169.0,169.0,8.45,160.55,KCH200,البحيرة,Free
2006396808,2026-09-24 10:38:00,Sep 24,MP,grandmakaa,Baking Tools,ماكينه صانع البيتي فور ستانلس ستيل، 21 شكل مختلف - فضي,RAN-D2NFQHJ,1.0,299.0,299.0,14.95,284.05,KCH200,البحيرة,Free
2006396808,2026-09-24 10:38:00,Sep 24,raneen,raneen,Cookware,طقم صينية بسكويت المونيوم الاهرام، 2 قطعة - فضي,HO1109795SLV,1.0,799.0,799.0,39.95,759.05,KCH200,البحيرة,Free
2006396805,2026-09-24 10:37:57,Sep 24,raneen,raneen,Fans,مروحة ستاند تورنيدو، 18 بوصة، 4 ريشة، 3 سرعات، TSF-18XW - أسود,EL1071300BLK,1.0,2404.0,2404.0,120.2,2283.8,LA400,البحيرة,Paymob Wallet
4000169048,2026-09-24 10:37:44,Sep 24,MP,safktna,Watches,"Skmei Kids Watch for Girls, Multi-Function Baby Color 7 Color Programmable - Black",2002607-safktna,1.0,700.0,700.0,0.0,700.0,,الجيزة,Cash On Delivery
2006396802,2026-09-24 10:37:34,Sep 24,raneen,raneen,Kitchenware,قاعدة اسطوانة غاز ستانلس ستيل، 4 عجلات، 33 سم - فضي,HO1114405SLV,1.0,100.0,100.0,5.0,95.0,KCH200,القاهرة,Paymob Wallet
2006396799,2026-09-24 10:37:13,Sep 24,MP,linesleep,Bedding,لحاف شتوي دبل فيس لاين سليب، مايكرو فايبر، 220x235 سم - متعدد الالوان,622300639183,1.0,999.0,999.0,0.0,999.0,KCH200,الأسكندرية,Cash On Delivery
2006396799,2026-09-24 10:37:13,Sep 24,raneen,raneen,Ladders &amp; Clothes Dryer,منشر غسيل بلاستيك الوطنية، 107×173×54 سم - بيج,HO1094224BEG,1.0,799.0,799.0,39.95,759.05,KCH200,الأسكندرية,Cash On Delivery
2006396799,2026-09-24 10:37:13,Sep 24,raneen,raneen,Home &amp; Balcony Essentials,دولاب ملابس بلاستيك الوطنية، 4 دور، 2 دلفه، 42×55×146 سم - بيج,HO1145059BEG,1.0,2499.0,2499.0,124.95,2374.05,KCH200,الأسكندرية,Cash On Delivery
2006396790,2026-09-24 10:35:52,Sep 24,raneen,raneen,Fans,مروحة ستاند تورنيدو، 18 بوصة، 4 ريشة، 3 سرعات، TSF-18XW - أسود,EL1071300BLK,1.0,2404.0,2404.0,120.2,2283.8,LA400,البحيرة,Paymob Wallet
2006396763,2026-09-24 10:19:58,Sep 24,MP,mam,Water Heaters,سخان مياه كهربائي ريلاكس فريش، 50 لتر - أبيض,500008902WIT,1.0,3299.0,3299.0,0.0,3299.0,,سوهاج,Cash On Delivery
2006396763,2026-09-24 10:19:58,Sep 24,MP,ammerkatosh,Televisions,تليفزيون سمارت فريش، بدون أطار، 43 بوصة، LED، FHD، حامل حائط هديه، خاصية ميراكاست، 43MF423C - اسود,EL1136432BLK-ammerkatosh,1.0,12809.0,12809.0,0.0,12809.0,,سوهاج,Cash On Delivery
2006396763,2026-09-24 10:19:58,Sep 24,raneen,raneen,Washers &amp; Dryer,غسالة ملابس فول اتوماتيك فريش، 7 كجم، 1200 لفة، موتور انفرتر، دفع مباشر،ديجيتال، غسيل بالبخار، W7DD1255PCDS - فضي داكن,EL1130935DSL,1.0,15499.0,15499.0,0.0,15499.0,,سوهاج,Cash On Delivery
2006396763,2026-09-24 10:19:58,Sep 24,MP,attallah,Cookers,بوتوجاز غاز برستيج يونيون جاز، 5 شعلة، 60×85 سم، سطح ستانلس سنيل، اشعال ذاتي، شواية - اسود فضي,capitaltecheg238-attallah,1.0,5899.0,5899.0,0.0,5899.0,,سوهاج,Cash On Delivery
2006396763,2026-09-24 10:19:58,Sep 24,raneen,raneen,Refrigerators &amp; Freezers,ثلاجة ديفروست يونيون اير، 350 لتر، 2 باب، RD-350VVA-DAH - رمادي,EL1154960SLV,1.0,12999.0,12999.0,0.0,12999.0,,سوهاج,Cash On Delivery
2006396757,2026-09-24 10:18:41,Sep 24,raneen,raneen,Cookware,طقم قلاية تيفلون تروفال، قطعتين - بنفسجي,HO1055965DR3,1.0,437.0,437.0,0.0,437.0,,الشرقية,Cash On Delivery
2006396757,2026-09-24 10:18:41,Sep 24,MP,coktailstore,Cookware,مقلاة عميقة للقلي، ووك آسيوي، بطبقة الجرانيت المغطاة، غير لاصقة، مقابض مقاومة للحرارة، آمنة لغسالة الصحون، بحجم كبير، 34 سم، أسود,RAN-UD5Y3CU,1.0,295.0,295.0,0.0,295.0,,الشرقية,Cash On Delivery
2006396751,2026-09-24 10:16:57,Sep 24,raneen,raneen,Water Heaters,سخان كهرباء بشاشة LED زانوسي، 50 لتر، ZYE05031WN - أبيض,EL1101598WIT,1.0,4199.0,4199.0,209.95,3989.05,LA400,الشرقية,Cash On Delivery
2006396745,2026-09-24 10:15:06,Sep 24,MP,talhastore,Men&#039;s Bags,حقيبة كروس رجالية بنيّة من الجلد الطبيعي - جيب بولو,RAN-M7G3NE7,1.0,250.0,250.0,0.0,250.0,,أسيوط,Cash On Delivery
2006396745,2026-09-24 10:15:06,Sep 24,MP,shoppingonline,Laptop Accessories,شنطة ظهر للابتوب للسفر قماش - أسود,B0CCYN3KZN,1.0,209.0,209.0,0.0,209.0,,أسيوط,Cash On Delivery
2006396739,2026-09-24 10:12:53,Sep 24,raneen,raneen,Fans,مروحة حائط دايموند نايس اليكتريك، 16 بوصة، 5 ريشه، 3 سرعات - اسود,EL1136157BLK,1.0,1240.0,1240.0,0.0,1240.0,,القاهرة,Cash On Delivery
2006396718,2026-09-24 10:09:12,Sep 24,raneen,raneen,Fans,مروحة ستاند تورنيدو، 18 بوصة، 4 ريشة، 3 سرعات، TSF-18XW - أسود,EL1071300BLK,1.0,2404.0,2404.0,120.2,2283.8,LA400,البحيرة,Paymob Wallet
2006396709,2026-09-24 10:06:24,Sep 24,raneen,raneen,Fans,مروحة ستاند تورنيدو، 18 بوصة، 4 ريشة، 3 سرعات، TSF-18XW - أسود,EL1071300BLK,1.0,2404.0,2404.0,120.2,2283.8,LA400,البحيرة,Paymob Wallet
2006396706,2026-09-24 10:03:43,Sep 24,raneen,raneen,Coffee Makers,كنكة قهوة بلاستيك ڤيرتو تك، 0.5 لتر، 350 وات، VE-CM25 - اسود,EL1156280BLK,2.0,149.0,298.0,0.0,298.0,,المنوفية,Cash On Delivery
2006396700,2026-09-24 10:01:53,Sep 24,MP,razgallery,Carpets,سجادة مربعة فرو، 150×100 سم - بينك,A&amp;Z3PNK,1.0,1529.0,1529.0,0.0,1529.0,,القاهرة,Cash On Delivery
2006396676,2026-09-24 09:56:07,Sep 24,raneen,raneen,Refrigerators &amp; Freezers,ثلاجة دي فروست يونيون اير، 2باب، 310 لتر، دي فروست ديجيتال، RD-320VVA-DAH - فضى,EL1153508SLV,1.0,11199.0,11199.0,400.0,10799.0,LA400,سوهاج,Cash On Delivery
2006396670,2026-09-24 09:54:23,Sep 24,MP,attallah,Fans,مروحة ستاند الشبح فريش، 18 بوصة، 3 سرعات، بريموت كنترول - احمر,EL1049886BLK-attalah,1.0,2150.0,2150.0,0.0,2150.0,,الجيزة,Cash On Delivery
2006396670,2026-09-24 09:54:23,Sep 24,MP,etdonline,Electronics Audio,مضخم صوت، بلوتوث 2 × 1، اضاءة ، ريموت كنترول، 10 وات - اسود,etdonline-AH-4001,1.0,1650.0,1650.0,0.0,1650.0,,الجيزة,Cash On Delivery
2006396670,2026-09-24 09:54:23,Sep 24,raneen,raneen,Grill,شواية صحية سوناي ، 1500 وات ، MAR-610 - اسود,EL1137576BNS,1.0,2039.0,2039.0,0.0,2039.0,,الجيزة,Cash On Delivery
2006396658,2026-09-24 09:49:31,Sep 24,MP,tatto,Water Heaters,سخان مياه كهرباء تورنيدو، 50 لتر، TEEE-50MW - ابيض,TEEE50MWWIT-tatto,1.0,6480.0,6480.0,0.0,6480.0,,القاهرة,Credit/Debit Card
2006396652,2026-09-24 09:47:10,Sep 24,raneen,raneen,Pillows,خدادية فايبر لازورد، 70×50 سم، 750 جرام - ابيض,TX1061325WIT,1.0,89.0,89.0,4.45,84.55,TEX200,القاهرة,Cash On Delivery
2006396652,2026-09-24 09:47:10,Sep 24,MP,snooze,Mattress,مرتبة أرضية سنووز ، مايكروفيبر ، 60x200 سم - رمادي,6222057316710,1.0,1099.0,1099.0,54.95,1044.05,TEX200,القاهرة,Cash On Delivery
2006396622,2026-09-24 09:27:35,Sep 24,MP,craftfurniture,Center Table,ترابيزة وسط، خشب أم دي أف، 80×80×40 - بني,MZCTABLE1BRW-craftfurniture,1.0,1499.0,1499.0,0.0,1499.0,,القاهرة,Cash On Delivery
2006396619,2026-09-24 09:26:43,Sep 24,raneen,raneen,Storage,ستاند سهل الطي معدن، 4 دور، 4 عجلات، 120×71×37 سم - اسود,HO1139923BLK,1.0,1199.0,1199.0,59.95,1139.05,kch200,الأسكندرية,Cash On Delivery
2006396616,2026-09-24 09:24:00,Sep 24,raneen,raneen,Water Heaters,سخان مياة غاز انبوبة هيرو فلو اوليمبيك ، 6 لتر، بدون مدخنة، 945105585 - ابيض رمادي,EL1107449WIT,1.0,4749.0,4749.0,0.0,4749.0,,الغربية,Aman
2006396607,2026-09-24 09:22:06,Sep 24,MP,learnandhavefun,Activities &amp; Books,خيمة لعب للأطفال، مجموعة 3 في 1 لعب الأطفال والرضع، خيمة لعب بيت الكرة الجلوس ونفق، حوض كرات وحقيبة تخزين بسحاب للأطفال الصغار,RAN-AEQMKRH,1.0,759.0,759.0,0.0,759.0,,القاهرة,Paymob Wallet
2006396601,2026-09-24 09:19:17,Sep 24,raneen,raneen,Storage,طقم علبة ثلاجة، 3 قطع 1100 مل - شفاف موف,HO1083545MV1,1.0,125.0,125.0,0.0,125.0,,الأسماعيلية,Cash On Delivery
2006396601,2026-09-24 09:19:17,Sep 24,raneen,raneen,Storage,طقم علب ثلاجة بلاستيك الهدي، 14 قطعة - متعدد الالوان,HO1111641MC6,1.0,100.0,100.0,0.0,100.0,,الأسماعيلية,Cash On Delivery
2006396601,2026-09-24 09:19:17,Sep 24,raneen,raneen,Storage,طقم علب ثلاجة بلاستيك الوطنية، 3 قطع - رمادي فاتح,HO1145065LGY,1.0,135.0,135.0,0.0,135.0,,الأسماعيلية,Cash On Delivery
2006396592,2026-09-24 09:14:42,Sep 24,raneen,raneen,Mobile Phones,موبايل سمارت نوت 50 اس انفنكس، 8 جيجابايت رام، 256 جيجابايت، شبكة الجيل الخامس - رمادي تيتانيوم,EL1139743GRY,1.0,16049.0,16049.0,0.0,16049.0,,سوهاج,Cash On Delivery
2006396589,2026-09-24 09:14:30,Sep 24,MP,ammerkatosh,Microwaves &amp; Ovens,فرن كهربائي كريستال فريش، 48 لتر، 2000 وات، FR-4803RCL - اسود فضي,EL1131514BLK-ammerkatosh,1.0,2839.0,2839.0,0.0,2839.0,,سوهاج,Cash On Delivery
2006396583,2026-09-24 09:12:18,Sep 24,raneen,raneen,Pillows,خدادية فايبر لازورد، 70×50 سم، 750 جرام - ابيض,TX1061325WIT,1.0,89.0,89.0,0.0,89.0,,الشرقية,Cash On Delivery
2006396565,2026-09-24 09:04:51,Sep 24,MP,craftfurniture,TV Table,ترابيزة تلفاز خشب ام دي اف ، 160x45x30 سم - اسود بيج,craft-tv-2,1.0,2779.0,2779.0,277.9,2501.1,MORE10,الجيزة,Cash On Delivery
2006396559,2026-09-24 08:59:15,Sep 24,MP,hadymix,Wardrobe,دولاب خشب ام دي اف، 2 باب، 200x160x60 سم - اسود بني,wardrobe1122-hadymix,1.0,12499.0,12499.0,0.0,12499.0,,القاهرة,Cash On Delivery
2006396526,2026-09-24 08:54:16,Sep 24,MP,attallah,Cookers,بوتاجاز غاز فريش جامبو ستانلس، 5 شعلة، 60×90 سم، 500016271 - فضى,MPAER500016271ATT,1.0,12100.0,12100.0,0.0,12100.0,,الشرقية,El-Ahly Installments
2006396556,2026-09-24 08:52:05,Sep 24,MP,molanafortraining,Drinkware,SMEG كوب سفر معزول سعة 440 مل من الفولاذ المقاوم للصدأ - أسود,RAN-SJ6K59W,1.0,599.0,599.0,0.0,599.0,,القاهرة,Cash On Delivery
2006396553,2026-09-24 08:50:51,Sep 24,raneen,raneen,Cookware,طقم صواني فرن زجاج حرارى بورجام، قطعتين - شفاف,HO1102093CLR,1.0,349.0,349.0,17.45,331.55,KCH200,القاهرة,Cash On Delivery
2006396553,2026-09-24 08:50:51,Sep 24,MP,tibatrading,Cookware,مجموعة قوالب صينية كيك تفلون بطلاء غير لاصق من كيارا إنتربرايز، 3 قطع، بأشكال قلب ومربع ودائرة مع قاعدة قابلة للفصل وسهلة الغسل ومناسبة للفرن، لون أسود,RAN-GN6TAZ2,1.0,218.0,218.0,10.9,207.1,KCH200,القاهرة,Cash On Delivery
2006396538,2026-09-24 08:39:51,Sep 24,raneen,raneen,Electronics Audio,راديو محمول اف ام ليوتيك، يعمل بالحجاره و الكهرباء، 20×8×12 سم، LT-2009 - بني,EL1093376BR1,1.0,599.0,599.0,0.0,599.0,,الأسكندرية,valU
2006396535,2026-09-24 08:39:00,Sep 24,raneen,raneen,Dinnerware,طقم عشاء اركوبال جراند، 24 قطعة - متعدد الالوان,HO1140980WI2,1.0,678.0,678.0,0.0,678.0,,القاهرة,Cash On Delivery
2006396529,2026-09-24 08:35:30,Sep 24,MP,alaasasmarketplace,Shoes,شبشب للرجال - متعدد الالوان,d3Vd-43,1.0,133.44,133.44,0.0,133.44,,الجيزة,Cash On Delivery
2006396523,2026-09-24 08:25:52,Sep 24,MP,ocean,Sandwich Waffle Makers,ماكينة صنع بيتزا سوكانى، 1000 وات، SK-08013 - احمر,2758-ocean,1.0,1032.0,1032.0,0.0,1032.0,,القليوبية,Cash On Delivery
2006396520,2026-09-24 08:08:53,Sep 24,raneen,raneen,Cleaning Tools &amp; Supplies,باسكت قمامة بلاستيك بغطاء تاتش حجازي، 7 لتر- ابيض بيج,HO1147789WIT,1.0,135.0,135.0,6.75,128.25,Kch200,أسوان,Cash On Delivery
2006396520,2026-09-24 08:08:53,Sep 24,raneen,raneen,Shoes,شبشب فليب فلوب جلد للرجال اس واي ار,SH1132269BR5,1.0,199.0,199.0,0.0,199.0,Kch200,أسوان,Cash On Delivery
2006396520,2026-09-24 08:08:53,Sep 24,raneen,raneen,Shoes,شبشب فليب فلوب جلد طبيعي للرجال، EU 44 - بني,SH1156903B14,1.0,165.0,165.0,0.0,165.0,Kch200,أسوان,Cash On Delivery
2006396520,2026-09-24 08:08:53,Sep 24,raneen,raneen,Shoes,شبشب فليب فلوب جلد للرجال، EU 44 - بني,SH1155566BR4,1.0,185.0,185.0,0.0,185.0,Kch200,أسوان,Cash On Delivery
2006396520,2026-09-24 08:08:53,Sep 24,raneen,raneen,Shoes,حذاء سهل الارتداء شبك×جلد للرجال، 45 EU - رمادي,SH1149093GY5,1.0,225.0,225.0,0.0,225.0,Kch200,أسوان,Cash On Delivery
2006396517,2026-09-24 08:01:11,Sep 24,MP,edgelighting,Lighting Hanging,نجفة سقف، 6 لمبة، 25×70 سم - ذهبى,AMc555GLD,2.0,999.0,1998.0,0.0,1998.0,,القاهرة,Cash On Delivery
2006396511,2026-09-24 07:59:32,Sep 24,raneen,raneen,Table Lighting,اباجورة مكتب معدن ببطارية، مقاس 15 سم - ذهبي,HO1104495GLD,1.0,249.0,249.0,0.0,249.0,,القاهرة,Cash On Delivery
2006396511,2026-09-24 07:59:32,Sep 24,MP,bes,Lighting Hanging,ابجورة حائط معدنية مطلية بطبقة تحميها من الصدأ و التآكل، 16×16×22 سم - اسود ذهبي,H-BES-23008,1.0,329.0,329.0,0.0,329.0,,القاهرة,Cash On Delivery
2006396511,2026-09-24 07:59:32,Sep 24,MP,signlighting,Table Lighting,اباجورة معدن، لمبة ،30×20 سم - اسود,SIG.LI.14-2B,1.0,359.0,359.0,0.0,359.0,,القاهرة,Cash On Delivery
2006396508,2026-09-24 07:52:58,Sep 24,raneen,raneen,Shoes,حذاء رياضي جلد للاولاد ديسيرت,SH1142286BG3,1.0,235.0,235.0,0.0,235.0,,الشرقية,Cash On Delivery
2006396496,2026-09-24 07:43:58,Sep 24,MP,caesar,Tops and T-shirts,هودي قطن للأولاد من CAESAR بجيوب أمامية - برغندي,23095-burgundy-10,1.0,204.0,204.0,0.0,204.0,,الشرقية,Cash On Delivery
2006396493,2026-09-24 07:43:52,Sep 24,raneen,raneen,Baking Tools,طقم اشكال بسكويت ستانلس ستيل روكى، 4 قطع، 8 سم - فضى,HO1048652SLV,1.0,46.0,46.0,2.3,43.7,KCH200,الجيزة,Credit/Debit Card
2006396493,2026-09-24 07:43:52,Sep 24,raneen,raneen,Cookware,حلة زجاج حراري بيركس، بالغطاء، 4.90 لتر - شفاف,HO1035035CLR,1.0,1099.0,1099.0,54.95,1044.05,KCH200,الجيزة,Credit/Debit Card
2006396493,2026-09-24 07:43:52,Sep 24,raneen,raneen,Baking Tools,طقم اشكال بسكويت ستانلس ستيل روكى، 4 قطع، 10 سم - فضى,HO1048653SLV,1.0,48.0,48.0,2.4,45.6,KCH200,الجيزة,Credit/Debit Card
2006396493,2026-09-24 07:43:52,Sep 24,raneen,raneen,Baking Tools,طقم اشكال بسكويت ستانلس ستيل روكى، 4 قطع، 5 سم - فضى,HO1048651SLV,1.0,50.0,50.0,2.5,47.5,KCH200,الجيزة,Credit/Debit Card
2006396493,2026-09-24 07:43:52,Sep 24,raneen,raneen,Drinkware,طقم كاسات زجاج توليب فاملي، 42 قطعة - شفاف ذهبي,HO1122505CL1,1.0,1240.0,1240.0,62.0,1178.0,KCH200,الجيزة,Credit/Debit Card
2006396487,2026-09-24 07:38:46,Sep 24,MP,snooze,Towels,فوطة وجه سنوز ، 100×50 سم ، قطن - متعدد الالوان,6222057315959,7.0,220.0,1540.0,0.0,1540.0,,الأسكندرية,Cash On Delivery
2006396487,2026-09-24 07:38:46,Sep 24,raneen,raneen,Grinders,مطحنة سوكانى، 500 وات سرعتان، SK-156 - فضى,EL1109103BNS,1.0,1679.0,1679.0,0.0,1679.0,,الأسكندرية,Cash On Delivery
2006396487,2026-09-24 07:38:46,Sep 24,MP,attallah,Mixers &amp; Blenders,هاند بلندر سوكاني، 1200 وات، Sk-758 - اسود فضي,B0BL1FV15VBLS,1.0,1280.0,1280.0,0.0,1280.0,,الأسكندرية,Cash On Delivery
2006396487,2026-09-24 07:38:46,Sep 24,raneen,raneen,Vacuum Cleaners,مكنسة كهربائية توربين بلس تاتش الزنوكى، 2600 وات، بالاضافي اللي كبة زجاج، 1 لتر، 700 وات - اسود فضي,EL1139317BNS,1.0,5799.0,5799.0,0.0,5799.0,,الأسكندرية,Cash On Delivery
2006396487,2026-09-24 07:38:46,Sep 24,MP,rofstore,Washers &amp; Dryer,غسالة ملابس توشيبا فول اوتوماتيك، 9 كجم، 1400 لفة، موتور انفرتر، شاشة ديجيتال، واي فاي، بخار، TW-BK100GF4EG-MK - رمادي غامق,TWBK100GF4EG-ROF,1.0,21200.0,21200.0,0.0,21200.0,,الأسكندرية,Cash On Delivery
2006396487,2026-09-24 07:38:46,Sep 24,MP,coktailstore,Washers &amp; Dryer,غسالة صغيرة قابلة للطي من تيك زون - غسالة محمولة مدمجة لملابس الأطفال والملابس الداخلية - قابلة للطي، مريحة للسفر مع لمسة تحكم للاستخدام في ال,RAN-X39KQJH,1.0,699.0,699.0,0.0,699.0,,الأسكندرية,Cash On Delivery
2006396484,2026-09-24 07:35:40,Sep 24,raneen,raneen,Carpets,سجادة صلاه قطيفه، ظهر دوتس، 40×75 سم، 290 جرام تقريبا - متعدد الالوان,TX1130193MY5,1.0,49.0,49.0,0.0,49.0,,الجيزة,Cash On Delivery
2006396484,2026-09-24 07:35:40,Sep 24,raneen,raneen,Carpets,سجادة صلاه قطيفه، ظهر دوتس، 40×75 سم، 290 جرام تقريبا - ازرق بيج,TX1130193MY2,1.0,49.0,49.0,0.0,49.0,,الجيزة,Cash On Delivery
2006396481,2026-09-24 07:34:47,Sep 24,MP,gallerydoaa,Home Decor,مجموعة ديكور حائط خشبي مقطوع بالليزر للمطبخ من 9 قطع خشب مصمم وودن فاكتروي,RAN-EXNUV5X,1.0,359.0,359.0,0.0,359.0,,القاهرة,Cash On Delivery
2006396481,2026-09-24 07:34:47,Sep 24,MP,molanafortraining,Kettles,غلاية كهربائية بالجسم الخارجي عازل للحرارة من الفولاذ المقاوم للصدأ والقاعدة المضادة للصدأ بسعة 1.8 لتر وقوة 1500 واط (أسود),RAN-8KX5KG2,1.0,699.0,699.0,0.0,699.0,,القاهرة,Cash On Delivery
2006396481,2026-09-24 07:34:47,Sep 24,MP,lightcart,Curtain,ستارة أسفل حوض المطبخ بنقشة هندسية – كحلي,RAN-PKE9W37,1.0,159.0,159.0,0.0,159.0,,القاهرة,Cash On Delivery
4000169045,2026-09-24 07:33:05,Sep 24,MP,grandmakaa,Water Filters,Tank Pro 6-Stage Water Filter Replacement Kit - Effective Purification,RAN-BUDF6VS,1.0,795.0,795.0,0.0,795.0,,القاهرة,Credit/Debit Card
4000169045,2026-09-24 07:33:05,Sep 24,MP,molanafortraining,Cookware,Generic Stainless Steel Kettle with Wooden Handle - 2.5L Capacity,RAN-M5QVR93,1.0,891.0,891.0,0.0,891.0,,القاهرة,Credit/Debit Card
2006396475,2026-09-24 07:23:41,Sep 24,MP,abdelaziz,Shaving &amp; Grooming,ماكينة تنعيم اللحية فى جى ار متعددة الاستخدام للرجال، 600 مللي أمبير، V-322 - أزرق,V-322,1.0,599.0,599.0,0.0,599.0,,القاهرة,valU
2006396469,2026-09-24 07:17:16,Sep 24,raneen,raneen,Bedding,طقم لحاف أطفال مايكروفايبر، 4 قطع، 240×180 سم، 5000 جرام - متعدد الالوان,TX1139798MC8,1.0,1699.0,1699.0,84.95,1614.05,TEX200,الجيزة,Cash On Delivery
2006396466,2026-09-24 07:17:07,Sep 24,MP,radiotalaat,Electronics Audio,راديو جولون، كهربائى، 4 موجات، كلاسيكى، 606 - اسود,RT4839BLK,1.0,340.0,340.0,0.0,340.0,,الأسكندرية,valU
2006396466,2026-09-24 07:17:07,Sep 24,MP,norlight,Watches &amp; Alarms,ساعة حائط TEKCOOL 12&quot; صامتة بمحرك كوارتز، تصميم ديكوري عصري، بطارية، سهلة القراءة للمنزل/المطبخ/المكتب/المدرسة - تنسيق أنالوج، بلاستي,RAN-ZRCHUWY,1.0,499.0,499.0,0.0,499.0,,الأسكندرية,valU
2006396463,2026-09-24 07:16:04,Sep 24,raneen,raneen,Vacuum Cleaners,مكنسة كينوود، 2200 وات، 3.5 لتر، 2 فلتر تنقية، VBP80.000GB - اسود رمادي,EL1107007BNG,1.0,6499.0,6499.0,324.95,6174.05,LA400,القاهرة,Aman
2006396460,2026-09-24 07:14:06,Sep 24,raneen,raneen,Shoe Rack,جزامة خشب أم دي أف، 2 دلفة، 3 رف جانبي، 2 رف سفلي، 90×32×90 سم - بني بيج,HO1147594BNB,1.0,2299.0,2299.0,0.0,2299.0,,الجيزة,Cash On Delivery
2006396457,2026-09-24 07:08:47,Sep 24,raneen,raneen,Kitchen Accessories,مريلة مطبخ وتر بروف، 2 جيب، 70×74 سم - فوشيا,HO1095163FC1,2.0,71.0,142.0,7.1,134.9,KCH200,الغربية,Cash On Delivery
2006396457,2026-09-24 07:08:47,Sep 24,raneen,raneen,Drinkware,زجاجه مياه رياضية بلاستيك تانك، 800 مل - احمر,HO1147793RED,1.0,90.0,90.0,4.5,85.5,KCH200,الغربية,Cash On Delivery
2006396457,2026-09-24 07:08:47,Sep 24,raneen,raneen,Drinkware,زجاجه مياه رياضية بلاستيك تانك، 800 مل - ازرق,HO1147791BLU,1.0,90.0,90.0,4.5,85.5,KCH200,الغربية,Cash On Delivery
2006396457,2026-09-24 07:08:47,Sep 24,raneen,raneen,Cleaning Tools &amp; Supplies,فرشاة تنظيف بالجاروف بلاستيك بيد ستانلس ستيل رينامورا، 100 سم - ابيض اصفر,HO1104648WNY,1.0,222.0,222.0,11.1,210.9,KCH200,الغربية,Cash On Delivery
2006396457,2026-09-24 07:08:47,Sep 24,raneen,raneen,Cleaning Tools &amp; Supplies,فرشاة تنظيف بالجاروف بلاستيك بيد ستانلس ستيل رينامورا، 100 سم - ابيض بينك,HO1104648WNP,1.0,222.0,222.0,11.1,210.9,KCH200,الغربية,Cash On Delivery
2006396457,2026-09-24 07:08:47,Sep 24,raneen,raneen,Bowl,طقم بولات عجن ستانلس ستيل مستديره فالمر، 3 قطع - فضي,HO1106359SLV,1.0,490.0,490.0,24.5,465.5,KCH200,الغربية,Cash On Delivery
2006396457,2026-09-24 07:08:47,Sep 24,raneen,raneen,Cookware,طقم قلاية بيد بكالايت تيفال تيمبو، قطعتين - احمر,HO1065923RD1,1.0,999.0,999.0,49.95,949.05,KCH200,الغربية,Cash On Delivery
2006396457,2026-09-24 07:08:47,Sep 24,raneen,raneen,Serveware,طقم صواني ميلامين الشريف، 3 قطع - متعدد الالوان,HO1147769MC1,1.0,249.0,249.0,12.45,236.55,KCH200,الغربية,Cash On Delivery
2006396457,2026-09-24 07:08:47,Sep 24,raneen,raneen,Cookware,طقم صينيه بسبوسه الومنيوم عبود، قطعتين - فضي,HO1147807SLV,2.0,200.0,400.0,20.0,380.0,KCH200,الغربية,Cash On Delivery
2006396457,2026-09-24 07:08:47,Sep 24,raneen,raneen,Cookware,طاجن الومنيوم مستطيل ماجستيك شيف كوك، 35 سم - فضي,HO1116135SLV,1.0,200.0,200.0,10.0,190.0,KCH200,الغربية,Cash On Delivery
2006396457,2026-09-24 07:08:47,Sep 24,raneen,raneen,Drinkware,ترمس حراري ستانلس ستيل بالشاليموه، 450 مل - برتقالي,HO1126617OR1,1.0,180.0,180.0,9.0,171.0,KCH200,الغربية,Cash On Delivery
2006396457,2026-09-24 07:08:47,Sep 24,MP,ocean,Tanks,كولمن ايس تانك سعة 2.5 لتر، لون ارجواني,RAN-D9F2FGK,1.0,239.0,239.0,11.95,227.05,KCH200,الغربية,Cash On Delivery
2006396454,2026-09-24 07:03:30,Sep 24,MP,cluclight,Table Lighting,اباجورة علي شكل ماسة - ذهبي,RAN-HBDZYZB,1.0,229.0,229.0,22.9,206.1,LIT200,القاهرة,Cash On Delivery
2006396454,2026-09-24 07:03:30,Sep 24,MP,lightsquare,Lighting Hanging,لمبة علوية عصرية بتصميم الكرة الأرضية، تشطيب نحاسي، غطاء زجاج أبيض، مصباح سقف معلق قابل للتعديل، مع لمبة مجانية,RAN-X9HT7BP,2.0,239.0,478.0,47.8,430.2,LIT200,القاهرة,Cash On Delivery
2006396445,2026-09-24 06:57:23,Sep 24,raneen,raneen,Cleaning Tools &amp; Supplies,باسكت قمامة بلاستيك بغطاء تاتش حجازي، 7 لتر- ابيض بيج,HO1147789WIT,3.0,135.0,405.0,0.0,405.0,,الجيزة,Cash On Delivery
2006396445,2026-09-24 06:57:23,Sep 24,raneen,raneen,Cookware,حلة زجاج حراري بالغطاء، 1.8 لتر - شفاف,HO1146475CLR,1.0,129.0,129.0,0.0,129.0,,الجيزة,Cash On Delivery
2006396442,2026-09-24 06:52:37,Sep 24,raneen,raneen,Storage,طقم علب تخزين بقوليات بلاستيك حجازي بلاست، 5 قطع، 1.9 لتر، بالاضافة الي 5 قطع معيار، 180 مل - بينك تركواز,HO1107557MC1,1.0,100.0,100.0,0.0,100.0,,القاهرة,Cash On Delivery
2006396430,2026-09-24 06:40:10,Sep 24,MP,snooze,Pillows,غطاء وسادة طويل قماش قطني مخلوط سنوز، 40×120 سم، قطعة واحدة - تصميم كلاسيك,6222057316611,1.0,123.0,123.0,6.15,116.85,TEX200,الأسكندرية,Aman
2006396430,2026-09-24 06:40:10,Sep 24,MP,snooze,Pillows,طقم أغطية وسائد قماش قطني مخلوط سنوز، 50×70 سم، قطعتين - تصميم كلاسيك,6222057316604,1.0,167.0,167.0,8.35,158.65,TEX200,الأسكندرية,Aman
2006396430,2026-09-24 06:40:10,Sep 24,raneen,raneen,Pillows,كيس مخدة نايس هوم، 120×50 سم,TX1042176LKH,2.0,89.0,178.0,8.9,169.1,TEX200,الأسكندرية,Aman
2006396430,2026-09-24 06:40:10,Sep 24,raneen,raneen,Bowl,طقم مج شوربة زجاج سيتي جلاس، قطعتين، 400 مل - شفاف,HO1126433CLR,1.0,80.0,80.0,0.0,80.0,TEX200,الأسكندرية,Aman
2006396430,2026-09-24 06:40:10,Sep 24,MP,yarlin,Pillows,طقم كيس خدادية، قطن مخلوط، 70x50 سم، قطعتين - متعدد الالوان,Yar-92,1.0,180.0,180.0,9.0,171.0,TEX200,الأسكندرية,Aman
2006396430,2026-09-24 06:40:10,Sep 24,MP,snooze,Bedding,دفايه بأستيك فرو سنوز، 100×195+30 سم، قطعة واحدة,MP-6223015814125,1.0,637.0,637.0,31.85,605.15,TEX200,الأسكندرية,Aman
2006396424,2026-09-24 06:34:34,Sep 24,raneen,raneen,Storage,علبة تخزين بلاستيك بالأضافة الى مج الهدى، قطعتين - شفاف موف,HO1137687CL1,1.0,115.0,115.0,5.75,109.25,kch200,المنيا,Cash On Delivery
2006396424,2026-09-24 06:34:34,Sep 24,raneen,raneen,Cleaning Tools &amp; Supplies,جردل مسح 2 عين بالغطاء بلاستيك سمارت حجازي بلاست، مزود بماسحة باركية، 2 غيار، 22×19×37 سم - بيج رمادي,HO1114685BG1,2.0,200.0,400.0,20.0,380.0,kch200,المنيا,Cash On Delivery
2006396421,2026-09-24 06:30:40,Sep 24,raneen,raneen,Shoes,شبشب سلايد جلد للرجال، EU 44 - اسود,SH1155584BK4,1.0,185.0,185.0,0.0,185.0,,الجيزة,Cash On Delivery
2006396421,2026-09-24 06:30:40,Sep 24,raneen,raneen,Shoes,شبشب كلوج بلاستيك للرجال كارلوس,SH1155870BK5,1.0,99.0,99.0,0.0,99.0,,الجيزة,Cash On Delivery
2006396418,2026-09-24 06:25:55,Sep 24,raneen,raneen,Sofa,كنبة ركنة حرف L خشب موسكي تنجيد قطيفة، قطعتين، 3 مستويات، كنبة، شازلونج، سرير، 265×85×170×85 سم - كحلي,HO1117863NVY,1.0,9499.0,9499.0,0.0,9499.0,,الجيزة,Cash On Delivery
2006396412,2026-09-24 06:18:46,Sep 24,raneen,raneen,Drinkware,طقم شوب عصير زجاج بلينك ماكس، 3 قطع، 350 مل - شفاف,HO1071302CLR,2.0,200.0,400.0,20.0,380.0,KCH200,الدقهلية,Cash On Delivery
2006396412,2026-09-24 06:18:46,Sep 24,raneen,raneen,Drinkware,طقم شوب زجاج لومينارك، 6 قطع - شفاف,HO1098503CLR,1.0,249.0,249.0,12.45,236.55,KCH200,الدقهلية,Cash On Delivery
2006396412,2026-09-24 06:18:46,Sep 24,raneen,raneen,Drinkware,طقم اكوب شاي باشابتشى، 6 قطع، 210 مللي - شفاف,HO1092646CLR,1.0,200.0,200.0,10.0,190.0,KCH200,الدقهلية,Cash On Delivery
2006396412,2026-09-24 06:18:46,Sep 24,raneen,raneen,Drinkware,طقم فنجان شاي بلانك ماكس، 6 قطع، 135 مل - شفاف,HO1052477CLR,3.0,200.0,600.0,30.0,570.0,KCH200,الدقهلية,Cash On Delivery
2006396412,2026-09-24 06:18:46,Sep 24,raneen,raneen,Drinkware,طقم مج زجاج بلينك ماكس، 6 قطع، 140 مل - شفاف,HO1074529CLR,2.0,200.0,400.0,20.0,380.0,KCH200,الدقهلية,Cash On Delivery
2006396412,2026-09-24 06:18:46,Sep 24,raneen,raneen,Drinkware,طقم فنجان قهوة زجاج بلانك ماكس، 155 مل 6 قطع - شفاف,HO1052508CLR,3.0,200.0,600.0,30.0,570.0,KCH200,الدقهلية,Cash On Delivery
2006396412,2026-09-24 06:18:46,Sep 24,raneen,raneen,Drinkware,طقم مجات زجاج بلينك ماكس، 6 قطع، 230 مل - شفاف,HO1074532CLR,2.0,200.0,400.0,20.0,380.0,KCH200,الدقهلية,Cash On Delivery
2006396412,2026-09-24 06:18:46,Sep 24,raneen,raneen,Drinkware,طقم مج زجاج بلينك ماكس، 6 قطع، 220 مل - شفاف,HO1074537CLR,1.0,200.0,200.0,10.0,190.0,KCH200,الدقهلية,Cash On Delivery
2006396412,2026-09-24 06:18:46,Sep 24,raneen,raneen,Drinkware,طقم مج زجاج بلينك ماكس، 6 قطع، 250 مل - شفاف,HO1136363CLR,1.0,200.0,200.0,10.0,190.0,KCH200,الدقهلية,Cash On Delivery
2006396409,2026-09-24 06:12:40,Sep 24,MP,attallah,Refrigerators &amp; Freezers,ثلاجة نوفروست توشيبا، 338 لتر، GR-RT468WE-DMN49 - رمادي,GRRT468WEDMN-conf-attallah,1.0,19895.0,19895.0,0.0,19895.0,,المنيا,Cash On Delivery
2006396403,2026-09-24 06:11:26,Sep 24,raneen,raneen,Shoe Rack,جزامة خشب شيب بورد، 3 ارفف، 2 دلفة، ارجل بلاستيك، 80×32×97 سم - بيج اوف وايت,HO1122591BNW,1.0,1799.0,1799.0,0.0,1799.0,,الأسكندرية,Cash On Delivery
2006396403,2026-09-24 06:11:26,Sep 24,MP,woodenfurniture,Center Table,ترابيزة وسط مودرن خشب ام دي اف، 45×45×80 سم - بيج وابيض,WOODF266,1.0,1099.0,1099.0,0.0,1099.0,,الأسكندرية,Cash On Delivery
2006396400,2026-09-24 06:09:57,Sep 24,raneen,raneen,Tanks,طقم كولمان بلاستيك ايس تانك، 3 قطع، ايس تانك 16 لتر مع ايس تانك 2.5 لتر مع زجاجة مياة 1000 مل - احمر ابيض,HO1149686MC1,2.0,699.0,1398.0,69.9,1328.1,KCH200,الغربية,Cash On Delivery
2006396400,2026-09-24 06:09:57,Sep 24,raneen,raneen,Cutlery &amp; Flatware Set,طقم ادوات مائدة ستانلس ستيل، 30 قطع، بالاضافة الي ستانلس ستيل - فضي ذهبي,HO1132485SL1,1.0,1199.0,1199.0,59.95,1139.05,KCH200,الغربية,Cash On Delivery
2006396400,2026-09-24 06:09:57,Sep 24,MP,molanafortraining,Serveware,طقم صواني ميلامين فاخر بتصميم زهور - أناقة في كل تقديمة!,RAN-YHUNNRB,1.0,604.0,604.0,30.2,573.8,KCH200,الغربية,Cash On Delivery
2006396400,2026-09-24 06:09:57,Sep 24,raneen,raneen,Serveware,طقم صواني تقديم خشب السلسبيل، قطعتين - بيج ذهبي,HO1141753BS3,1.0,499.0,499.0,24.95,474.05,KCH200,الغربية,Cash On Delivery
2006396400,2026-09-24 06:09:57,Sep 24,raneen,raneen,Cleaning Tools &amp; Supplies,باسكت قمامة بلاستيك بغطاء تاتش حجازي، 7 لتر- ابيض بيج,HO1147789WIT,1.0,135.0,135.0,6.75,128.25,KCH200,الغربية,Cash On Delivery
2006396391,2026-09-24 06:06:11,Sep 24,raneen,raneen,Cleaning Tools &amp; Supplies,جردل مسح بلاستيك الوطنية، 2 عين، مساحة فلات بلاستيك بيد ستانلس ستيل، 42×36×26 سم - احمر رمادي,HO1125270RNG,1.0,799.0,799.0,39.95,759.05,KCH200,الغربية,Cash On Delivery
2006396391,2026-09-24 06:06:11,Sep 24,raneen,raneen,Cleaning Tools &amp; Supplies,باسكت قمامة بلاستيك بغطاء تاتش حجازي، 7 لتر- ابيض بيج,HO1147789WIT,1.0,135.0,135.0,6.75,128.25,KCH200,الغربية,Cash On Delivery
2006396391,2026-09-24 06:06:11,Sep 24,raneen,raneen,Dinnerware,طقم عدلية ستانلس ستيل شيف كوك، 3 قطع - فضي,HO1119875SLV,1.0,100.0,100.0,5.0,95.0,KCH200,الغربية,Cash On Delivery
2006396391,2026-09-24 06:06:11,Sep 24,MP,juzoor,Kitchenware,بلانشة تقطيع خشب زان إليت، 40×23 سم - خشبي,HO1103565BSC-juzoor,1.0,220.0,220.0,11.0,209.0,KCH200,الغربية,Cash On Delivery
2006396391,2026-09-24 06:06:11,Sep 24,raneen,raneen,Knife &amp; Cutters,طقم سكاكين ستانلس ستيل باس، 7 قطع، بالاضافة الي ستاند - فضي,HO1053817SL8,1.0,1099.0,1099.0,54.95,1044.05,KCH200,الغربية,Cash On Delivery
2006396391,2026-09-24 06:06:11,Sep 24,raneen,raneen,Cookware,طقم طاجن فرن مستطيل تيمبو تيفال، قطعتين - احمر داكن,HO1045506DRD,1.0,1499.0,1499.0,74.95,1424.05,KCH200,الغربية,Cash On Delivery
2006396388,2026-09-24 06:01:40,Sep 24,raneen,raneen,Drinkware,طقم فنجان قهوة بورسلين جروب تايجر، 13 قطعه، بالاضافة الي ستاند - بينك ذهبي,HO1143107PK1,1.0,899.0,899.0,43.82,855.18,KCH200,الغربية,Cash On Delivery
2006396388,2026-09-24 06:01:40,Sep 24,MP,molanafortraining,Kitchenware,طقم علب بورسلين محكم الغلق للقهوة والسكر والشاي، طقم 3 قطع متعدد الألوان بتصميم مميز وغطاء خشب لتخزين القهوة والشاي والسكر - غطاء بغزالة بلون ذهبى (650 مل),RAN-P42BQEY,1.0,746.0,746.0,36.37,709.63,KCH200,الغربية,Cash On Delivery
2006396388,2026-09-24 06:01:40,Sep 24,raneen,raneen,Cookware,طقم كسروله المونيوم شيف كوك، 3 قطع، يد ستانلس ستيل - فضي,HO1115369SLV,1.0,200.0,200.0,0.0,200.0,KCH200,الغربية,Cash On Delivery
2006396388,2026-09-24 06:01:40,Sep 24,raneen,raneen,Drinkware,طقم كاسات عصير كايرو جلاسس، 6 قطع، 17 سم - شفاف,HO1095857CLR,1.0,60.0,60.0,2.93,57.07,KCH200,الغربية,Cash On Delivery
2006396388,2026-09-24 06:01:40,Sep 24,raneen,raneen,Bowl,طقم بولة بورسلين مستديرة، 6 قطع، 12 سم - ابيض روز,HO1146476WI1,1.0,200.0,200.0,9.75,190.25,KCH200,الغربية,Cash On Delivery
2006396388,2026-09-24 06:01:40,Sep 24,raneen,raneen,Bowl,طقم بولة شوربة بورسلين لوتس، 4 قطع، بالاضافة الي ستاند - متعدد الالوان,HO1070002MC3,1.0,549.0,549.0,26.76,522.24,KCH200,الغربية,Cash On Delivery
2006396388,2026-09-24 06:01:40,Sep 24,raneen,raneen,Drinkware,طقم زجاج باشابتشي، 42 قطعة - شفاف,HO1142061CLR,1.0,1649.0,1649.0,80.38,1568.62,KCH200,الغربية,Cash On Delivery
2006396382,2026-09-24 05:56:11,Sep 24,raneen,raneen,Cookware,طقم حلل جرانيت نيوكلاين، 11 قطعة - بني,HO1145608BRN,1.0,3999.0,3999.0,199.95,3799.05,KCH200,الأسكندرية,Cash On Delivery
2006396379,2026-09-24 05:53:58,Sep 24,raneen,raneen,Dinnerware,طبق فاكهة زجاج مستدير سيتي جلاس، 29 سم - شفاف,HO1098569CLR,1.0,249.0,249.0,12.44,236.56,KCH200,الغربية,Cash On Delivery
2006396379,2026-09-24 05:53:58,Sep 24,raneen,raneen,Drinkware,طقم مج بورسلين لوتس دريم، 4 قطع، 350 مللي - متعدد الالوان,HO1110779MC4,1.0,200.0,200.0,10.0,190.0,KCH200,الغربية,Cash On Delivery
2006396379,2026-09-24 05:53:58,Sep 24,raneen,raneen,Cleaning Tools &amp; Supplies,طبق غسيل بلاستيك الهلال والنجمة، 35 سم - تركواز ازرق,HO1116868TR1,2.0,65.0,130.0,6.5,123.5,KCH200,الغربية,Cash On Delivery
2006396379,2026-09-24 05:53:58,Sep 24,raneen,raneen,Cleaning Tools &amp; Supplies,طبق غسيل بلاستيك الهلال والنجمة، 35 سم - تركواز فاتح,HO1116864TR1,1.0,60.0,60.0,3.0,57.0,KCH200,الغربية,Cash On Delivery
2006396379,2026-09-24 05:53:58,Sep 24,raneen,raneen,Cleaning Tools &amp; Supplies,طبق غسيل بلاستيك الهلال والنجمة، 42 سم - روز,HO1116865RS1,1.0,95.0,95.0,4.75,90.25,KCH200,الغربية,Cash On Delivery
2006396379,2026-09-24 05:53:58,Sep 24,raneen,raneen,Cleaning Tools &amp; Supplies,طبق غسيل بلاستيك الهلال والنجمة، 35 سم - روز,HO1116864RS1,1.0,60.0,60.0,3.0,57.0,KCH200,الغربية,Cash On Delivery
2006396379,2026-09-24 05:53:58,Sep 24,raneen,raneen,Cookware,طقم طاجن فخار، 6 قطع - بني,HO1109701BRN,2.0,100.0,200.0,10.0,190.0,KCH200,الغربية,Cash On Delivery
2006396379,2026-09-24 05:53:58,Sep 24,raneen,raneen,Serveware,طقم صواني تقديم ستانلس ستيل شيف كوك، 3 قطع - فضي,HO1091268SL2,1.0,100.0,100.0,5.0,95.0,KCH200,الغربية,Cash On Delivery
2006396379,2026-09-24 05:53:58,Sep 24,raneen,raneen,Kitchenware,منظم الملاعق وشوك الوطنية، 48×37 سم - بنى,HO1058198BRN,1.0,230.0,230.0,11.49,218.51,KCH200,الغربية,Cash On Delivery
2006396379,2026-09-24 05:53:58,Sep 24,raneen,raneen,Kitchenware,طقم توزيع خشب سرسوع أليت، 4 قطع،32 سم - بني بيج,HO1093818BRN,1.0,200.0,200.0,10.0,190.0,KCH200,الغربية,Cash On Delivery
2006396379,2026-09-24 05:53:58,Sep 24,raneen,raneen,Kitchenware,شبكه تحمير ستانلس ستيل بيد بكلايت، 39 سم - فضي خشبي,HO1144003BNS,1.0,55.0,55.0,2.75,52.25,KCH200,الغربية,Cash On Delivery
2006396379,2026-09-24 05:53:58,Sep 24,raneen,raneen,Cleaning Tools &amp; Supplies,باسكت قمامة بلاستيك الوطنية، 50 لتر - احمر,HO1058157RED,1.0,299.0,299.0,14.94,284.06,KCH200,الغربية,Cash On Delivery
2006396379,2026-09-24 05:53:58,Sep 24,raneen,raneen,Kitchenware,مقشرة استانلس ستيل روكى - فضى,HO1048640SLV,1.0,25.0,25.0,1.25,23.75,KCH200,الغربية,Cash On Delivery
2006396379,2026-09-24 05:53:58,Sep 24,MP,lifecare,Kitchenware,مجموعة تحضير الطعام - خلاط فولاذي مقاوم للصدأ 3 في 1، مبشرة، وقاطع خضار مع سلة تصريف ومصفاة للاستخدام المريح في المطبخ (30 سم),RAN-SPB2E38,1.0,284.0,284.0,14.19,269.81,KCH200,الغربية,Cash On Delivery
2006396379,2026-09-24 05:53:58,Sep 24,raneen,raneen,Cleaning Tools &amp; Supplies,طبق غسيل بلاستيك الوطنية، 38 سم - تركواز,HO1058135TRQ,1.0,60.0,60.0,3.0,57.0,KCH200,الغربية,Cash On Delivery
2006396379,2026-09-24 05:53:58,Sep 24,raneen,raneen,Cleaning Tools &amp; Supplies,جردل بلاستيك الوطنية - احمر,HO1058147RED,1.0,135.0,135.0,6.75,128.25,KCH200,الغربية,Cash On Delivery
2006396379,2026-09-24 05:53:58,Sep 24,raneen,raneen,Tanks,قارورة مياه سبيد، 19 لتر - ازرق,HO1035122BLU,1.0,199.0,199.0,9.95,189.05,KCH200,الغربية,Cash On Delivery
2006396379,2026-09-24 05:53:58,Sep 24,MP,tibatrading,Kitchen Accessories,حامل مكانس للتعليق على الحائط مع 5 مواقع و 6 خطافات - رمادي,RAN-MVXRKBZ,1.0,155.0,155.0,7.75,147.25,KCH200,الغربية,Cash On Delivery
2006396379,2026-09-24 05:53:58,Sep 24,raneen,raneen,Cleaning Tools &amp; Supplies,جردل بلاستيك بالعصارة اوفال الهلال و النجمة، 20 لتر، موب قطن هدية - اسود احمر,HO1118122BNR,1.0,249.0,249.0,12.44,236.56,KCH200,الغربية,Cash On Delivery
2006396379,2026-09-24 05:53:58,Sep 24,raneen,raneen,Cleaning Tools &amp; Supplies,باسكت قمامة مطبخ بلاستيك ليث، 27 سم - اسود,HO1141600BLK,1.0,55.0,55.0,2.75,52.25,KCH200,الغربية,Cash On Delivery
2006396379,2026-09-24 05:53:58,Sep 24,raneen,raneen,Cookware,طقم كنك جرانيت السلسبيل، 3 قطع، يد ستانلس ستيل، بالاضافة الي ستاند - رمادي ذهبي,HO1129588GRY,1.0,765.0,765.0,38.24,726.76,KCH200,الغربية,Cash On Delivery
2006396379,2026-09-24 05:53:58,Sep 24,raneen,raneen,Kitchenware,مضرب بيض ستانلس ستيل مينج هينج، 26 سم - فضي خشبي,HO1138407BNS,1.0,46.0,46.0,2.3,43.7,KCH200,الغربية,Cash On Delivery
2006396379,2026-09-24 05:53:58,Sep 24,raneen,raneen,Storage,طقم علبة ثلاجة القائد، 4 قطع - شفاف ازرق,HO1092651BLU,1.0,150.0,150.0,7.5,142.5,KCH200,الغربية,Cash On Delivery
2006396370,2026-09-24 05:37:01,Sep 24,raneen,raneen,Kitchen Machine &amp; Kneading Machines,عجان ستاند فريش، 1800 وات، 6 لتر، FSM-OG - فضي برتقالى,EL1137743SNO,1.0,5404.0,5404.0,0.0,5404.0,,الأقصر,Cash On Delivery
2006396367,2026-09-24 05:30:15,Sep 24,MP,alsorgy,Shaving &amp; Grooming,ماكينة حلاقة شعر كيمي، 800 ملي امبير، 4 امشاط، KM-T99 - ذهبي,EL1119816GLD-alsorgy,1.0,209.0,209.0,0.0,209.0,,القاهرة,Cash On Delivery
2006396358,2026-09-24 05:23:09,Sep 24,raneen,raneen,Bedding,دفاية سرير قطيفة نانا سيكريت، 220×150 سم، 470 جرام - كشمير,TX1156543MA5,1.0,99.0,99.0,4.95,94.05,TEX200,القليوبية,Cash On Delivery
2006396358,2026-09-24 05:23:09,Sep 24,raneen,raneen,Bedding,دفاية سرير قطيفة نانا سيكريت، 220×150 سم، 470 جرام - احمر داكن,TX1156543MA3,1.0,99.0,99.0,4.95,94.05,TEX200,القليوبية,Cash On Delivery
2006396358,2026-09-24 05:23:09,Sep 24,raneen,raneen,Bedding,دفاية سرير قطيفة نانا سيكريت، 220×150 سم، 470 جرام - بينك,TX1156543MA1,1.0,99.0,99.0,4.95,94.05,TEX200,القليوبية,Cash On Delivery
2006396355,2026-09-24 05:15:57,Sep 24,raneen,raneen,Water Heaters,سخان كهرباء بشاشة LED زانوسي، 50 لتر، ZYE05031WN - أبيض,EL1101598WIT,1.0,4199.0,4199.0,0.0,4199.0,,الدقهلية,Cash On Delivery
2006396352,2026-09-24 05:11:31,Sep 24,MP,grandmakaa,Sandwich Waffle Makers,ماكينة صنع الخبز 7 في 1 بقوة 800 وات - سيتي,RAN-7H7MEPG,1.0,1949.0,1949.0,0.0,1949.0,,الأسكندرية,Cash On Delivery
2006396349,2026-09-24 04:53:50,Sep 24,MP,grohy,Televisions,تلفزيون سمارت إيفولف ، بدون اطار ، 43 بوصه ،FHD ، VLD43SAWOR - اسود,VLD43SAWOR,1.0,8890.0,8890.0,0.0,8890.0,,الجيزة,Cash On Delivery
2006396343,2026-09-24 04:40:31,Sep 24,MP,talhastore,Men&#039;s Bags,حقيبة خصر رجالية من الجلد الطبيعي متعددة الجيوب بحزام قابل للتعديل,RAN-JBATJRE,1.0,270.0,270.0,0.0,270.0,,السويس,Cash On Delivery
2006396343,2026-09-24 04:40:31,Sep 24,MP,blackmirror,Men&#039;s Accessories,قبعة فيدورا كلاسيكية ذات جزء علوي مسطح وشريط للجنسين - بني,IH-OMAL-JK01,1.0,200.0,200.0,0.0,200.0,,السويس,Cash On Delivery
2006396343,2026-09-24 04:40:31,Sep 24,MP,sparkit,AirPods,سماعة رأس لاسلكية P9 - بلوتوث 5.0، صوت عميق، بطارية طويلة العمر، تصميم مريح فوق الأذن مع ميكروفون (أزرق),RAN-PSRGWC8,1.0,250.0,250.0,0.0,250.0,,السويس,Cash On Delivery
4000169036,2026-09-24 04:30:31,Sep 24,MP,attallah,Fans,"Fresh El-Shabah Stand Fan with Remote Control,18 Inch,3 speeds - Red",EL1049886BLK-attalah,1.0,2150.0,2150.0,0.0,2150.0,,القاهرة,Paymob Wallet
4000169036,2026-09-24 04:30:31,Sep 24,raneen,raneen,Air Conditioner,"Midea M1SEFT-12CRN8F-Q8 R32 (MOSEFT-12CN8-X2Q8) Extreme Pro Split Air Conditioner, 1.5 HP, Cooling Only - White",EL1147502WIT,1.0,20599.0,20599.0,0.0,20599.0,,القاهرة,Paymob Wallet
4000169036,2026-09-24 04:30:31,Sep 24,MP,attallah,Water Heaters,"Fresh Electric Water Heater, 50 Liters - White",B01KVAXKAUWHT,1.0,3381.0,3381.0,0.0,3381.0,,القاهرة,Paymob Wallet
2006396328,2026-09-24 04:23:24,Sep 24,raneen,raneen,Refrigerators &amp; Freezers,ثلاحة مينى بار دي فروست فريش، بار باب واحد، 95 لتر، FMB-140/500017476 - فضى,EL1141809SLV,1.0,8189.0,8189.0,0.0,8189.0,,القاهرة,valU
2006396325,2026-09-24 04:22:56,Sep 24,raneen,raneen,Kitchenware,مفرش سيليكون مستطيل لعمل البيتزا والفطائر، 36×43 سم - رمادي,HO1075165GRY,1.0,75.0,75.0,0.0,75.0,,الأسكندرية,Aman
2006396325,2026-09-24 04:22:56,Sep 24,raneen,raneen,Cookware,قلاية جرانيت عابدين، بيد بكالايت، 24 سم - بترولي فاتح,HO1064863PT1,1.0,319.0,319.0,0.0,319.0,,الأسكندرية,Aman
2006396325,2026-09-24 04:22:56,Sep 24,MP,lazord,Cookware,طقم صينية فرن لابيس جرانيت، 24 / 28 سم، ، قطعتين - نحاسى,6224003525023,1.0,929.0,929.0,0.0,929.0,,الأسكندرية,Aman
2006396325,2026-09-24 04:22:56,Sep 24,raneen,raneen,Cookware,دبل جريل جرانيت بيد بكالايت الفا، 36 سم - تركواز,HO1147352OLV,1.0,999.0,999.0,0.0,999.0,,الأسكندرية,Aman
2006396316,2026-09-24 04:19:12,Sep 24,raneen,raneen,Washers &amp; Dryer,غسالة ملابس تحميل علوي نصف اوتوماتيك فريش، 2 موتور، 14 كجم، FWT14000ND-500010644 - ابيض,EL1064698WIT,1.0,8099.0,8099.0,400.0,7699.0,la400,المنوفية,Cash On Delivery
2006396310,2026-09-24 04:11:19,Sep 24,MP,goldena,Dishwasher,غسالة اطباق بيكو، 45 سم، 10 فرد، 5 برامج، انفرتر، شاشة ليد،  BDFS15020B - اسود,7665005135,1.0,15538.0,15538.0,400.0,15138.0,GET400,الجيزة,Cash On Delivery
2006396301,2026-09-24 04:03:05,Sep 24,MP,comfyrelaxation,Bean Bags,بين باج  جلد ، 100×100×85 سم,YMCRCRL06OFW,1.0,2199.0,2199.0,261.91,1937.09,OFF500,القاهرة,Cash On Delivery
2006396301,2026-09-24 04:03:05,Sep 24,MP,comfyrelaxation,Bean Bags,بين باج جلد ، 90×90×95 سم - متعدد الالوان,YMCRCFL01XMC,1.0,1999.0,1999.0,238.09,1760.91,OFF500,القاهرة,Cash On Delivery
2006396295,2026-09-24 04:01:17,Sep 24,raneen,raneen,Dinnerware,طقم عشاء مربع اركوبال لومينارك، 19 قطعة - ابيض,HO1149853WI1,2.0,1199.0,2398.0,100.0,2298.0,KCH200,القليوبية,Cash On Delivery
2006396295,2026-09-24 04:01:17,Sep 24,raneen,raneen,Dinnerware,طقم عشاء أركوبال اماراتي لومينارك، 26 قطعة - ابيض,HO1124768WI1,2.0,1199.0,2398.0,100.0,2298.0,KCH200,القليوبية,Cash On Delivery
2006396286,2026-09-24 03:59:35,Sep 24,raneen,raneen,Dinnerware,طقم عشاء أركوبال اماراتي لومينارك، 26 قطعة - ابيض,HO1124768WI1,1.0,1199.0,1199.0,57.15,1141.85,KCH200,القليوبية,Cash On Delivery
2006396286,2026-09-24 03:59:35,Sep 24,raneen,raneen,Dinnerware,طقم عشاء أركوبال أماراتى لومينارك، 24 قطعة - ابيض,HO1088626WIT,3.0,999.0,2997.0,142.85,2854.15,KCH200,القليوبية,Cash On Delivery
2006396283,2026-09-24 03:57:03,Sep 24,raneen,raneen,Luggage,شنطة سفر ترولي سيليكون سوناتا، 25 بوصة، 6 سوستة، قفل رقمى - احمر,HO1155329RED,1.0,1499.0,1499.0,0.0,1499.0,,القاهرة,Cash On Delivery
2006396280,2026-09-24 03:52:45,Sep 24,raneen,raneen,Cookware,براد بيركس سيماك، 1.7 لتر - رمادى,HO1040016GRY,1.0,319.0,319.0,15.95,303.05,KCH200,الجيزة,Cash On Delivery
2006396271,2026-09-24 03:46:07,Sep 24,MP,cairotech,Printers,مجموعة من طابعة ليزر و خرطوشة حبر كانون ، 1238Pr - T08 - ابيض,3010C006-CT,1.0,8199.0,8199.0,0.0,8199.0,,الغربية,Cash On Delivery
2006396265,2026-09-24 03:45:31,Sep 24,raneen,raneen,Ladders &amp; Clothes Dryer,منشر غسيل معدن لابوار، 154×60×136 سم - فضي ازرق فاتح,HO1140946SNB,1.0,699.0,699.0,0.0,699.0,,الدقهلية,Cash On Delivery
2006396247,2026-09-24 03:37:41,Sep 24,raneen,raneen,Tanks,طقم كولمان بلاستيك ايس تانك، 3 قطع، ايس تانك 16 لتر مع ايس تانك 2.5 لتر مع زجاجة مياة 1000 مل - احمر ابيض,HO1149686MC1,1.0,699.0,699.0,34.62,664.38,kch200,الدقهلية,Cash On Delivery
2006396247,2026-09-24 03:37:41,Sep 24,raneen,raneen,Serveware,صينية الومنيوم مستدير شيف كوك، 18 سم - فضي,HO1145763SLV,3.0,60.0,180.0,8.92,171.08,kch200,الدقهلية,Cash On Delivery
2006396247,2026-09-24 03:37:41,Sep 24,raneen,raneen,Cookware,طقم قلاية الومنيوم شيف كوك، 3 قطع - فضي,HO1129642SLV,2.0,200.0,400.0,19.8,380.2,kch200,الدقهلية,Cash On Delivery
2006396247,2026-09-24 03:37:41,Sep 24,raneen,raneen,Baking Tools,قالب بريوش الومنيوم شيف كوك، مقاس 3 - فضي,HO1129631SLV,3.0,60.0,180.0,8.92,171.08,kch200,الدقهلية,Cash On Delivery
2006396247,2026-09-24 03:37:41,Sep 24,raneen,raneen,Baking Tools,قالب بريوش الومنيوم شيف كوك، مقاس 2 - فضي,HO1145760SLV,3.0,60.0,180.0,8.92,171.08,kch200,الدقهلية,Cash On Delivery
2006396247,2026-09-24 03:37:41,Sep 24,raneen,raneen,Cookware,قلاية الومنيوم عميقة بيد ستانلس ستيل شيف كوك، 24 سم - فضي,HO1145766SLV,2.0,100.0,200.0,9.91,190.09,kch200,الدقهلية,Cash On Delivery
2006396247,2026-09-24 03:37:41,Sep 24,raneen,raneen,Cookware,طاجن الومنيوم مستطيل ماجستيك شيف كوك، 35 سم - فضي,HO1116135SLV,5.0,200.0,1000.0,49.51,950.49,kch200,الدقهلية,Cash On Delivery
2006396247,2026-09-24 03:37:41,Sep 24,raneen,raneen,Kitchenware,مصفاة المونيوم مستديرة باليد شيف كوك، 28 سم - فضي,HO1139467SLV,2.0,200.0,400.0,19.8,380.2,kch200,الدقهلية,Cash On Delivery
2006396247,2026-09-24 03:37:41,Sep 24,raneen,raneen,Cookware,لبانة بالغطاء الومنيوم شيف كوك، 16 سم - فضي,HO1109913SLV,2.0,200.0,400.0,19.8,380.2,kch200,الدقهلية,Cash On Delivery
2006396247,2026-09-24 03:37:41,Sep 24,raneen,raneen,Cookware,قلاية المونيوم ماجستيك شيف كوك، يد ستانلس ستيل، 24 سم - فضي,HO1115371SLV,4.0,100.0,400.0,19.8,380.2,kch200,الدقهلية,Cash On Delivery
2006396244,2026-09-24 03:37:12,Sep 24,raneen,raneen,Refrigerators &amp; Freezers,ثلاجة نوفروست يونيون اير، 420 لتر، 2 باب، فريزر بالاعلى، شاشة ديجيتال تاتش، URN-500LBLBA-DTSR - اسود,EL1142604BLK,1.0,17599.0,17599.0,0.0,17599.0,,سوهاج,Bank Misr Installments
2006396241,2026-09-24 03:36:29,Sep 24,raneen,raneen,Kitchenware,قطاعة بيتزا ستانلس ستيل بيد بكالايت، 20 سم - بني فضي,HO1124456BNS,1.0,145.0,145.0,7.25,137.75,KCH200,القليوبية,Cash On Delivery
2006396241,2026-09-24 03:36:29,Sep 24,raneen,raneen,Cookware,صينية بيتزا الومنيوم الأهرام، 36 سم - فضي,HO1124355SLV,3.0,260.0,780.0,39.0,741.0,KCH200,القليوبية,Cash On Delivery
2006396241,2026-09-24 03:36:29,Sep 24,MP,coktailstore,Kitchenware,شاليموه معدني قابل لإعادة الاستخدام للشرب من الفولاذ المقاوم للصدأ، 4 قطع - فضي,CK2-12,1.0,79.0,79.0,3.95,75.05,KCH200,القليوبية,Cash On Delivery
2006396238,2026-09-24 03:35:54,Sep 24,raneen,raneen,Televisions,"تلفزيون سمارت سامسونج، 50 بوصة، LED، UHD، ريسيفر داخلي, UA50U8000HUXEG - اسود",EL1147147BLK,1.0,18799.0,18799.0,300.0,18499.0,TV300,الشرقية,Aman
2006396235,2026-09-24 03:35:45,Sep 24,MP,mam,Washers &amp; Dryer,غسالة ملابس اتوماتيك تحميل امامي بيرلاماكس زانوسي، 8 كجم، 1200 لفه، ZWF8240SB5 - فضي,EL1088620SNB-rofaeeltrade-conf-mam,1.0,17650.0,17650.0,0.0,17650.0,,القاهرة,Cash On Delivery
2006396235,2026-09-24 03:35:45,Sep 24,raneen,raneen,Cleaning Tools &amp; Supplies,معطر جو بخاخ برائحة العود العربي فينيكس، 450 مل - ابيض بني,HO1143019WI1,1.0,50.0,50.0,0.0,50.0,,القاهرة,Cash On Delivery
2006396235,2026-09-24 03:35:45,Sep 24,raneen,raneen,Home Decor,وناسة سينسور مضيئة جروب تايجر، 6 سم - فوشيا,HO1126945FC1,2.0,50.0,100.0,0.0,100.0,,القاهرة,Cash On Delivery
2006396235,2026-09-24 03:35:45,Sep 24,raneen,raneen,Kitchenware,ماسك اواني سيليكون، 7 سم - روز,HO1138875ROS,1.0,57.0,57.0,0.0,57.0,,القاهرة,Cash On Delivery
2006396235,2026-09-24 03:35:45,Sep 24,raneen,raneen,Dinnerware,طبق تقديم بورسلين مستطيل لوتس، 30×21 سم - متعدد الالوان,HO1149946WI4,2.0,75.0,150.0,0.0,150.0,,القاهرة,Cash On Delivery
2006396235,2026-09-24 03:35:45,Sep 24,raneen,raneen,Dinnerware,طبق تقديم بورسلين لوتس، 28 سم - ابيض رمادي,HO1149945WI1,2.0,75.0,150.0,0.0,150.0,,القاهرة,Cash On Delivery
2006396235,2026-09-24 03:35:45,Sep 24,raneen,raneen,Cookware,جريل بورسلين مربع بيد لوتس دريم، 18×14 سم - برتقالي,HO1089797ORG,1.0,115.0,115.0,0.0,115.0,,القاهرة,Cash On Delivery
2006396235,2026-09-24 03:35:45,Sep 24,raneen,raneen,Drinkware,طقم استكانة قهوة زجاج، 10 قطع، 6×5 سم - شفاف,HO1143963CL1,1.0,100.0,100.0,0.0,100.0,,القاهرة,Cash On Delivery
2006396235,2026-09-24 03:35:45,Sep 24,raneen,raneen,Dinnerware,طبق تقديم بورسلين لوتس، 36×24 سم - متعدد الالوان,HO1149956WI1,2.0,100.0,200.0,0.0,200.0,,القاهرة,Cash On Delivery
2006396235,2026-09-24 03:35:45,Sep 24,raneen,raneen,Drinkware,طقم مجات زجاج، 6 قطع، 350 مل - شفاف,HO1147702CL1,1.0,200.0,200.0,0.0,200.0,,القاهرة,Cash On Delivery
2006396211,2026-09-24 03:22:00,Sep 24,MP,woodenfurniture,Center Table,ترابيزة وسط مودرن خشب ام دي اف، 80×40×45 سم - بني اسود,MFnct14fu-wooden,1.0,1099.0,1099.0,0.0,1099.0,,القاهرة,Cash On Delivery
2006396208,2026-09-24 03:18:39,Sep 24,raneen,raneen,Kitchen Machine &amp; Kneading Machines,محضر طعام تورنيدو،1000 وات،3 سرعات، FP-1000SG - فضي,EL1020348SLV,1.0,4249.0,4249.0,212.45,4036.55,LA400,البحيرة,Paymob Wallet
2006396205,2026-09-24 03:17:11,Sep 24,raneen,raneen,Cleaning Tools &amp; Supplies,جردل مسح ايزى رينج تشيكي تربو سمارت مصفاه بلاستيك فيليدا، 43×25 سم، يد معدن وغيار قطن - رمادي داكن احمر,HO1082455DG1,1.0,1499.0,1499.0,0.0,1499.0,,القاهرة,Cash On Delivery
2006396199,2026-09-24 03:14:48,Sep 24,MP,merayty,Mirror,مرآة مدخل د. جريش، 175x70 سم - فضي,OG42-Merayty,1.0,2499.0,2499.0,384.7,2114.3,OFF500,القاهرة,Cash On Delivery
2006396199,2026-09-24 03:14:48,Sep 24,MP,mostawdaa,Mirror,مرايا حمام مودرن بأضاءة ليد، زجاج، شكل دائري، 60×60 سم,MS60LEDSY,1.0,749.0,749.0,115.3,633.7,OFF500,القاهرة,Cash On Delivery
2006396196,2026-09-24 03:13:24,Sep 24,raneen,raneen,Kitchen Machine &amp; Kneading Machines,محضر طعام تورنيدو،1000 وات،3 سرعات، FP-1000SG - فضي,EL1020348SLV,1.0,4249.0,4249.0,212.45,4036.55,LA400,البحيرة,Paymob Wallet
2006396187,2026-09-24 03:07:56,Sep 24,raneen,raneen,Kitchen Machine &amp; Kneading Machines,محضر طعام تورنيدو،1000 وات،3 سرعات، FP-1000SG - فضي,EL1020348SLV,1.0,4249.0,4249.0,212.45,4036.55,LA400,البحيرة,Paymob Wallet
4000169030,2026-09-24 03:05:33,Sep 24,raneen,raneen,Kettles,"El Zenouki 40319 Stainless Steel Electric Kettle, 1500 watt, 1.8 Liter - Silver",EL1043238SLV,1.0,612.0,612.0,30.6,581.4,LA400,الدقهلية,Credit/Debit Card
4000169030,2026-09-24 03:05:33,Sep 24,MP,nilestore,Personal Scale,"Ultra Life F48-B Digital Body Fat Scale, 180 kg- Black White",F48-B,1.0,2400.0,2400.0,0.0,2400.0,LA400,الدقهلية,Credit/Debit Card
2006396178,2026-09-24 03:02:52,Sep 24,raneen,raneen,Kitchen Machine &amp; Kneading Machines,محضر طعام تورنيدو،1000 وات،3 سرعات، FP-1000SG - فضي,EL1020348SLV,1.0,4249.0,4249.0,212.45,4036.55,LA400,البحيرة,Paymob Wallet
2006396175,2026-09-24 03:02:10,Sep 24,MP,meskstore,Office Supplies,اله حاسبه كاسيو، علمية، الإصدار الثاني، FX-991ES - بينك,FX-991ESPLUS-2PK,1.0,850.0,850.0,0.0,850.0,,الأسكندرية,Cash On Delivery
2006396172,2026-09-24 03:02:05,Sep 24,MP,abdelaziz,Shaving &amp; Grooming,ماكينه حلاقه فى جى ار متعددة الاستخدام للرجال، 400 مللي أمبير/ساعة، v-344 - متعدد الألوان,V-344,2.0,650.0,1300.0,0.0,1300.0,,القليوبية,Cash On Delivery
2006396166,2026-09-24 03:00:51,Sep 24,raneen,raneen,Kitchen Machine &amp; Kneading Machines,محضر طعام تورنيدو،1000 وات،3 سرعات، FP-1000SG - فضي,EL1020348SLV,1.0,4249.0,4249.0,212.45,4036.55,LA400,البحيرة,Paymob Wallet
2006396163,2026-09-24 02:56:01,Sep 24,raneen,raneen,Dinnerware,طقم عشاء بورسلين لوتس، 24 قطعة - ابيض بيج,HO1111256MC1,1.0,1999.0,1999.0,99.95,1899.05,KCH200,القاهرة,Cash On Delivery
2006396160,2026-09-24 02:55:37,Sep 24,MP,mam,Water Heaters,سخان مياه كهربائي ريلاكس فريش، 50 لتر - أبيض,500008902WIT,1.0,3299.0,3299.0,0.0,3299.0,,القاهرة,Cash On Delivery
2006396160,2026-09-24 02:55:37,Sep 24,MP,swillamstore,Home Decor,نبات صناعي بوت صغير Yoratee6 مزهرية وهمية من البلاستيك الاصطناعي نبات اليوكالبتوس والحنطة ديكور منزلي للمكتب والسفرة والحمام وغرفة النوم (6),RAN-A6VVD2T,1.0,190.0,190.0,0.0,190.0,,القاهرة,Cash On Delivery
2006396160,2026-09-24 02:55:37,Sep 24,raneen,raneen,Cleaning Tools &amp; Supplies,باسكت قمامة بالدواسة الهدي، 3 لتر,HO1088470BR1,1.0,60.0,60.0,0.0,60.0,,القاهرة,Cash On Delivery
2006396160,2026-09-24 02:55:37,Sep 24,raneen,raneen,Cleaning Tools &amp; Supplies,باسكت قمامة بلاستيك بغطاء تاتش حجازي، 7 لتر- ابيض بيج,HO1147789WIT,1.0,135.0,135.0,0.0,135.0,,القاهرة,Cash On Delivery
2006396160,2026-09-24 02:55:37,Sep 24,raneen,raneen,Tablecloth,طقم مفرش تسريحه كتان كوين، 3 قطع، 250 جرام تقريبا - ابيض بيج,HO1137751OFW,1.0,129.0,129.0,0.0,129.0,,القاهرة,Cash On Delivery
2006396160,2026-09-24 02:55:37,Sep 24,MP,linesleep,Carpets Accessories,حافظة سجاد مع ضهر دوتس مانع للانزلاق، 200 × 300 سم - متعدد الألوان,LS306024-7,1.0,855.0,855.0,0.0,855.0,,القاهرة,Cash On Delivery
2006396160,2026-09-24 02:55:37,Sep 24,raneen,raneen,Carpets,مشاية قطيفة ظهر دوتس، 85×255 سم، 1200 جرام تقريبا - متعدد الالوان,TX1155175MC2,1.0,299.0,299.0,0.0,299.0,,القاهرة,Cash On Delivery
2006396160,2026-09-24 02:55:37,Sep 24,MP,maccarpet,Carpets,سجادة نايلون فكترا، 200x280 سم - متعدد الألوان,WA0026MAC-29,1.0,2065.0,2065.0,0.0,2065.0,,القاهرة,Cash On Delivery
2006396160,2026-09-24 02:55:37,Sep 24,raneen,raneen,Cleaning Tools &amp; Supplies,باسكت قمامه بلاستيك بالغطاء، 60 لتر - بني,HO1137092DRD,1.0,327.0,327.0,0.0,327.0,,القاهرة,Cash On Delivery
2006396160,2026-09-24 02:55:37,Sep 24,raneen,raneen,Cleaning Tools &amp; Supplies,سبت غسيل بلاستيك، 37×47 سم - اخضر,HO1009484GR1,1.0,100.0,100.0,0.0,100.0,,القاهرة,Cash On Delivery
2006396160,2026-09-24 02:55:37,Sep 24,raneen,raneen,Home Decor,منفضة سجائر زجاج، 10 سم - شفاف,HO1121646CLR,3.0,22.0,66.0,0.0,66.0,,القاهرة,Cash On Delivery
2006396160,2026-09-24 02:55:37,Sep 24,raneen,raneen,Cookware,كنكة الومنيوم بيد ستانلس ستيل شيف كوك، مقاس 12 - فضي,HO1145768SL1,1.0,115.0,115.0,0.0,115.0,,القاهرة,Cash On Delivery
2006396160,2026-09-24 02:55:37,Sep 24,raneen,raneen,Cutlery &amp; Flatware Set,طقم شوك طعام ستانلس ستيل توب وان، 6 قطع، 19 سم - فضي,HO1100432SLV,1.0,94.0,94.0,0.0,94.0,,القاهرة,Cash On Delivery
2006396160,2026-09-24 02:55:37,Sep 24,raneen,raneen,Cookware,لبانة بالغطاء الومنيوم شيف كوك، 16 سم - فضي,HO1109913SLV,1.0,200.0,200.0,0.0,200.0,,القاهرة,Cash On Delivery
2006396160,2026-09-24 02:55:37,Sep 24,raneen,raneen,Cutlery &amp; Flatware Set,طقم ملاعق طعام ستانلس ستيل توب وان، 6 قطع، 19 سم - فضي,HO1100497SLV,2.0,94.0,188.0,0.0,188.0,,القاهرة,Cash On Delivery
2006396160,2026-09-24 02:55:37,Sep 24,raneen,raneen,Cookware,براد ستانلس ستيل باليد، 1 لتر- فضي,HO1144788SLV,1.0,290.0,290.0,0.0,290.0,,القاهرة,Cash On Delivery
2006396160,2026-09-24 02:55:37,Sep 24,raneen,raneen,Drinkware,طقم عصير بلاستيك الهدي، 7 قطع، بغطاء كليبس - متعدد الالوان,HO1114918MA2,1.0,100.0,100.0,0.0,100.0,,القاهرة,Cash On Delivery
2006396160,2026-09-24 02:55:37,Sep 24,raneen,raneen,Dinnerware,طقم عشاء ميلامين الشريف، 24 قطعة - اوف وايت رمادي,HO1148072MC1,1.0,1599.0,1599.0,0.0,1599.0,,القاهرة,Cash On Delivery
2006396160,2026-09-24 02:55:37,Sep 24,raneen,raneen,Serveware,طقم صواني تقديم ستانلس ستيل شيف كوك، 3 قطع - فضي,HO1091268SL2,1.0,100.0,100.0,0.0,100.0,,القاهرة,Cash On Delivery
2006396160,2026-09-24 02:55:37,Sep 24,raneen,raneen,Drinkware,طقم مج استكانة زجاج، 6 قطع، 210 مل - شفاف,HO1130157CL1,1.0,50.0,50.0,0.0,50.0,,القاهرة,Cash On Delivery
2006396160,2026-09-24 02:55:37,Sep 24,raneen,raneen,Drinkware,طقم شوب عصير زجاج، 6 قطع، 250 مل - شفاف,HO1145119MC1,3.0,50.0,150.0,0.0,150.0,,القاهرة,Cash On Delivery
2006396160,2026-09-24 02:55:37,Sep 24,raneen,raneen,Cookware,طقم قلاية الومنيوم ماجيك، قطعتين - فضي,HO1145773SLV,1.0,200.0,200.0,0.0,200.0,,القاهرة,Cash On Delivery
2006396160,2026-09-24 02:55:37,Sep 24,MP,lazord,Cookware,طقم حلل جرانيت لازورد، 11 قطعة - اسود,6224010564459,1.0,2999.0,2999.0,0.0,2999.0,,القاهرة,Cash On Delivery
2006396160,2026-09-24 02:55:37,Sep 24,MP,linesleep,Bedding,لحاف وجهين فايبر لاين سليب، 220×180 سم - بني بيج,QLT45220X180BRNBG,1.0,665.0,665.0,0.0,665.0,,القاهرة,Cash On Delivery
2006396160,2026-09-24 02:55:37,Sep 24,MP,linesleep,Bedding,لحاف فايبر لاين سليب، 240×220 سم - بني,QLT19240X220BRN,1.0,760.0,760.0,0.0,760.0,,القاهرة,Cash On Delivery
2006396160,2026-09-24 02:55:37,Sep 24,MP,molanafortraining,Kitchen Accessories,خطافات فوق الباب متعددة الاستخدامات بسبعة خطافات - للملابس والقبعات - حديدية,RAN-6CHP76X,1.0,280.0,280.0,0.0,280.0,,القاهرة,Cash On Delivery
2006396160,2026-09-24 02:55:37,Sep 24,raneen,raneen,Bed Sheets,طقم ملاية سرير، 5 قطع، 220×240 سم - زيتوني,TX1048610OL8,1.0,249.0,249.0,0.0,249.0,,القاهرة,Cash On Delivery
2006396160,2026-09-24 02:55:37,Sep 24,raneen,raneen,Bed Sheets,طقم ملاية اطفال، 3 قطع، 240×170 سم - ابيض كحلي,TX1017808MA2,1.0,149.0,149.0,0.0,149.0,,القاهرة,Cash On Delivery
2006396160,2026-09-24 02:55:37,Sep 24,raneen,raneen,Bed Sheets,طقم ملاية اطفال لازورد، 3 قطع، 170×240 سم - ابيض احمر,TX1048853MT2,1.0,149.0,149.0,0.0,149.0,,القاهرة,Cash On Delivery
2006396160,2026-09-24 02:55:37,Sep 24,raneen,raneen,Bed Sheets,طقم ملاية سرير، 5 قطع، 220×240 سم - احمر داكن,TX1048610MH9,1.0,219.0,219.0,0.0,219.0,,القاهرة,Cash On Delivery
2006396160,2026-09-24 02:55:37,Sep 24,raneen,raneen,Bedding,دفاية سرير قطيفة دراجون، 210×190 سم، 730 جرام - بيج,TX1156369BEG,1.0,199.0,199.0,0.0,199.0,,القاهرة,Cash On Delivery
2006396160,2026-09-24 02:55:37,Sep 24,raneen,raneen,Bedding,دفاية سرير قطيفة نانا سيكريت، 220×150 سم، 470 جرام - احمر داكن,TX1156543MA0,1.0,99.0,99.0,0.0,99.0,,القاهرة,Cash On Delivery
2006396160,2026-09-24 02:55:37,Sep 24,raneen,raneen,Mixers &amp; Blenders,خلاط كهربائي ميانتا، 1.75 لتر، 2 مطحنة، 600 وات، BL1281G - اسود، بالاضافة الي طقم علب ثلاجة بلاستيك هدية، 3 قطع - شفاف ازرق فاتح,EL1142773BLK,1.0,1570.0,1570.0,0.0,1570.0,,القاهرة,Cash On Delivery
2006396160,2026-09-24 02:55:37,Sep 24,MP,rofaeeltrade,Washers &amp; Dryer,غسالة ملابس فريش، ديجيتال فوق اوتوماتيك، تحميل علوي، 6 كجم، FTM-6S - فضى,FTM-6S-rofaeeltrade,1.0,6945.0,6945.0,0.0,6945.0,,القاهرة,Cash On Delivery
2006396160,2026-09-24 02:55:37,Sep 24,MP,globalelectronic,Cookers,بوتاجاز غاز جلوبال،5 شعله ، اشعال ذاتى، كامل إستانلس ستيل، 60×80 سم - رمادي,GLO80-02,1.0,7200.0,7200.0,0.0,7200.0,,القاهرة,Cash On Delivery
2006396160,2026-09-24 02:55:37,Sep 24,MP,mam,Refrigerators &amp; Freezers,ثلاجة ديفروست يونيون اير جوستو، 2 باب، 370 لتر، ديجيتال تاتش، RD-380VVA-DSH - فضي,EL1143028SLV-mam,1.0,13099.0,13099.0,0.0,13099.0,,القاهرة,Cash On Delivery
2006396154,2026-09-24 02:54:14,Sep 24,raneen,raneen,Dinnerware,طقم عشاء بورسلين لوتس دريم، 33 قطعة - متعدد الالوان,HO1099312WIT,1.0,2999.0,2999.0,149.95,2849.05,KCH200,القاهرة,Cash On Delivery
2006396145,2026-09-24 02:52:40,Sep 24,raneen,raneen,Dinnerware,طقم عشاء بورسلين لوتس، 33 قطعه - ابيض ذهبي,HO1106770MC1,1.0,2999.0,2999.0,149.95,2849.05,KCH200,القاهرة,Cash On Delivery
2006396139,2026-09-24 02:50:32,Sep 24,MP,alaasasmarketplace,Underwear’s,طقم بوكسر قطن للرجال قطونيل، 3 قطع - متعدد الالوان,Qa-184,2.0,272.0,544.0,0.0,544.0,KCH200,الفيوم,Cash On Delivery
2006396139,2026-09-24 02:50:32,Sep 24,MP,ocean,Water Filters Accessories,كرتريدج البديل لتنقية المياه باناسونيك، TK-CS200C - رمادي,RAN-YB5BFX7,1.0,990.0,990.0,49.5,940.5,KCH200,الفيوم,Cash On Delivery
2006396133,2026-09-24 02:49:50,Sep 24,raneen,raneen,Kitchen Machine &amp; Kneading Machines,محضر طعام تورنيدو،1000 وات،3 سرعات، FP-1000SG - فضي,EL1020348SLV,1.0,4249.0,4249.0,212.45,4036.55,LA400,البحيرة,Paymob Wallet
2006396127,2026-09-24 02:47:35,Sep 24,MP,snooze,Bed Sheets,ملاية فندقية سنوز قماش سياحي مخلوط سترايبد، 220×240 سم - ابيض,SNOOZ-6223015817706,1.0,439.0,439.0,21.95,417.05,tex200,القاهرة,Credit/Debit Card
2006396127,2026-09-24 02:47:35,Sep 24,raneen,raneen,Pillows,خدادية فايبر لازورد، 70×50 سم، 750 جرام - ابيض,TX1061325WIT,2.0,89.0,178.0,8.9,169.1,tex200,القاهرة,Credit/Debit Card
2006396127,2026-09-24 02:47:35,Sep 24,MP,almeramattresses,Mattress,مرتبة تطرية فندقية الميرا ماتريس حشو فايبر سوفت مزوده باستك للتثبيت علي المرتبة، 195×100 سم - ابيض,Mp-98-15-almeramattresses,1.0,425.0,425.0,21.25,403.75,tex200,القاهرة,Credit/Debit Card
2006396127,2026-09-24 02:47:35,Sep 24,raneen,raneen,Carpets,مشاية شانيليا دابل فيس، 200×70 سم، 700 جرام تقريبا - بيج بني,TX1096113BG5,1.0,235.0,235.0,11.75,223.25,tex200,القاهرة,Credit/Debit Card
2006396124,2026-09-24 02:46:46,Sep 24,raneen,raneen,Cookware,طقم حلل ستانلس ستيل بغطاء زجاج زهران كلاسيك، 8 قطع - فضي,HO1077780SLV,1.0,3999.0,3999.0,199.95,3799.05,KCH200,الشرقية,Cash On Delivery
2006396118,2026-09-24 02:45:26,Sep 24,raneen,raneen,Washers &amp; Dryer,غسالة ملابس تحميل علوي نصف اوتوماتيك فريش، 2 موتور، 14 كجم، FWT14000ND-500010644 - ابيض,EL1064698WIT,1.0,8099.0,8099.0,400.0,7699.0,LA400,القليوبية,Cash On Delivery
2006396115,2026-09-24 02:45:01,Sep 24,raneen,raneen,Cookware,طقم حلل ستانلس ستيل برايم زينوكس، 17 قطعة - فضي,HO1148106SLV,1.0,5999.0,5999.0,0.0,5999.0,,بني سويف,Cash On Delivery
2006396115,2026-09-24 02:45:01,Sep 24,raneen,raneen,Cookware,طقم طاجن زجاج حراري تركي بورجام، 5 قطع - شفاف,HO1097904CLR,1.0,599.0,599.0,0.0,599.0,,بني سويف,Cash On Delivery
2006396112,2026-09-24 02:44:27,Sep 24,raneen,raneen,Cleaning Tools &amp; Supplies,معجون متعدد الاستخدام يزيل البقع، منظف الأواني والمواقد، 250 مل - ازرق,HO1154406BLU,1.0,31.0,31.0,0.0,31.0,,القاهرة,Paymob Wallet
2006396112,2026-09-24 02:44:27,Sep 24,MP,ikea,Cleaning Tools &amp; Supplies,فرشاة غسيل صحون ايكيا، بلاستيك - احمر,UMRS34B9GG6D,1.0,85.0,85.0,0.0,85.0,,القاهرة,Paymob Wallet
2006396112,2026-09-24 02:44:27,Sep 24,MP,lightcart,Cleaning Tools &amp; Supplies,فرشة تنظيف أرضية 2 في 1 من بلاستيك ومعدن - متعدد الألوان,EIB-56750-LIGHT-CARD-6773,1.0,116.0,116.0,0.0,116.0,,القاهرة,Paymob Wallet
2006396112,2026-09-24 02:44:27,Sep 24,raneen,raneen,Cleaning Tools &amp; Supplies,جردل مسح 2 عين بالغطاء بلاستيك سمارت حجازي بلاست، مزود بماسحة باركية، 2 غيار، 22×19×37 سم - بيج رمادي,HO1114685BG1,1.0,200.0,200.0,0.0,200.0,,القاهرة,Paymob Wallet
2006396109,2026-09-24 02:41:30,Sep 24,raneen,raneen,Dinnerware,طقم عشاء أركوبال اماراتي لومينارك، 26 قطعة - ابيض,HO1124768WI1,1.0,1199.0,1199.0,59.95,1139.05,KCH200,الغربية,Paymob Wallet
2006396106,2026-09-24 02:41:03,Sep 24,MP,albashastore,Personal Care,مسدس تدليك مصغر - جهاز تدليك عضلات محمول، شاشة ال سي دي، 6 سرعات لتخفيف آلام العضلات والتعافي، شدة قابلة للتعديل,RAN-DFY7DV2-albashastore,1.0,849.98,849.98,0.0,849.98,,القليوبية,Bank Misr Installments
2006396097,2026-09-24 02:38:06,Sep 24,raneen,raneen,Cookware,طقم حلل جرانيت داي كاست الفا، 11 قطعة - اخضر داكن,HO1155017DGN,1.0,2999.0,2999.0,0.0,2999.0,,الأسكندرية,Aman
2006396091,2026-09-24 02:37:35,Sep 24,raneen,raneen,Cleaning Tools &amp; Supplies,باسكت قمامة بلاستيك بغطاء تاتش حجازي، 7 لتر- ابيض بيج,HO1147789WIT,1.0,135.0,135.0,0.0,135.0,,القاهرة,Cash On Delivery
2006396088,2026-09-24 02:37:32,Sep 24,MP,homedecoration,Dining Rooms,ترابيزة معدن و 2 مقعد  75x110x60 سم -اسود بنى,YMHFSDT062BBNB,1.0,3999.0,3999.0,399.9,3599.1,more10,القاهرة,valU
2006396079,2026-09-24 02:36:35,Sep 24,raneen,raneen,Kitchen Machine &amp; Kneading Machines,محضر طعام تورنيدو،1000 وات،3 سرعات، FP-1000SG - فضي,EL1020348SLV,1.0,4249.0,4249.0,212.45,4036.55,LA400,البحيرة,Paymob Wallet
2006396076,2026-09-24 02:34:46,Sep 24,raneen,raneen,Pillows,خدادية فايبر لازورد، 70×50 سم، 750 جرام - ابيض,TX1061325WIT,1.0,89.0,89.0,4.45,84.55,TEX200,القاهرة,Credit/Debit Card
2006396076,2026-09-24 02:34:46,Sep 24,raneen,raneen,Towels,فوطة قطن ساده، 50×90 سم، 250 جرام تقريبا - بيج,TX1142293BEG,1.0,49.0,49.0,2.45,46.55,TEX200,القاهرة,Credit/Debit Card
2006396076,2026-09-24 02:34:46,Sep 24,raneen,raneen,Towels,بشكير قطن ساده، 70×140 سم، 580 جرام - اوف وايت,TX1130525OF4,1.0,169.0,169.0,8.45,160.55,TEX200,القاهرة,Credit/Debit Card
2006396076,2026-09-24 02:34:46,Sep 24,raneen,raneen,Towels,بشكير قطن ساده، 70×140 سم، 580 جرام تقريبا - كافية,TX1130529CAF,1.0,169.0,169.0,8.45,160.55,TEX200,القاهرة,Credit/Debit Card
2006396076,2026-09-24 02:34:46,Sep 24,raneen,raneen,Bedding,"دفاية فرو ساراتوجا، 210×240 سم, 1500 جرام - بيج فاتح",TX1065289BG2,2.0,299.0,598.0,29.9,568.1,TEX200,القاهرة,Credit/Debit Card
2006396073,2026-09-24 02:34:16,Sep 24,raneen,raneen,Kitchen Machine &amp; Kneading Machines,محضر طعام تورنيدو،1000 وات،3 سرعات، FP-1000SG - فضي,EL1020348SLV,1.0,4249.0,4249.0,212.45,4036.55,LA400,البحيرة,Paymob Wallet
2006396070,2026-09-24 02:34:11,Sep 24,raneen,raneen,Tanks,زجاجة مياه تانك، 1.25 لتر,HO1003949RED,1.0,149.0,149.0,7.45,141.55,KCH200,الأسكندرية,Credit/Debit Card
2006396067,2026-09-24 02:33:49,Sep 24,raneen,raneen,Home Decor,طقم فازات خزف القصر، 3 قطع - ابيض,HO1125865WIT,1.0,249.0,249.0,0.0,249.0,,القليوبية,Cash On Delivery
2006396067,2026-09-24 02:33:49,Sep 24,raneen,raneen,Home Decor,علبة مناديل بابلز اكريليك ليث بلاست، 20×14 سم - اسود,HO1131810BLK,1.0,100.0,100.0,0.0,100.0,,القليوبية,Cash On Delivery
2006396067,2026-09-24 02:33:49,Sep 24,raneen,raneen,Kitchenware,طقم اداوات توزيع سيليكون الشيف، 3 قطع - متعدد الالوان,HO1056600MR2,1.0,100.0,100.0,0.0,100.0,,القليوبية,Cash On Delivery
2006396067,2026-09-24 02:33:49,Sep 24,raneen,raneen,Home Decor,بونبونيرة زجاج بالغطاء دريم، 500 مل - شفاف,HO1145646CLR,1.0,100.0,100.0,0.0,100.0,,القليوبية,Cash On Delivery
2006396067,2026-09-24 02:33:49,Sep 24,raneen,raneen,Drinkware,طقم مجات بورسلين لوتس، 4 قطع، بالأضافة ستاند معدن - ابيض بني,HO1073247ME4,1.0,200.0,200.0,0.0,200.0,,القليوبية,Cash On Delivery
2006396067,2026-09-24 02:33:49,Sep 24,raneen,raneen,Cookware,طقم بورجام زجاج حراري باشابتشي، قطعتين - شفاف,HO1111357CLR,1.0,349.0,349.0,0.0,349.0,,القليوبية,Cash On Delivery
2006396067,2026-09-24 02:33:49,Sep 24,raneen,raneen,Home Decor,منفضة زجاج عميقة، 25 سم - رمادي,HO1127301BK1,1.0,139.0,139.0,0.0,139.0,,القليوبية,Cash On Delivery
2006396067,2026-09-24 02:33:49,Sep 24,raneen,raneen,Cleaning Tools &amp; Supplies,باسكت قمامة بلاستيك بغطاء تاتش حجازي، 7 لتر- ابيض بيج,HO1147789WIT,3.0,135.0,405.0,0.0,405.0,,القليوبية,Cash On Delivery
2006396061,2026-09-24 02:32:28,Sep 24,raneen,raneen,Kitchen Machine &amp; Kneading Machines,محضر طعام تورنيدو،1000 وات،3 سرعات، FP-1000SG - فضي,EL1020348SLV,1.0,4249.0,4249.0,212.45,4036.55,LA400,البحيرة,Paymob Wallet
2006396037,2026-09-24 02:30:24,Sep 24,raneen,raneen,Kitchen Machine &amp; Kneading Machines,محضر طعام تورنيدو،1000 وات،3 سرعات، FP-1000SG - فضي,EL1020348SLV,1.0,4249.0,4249.0,212.45,4036.55,LA400,البحيرة,Paymob Wallet
2006396025,2026-09-24 02:27:15,Sep 24,raneen,raneen,Kitchen Machine &amp; Kneading Machines,محضر طعام تورنيدو،1000 وات،3 سرعات، FP-1000SG - فضي,EL1020348SLV,1.0,4249.0,4249.0,212.45,4036.55,LA400,البحيرة,Paymob Wallet
2006396022,2026-09-24 02:25:27,Sep 24,raneen,raneen,Kitchen Machine &amp; Kneading Machines,محضر طعام تورنيدو،1000 وات،3 سرعات، FP-1000SG - فضي,EL1020348SLV,1.0,4249.0,4249.0,212.45,4036.55,LA400,البحيرة,Paymob Wallet
2006396004,2026-09-24 02:22:45,Sep 24,raneen,raneen,Fans,مروحة ستاند تورنيدو، 18 بوصة، 4 ريشة، 3 سرعات، TSF-18XW - أسود,EL1071300BLK,1.0,2404.0,2404.0,120.2,2283.8,LA400,المنيا,Cash On Delivery
2006396001,2026-09-24 02:22:45,Sep 24,raneen,raneen,Electronics Audio,سماعة صب ووفر جولدي، 17×13×30 سم، 4 بوصة، Gs-S41 - اسود فضي,EL1102344BK0,2.0,599.0,1198.0,0.0,1198.0,,أسيوط,Cash On Delivery
2006395995,2026-09-24 02:22:24,Sep 24,raneen,raneen,Kitchen Machine &amp; Kneading Machines,محضر طعام تورنيدو،1000 وات،3 سرعات، FP-1000SG - فضي,EL1020348SLV,3.0,4249.0,12747.0,0.0,12747.0,,الجيزة,Cash On Delivery
4000169027,2026-09-24 02:21:56,Sep 24,MP,elsayadtreding,Sports Equipment,"BH G260 Electromagnetic Fitness Bike, 150kg - Silver",BH-E1001039,1.0,35750.0,35750.0,0.0,35750.0,,القاهرة,Credit/Debit Card
2006395974,2026-09-24 02:14:56,Sep 24,MP,lifecare,Mixers &amp; Blenders,مضرب يدوي بسرعة 7 سرعات من سكارليت مع مجموعة مكونة من مضربين كروم وخطافين للعجين,RAN-MG2PC8V,1.0,204.0,204.0,0.0,204.0,,القاهرة,Cash On Delivery
2006395962,2026-09-24 02:13:22,Sep 24,raneen,raneen,Home Decor,طقم كوستر خشب، 8 قطع، 8×8 سم - متعدد الالوان,HO1123247MC1,1.0,32.0,32.0,1.17,30.83,KCH200,الأسكندرية,Aman
2006395962,2026-09-24 02:13:22,Sep 24,MP,homepro,Cookware,حلة طهي مزدوج حديد زهر هولندي هوم برو، 30 سم - أسود,cst4-Homepro,1.0,3591.0,3591.0,132.04,3458.96,KCH200,الأسكندرية,Aman
2006395962,2026-09-24 02:13:22,Sep 24,MP,alliance,Cookware,مقلاة ووك، جرانيت، مقاس 32 - اسود احمر,MITA-126,1.0,298.99,298.99,11.0,287.99,KCH200,الأسكندرية,Aman
2006395962,2026-09-24 02:13:22,Sep 24,raneen,raneen,Cookware,طقم طاجن فخار عميق، 3 قطع - بني,HO1103091BR2,1.0,70.0,70.0,2.58,67.42,KCH200,الأسكندرية,Aman
2006395962,2026-09-24 02:13:22,Sep 24,MP,tibatrading,Cleaning Tools &amp; Supplies,مساحة تعمل بالضغط بدون استخدام اليدين من سوبلي - مساحة مسطحة سحرية مع وسادة من المايكروفايبر ذاتية التنظيف لتنظيف الأرضيات في المنزل والمكتب,RAN-7AY9FQ2,1.0,149.0,149.0,5.48,143.52,KCH200,الأسكندرية,Aman
2006395962,2026-09-24 02:13:22,Sep 24,raneen,raneen,Serveware,طقم صينية تقديم بلاستيك مستطيل الهدى، 3 قطع - متعدد الالوان,HO1132539MA8,1.0,115.0,115.0,4.23,110.77,KCH200,الأسكندرية,Aman
2006395962,2026-09-24 02:13:22,Sep 24,raneen,raneen,Storage,تروللي بلاستيك مستطيل الهدى، 5 دور، 105×44×30 سم - اسود رمادي,HO1141592BK1,2.0,200.0,400.0,14.71,385.29,KCH200,الأسكندرية,Aman
2006395962,2026-09-24 02:13:22,Sep 24,raneen,raneen,Knife &amp; Cutters,سكينة لحم اليكس ميتال، 8 بوصة - بني,HO1051256SLV,1.0,98.0,98.0,3.61,94.39,KCH200,الأسكندرية,Aman
2006395962,2026-09-24 02:13:22,Sep 24,raneen,raneen,Cleaning Tools &amp; Supplies,باسكت قمامة بلاستيك بغطاء متحرك الهدى، 20 لتر - رمادي اسود,HO1145752OL1,3.0,100.0,300.0,11.03,288.97,KCH200,الأسكندرية,Aman
2006395962,2026-09-24 02:13:22,Sep 24,raneen,raneen,Cleaning Tools &amp; Supplies,طبق غسيل بلاستيك الهلال والنجمة، 35 سم - احمر,HO1116860RED,1.0,55.0,55.0,2.02,52.98,KCH200,الأسكندرية,Aman
2006395962,2026-09-24 02:13:22,Sep 24,raneen,raneen,Kitchenware,منخل بلاستيك مستدير ماجيك تاتش، 22 سم - روز,HO1069252ROS,1.0,31.0,31.0,1.14,29.86,KCH200,الأسكندرية,Aman
2006395962,2026-09-24 02:13:22,Sep 24,raneen,raneen,Kitchenware,طقم مصفاه ستانلس ستيل مستديرة شيف كوك، 3 قطع - فضي,HO1119876SLV,1.0,100.0,100.0,3.67,96.33,KCH200,الأسكندرية,Aman
2006395962,2026-09-24 02:13:22,Sep 24,raneen,raneen,Dinnerware,طقم اطباق زجاج شكل سمكه زينيا، 7 قطع - شفاف,HO1107802CLR,1.0,199.0,199.0,7.32,191.68,KCH200,الأسكندرية,Aman
2006395962,2026-09-24 02:13:22,Sep 24,raneen,raneen,Bedding,بطانية قطيفة شهد رومانس، 240×220 سم، 3 كجم - رمادي,TX1073287GY0,2.0,799.0,1598.0,0.0,1598.0,KCH200,الأسكندرية,Aman
2006395962,2026-09-24 02:13:22,Sep 24,raneen,raneen,Bed Sheets,طقم ملاية قماش مطبوع، 4 قطع، 215×235 سم - اصفر,TX1017810YL9,2.0,199.0,398.0,0.0,398.0,KCH200,الأسكندرية,Aman
2006395962,2026-09-24 02:13:22,Sep 24,raneen,raneen,Bed Sheets,طقم ملاية قماش مطبوع، 4 قطع، 215×235 سم - كحلي ابيض,TX1017810MK2,2.0,199.0,398.0,0.0,398.0,KCH200,الأسكندرية,Aman
2006395962,2026-09-24 02:13:22,Sep 24,raneen,raneen,Bed Sheets,طقم ملاية قماش مطبوع، 4 قطع، 215×235 سم - متعدد الالوان,TX1017810MY1,2.0,199.0,398.0,0.0,398.0,KCH200,الأسكندرية,Aman
2006395959,2026-09-24 02:11:19,Sep 24,raneen,raneen,Dinnerware,طقم عشاء بورسلين مستدير لوتس، 18 قطعه - اخضر ابيض,HO1106776MC1,1.0,999.0,999.0,0.0,999.0,,القاهرة,Cash On Delivery
2006395959,2026-09-24 02:11:19,Sep 24,raneen,raneen,Drinkware,طقم اكواب اكواتك، 18 قطعة - شفاف,HO1093911CLR,1.0,200.0,200.0,0.0,200.0,,القاهرة,Cash On Delivery
2006395959,2026-09-24 02:11:19,Sep 24,raneen,raneen,Drinkware,طقم عصير زجاج، 7 قطع - شفاف,HO1118240CL1,1.0,100.0,100.0,0.0,100.0,,القاهرة,Cash On Delivery
2006395959,2026-09-24 02:11:19,Sep 24,raneen,raneen,Serveware,طقم خشاف زجاج مستدير دريم، 7 قطع - شفاف,HO1142673CL1,1.0,249.0,249.0,0.0,249.0,,القاهرة,Cash On Delivery
2006395947,2026-09-24 02:08:58,Sep 24,MP,talhastore,Men&#039;s Bags,حقيبة كتف حقيبة كروس شبابي وشنطه ظهر وصدر وكتف حقيبة رجالي مقاومة للماء مضاد للرق شحن USB,RAN-AC8BM5C,1.0,285.0,285.0,0.0,285.0,,الفيوم,Credit/Debit Card
2006395908,2026-09-24 02:02:35,Sep 24,raneen,raneen,Mixers &amp; Blenders,طقم هاند بلندر تورنيدو، 1000 وات، 0.9 لتر، THB-1000MK - اسود,EL1020427BLK,2.0,3290.0,6580.0,329.0,6251.0,LA400,المنيا,Cash On Delivery
2006395899,2026-09-24 02:01:30,Sep 24,MP,gomlacenter,Personal Care,مساج الجسم اللاسلكي المحمول بتقنية EMS، 8 وضعيات مساج و19 مستوى قوة، قابل لإعادة الشحن لتخفيف آلام الرقبة والكتفين والذراعين والساقين,RAN-U3J634D,1.0,110.0,110.0,0.0,110.0,,الأسكندرية,Cash On Delivery
2006395896,2026-09-24 02:01:28,Sep 24,MP,hometech,Air Conditioner,تكييف سبلت بروفيشنال تربو فريش، 1.5 حصان بارد فقط، (FUFW12C/O-X2)-(FUFW12C/IW-AG) - ابيض,EL1068594WIT-Hometech,1.0,17662.0,17662.0,0.0,17662.0,,الجيزة,Cash On Delivery
2006395884,2026-09-24 01:59:29,Sep 24,raneen,raneen,Mixers &amp; Blenders,مضرب بيض تاتش الزنوكى، 600 وات، 5 سرعات، 40552N - اسود,EL1125723BK1,5.0,860.0,4300.0,215.0,4085.0,LA400,المنيا,Cash On Delivery
2006395872,2026-09-24 01:57:05,Sep 24,raneen,raneen,Underwear’s,بدي نصف كم ليكرا للسيدات 365 يوم، مقاس M,FS1141364CAF,1.0,79.0,79.0,0.0,79.0,,الجيزة,Cash On Delivery
2006395872,2026-09-24 01:57:05,Sep 24,raneen,raneen,Underwear’s,بدي نصف كم ليكرا للسيدات 365 يوم، مقاس M,FS1141364CF1,1.0,79.0,79.0,0.0,79.0,,الجيزة,Cash On Delivery
2006395872,2026-09-24 01:57:05,Sep 24,raneen,raneen,Underwear’s,بدي بأكمام طويلة هاف كول قطن ليكرا للسيدات 365 يوم,FS1138070DRD,1.0,95.0,95.0,0.0,95.0,,الجيزة,Cash On Delivery
2006395872,2026-09-24 01:57:05,Sep 24,raneen,raneen,Underwear’s,بدي بأكمام طويلة هاف كول قطن ليكرا للسيدات 365 يوم,FS1138068CAF,1.0,95.0,95.0,0.0,95.0,,الجيزة,Cash On Delivery
2006395872,2026-09-24 01:57:05,Sep 24,raneen,raneen,Underwear’s,بدي نصف كم قطن ليكرا للسيدات 365 يوم,FS1141366DRD,1.0,79.0,79.0,0.0,79.0,,الجيزة,Cash On Delivery
2006395869,2026-09-24 01:56:26,Sep 24,raneen,raneen,Drinkware,طقم عصير زجاج، 7 قطع - شفاف,HO1118240CL1,1.0,100.0,100.0,4.99,95.01,kch200,أسيوط,Cash On Delivery
2006395869,2026-09-24 01:56:26,Sep 24,raneen,raneen,Drinkware,طقم اكواب اكواتك، 18 قطعة - شفاف,HO1093911CLR,4.0,200.0,800.0,39.86,760.14,kch200,أسيوط,Cash On Delivery
2006395869,2026-09-24 01:56:26,Sep 24,raneen,raneen,Cookware,حلة الومنيوم بالغطاء ماجيك، 20 سم - فضي,HO1145775SLV,1.0,200.0,200.0,9.96,190.04,kch200,أسيوط,Cash On Delivery
2006395869,2026-09-24 01:56:26,Sep 24,raneen,raneen,Bowl,بولة بورسلين جروب تايجر، 11×8 سم - ابيض,HO1155117WI1,2.0,25.0,50.0,2.49,47.51,kch200,أسيوط,Cash On Delivery
2006395869,2026-09-24 01:56:26,Sep 24,raneen,raneen,Drinkware,طقم مج زجاج، 6 قطع، 160 مل - شفاف,HO1131532CLR,2.0,125.0,250.0,12.45,237.55,kch200,أسيوط,Cash On Delivery
2006395869,2026-09-24 01:56:26,Sep 24,raneen,raneen,Cleaning Tools &amp; Supplies,سبت غسيل بلاستيك سونى بيور، 42×30 سم - موف,HO1098331MV1,2.0,60.0,120.0,5.98,114.02,kch200,أسيوط,Cash On Delivery
2006395869,2026-09-24 01:56:26,Sep 24,raneen,raneen,Cleaning Tools &amp; Supplies,سبت غسيل بلاستيك سونى بيور، 42×30 سم، 36 لتر - اسود,HO1098331BLK,2.0,60.0,120.0,5.98,114.02,kch200,أسيوط,Cash On Delivery
2006395869,2026-09-24 01:56:26,Sep 24,raneen,raneen,Kitchenware,طقم توزيع سيليكون الشيف، 6 قطع، بيد ستانلس ستيل، بالاضافة الي ستاند - متعدد الالوان,HO1090289MA1,1.0,200.0,200.0,9.96,190.04,kch200,أسيوط,Cash On Delivery
2006395869,2026-09-24 01:56:26,Sep 24,raneen,raneen,Dinnerware,طقم عدلية ستانلس ستيل شيف كوك، 3 قطع - فضي,HO1119875SLV,1.0,100.0,100.0,4.99,95.01,kch200,أسيوط,Cash On Delivery
2006395869,2026-09-24 01:56:26,Sep 24,raneen,raneen,Kitchenware,طقم توزيع سيليكون الشيف، 6 قطع، بالاضافة الي ستاند - برتقالي داكن,HO1129520DOR,1.0,200.0,200.0,9.96,190.04,kch200,أسيوط,Cash On Delivery
2006395869,2026-09-24 01:56:26,Sep 24,raneen,raneen,Cookware,لبانة بالغطاء الومنيوم شيف كوك، 16 سم - فضي,HO1109913SLV,1.0,200.0,200.0,9.96,190.04,kch200,أسيوط,Cash On Delivery
2006395869,2026-09-24 01:56:26,Sep 24,raneen,raneen,Serveware,طقم صوانى تقديم ستانلس ستيل شيف كوك، 5 قطع - فضي,HO1109915SLV,1.0,200.0,200.0,9.96,190.04,kch200,أسيوط,Cash On Delivery
2006395869,2026-09-24 01:56:26,Sep 24,raneen,raneen,Kitchenware,طقم مصفاه ستانلس ستيل مستديرة شيف كوك، 3 قطع - فضي,HO1119876SLV,2.0,100.0,200.0,9.96,190.04,kch200,أسيوط,Cash On Delivery
2006395869,2026-09-24 01:56:26,Sep 24,raneen,raneen,Cookware,طقم طاجن فخار، 3 قطع - بني,HO1103092BR5,6.0,55.0,330.0,16.44,313.56,kch200,أسيوط,Cash On Delivery
2006395869,2026-09-24 01:56:26,Sep 24,raneen,raneen,Cleaning Tools &amp; Supplies,سبت غسيل بلاستيك سونى بيور، 42×30 سم، 36 لتر - ازرق فاتح,HO1098331PT1,3.0,60.0,180.0,8.97,171.03,kch200,أسيوط,Cash On Delivery
2006395869,2026-09-24 01:56:26,Sep 24,raneen,raneen,Cleaning Tools &amp; Supplies,طبق غسيل بلاستيك، قابل للطى، 38 لتر - ابيض رمادي,HO1125130WNG,1.0,299.0,299.0,14.9,284.1,kch200,أسيوط,Cash On Delivery
2006395869,2026-09-24 01:56:26,Sep 24,raneen,raneen,Serveware,طقم صواني تقديم ستانلس ستيل شيف كوك، 3 قطع - فضي,HO1091268SL2,1.0,100.0,100.0,4.99,95.01,kch200,أسيوط,Cash On Delivery
2006395869,2026-09-24 01:56:26,Sep 24,raneen,raneen,Kitchenware,طقم توزيع سيليكون الشيف، 6 قطع، بالاضافة الي ستاند - ازرق فاتح,HO1129520LBL,1.0,200.0,200.0,9.96,190.04,kch200,أسيوط,Cash On Delivery
2006395869,2026-09-24 01:56:26,Sep 24,raneen,raneen,Cookware,طقم طاجن فخار، 3 قطع - بني,HO1103090BR1,3.0,55.0,165.0,8.22,156.78,kch200,أسيوط,Cash On Delivery
2006395866,2026-09-24 01:54:50,Sep 24,raneen,raneen,Bedding,دفاية سرير قطيفة ميلانو، 220×240 سم، 1050 جرام - متعدد الالوان,TX1140578MC1,1.0,299.0,299.0,0.0,299.0,KCH200,القليوبية,Cash On Delivery
2006395866,2026-09-24 01:54:50,Sep 24,MP,lifecare,Cookware,جرة تبخير حليب من الفولاذ المقاوم للصدأ من كايس للإسبريسو والكابتشينو واللاتيه 350 مللي - بيضاء,RAN-U6P7NWX,1.0,205.0,205.0,10.25,194.75,KCH200,القليوبية,Cash On Delivery
2006395866,2026-09-24 01:54:50,Sep 24,raneen,raneen,Serveware,طقم صواني تقديم بلاستيك أيليت، قطعتين - زيتوني,HO1148729LTR,1.0,200.0,200.0,10.0,190.0,KCH200,القليوبية,Cash On Delivery
2006395866,2026-09-24 01:54:50,Sep 24,raneen,raneen,Serveware,طقم صينية تقديم بلاستيك مستطيل الهدى، 3 قطع - متعدد الالوان,HO1132539MA8,1.0,115.0,115.0,5.75,109.25,KCH200,القليوبية,Cash On Delivery
2006395866,2026-09-24 01:54:50,Sep 24,raneen,raneen,Serveware,طقم صواني تقديم بلاستيك أيليت، قطعتين - كشمير,HO1148729KSH,1.0,200.0,200.0,10.0,190.0,KCH200,القليوبية,Cash On Delivery
2006395866,2026-09-24 01:54:50,Sep 24,raneen,raneen,Serveware,صينية تقديم بلاستيك أيليت، 52×36 سم - زيتوني,HO1104933TRQ,1.0,100.0,100.0,5.0,95.0,KCH200,القليوبية,Cash On Delivery
2006395857,2026-09-24 01:52:32,Sep 24,MP,ikdesigns,Curtain,مجموعة ستارة دبل قطيفة، قطعتين، 280x270 سم - متعدد الالوان,CR017-ikdesigns,1.0,2278.8,2278.8,113.94,2164.86,TEX200,الشرقية,Cash On Delivery
2006395845,2026-09-24 01:48:36,Sep 24,raneen,raneen,Electronics Audio,سماعة صب ووفر لاسلكية جاما، 10 وات، 20×19×50 سم، بلوتوث، GT-626 - اسود رمادي,EL1145736BK1,1.0,1099.0,1099.0,0.0,1099.0,,الجيزة,Premium Card
2006395842,2026-09-24 01:48:29,Sep 24,raneen,raneen,Washers &amp; Dryer,غسالة ملابس تحميل علوي نصف اوتوماتيك فريش، 2 موتور، 14 كجم، FWT14000ND-500010644 - ابيض,EL1064698WIT,1.0,8099.0,8099.0,400.0,7699.0,la400,المنوفية,Cash On Delivery
2006395830,2026-09-24 01:46:27,Sep 24,raneen,raneen,Kitchen Machine &amp; Kneading Machines,محضر طعام تورنيدو،1000 وات،3 سرعات، FP-1000SG - فضي,EL1020348SLV,1.0,4249.0,4249.0,212.45,4036.55,LA400,البحيرة,Paymob Wallet
2006395827,2026-09-24 01:45:45,Sep 24,raneen,raneen,Cookware,صينية فرن تيفلون تروفال، 22 سم - زيتوني,HO1056774OL1,1.0,319.0,319.0,15.95,303.05,KCH200,القاهرة,Cash On Delivery
2006395827,2026-09-24 01:45:45,Sep 24,raneen,raneen,Serveware,طقم صينية تقديم بلاستيك مستطيل الهدى، 3 قطع - متعدد الالوان,HO1132539MA8,1.0,115.0,115.0,5.75,109.25,KCH200,القاهرة,Cash On Delivery
2006395827,2026-09-24 01:45:45,Sep 24,raneen,raneen,Serveware,صينية عشاء ستانلس ستيل مستديرة ماجستيك، 50 سم، 600 جرام تقريبا - فضي,HO1119873SLV,1.0,100.0,100.0,5.0,95.0,KCH200,القاهرة,Cash On Delivery
2006395827,2026-09-24 01:45:45,Sep 24,raneen,raneen,Serveware,صينية عشاء ستانلس ستيل عبده ستيل، 60 سم - فضى,HO1104373SLV,1.0,200.0,200.0,10.0,190.0,KCH200,القاهرة,Cash On Delivery
2006395827,2026-09-24 01:45:45,Sep 24,raneen,raneen,Serveware,صينية تقديم خشب، 4 أرجل، 67×43 سم - خشبي اسود,HO1137742BS1,1.0,100.0,100.0,5.0,95.0,KCH200,القاهرة,Cash On Delivery
2006395827,2026-09-24 01:45:45,Sep 24,raneen,raneen,Cookware,قلاية المونيوم ماجستيك شيف كوك، يد ستانلس ستيل، 24 سم - فضي,HO1115371SLV,1.0,100.0,100.0,5.0,95.0,KCH200,القاهرة,Cash On Delivery
2006395827,2026-09-24 01:45:45,Sep 24,raneen,raneen,Serveware,طقم صوانى تقديم ستانلس ستيل شيف كوك، 5 قطع - فضي,HO1109915SLV,1.0,200.0,200.0,10.0,190.0,KCH200,القاهرة,Cash On Delivery
2006395824,2026-09-24 01:43:46,Sep 24,raneen,raneen,Kitchen Machine &amp; Kneading Machines,محضر طعام تورنيدو،1000 وات،3 سرعات، FP-1000SG - فضي,EL1020348SLV,1.0,4249.0,4249.0,212.45,4036.55,LA400,البحيرة,Paymob Wallet
2006395818,2026-09-24 01:42:13,Sep 24,raneen,raneen,Electronics Audio,مكبر صوت سلكي جاما ، يو اس بي ، GT-310 - أسود,EL1142687BLK,1.0,169.0,169.0,0.0,169.0,,كفر الشيخ,Cash On Delivery
2006395812,2026-09-24 01:41:09,Sep 24,raneen,raneen,Kitchen Machine &amp; Kneading Machines,محضر طعام تورنيدو،1000 وات،3 سرعات، FP-1000SG - فضي,EL1020348SLV,1.0,4249.0,4249.0,212.45,4036.55,LA400,البحيرة,Paymob Wallet
2006395809,2026-09-24 01:38:49,Sep 24,raneen,raneen,Kitchen Machine &amp; Kneading Machines,محضر طعام تورنيدو،1000 وات،3 سرعات، FP-1000SG - فضي,EL1020348SLV,1.0,4249.0,4249.0,212.45,4036.55,LA400,البحيرة,Paymob Wallet
2006395800,2026-09-24 01:33:58,Sep 24,raneen,raneen,Kitchen Machine &amp; Kneading Machines,محضر طعام تورنيدو،1000 وات،3 سرعات، FP-1000SG - فضي,EL1020348SLV,1.0,4249.0,4249.0,212.45,4036.55,LA400,البحيرة,Paymob Wallet
2005528448,2026-09-24 01:33:47,Sep 24,raneen,raneen,Refrigerators &amp; Freezers,ديب فريزر راسي نوفروست توشيبا، 238 لتر، 7 درج ، GR-RU312WE-DMN(37H) - رمادي داكن,EL1110864DGY,1.0,26989.0,26989.0,400.0,26589.0,LA400,القاهرة,Cash On Delivery
2006395797,2026-09-24 01:33:43,Sep 24,MP,dukanalaa,Hair Care,مكواة ميني لفرد الشعر، درجة حرارة 160c - بنفسجي,160IRPUR,10.0,95.0,950.0,0.0,950.0,,كفر الشيخ,Cash On Delivery
2006395788,2026-09-24 01:32:51,Sep 24,MP,coktailstore,Power &amp; Hand Tools,صمغ فوري سي ايه من اكفيكس، عبوة بسعة 200 مل [صمغ شفاف فائق مع بخاخ معجل],RAN-FAPKSTT,1.0,149.0,149.0,0.0,149.0,,القاهرة,Cash On Delivery
2006395785,2026-09-24 01:31:53,Sep 24,MP,dukanalaa,Hair Care,مكواة ميني لفرد الشعر، درجة حرارة 160c - بنفسجي,160IRPUR,1.0,95.0,95.0,0.0,95.0,,كفر الشيخ,Cash On Delivery
2006395782,2026-09-24 01:30:49,Sep 24,raneen,raneen,Laptop &amp; Computer Tables,ترابيزة لاب توب ثري دي خشب بأرجل معدن العالمية، سهلة الطى، 60×40×28 سم - متعدد الالوان,HO1106687MU8,1.0,180.0,180.0,0.0,180.0,,القاهرة,Cash On Delivery
2006395782,2026-09-24 01:30:49,Sep 24,raneen,raneen,Laptop &amp; Computer Tables,ترابيزة لاب توب ثري دي خشب بأرجل معدن العالمية، سهلة الطى، 60×40×28 سم - متعدد الالوان,HO1106687MU9,1.0,180.0,180.0,0.0,180.0,,القاهرة,Cash On Delivery
2006395779,2026-09-24 01:30:48,Sep 24,raneen,raneen,Kitchen Machine &amp; Kneading Machines,محضر طعام تورنيدو،1000 وات،3 سرعات، FP-1000SG - فضي,EL1020348SLV,1.0,4249.0,4249.0,212.45,4036.55,LA400,البحيرة,Paymob Wallet
2006395776,2026-09-24 01:30:12,Sep 24,MP,smbfortrade,Knife &amp; Cutters,طقم سكاكين سيراميك، 2 قطعة - ازرق,5152537861618,1.0,89.0,89.0,4.45,84.55,KCH200,القليوبية,Cash On Delivery
2006395776,2026-09-24 01:30:12,Sep 24,raneen,raneen,Cookware,لبانة ستانلس ستيل كيرفي زينوكس، 16سم - فضي,HO1066068SLV,1.0,699.0,699.0,34.95,664.05,KCH200,القليوبية,Cash On Delivery
2006395776,2026-09-24 01:30:12,Sep 24,raneen,raneen,Cookware,طقم كنك ستانلس ستيل زينوكس، 3 قطع، بالحامل - فضي,HO1007352SLV,1.0,899.0,899.0,44.95,854.05,KCH200,القليوبية,Cash On Delivery
2006395776,2026-09-24 01:30:12,Sep 24,raneen,raneen,Serveware,طقم صواني تقديم خشب السلسبيل، قطعتين - رمادي بني,HO1141756GY6,1.0,499.0,499.0,24.95,474.05,KCH200,القليوبية,Cash On Delivery
2006395776,2026-09-24 01:30:12,Sep 24,MP,molanafortraining,Kettles,غلاية Uakeen بتصميم أنيق، سعة 2 لتر مع مؤشر مستوى الماء، قاعدة دوارة 360، أقدام مانعة للانزلاق، 2200 وات، من الفولاذ المقاوم للصدأ اللوان متعدده ,RAN-2XRWPD5,1.0,1999.0,1999.0,0.0,1999.0,KCH200,القليوبية,Cash On Delivery
2006395776,2026-09-24 01:30:12,Sep 24,raneen,raneen,Knife &amp; Cutters,طقم سكاكين ستانلس ستيل باس، 7 قطع، بالاضافة الي ستاند - اسود فضي,HO1144723BK5,1.0,749.0,749.0,37.45,711.55,KCH200,القليوبية,Cash On Delivery
2006395776,2026-09-24 01:30:12,Sep 24,raneen,raneen,Cookware,طقم طاجن مربع زجاج حرارى سيمكس، 3 قطع - شفاف,HO1140475CLR,1.0,949.0,949.0,47.45,901.55,KCH200,القليوبية,Cash On Delivery
2006395752,2026-09-24 01:26:04,Sep 24,raneen,raneen,Kitchen Machine &amp; Kneading Machines,محضر طعام تورنيدو،1000 وات،3 سرعات، FP-1000SG - فضي,EL1020348SLV,1.0,4249.0,4249.0,212.45,4036.55,LA400,البحيرة,Paymob Wallet
2006395755,2026-09-24 01:26:02,Sep 24,raneen,raneen,Electronics Audio,مكبر صوت محمول كيسونلي، بطارية 1800 أمبير/ساعة، مد تشغيل تصل الى 8 ساعات، يدعم Aux ،Usb، بلوتوث، LED-805 - أسود,EL1136461BLK,1.0,669.0,669.0,0.0,669.0,,الأسكندرية,Cash On Delivery
2006395746,2026-09-24 01:21:26,Sep 24,raneen,raneen,Kids Bags,شنطة ظهر مدرسية 3D ميكروفايبر للبنات، 3 سوستة، 17 بوصة، بالاضافة الي مقلمة - متعدد الالوان,HO1150459MC4,1.0,299.0,299.0,0.0,299.0,,القاهرة,Cash On Delivery
2006395737,2026-09-24 01:18:04,Sep 24,raneen,raneen,Pants,بنطلون سوفت للرجال سيزر، مقاس XL - اسود,FS1144676BLK,1.0,209.0,209.0,0.0,209.0,,أسوان,valU
2006395737,2026-09-24 01:18:04,Sep 24,MP,atum,Pants,بنطلون رياضي مريح للرجال اتوم ايجيبت,XXL-Navy-0834,1.0,805.5,805.5,0.0,805.5,,أسوان,valU
2006395737,2026-09-24 01:18:04,Sep 24,MP,caesar,Pants,بنطلون رجالي قطن مزود بجيوب جانبية,23059-Silver-2XL,1.0,401.0,401.0,0.0,401.0,,أسوان,valU
2006395737,2026-09-24 01:18:04,Sep 24,MP,caesar,Pants,بنطلون قطن رجالي كايزر ميلتون مع جيوب - رمادي داكن,23058-Darkgrey-2XL,1.0,401.0,401.0,0.0,401.0,,أسوان,valU
2006395734,2026-09-24 01:17:43,Sep 24,MP,alsorgy,Smart Watches,ساعة ذكية X8+Ultra، متوافقة مع انظمة أندرويد، معدل ضربات القلب - اسود,SMPX8ULTRASMARTW-alsorgy,1.0,645.0,645.0,0.0,645.0,,الجيزة,Cash On Delivery
2006395731,2026-09-24 01:17:24,Sep 24,raneen,raneen,Cleaning Tools &amp; Supplies,باسكت قمامة بلاستيك بغطاء تاتش حجازي، 7 لتر- ابيض بيج,HO1147789WIT,1.0,135.0,135.0,6.75,128.25,KCH200,القاهرة,Paymob Wallet
4000169018,2026-09-24 01:15:11,Sep 24,MP,alsorgy,Shaving &amp; Grooming,"Kemei KM-T99 Hair Clipper, 800 mAh, 4 Combs - Gold",EL1119816GLD-alsorgy,1.0,209.0,209.0,0.0,209.0,more10,الجيزة,Credit/Debit Card
4000169018,2026-09-24 01:15:11,Sep 24,MP,naitghwooging,Shoe Rack,"Spanish MDF Wood Shoe Organizer, 120x50x40 cm - Beige",naitghwooging-O331,1.0,3329.0,3329.0,332.9,2996.1,more10,الجيزة,Credit/Debit Card
4000169018,2026-09-24 01:15:11,Sep 24,MP,naitghwooging,Center Table,"Brown Coffee Table, MDF Wood, 35×100×50 Cm - Wooden",naitghwooging-O337,1.0,1899.0,1899.0,189.9,1709.1,more10,الجيزة,Credit/Debit Card
2006395719,2026-09-24 01:13:39,Sep 24,raneen,raneen,Kitchen Machine &amp; Kneading Machines,محضر طعام تورنيدو،1000 وات،3 سرعات، FP-1000SG - فضي,EL1020348SLV,1.0,4249.0,4249.0,212.45,4036.55,LA400,البحيرة,Paymob Wallet
2006395710,2026-09-24 01:11:17,Sep 24,MP,talhastore,Men&#039;s Bags,شنطة كتف مضادة للسرقة مع شحن USB سيزفيل - أسود,B0BLZ5K4K4,1.0,300.0,300.0,0.0,300.0,,الجيزة,Cash On Delivery
2006395707,2026-09-24 01:11:16,Sep 24,raneen,raneen,Kitchen Machine &amp; Kneading Machines,محضر طعام تورنيدو،1000 وات،3 سرعات، FP-1000SG - فضي,EL1020348SLV,1.0,4249.0,4249.0,212.45,4036.55,LA400,البحيرة,Paymob Wallet
2006395695,2026-09-24 01:08:33,Sep 24,raneen,raneen,Kitchen Machine &amp; Kneading Machines,محضر طعام تورنيدو،1000 وات،3 سرعات، FP-1000SG - فضي,EL1020348SLV,1.0,4249.0,4249.0,212.45,4036.55,LA400,البحيرة,Paymob Wallet
2006395680,2026-09-24 01:00:55,Sep 24,raneen,raneen,Cleaning Tools &amp; Supplies,باسكت قمامة بلاستيك بغطاء تاتش حجازي، 7 لتر- ابيض بيج,HO1147789WIT,1.0,135.0,135.0,6.75,128.25,KCH200,الأسكندرية,Cash On Delivery
2006395680,2026-09-24 01:00:55,Sep 24,MP,lightcart,Kitchen Accessories,مريلة مطبخ للطهاة والسيدات من كوكينغ,RAN-EK3B72Y,1.0,129.0,129.0,6.45,122.55,KCH200,الأسكندرية,Cash On Delivery
2006395680,2026-09-24 01:00:55,Sep 24,MP,molanafortraining,Curtain,معلق للستارة قابل للتمدد من الفولاذ المقاوم للصدأ بطول قابل للتعديل (140سم - 260سم),RAN-T6BF7GW,1.0,299.0,299.0,0.0,299.0,KCH200,الأسكندرية,Cash On Delivery
2006395680,2026-09-24 01:00:55,Sep 24,raneen,raneen,Mats,طقم دواسه حمام فرو رويالتي، ظهر دوتس، قطعتين، 800 جرام تقريبا - بيج,TX1135663BG4,1.0,299.0,299.0,0.0,299.0,KCH200,الأسكندرية,Cash On Delivery
2006395680,2026-09-24 01:00:55,Sep 24,raneen,raneen,Mats,طقم دواسه حمام فرو رويالتي، ظهر دوتس، قطعتين، 800 جرام تقريبا - بيج,TX1135663BG5,1.0,299.0,299.0,0.0,299.0,KCH200,الأسكندرية,Cash On Delivery
2006395680,2026-09-24 01:00:55,Sep 24,raneen,raneen,Curtain,ستارة شانليا سادة بحلقات مخمل، 130×250 سم، 945 جرام تقريبا - بيج (قطعة واحدة),TX1141989BEG,2.0,305.0,610.0,0.0,610.0,KCH200,الأسكندرية,Cash On Delivery
2006395680,2026-09-24 01:00:55,Sep 24,raneen,raneen,Drinkware,طقم شوب عصير زجاج لومينارك، 6 قطع، 330 مل - شفاف,HO1120101CLR,1.0,200.0,200.0,10.0,190.0,KCH200,الأسكندرية,Cash On Delivery
2006395680,2026-09-24 01:00:55,Sep 24,raneen,raneen,Drinkware,طقم شوب زجاج باشابتشي، 6 قطع، 320 مل - متعدد الالوان,HO1137537MC1,1.0,249.0,249.0,12.45,236.55,KCH200,الأسكندرية,Cash On Delivery
2006395680,2026-09-24 01:00:55,Sep 24,raneen,raneen,Dinnerware,طقم عشاء أركوبال أماراتى لومينارك، 24 قطعة - ابيض,HO1088626WIT,1.0,999.0,999.0,49.95,949.05,KCH200,الأسكندرية,Cash On Delivery
2006395674,2026-09-24 00:55:42,Sep 24,MP,newair,Electronics Audio,مسرح منزلى ميديا تيك، 45 وات، ريموت كنترول، 5.1 MT-861 - اسود,WepMT-861,1.0,6799.0,6799.0,0.0,6799.0,,البحيرة,Cash On Delivery
2006395665,2026-09-24 00:52:44,Sep 24,MP,attallah,Fans,مروحة بوكس فريش ، 12 بوصة ، 3 سرعات - ابيض,EL1049874GRY-attallah,1.0,956.0,956.0,0.0,956.0,,القاهرة,Cash On Delivery
2006395644,2026-09-24 00:45:43,Sep 24,MP,dukanalaa,Connectors,قاطع طاقة زيرو 4 مخرج مزدوج 10 أمبير 5 متر - أسود,RAN-KNPB53Z,1.0,175.0,175.0,0.0,175.0,,القاهرة,Credit/Debit Card
2006395644,2026-09-24 00:45:43,Sep 24,raneen,raneen,Home &amp; Balcony Essentials,كرسي بلاستيك، 68×43×57 سم - اسود,HO1107946BLK,1.0,299.0,299.0,0.0,299.0,,القاهرة,Credit/Debit Card
2006395641,2026-09-24 00:42:46,Sep 24,raneen,raneen,Televisions,"تلفزيون سمارت جاك, بدون إطار، 43 بوصة، ريسيفر داخلي، 43JD8121F ,LED ,FHD - اسود",EL1139703BLK,1.0,9899.0,9899.0,300.0,9599.0,tv300,الجيزة,Cash On Delivery
2006395638,2026-09-24 00:42:09,Sep 24,raneen,raneen,Refrigerators &amp; Freezers,ثلاجة دي فروست يونيون اير، 2باب، 310 لتر، دي فروست ديجيتال، RD-320VVA-DAH - فضى,EL1153508SLV,1.0,11199.0,11199.0,0.0,11199.0,,الجيزة,Cash On Delivery
2006395632,2026-09-24 00:33:53,Sep 24,MP,dukanalaa,Hair Care,مكواة شعر تورنيدو، 6 مستويات، 980 درجة حرارة - اسود,980TornBLK,1.0,1144.0,1144.0,0.0,1144.0,,القاهرة,Cash On Delivery
2006395629,2026-09-24 00:32:50,Sep 24,raneen,raneen,Cleaning Tools &amp; Supplies,جردل مسح 2 عين بالغطاء بلاستيك سمارت حجازي بلاست، مزود بماسحة باركية، 2 غيار، 22×19×37 سم - بيج رمادي,HO1114685BG1,1.0,200.0,200.0,10.0,190.0,KCH200,القاهرة,Cash On Delivery
2006395626,2026-09-24 00:32:43,Sep 24,raneen,raneen,Irons,مكواة جافة تاتش الزنوكى، 1000 وات، 40405 HEAVY - أبيض,EL1020592WIT,2.0,709.0,1418.0,70.9,1347.1,lA400,البحيرة,Cash On Delivery
2006395626,2026-09-24 00:32:43,Sep 24,raneen,raneen,Irons,مكواه ملابس بخار ايه تى ايه، قاعدة سيراميك، 2200 وات، HJ-8030B - ابيض ازرق,EL1114153WNB,2.0,795.0,1590.0,79.5,1510.5,lA400,البحيرة,Cash On Delivery
2006395623,2026-09-24 00:30:39,Sep 24,MP,mattger,Personal Care,مزيل عرق دراكون للتبييض باشن بيك رول أون 50 مل + مزيل عرق لولي بوب كاندي للتبييض رول أون 50 مل,6416-mattger,1.0,224.0,224.0,0.0,224.0,,المنيا,Cash On Delivery
2006395623,2026-09-24 00:30:39,Sep 24,MP,mattger,Skin Care,كريم ستارڤيل - للمناطق الحساسة - 60 غرام,7786-mattger,1.0,105.0,105.0,0.0,105.0,,المنيا,Cash On Delivery
2006395623,2026-09-24 00:30:39,Sep 24,raneen,raneen,Serveware,صينية تقديم طعام خشب زان، 60×30 سم، أرجل قابلة للطي - رمادي خشبي,HO1145416BS2,1.0,200.0,200.0,0.0,200.0,,المنيا,Cash On Delivery
2006395623,2026-09-24 00:30:39,Sep 24,MP,mattger,Skin Care,كريم ستار فيل لتفتيح البشرة مع الأربوتين للوجه والجسم - 60 غرام,3678-mattger,1.0,120.0,120.0,0.0,120.0,,المنيا,Cash On Delivery
2006395620,2026-09-24 00:29:45,Sep 24,raneen,raneen,Drinkware,طقم شوب زجاج باشابتشي، 6 قطع، 345 مل - شفاف,HO1145026MC1,3.0,200.0,600.0,30.0,570.0,KCH200,الجيزة,Cash On Delivery
2006395620,2026-09-24 00:29:45,Sep 24,raneen,raneen,Drinkware,طقم شوب زجاج باشابتشي، 6 قطع، 320 مل - متعدد الالوان,HO1145725CL1,4.0,200.0,800.0,40.0,760.0,KCH200,الجيزة,Cash On Delivery
2006395620,2026-09-24 00:29:45,Sep 24,raneen,raneen,Drinkware,طقم شوب زجاج باشابتشي، 6 قطع، 320 مل - متعدد الالوان,HO1137538MC1,3.0,200.0,600.0,30.0,570.0,KCH200,الجيزة,Cash On Delivery
2006395620,2026-09-24 00:29:45,Sep 24,raneen,raneen,Drinkware,طقم قارورة عصير بالاكواب زجاج زينيا، 7 قطع - شفاف,HO1126430CL4,1.0,200.0,200.0,10.0,190.0,KCH200,الجيزة,Cash On Delivery
2006395617,2026-09-24 00:28:30,Sep 24,MP,radiotalaat,Kettles,غلاية مياه كهربائية سوكاني، 1850وات، 1.7لتر، SK -1033 - اسود,195092-radiotalaat,1.0,1390.0,1390.0,0.0,1390.0,KCH200,القاهرة,Credit/Debit Card
2006395617,2026-09-24 00:28:30,Sep 24,raneen,raneen,Cookware,طقم حلل جرانيت ريترو ماستر، 11 قطعة، ريترو لاين - كافية,HO1126287CAF,1.0,4999.0,4999.0,145.61,4853.39,KCH200,القاهرة,Credit/Debit Card
2006395617,2026-09-24 00:28:30,Sep 24,MP,bianca,Cookware,طقم كنك للقهوة مع الاستاند جرانيت بيانكا، 4 قطع - رمادى,Z01071658B96C2ABCDA8EZ-1,1.0,957.0,957.0,27.87,929.13,KCH200,القاهرة,Credit/Debit Card
2006395617,2026-09-24 00:28:30,Sep 24,raneen,raneen,Knife &amp; Cutters,طقم سكاكين ستانلس ستيل فالمر، 6 قطع، بالاضافة الي ستاند - فضي بيج,HO1133188BNS,1.0,910.0,910.0,26.5,883.5,KCH200,القاهرة,Credit/Debit Card
4000169009,2026-09-24 00:25:01,Sep 24,raneen,raneen,Sandwich Waffle Makers,"Sandwich Maker Fresh , 3 in 1, 750W, Stainless Steel- Silver Black",EL1139018SNB,1.0,1699.0,1699.0,0.0,1699.0,,الجيزة,valU
2006395611,2026-09-24 00:24:44,Sep 24,MP,rofaeeltrade,Air Conditioner,تكييف سبليت بيكو، موتور انفرتر، 1.5 حصان، بارد وساخن، BIHT1241X - ابيض,BIHT1241X-rof,1.0,23799.0,23799.0,0.0,23799.0,,البحيرة,Cash On Delivery
2006395608,2026-09-24 00:24:28,Sep 24,MP,nshopping,Fryers,قلاية هوائية كينوود 10 لتر – 3600 وات بشاشة ديجيتال,RAN-GS4GZYM-nshopping,1.0,2899.0,2899.0,0.0,2899.0,,الجيزة,Cash On Delivery
2006395605,2026-09-24 00:23:25,Sep 24,raneen,raneen,Microwaves &amp; Ovens,ميكروويف ايه تى ايه،، 20 لتر، 1200 وات، MW20LN002 - رمادي,EL1120811GRY,2.0,2999.0,5998.0,0.0,5998.0,,الأسماعيلية,El-Ahly Installments
2006395602,2026-09-24 00:23:21,Sep 24,raneen,raneen,Microwaves &amp; Ovens,فرن كهربائى بشواية ايه تى ايه، 2000 وات، 38 لتر - اسود,EL1102519BLK,1.0,1755.0,1755.0,87.75,1667.25,LA400,القاهرة,valU
2006395599,2026-09-24 00:22:22,Sep 24,raneen,raneen,Cookware,طقم قلاية الومنيوم ماجيك، قطعتين - فضي,HO1145771SLV,1.0,200.0,200.0,0.0,200.0,,البحيرة,Cash On Delivery
2006395599,2026-09-24 00:22:22,Sep 24,raneen,raneen,Cookware,طقم صينية بسبوسة الومنيوم ماجيك، 3 قطع - فضي,HO1148567SLV,1.0,200.0,200.0,0.0,200.0,,البحيرة,Cash On Delivery
2006395596,2026-09-24 00:20:55,Sep 24,raneen,raneen,Drinkware,طقم اكواب اكواتك، 18 قطعة - شفاف,HO1093911CLR,1.0,200.0,200.0,0.0,200.0,,الأسكندرية,Cash On Delivery
2006395596,2026-09-24 00:20:55,Sep 24,raneen,raneen,Serveware,طقم صينية تقديم خشب مستطيل، 3 قطع - بني,HO1157802BRN,1.0,160.0,160.0,0.0,160.0,,الأسكندرية,Cash On Delivery
2006395596,2026-09-24 00:20:55,Sep 24,raneen,raneen,Kitchenware,طقم توزيع خشب سرسوع روز وود، 3 قطع - خشبي بني,HO1144076BSC,1.0,135.0,135.0,0.0,135.0,,الأسكندرية,Cash On Delivery
2006395593,2026-09-24 00:20:37,Sep 24,raneen,raneen,Kitchenware,مصفاة ستانلس ستيل روكى، مقاس 8 - فضى,HO1048624SLV,1.0,29.0,29.0,0.0,29.0,,البحيرة,Cash On Delivery
2006395593,2026-09-24 00:20:37,Sep 24,raneen,raneen,Cookware,طقم قلاية الومنيوم شيف كوك، 3 قطع - فضي,HO1129642SLV,1.0,200.0,200.0,0.0,200.0,,البحيرة,Cash On Delivery
2006395590,2026-09-24 00:19:47,Sep 24,raneen,raneen,Coffee Corner,كوفي كورنر خشب شيب بورد، 80×30×85 سم، 1 دلفة، 2 رف - ابيض بني,HO1141211WI1,1.0,2999.0,2999.0,0.0,2999.0,,القاهرة,Cash On Delivery
2006395581,2026-09-24 00:18:08,Sep 24,raneen,raneen,Dishwasher,غسالة أطباق بوش، 13 فرد، 6 برامج، 60 سم، ديجيتال، SMS4EMI60V - فضي,EL1108866SLV,1.0,33699.0,33699.0,0.0,33699.0,,الشرقية,valU
2006395572,2026-09-24 00:16:13,Sep 24,raneen,raneen,Dinnerware,طقم عشاء مربع اركوبال لومينارك، 19 قطعة - ابيض,HO1149853WI1,1.0,1199.0,1199.0,0.0,1199.0,,البحر الأحمر,Cash On Delivery
2006395563,2026-09-24 00:14:36,Sep 24,raneen,raneen,Mobile Phones,موبايل سمارت انفينكس Smart 20، شريحتين، شبكة الجيل الرابع، 64 جيجا بايت، 4 جيجا رام - ازرق,EL1148740BLU,1.0,6999.0,6999.0,0.0,6999.0,,الجيزة,Premium Card
2006395554,2026-09-24 00:13:13,Sep 24,raneen,raneen,Fans,"مروحة سقف كاريوكا فريش, 16 بوصة, 3 ريشة, 3 سرعات - ابيض",EL1099916WIT,1.0,1570.0,1570.0,78.5,1491.5,LA400,الجيزة,Cash On Delivery
2006395551,2026-09-24 00:12:42,Sep 24,raneen,raneen,Fans,مروحة حائط جيت برو تاتش الزنوكى، 16 بوصة، ريموت كنترول، 40161B - اسود,EL1147118BLK,2.0,1479.0,2958.0,147.9,2810.1,la400,القاهرة,Cash On Delivery
2006395548,2026-09-24 00:11:55,Sep 24,MP,dukanalaa,Mobile Accessories,حامل هاتف مكتبي Plokama DT-80 قابل لتعديل الارتفاع – أسود,RAN-8WNXSPP,1.0,299.0,299.0,0.0,299.0,,الجيزة,Cash On Delivery
2006395548,2026-09-24 00:11:55,Sep 24,MP,elkabeer,Coffee Makers,كنكة قهوة التركي سوكاني، ستانلس ستيل مقاوم للصدأ، 600 وات - فضي,ESES105SLV,1.0,499.0,499.0,0.0,499.0,,الجيزة,Cash On Delivery
2006395545,2026-09-24 00:11:39,Sep 24,MP,tibatrading,Kitchen Scale,ميزان رقمي صغير الحجم بشاشة LCD لوزن 200 جم/0.01 جم,RAN-QYYFPUN,1.0,199.0,199.0,0.0,199.0,,القاهرة,Cash On Delivery
2006395539,2026-09-24 00:11:24,Sep 24,MP,alistore,Fans,مروحة سقف تورنيدو TCF56WW - لون أبيض,RAN-EQR266T-alistore,1.0,1940.0,1940.0,0.0,1940.0,LA400,القاهرة,Cash On Delivery
2006395539,2026-09-24 00:11:24,Sep 24,raneen,raneen,Refrigerators &amp; Freezers,ثلاجة نوفروست زانوسى، 2 باب، 413 لتر تحكم ديجيتال انفرتر، ZTB5002SA - فضى,EL1156371SLV,1.0,22299.0,22299.0,400.0,21899.0,LA400,القاهرة,Cash On Delivery
2006395527,2026-09-24 00:10:21,Sep 24,raneen,raneen,Mixers &amp; Blenders,قطاعة خضار مولينكس، 500 وات،500 مل، AT7191EG - ابيض,EL1070648WIT,1.0,1539.0,1539.0,0.0,1539.0,,الأسكندرية,Cash On Delivery
2006395521,2026-09-24 00:09:18,Sep 24,raneen,raneen,Cookware,صينية بسكويت المونيوم الاهرام، 40×30 سم - فضي,HO1109794SLV,3.0,465.0,1395.0,69.75,1325.25,KCH200,الجيزة,Cash On Delivery
2006395518,2026-09-24 00:09:10,Sep 24,raneen,raneen,Kitchenware,طقم برطمانات توابل زجاج بغطاء معدن، 20 قطعة، بالاضافة الي ستاند - فضي,HO1130680SL1,1.0,499.0,499.0,24.95,474.05,KCH200,دمياط,Cash On Delivery
2006395503,2026-09-24 00:07:12,Sep 24,MP,linesleep,Bedding,لحاف فايبر لاين سليب، 240×220 سم - اسود,QLT21240X220BK,1.0,750.0,750.0,0.0,750.0,,القاهرة,Cash On Delivery
2006395503,2026-09-24 00:07:12,Sep 24,MP,snooze,Bed Sheets,طقم ملاية مايكروفايبر سنوز، قطعتان، 220x180 سم - اسود,6222057305752,3.0,239.0,717.0,0.0,717.0,,القاهرة,Cash On Delivery
2006395500,2026-09-24 00:05:26,Sep 24,raneen,raneen,Luggage,شنطة سفر ترولي سيليكون، 30 بوصة، 5 سوستة، قفل رقمى - زيتوني فضي,HO1157139OLV,1.0,1599.0,1599.0,79.95,1519.05,fly200,القاهرة,Cash On Delivery
2006395500,2026-09-24 00:05:26,Sep 24,raneen,raneen,Luggage,شنطة سفر ترولي سيليكون، 30 بوصة، 5 سوستة، قفل رقمى - اسود فضي,HO1156050BLK,1.0,1499.0,1499.0,74.95,1424.05,fly200,القاهرة,Cash On Delivery
4000169003,2026-09-24 00:04:09,Sep 24,raneen,raneen,Dinnerware,"Glass Plate Set, 6 Pieces, 15 cm - Clear",HO1145984CL1,1.0,100.0,100.0,5.0,95.0,kch200,القاهرة,Paymob Wallet
4000169003,2026-09-24 00:04:09,Sep 24,raneen,raneen,Bowl,"Glass Bowl Set, 3 pieces, 300 ml - Clear",HO1144250CLR,4.0,25.0,100.0,5.0,95.0,kch200,القاهرة,Paymob Wallet
4000169003,2026-09-24 00:04:09,Sep 24,raneen,raneen,Drinkware,"Cairo Glass Juice Set, 6 Pieces, 17 cm  - Clear",HO1095857CLR,1.0,60.0,60.0,3.0,57.0,kch200,القاهرة,Paymob Wallet
4000169003,2026-09-24 00:04:09,Sep 24,raneen,raneen,Cookware,"Max Glass Round Thermal glass Pot With Lid, 22 Cm - Clear",HO1113598CL1,2.0,100.0,200.0,10.0,190.0,kch200,القاهرة,Paymob Wallet
4000169003,2026-09-24 00:04:09,Sep 24,raneen,raneen,Serveware,"Goblet Glass Ice Cream Cup Set, 3 Pieces, 10×10 cm - Clear",HO1147697CL3,2.0,100.0,200.0,10.0,190.0,kch200,القاهرة,Paymob Wallet
4000169003,2026-09-24 00:04:09,Sep 24,raneen,raneen,Drinkware,"Nile Glass Mug Set, 6 Pieces, 240 ml - Clear",HO1141786CLR,1.0,100.0,100.0,5.0,95.0,kch200,القاهرة,Paymob Wallet
4000169003,2026-09-24 00:04:09,Sep 24,raneen,raneen,Drinkware,"Plastic sports water Bottle, 800 ml - Mauve",HO1129871MV2,1.0,141.0,141.0,7.05,133.95,kch200,القاهرة,Paymob Wallet
4000169003,2026-09-24 00:04:09,Sep 24,raneen,raneen,Kitchenware,"Stainless Steel Roasting Fork, Wooden Handle, 30 cm - Silver Brown",HO1138389BNS,1.0,46.0,46.0,2.3,43.7,kch200,القاهرة,Paymob Wallet
4000169003,2026-09-24 00:04:09,Sep 24,raneen,raneen,Kitchenware,"Ming Heng Stainless Steel Cheese Grater, with Wooden Handle, 33 cm - Silver Brown",HO1138378BNS,1.0,46.0,46.0,2.3,43.7,kch200,القاهرة,Paymob Wallet
4000169003,2026-09-24 00:04:09,Sep 24,raneen,raneen,Baking Tools,"El Cheef Silicone Chocolate Mold, 20×10 cm - Light Blue",HO1005527TR2,1.0,39.0,39.0,1.95,37.05,kch200,القاهرة,Paymob Wallet
4000169003,2026-09-24 00:04:09,Sep 24,raneen,raneen,Kitchenware,"Power Silicone Serving Set, 2 Pieces, Wood Handle, 18 cm - Multicolor",HO1141062MC4,1.0,36.0,36.0,1.8,34.2,kch200,القاهرة,Paymob Wallet
4000169003,2026-09-24 00:04:09,Sep 24,raneen,raneen,Drinkware,"Lamsa Plast Plastic Water Cup with Squeeze Cap, 400 ml - Multicolor",HO1123809MC4,2.0,34.0,68.0,3.4,64.6,kch200,القاهرة,Paymob Wallet
4000169003,2026-09-24 00:04:09,Sep 24,raneen,raneen,Storage,"Like&amp;Lock Refrigerator Box, 700 ml - Clear Blue",HO1092657BLU,8.0,25.0,200.0,10.0,190.0,kch200,القاهرة,Paymob Wallet
4000169003,2026-09-24 00:04:09,Sep 24,raneen,raneen,Kitchenware,"Stainless Steel Peeler 2×1, Plastic Handle, 18 cm - Rose",HO1057481ROS,1.0,24.0,24.0,1.2,22.8,kch200,القاهرة,Paymob Wallet
4000169003,2026-09-24 00:04:09,Sep 24,raneen,raneen,Knife &amp; Cutters,"Alex Metal Fruit Knife, 4.7 inch - Black",HO1009012BLK,1.0,20.0,20.0,1.0,19.0,kch200,القاهرة,Paymob Wallet
4000169003,2026-09-24 00:04:09,Sep 24,raneen,raneen,Drinkware,"Plastic water bottle with silicone Case for children, 570 ml - Mauve",HO1147950MOV,1.0,125.0,125.0,6.25,118.75,kch200,القاهرة,Paymob Wallet
2006395494,2026-09-24 00:02:30,Sep 24,MP,nourshopping,Luggage,طقم حقائب سفر كيليمنجارو - 3 قطع - مادة البولي بروبيلين القوية,B0FJ59WL9T,1.0,3990.0,3990.0,199.5,3790.5,FLY200,القاهرة,valU
2006395491,2026-09-24 00:01:18,Sep 24,raneen,raneen,Cookware,طقم حلل جيرانيت دايكاست كوكين عبود، 12 قطعة - بيج,HO1139428BEG,1.0,14499.0,14499.0,500.0,13999.0,,القاهرة,Cash On Delivery
2006395488,2026-09-24 00:01:15,Sep 24,MP,dukanalaa,Islamic,خاتم ذكي من الالومنيوم للتسبيح والذكر من ايكيبلا - 18 ملم -لون ذهبي وردي-موديل M0218Rg,RAN-Q5BZQHE,1.0,799.0,799.0,0.0,799.0,,الجيزة,Cash On Delivery
